{ 
  "Kezdő" : [
    { 
      "ques_id" : 1 , 
      "question" : "Ki az első ember, aki valaha élt?" , 
      "option1" : "Metusálem" , 
      "option2" : "Ábrahám" , 
      "option3" : "Mózes" , 
      "option4" : "Ádám" , 
      "answer" : 4
     }, 
    { 
      "ques_id" : 2 , 
      "question" : "Kit nyelt el egy nagyon nagy hal?" , 
      "option1" : "Jézus" , 
      "option2" : "Jónás" , 
      "option3" : "Sámson" , 
      "option4" : "Péter" , 
      "answer" : 2
     }, 
    { 
      "ques_id" : 3 , 
      "question" : "Ki az a személy, akivel Isten kivezette az izraelitákat Egyiptomból" , 
      "option1" : "Áron" , 
      "option2" : "Ábrahám" , 
      "option3" : "Mózes" , 
      "option4" : "Jeremiás" , 
      "answer" : 3
     }, 
    { 
      "ques_id" : 4 , 
      "question" : "Ki volt az, aki megölte Góliátot" , 
      "option1" : "Dávid" , 
      "option2" : "Saul" , 
      "option3" : "Salamon" , 
      "option4" : "Jonatán" , 
      "answer" : 1
     }, 
    { 
      "ques_id" : 5 , 
      "question" : "Ki volt Izrael első királya?" , 
      "option1" : "Dávid" , 
      "option2" :"Saul" , 
      "option3" : "Salamon" , 
      "option4" : "Mózes" , 
      "answer" : 2
     }, 
    { 
      "ques_id" : 6 , 
      "question" : "Milyen foglalkozása volt Jézusnak szolgálata előtt" , 
      "option1": "Játékkészítő" , 
      "option2" : "Halász" , 
      "option3" : "Szőlőbirtokos" , 
      "option4" : "Asztalos" , 
      "answer" : 4
     }, 
    { 
      "ques_id" : 7 , 
      "question" : "Mi annak a városnak a neve, amelyben Jézus született?" , 
      "option1" : "Jeruzsálem" , 
      "option2" : "Betlehem" , 
      "option3" : "Galilea" , 
      "option4" : "Názáret" , 
      "answer" : 2
     }, 
    { 
      "ques_id" : 8 , 
      "question" : "Mi a neve annak a tengernek, amelyen Jézus sétált" , 
      "option1" : "Galileai-tenger" , 
      "option2" : "Holt-tenger" , 
      "option3" : "Olvasás tenger" , 
      "option4" : "Földközi-tenger " , 
      "answer" : 1
     }, 
    { 
      "ques_id" : 9 , 
      "question" : "Mi a neve annak a folyónak, amelyben Keresztelő János megkeresztelte az embereket?" , 
      "option1" : "Eufrátesz" , 
      "option2" : "Nílus" , 
      "option3" : "Jordánia" , 
      "option4" : "Tigris" , 
      "answer" : 3
     }, 
    { 
      "ques_id" : 10 , 
      "question" : "Hogy hívják András testvérét? (Mindketten tanítványok voltak)" , 
      "option1" : "Péter" , 
      "option2" : "János" , 
      "option3" : "Jakab" , 
      "option4" : "Ádám" ,
      "answer" : 1
     }, 
    { 
      "ques_id" : 11 , 
      "question" : "Hogy hívták Jézus anyját?" , 
      "option1" : "Mária" , 
      "option2" : "Márta" , 
      "option3" :"Zipporah" , 
      "option4" : "Sára" , 
      "answer" : 1
     }, 
    { 
      "ques_id" : 12 , 
      "question" : "Mi volt a neve annak a kertnek, ahol Ádám és Éva éltek?" , 
      "option1" : "Nod földje" , 
      "option2" : "Édenkert" , 
      "option3" : "Betlehem" , 
      "option4" : "Völgy kertje" , 
      "answer" : 2
     }, 
    { 
      "ques_id" : 13 , 
      "question" : "Jézus milyen étellel etetett 5000 embert" , 
      "option1" : "Bor" , 
      "option2" : "Kenyér és bor" , 
      "option3" : "Kenyerek és halak" , 
      "option4" : "Víz" , 
      "answer" : 3
     }, 
    { 
      "ques_id" : 14 , 
      "question" : "Milyen módszerrel ölték meg Jézust a rómaiak?" , 
      "option1" : "Kövezve" , 
      "option2" : "Hamvasztás" , 
      "option3" : "Keresztre feszítés" , 
      "option4" : "Akasztva" , 
      "answer" : 3
     }, 
    { 
      "ques_id" : 15 , 
      "question" : "Hány kosár maradt az 5000 etetéséből?" , 
      "option1" : "7" , 
      "option2" : "8" , 
      "option3" : "10" , 
      "option4" : "12" , 
      "answer" : 1 , 
      "reference" : "Máté 15:13"
     } ,
    { 
      "ques_id" : 16 , 
      "question" : "Melyik tanítvány talált érmét egy hal szájában?" , 
      "option1" : "András" , 
      "option2" : "Pál" , 
      "option3" : "Péter" , 
      "option4" : "Timothy", 
      "answer" : 3 , 
      "reference" : "Máté 1:24-27"
     }, 
    { 
      "ques_id" : 17 , 
      "question" : "A Biblia melyik könyvében olvasunk Hámánról" , 
      "option1" : "Exodus" , 
      "option2" : "Eszter" , 
      "option3" : "Ruth" , 
      "option4" : "Malachi" , 
      "answer" : 2 , 
      "reference" : "Eszter 3"
     }, 
    { 
      "ques_id" : 18 , 
      "question" : "Nevezze meg Agrippa király feleségét, aki előtt Pál állt a tárgyaláson" , 
      "option1" : "Bernince" , 
      "option2" : "Herod" , 
      "option3" : "Agag" , 
      "option4" : " Ciaphas" , 
      "answer" : 1 , 
      "reference" : "ApCsel 25:23"
     }, 
    { 
      "ques_id" : 19 , 
      "question" : "Hány éves lett Énok" , 
      "option1" : "400" , 
      "option2": "350" , 
      "option3" : "230" , 
      "option4" : "365" , 
      "answer" : 4 , 
      "reference" : "Genesis 5:23"
     }, 
    { 
      "ques_id" : 20 , 
      "question" : "Hány évet adott még Isten Ezékiás király életéhez answerul a haldokló királyok imájára?" , 
      "option1" : "20" , 
      "option2" : "15" , 
      "option3" : "100" , 
      "option4" :"50" , 
      "answer" : 2 , 
      "reference" : "2 Királyok 20:6"
     } 
  ], 
  "Rajongó" : [
    { 
      "ques_id" : 1 , 
      "question" : "Ki volt Izsák apja?" , 
      "option1" : "Abraham", 
      "option2" : "Jákób" , 
      "option3" : "Ézsau" , 
      "option4" : "Peleq" , 
      "answer" : 1
     }, 
    { 
      "ques_id" : 2 , 
      "question" : "Ki volt Roboám apja ?" , 
      "option1" : "Dávid" , 
      "option2" : "Nimród" , 
      "option3" : "Abimelek" , 
      "option4" : "Salamon" , 
      "answer" : 4
     }, 
    { 
      "ques_id" : 3 , 
      "question" : "Ki volt Matuzsálem apja?" , 
      "option1" : "Illés" , 
      "option2" : "Enock" , 
      "option3" : "Seth" , 
      "option4" : "Jared" , 
      "answer" : 2
     }, 
    { 
      "ques_id" : 4 , 
      "question" : "Ki ölte meg Keresztelő Jánost?" , 
      "option1" : "Caesar" , 
      "option2" : "Pilátus" , 
      "option3" : "Herold" , 
      "option4" : "Kajafás" , 
      "answer" : 3
     }, 
    { 
      "ques_id" : 5 , 
      "question" : "Ki volt az első ember, akit megöltek, mert hitt Krisztusban?" , 
      "option1" : "Péter" , 
      "option2" : "János" , 
      "option3" : "Barnabás" , 
      "option4" : "István" , 
      "answer" : 4
     }, 
    { 
      "ques_id" : 6 ,
      "question" : "Hova ment Saul, amikor meglátta Jézust?" , 
      "option1" : "Damaszkusz" , 
      "option2" : "Görögország" , 
      "option3" : "Róma" , 
      "option4" : "Jeruzsálem" , 
      "answer" : 1
    }, 
    { 
      "ques_id" : 7 , 
      "question" : "Hol töltötte Jézus élete nagy részét a földön?" , 
      "option1" : "Jeruzsálem" , 
      "option2" : "Názáret" , 
      "option3" : "Olajfák hegye " , 
      "option4" : "Egyiptom" , 
      "answer" : 2
     }, 
    { 
      "ques_id" : 8 , 
      "question" : "Milyen zsoltár kezdődik így: 'Az Úr az én pásztorom?'" , 
      "option1" : "Zsoltár 91" , 
      "option2" : "Zsoltár 1" , 
      "option3" : "Zsoltár 104" , 
      "option4" : " Zsolt 23" , 
      "answer" : 4
     }, 
    { 
      "ques_id" : 9 , 
      "question" : "Mi volt Pál foglalkozása, amikor misszionáriusként utazott?" , 
      "option1" : "Pásztor" , 
      "option2" : "Lila eladó" , 
      "option3" : "Sátorkészítő" , 
      "option4" : "Scribe" , 
      "answer" : 3
     }, 
    { 
      "ques_id" : 10 , 
      "question" : "Mi a neve annak a Szigetnek, amelyen Barnabás élt?" , 
      "option1" : "Görögország" , 
      "option2" : "Ciprus" , 
      "option3" : "Rodosz" , 
      "option4" : "Húsvét-sziget" , 
      "answer" : 2
     }, 
    { 
      "ques_id" : 11 , 
      "question" : "Amikor Jézus megkereste, és azt mondta: 'Mi közöd hozzám, Jézus, a Magasságos Isten Fia, Istenre esküszlek, ne kínozd!'?" , 
      "option1" : "Légió" , 
      "option2" : "Terah" , 
      "option3" : "Reuben" , 
      "option4" : "Belsazár" , 
      "answer" : 1
     }, 
    { 
      "ques_id" :12 , 
      "question" : "Melyik madárnál van nagyobb értékünk Jézus szerint?" , 
      "option1" : "Eagle" , 
      "option2" : "Vulture" , 
      "option3" : "Sparrow" , 
      "option4" : "Dove" , 
      "answer" : 3
     }, 
    { 
      "ques_id" : 13 , 
      "question" : "Melyik két nővér ment férjhez Jacobhoz?" , 
      "option1" : "Dorcas és Leah" , 
      "option2" : "Mariam and Rachel" , 
      "option3" : "Rachel and Leah" , 
      "option4" : "Sarai and Hannah" , 
      "answer" : 3
     }, 
    { 
      "ques_id" : 14 , 
      "question" : "Melyik földre küldte Isten Ábrahámot, hogy feláldozza különleges fiát, Izsákot?" , 
      "option1" : "Canan" , 
      "option2" : "Macedónia" , 
      "option3" : "Ciprus" , 
      "option4" : "Moriah" , 
      "answer" : 4
     }, 
    { 
      "ques_id" : 15 , 
      "question" : "Melyik az Úr prófétája tanácskozott Jósiás júdai király" , 
      "option1" : "Debora" , 
      "option2" : "Huldah" , 
      "option3" : "Naom" , 
      "option4" : "Ruth" , 
      "answer" : 2 , 
      "reference" : "2 Királyok 22:12-16"
     }, 
    { 
      "ques_id" : 16 , 
      "question" : "Nevezd Sámuel elsőszülött fiát?" , 
      "option1" : "Joshua" ,
      "option2" : "Joel" , 
      "option3" : "Jonathan" , 
      "option4" : "József" , 
      "answer" : 2 , 
      "reference" : "1 Samnuel 8:2"
     }, 
    { 
      "ques_id" : 17 ,
      "question" : "Hogy hívták Saul király feleségét?" , 
      "option1" : "Boam" , 
      "option2" : "Kegyelem" , 
      "option3" : "Ahinoam" , 
      "option4" : "Noam" , 
      "answer" : 3 , 
      "reference" : "1 Sámuel 14:50"
     }, 
    { 
      "ques_id" : 18 , 
      "question" : "Mi szükséges ahhoz, hogy valaki megértse Isten szavát?" , 
      "option1" : "Ima" , 
      "option2" : "Szeretet " , 
      "option3" : "Szentlélek" , 
      "option4" : "Angyalok" , 
      "answer" : 3 , 
      "reference" : "1 Korinthus 2:11 "
     }, 
    { 
      "ques_id" : 19 , 
      "question" : "Ki mondta Pál, hogy ítélkezett felette?" , 
      "option1" : "Sátán" , 
      "option2" : "Isten" , 
      "option3" : "Barát" , 
      "option4" : "Péter" , 
      "answer" : 2 , 
      "reference" : "1 Korinthus 4:4"
     }, 
    { 
      "ques_id" : 20 , 
      "question" : "________ elhalasztotta megbetegíti a szívet?" , 
      "option1" : "Bizalom" , 
      "option2" : " Remény" , 
      "option3" : "Szerelem" , 
      "option4" : "Imád" , 
      "answer" : 2 , 
      "reference" : "Példabeszédek 13:12"
     } 
  ], 
  "Középhaladó" : [
    { 
      "ques_id" :1 , 
      "question" : "Ki volt Mózes felesége??" , 
      "option1" : "Elisheba" , 
      "option2" : "Rebeka" , 
      "option3" : "Mariam" , 
      "option4" : "Zipporah" , 
      "answer" : 4
    }, 
    { 
      "ques_id" : 2 , 
      "question" : "Ki volt Ábrahám második felesége?" , 
      "option1" : "Eszter" , 
      "option2" : "Keturah" , 
      "option3" : "Hagar" , 
      "option4" : "Lydia" , 
      "answer" : 2
     }, 
    { 
      "ques_id" : 3 , 
      "question" : "Hány fejezetet tartalmaz a Hegyi beszéd?" , 
      "option1" : "1" , 
      "option2" : "2" , 
      "option3" : "3" , 
      "option4" : "7" , 
      "answer" : 3
     }, 
    { 
      "ques_id" : 4 , 
      "question" : "Hányszor vonult be Izrael Jerikó körül?" , 
      "option1" : "13" , 
      "option2" : "7" , 
      "option3" : "70" , 
      "option4" : "12" , 
      "answer" : 1
     }, 
    { 
      "ques_id" : 5 , 
      "question" : "Milyen hosszú egy könyök?" , 
      "option1" : "kb. 12 hüvelyk" , 
      "option2" : "12 mm" , 
      "option3" : "kb. 18 hüvelyk" , 
      "option4" : "kb. 36 hüvelyk" , 
      "answer" : 3
     }, 
    { 
      "ques_id" : 6 , 
      "question" : "Hova ment Káin, miután megölte Ábelt?" , 
      "option1" : "Garden of Eden" , 
      "option2" : "Land of Nod" ,
      "option3" : "Qumrán barlangjai" , 
      "option4" : "Ararát-hegy" , 
      "answer" : 2
     }, 
    { 
      "ques_id" : 7 , 
      "question" : "Ki volt a fia?" , 
      "option1" : "Noah" ,
      "option2" : "Pál apostol" , 
      "option3" : "Ábrahám" , 
      "option4" : "Saul király" , 
      "answer" : 4
     }, 
    { 
      "ques_id" : 8 , 
      "question" : "Hol élt Ráháb? " , 
      "option1" : "Jericho" , 
      "option2" : "Jeruzsálem" , 
      "option3" : "Ninive" , 
      "option4" : "Ai" , 
      "answer" : 1
     }, 
    { 
      "ques_id" : 9 , 
      "question" : "Hol lakott Dorcas?" , 
      "option1" : "Bethel" , 
      "option2" : "Joppa" , 
      "option3" : "Caesarea" , 
      "option4" : "Antiókia" , 
      "answer" : 2
     }, 
    { 
      "ques_id" : 10 , 
      "question" : "Hol van az 'Egyenesnek nevezett utca'" , 
      "option1" : "Jeruzsálem" , 
      "option2" : "Róma" , 
      "option3" : "Babilon" , 
      "option4" : "Damaszkusz" , 
      "answer" : 4
     } , 
    { 
      "ques_id" : 11 , 
      "question" : "Miután az életéért menekült, melyik fa alatt aludt Illés" , 
      "option1" : "Tölgy" , 
      "option2" : "Fenyő" , 
      "option3" : "Boróka " , 
      "option4" : "Lúc" , 
      "answer" : 3 , 
      "reference" : "1 Királyok 19:5"
     },
    { 
      "ques_id" : 12 , 
      "question" : "Júdás pontosan hány ezüstpénzért árulta el Jézust?" , 
      "option1" : "30" , 
      "option2" : "20" , 
      "option3" : "50" , 
      "option4" : "10", 
      "answer" : 1 , 
      "reference" : "Máté 26:15"
     }, 
    { 
      "ques_id" : 13 , 
      "question" : "Nevezze meg David apját" , 
      "option1" : "Omán" , 
      "option2" : "Jesse " , 
      "option3" : "Józsua" , 
      "option4" : "Salamon" , 
      "answer" : 2 , 
      "reference" : "1Sámuel 1:12"
     }, 
    { 
      "ques_id" : 14 , 
      "question" : "Isten a Bibliának csak 1 könyvében nem szerepel" , 
      "option1" : "Eszter" , 
      "option2" : "Ruth" , 
      "option3" : "Malakiás" , 
      "option4" : "Exodus" , 
      "answer" : 1 , 
      " reference" : "Eszter"
     }, 
    { 
      "ques_id" : 15 , 
      "question" : "Hány ezüstért adták el Józsuét testvérei az izmeelitáknak" , 
      "option1" : "50" , 
      "option2" : " 12" , 
      "option3" : "20" , 
      "option4" : "100" , 
      "answer" : 3 , 
      "reference" : "Mózes 37:28"
     }, 
    { 
      "ques_id" : 16 , 
      "question" : "How sok apostolt answertott Jézus" , 
      "option1" : "12" , 
      "option2" : "14" , 
      "option3" : "10" , 
      "option4" : "08" , 
      "answer" :1 , 
      "reference" : "Lukács 6:13"
     }, 
    { 
      "ques_id" : 17 , 
      "question" : "Az angyal azt mondta Máriának, hogy Jézus fog uralkodni a ház felett, amely ószövetségi karakter" , 
      "option1" : " David" , 
      "option2" :" Jákób" , 
      "option3" : "Ábrahám" , 
      "option4" : "Mózes" , 
      "answer" : 2 , 
      "reference" : "Lukács 1:13"
     }, 
    { 
      "ques_id" : 18 , 
      "question" : " Melyik próféta mondta: Egyiptomból hívtam ki a fiamat?" , 
      "option1" : "Jeremiás" , 
      "option2" : "Ézsaiás" , 
      "option3" : "Hóseás" , 
      "option4" : "Ezékiel" , 
      "answer" : 3 , 
      "reference" : "Hóseás 11:1"
     } , 
    { 
      "ques_id" : 19 , 
      "question" : "Milyen fát átkozott Jézus?" , 
      "option1" : "Fig" , 
      "option2" : "Szőlő" , 
      "option3" : "Fenyő" , 
      "option4" : "tölgy" , 
      "answer" : 1 , 
      "reference" : "Márk 11:12-14 "
     }, 
    { 
      "ques_id" : 20 , 
      "question" : "Kit kért Saul, hogy médiumot neveljen fel neki" , 
      "option1" : "Éli" , 
      "option2" : "Nathan" , 
      "option3" : "Sámuel" , 
      "option4" : "Dávid" , 
      "answer" : 3 , 
      "reference" : "1 samuel 28:11"
     } 
  ], 
  "Profi" : [
    { 
      "ques_id" : 1 , 
      "question" : "Ki vitte a keresztet Krisztusért?" , 
      "option1" : "Philip" ,
      "option2" : "Cirénei Simon" , 
      "option3" : "Ahab" , 
      "option4" : "Micah" , 
      "answer" : 2
     }, 
    { 
      "ques_id" : 2 , 
      "question" :"Hány társat adtak a filiszteusok Sámsonnak a timnai lakomán?" , 
      "option1" : "30" , 
      "option2" : "31" , 
      "option3" : "32" , 
      "option4" : "33" , 
      "answer" : 1
     }, 
    { 
      "ques_id" : 3 , 
      "question" : "Hány éves volt Anna prófétanő, amikor meglátta Jézust?" , 
      "option1" : "83" , 
      "option2" : "84" , 
      "option3" : "88" , 
      "option4" : "92" , 
      "answer" : 2
     }, 
    { 
      "ques_id" : 4 , 
      "question" : "Mit adott Sába királynője Salamonnak?" , 
      "option1" : "(124 talentum) arany, fűszerek és drágakövek" , 
      "option2" : "(120 talentum) arany, fűszerek és drágakövek" , 
      "option3" : "(18 talentum) arany , fűszerek és drágakövek" , 
      "option4" : "(221 talentum) arany, fűszerek és drágakövek" , 
      "answer" : 2
     }, 
    { 
      "ques_id" : 5 , 
      "question" : "Hány könyv van ott az Ószövetségben?" , 
      "option1" : "37" , 
      "option2" : "38" , 
      "option3" : "39" , 
      "option4" : "40" , 
      "answer" : 3
     }, 
    { 
      "ques_id" : 6 , 
      "question" : "Hány folyóra szakadt az édeni folyó, miután elhagyta a kertet?" , 
      "option1" : "4" , 
      "option2" :"3" , 
      "option3" : "6" , 
      "option4" : "8" , 
      "answer" : 1
     }, 
    { 
      "ques_id" : 7 , 
      "question" : "Mit akart József tenni, amikor felfedezte, hogy Mária terhes?", 
      "option1" : "Válj bulit" , 
      "option2" : "Válj el tőle" , 
      "option3" : "Fuss el" , 
      "option4" : "A fentiek közül egyik sem" , 
      "answer" : 2
     }, 
    { 
      "ques_id": 8 , 
      "question" : "Milyen színű volt a főpap köntöse?" , 
      "option1" : "Kék" , 
      "option2" : "Fehér" , 
      "option3" : "Zöld" , 
      "option4" : "Piros" , 
      "answer" : 1
     }, 
    { 
      "ques_id" : 9 , 
      "question" : "Mit mondott Boáz, Naomi mit árul?" , 
      "option1" : "Egy parcella" , 
      "option2" : "Arany" , 
      "option3" : "Gyermeke" , 
      "option4" : "Étel" , 
      "answer" : 1
     }, 
    { 
      "ques_id" : 10 , 
      "question" : "Az adósokról szóló példázatban az egyik tartozott 500 dénárral (pennyel), de mennyivel a másik" , 
      "option1" : "70" , 
      "option2" : "50" , 
      "option3" : "45" , 
      "option4" : "80" , 
      "answer" : 2
     }, 
    { 
      "ques_id" : 11 , 
      "question" : "Mennyit kapott Illés szelleméből Elizeus?" , 
      "option1" : "Kicsi" , 
      "option2" : "Egy adag" , 
      "option3" : "Egészséges" , 
      "option4" :"Kettős adag" , 
      "answer" : 4
     }, 
    { 
      "ques_id" : 12 , 
      "question" : "Mi volt a szokatlan abban a 700 benjamini katonában, akik képesek voltak feldobni egy követ, és minden alkalommal célba találni?" , 
      "option1" : "Mind balkezesek voltak" , 
      "option2": "Mindannyian hasonlítottak" , 
      "option3" : "Nem volt cipőjük" , 
      "option4" : "A fentiek közül egyik sem" , 
      "answer" : 1
     }, 
    { 
      "ques_id" : 13 , 
      "question" : "Mi rokon volt Annás Kajafással?" , 
      "option1" : "Testvér" , 
      "option2" : "Bácsi" , 
      "option3" : "Unokatestvérek" , 
      "option4" : "Após" , 
      "answer" : 4
    } ,
    { "ques_id" : 14 ,
      "question" : "Mit nem szabad disznó elé dobni" ,
      "option1" : "Kavicsok" ,
      "option2" : "Kövek" ,
      "option3" : "Gyöngyök" ,
      "option4" : "Pálca" , 
      "answer" : 3 },
    { "ques_id" : 15 ,
      "question" : "Mikor a börtönben mikor imádkozott és énekelt Istennek Pál és Silás?" ,
      "option1" : "Reggel" , 
      "option2" : "Délután" ,
      "option3" : "Este" , 
      "option4" : "Éjfél" , 
      "answer" : 4 },
    { "ques_id" : 16 ,
      "question" : "Mit evett Dániel és három barátja a király húsa és itala helyett?" , 
      "option1" : "Kenyér" , 
      "option2" : "Bor és kenyér" , 
      "option3" : "Huvelyesek és víz" ,
      "option4" : "Semmi" ,
      "answer" :3 },
    { "ques_id" : 17 , 
      "question" : "Hogy hívják Jézus unokatestvérét, aki hat hónappal előtte született?" , 
      "option1" : "János" , 
      "option2" : "Péter" ,
      "option3" : "Paul" ,
      "option4" : "Michael" , 
      "answer" : 1
     }, 
    { 
      "ques_id" : 18 , 
      "question" : "Melyik városban élt Heródes király Jézus születése idején?" , 
      "option1" : "Jeruzsálem" , 
      "option2" : "Róma" , 
      "option3" : "Babilon" , 
      "option4" : "Betlehem" , 
      "answer" : 1
     }, 
    { 
      "ques_id" : 19 , 
      "question" : "Hány csapást küldött Egyiptomra Isten?" , 
      "option1" : "4" , 
      "option2" : "8" , 
      "option3" : "10" , 
      "option4" : "12" , 
      "answer" : 3
     }, 
    { 
      "ques_id" : 20 , 
      "question" : "Hány ezüstért árulta el Júdás Krisztust?" , 
      "option1" : "20" , 
      "option2" : "30" , 
      "option3" : "40" , 
      "option4" : "50" , 
      "answer" : 2
     }, 
    { 
      "ques_id" : 21 , 
      "question" : "Hány napig jelent meg Jézus a tanítványainak a feltámadása után?" , 
      "option1" : "30" , 
      "option2" : "7" , 
      "option3" : "40" , 
      "option4" : "11" , 
      "answer" : 3
     }, 
    { 
      "ques_id" : 22 , 
      "question" : "Hány kisázsiai gyülekezet szerepel a Jelenések könyvében?" ,
      "option1" : "7" , 
      "option2" : "8" , 
      "option3" : "9" , 
      "option4" : "10" , 
      "answer" : 1
     } 
  ], 
  "Zseni" : [
    { 
      "ques_id" :1 , 
      "question" : "Ki volt Eleázár fia, Áron fia?" , 
      "option1" : "Putiel" , 
      "option2" : "Korah" , 
      "option3" : "Phinehas" , 
      "option4" : "Izhar" , 
      "answer" : 3
     }, 
    { 
      "ques_id" : 2 , 
      "question" : "Ki volt Omri fia, Izrael királya?" , 
      "option1" : "Ahab" , 
      "option2" : "Joram" , 
      "option3" : "Zimri" , 
      "option4" : "Ginath" , 
      "answer" : 1
     }, 
    { 
      "ques_id" : 3 , 
      "question" : "Ki volt Naomi férje Ruth könyvéből?" , 
      "option1" : "Boaz" , 
      "option2" : "Elkanah" , 
      "option3" : "Obed" , 
      "option4" : "Elimelech" , 
      "answer" : 4
     }, 
    { 
      "ques_id" : 4 , 
      "question" : "Hány betű van a leghosszabb névben a Bibliában?" , 
      "option1" : "16" , 
      "option2" : "18" , 
      "option3" : "22" , 
      "option4" : "25" , 
      "answer" : 2
     }, 
    { 
      "ques_id" : 5 , 
      "question" : "Ki ölte meg Siserát?" , 
      "option1" : "Dávid" , 
      "option2" : "Ahab" , 
      "option3" : "Saul" ,
      "option4" : "Jael" , 
      "answer" : 4
     }, 
    { 
      "ques_id" : 6 , 
      "question" : "Milyen széles volt Noé bárkája?" , 
      "option1" : "35 könyök" , 
      "option2" : "50 könyök" , 
      "option3": "75 könyök" , 
      "option4" : "90 könyök" , 
      "answer" : 2
     }, 
    { 
      "ques_id" : 7 , 
      "question" : "Milyen széles volt a frigyláda?" , 
      "option1" : "1,5 könyök" , 
      "option2" : "2 könyök" , 
      "option3" : "3 könyök" , 
      "option4" : "1 könyök" , 
      "answer" : 1
     }, 
    { 
      "ques_id" : 8 , 
      "question" : "Hogy hívták Elizeus szolgáját?" , 
      "option1" : "Jehoram" , 
      "option2" : "Shaphat" , 
      "option3" : "Gehazi" , 
      "option4" : "Hazael" , 
      "answer" : 3
     }, 
    { 
      "ques_id" : 9 , 
      "question" : "Hogy hívták Paul híres tanárát?" , 
      "option1" : "Justus" , 
      "option2" : "Gamaliel" , 
      "option3" : "Kafás" , 
      "option4" : "Szókratész" , 
      "answer" : 2
     }, 
    { 
      "ques_id" : 10 , 
      "question" : "Melyik Izrael bírája született Betlehemben?" , 
      "option1" : "Dávid" , 
      "option2" : "Ibzan" , 
      "option3" : "Deborah" , 
      "option4" : "Gideon" , 
      "answer" : 2
     }, 
    { 
      "ques_id" : 11 , 
      "question" : "Amikor Jézus megkereste,aki azt mondta: Mi közöd hozzám, Jézus, a Magasságos Isten Fia? Istenre esküszlek, ne gyötörj'.?" , 
      "option1" : "Légió" , 
      "option2" : "Terah" , 
      "option3" : "Rúben" , 
      "option4" : "Belsazár" , 
      "answer": 1
     }, 
    { 
      "ques_id" : 12 , 
      "question" : "Jézus szerint melyik madárnál van nagyobb értékünk?" , 
      "option1" : "Eagle" , 
      "option2" : "Vulture" , 
      "option3" : "Sparrow" , 
      "option4" : "Dove" , 
      "answer" : 3
     }, 
    { 
      "ques_id" : 13 , 
      "question" : "Melyik két nővér ment férjhez Jacobhoz?" , 
      "option1" : "Dorcas és Leah" , 
      "option2" : "Mariam and Rachel" , 
      "option3" : "Rachel and Leah" , 
      "option4" : "Sarai and Hannah" , 
      "answer" : 3
     }, 
    { 
      "ques_id" : 14 , 
      "question" : "Melyik földre küldte Isten Ábrahámot, hogy feláldozza különleges fiát, Izsákot?" , 
      "option1" : "Canan" , 
      "option2" : "Macedónia" , 
      "option3" : "Ciprus" , 
      "option4" : "Moriah" , 
      "answer" : 4
     }, 
    { 
      "ques_id" : 15 , 
      "question" : "Melyik zsoltárból származik a 'Zöld legelőre fektet, csendes vizek mellé vezet' vers?" , 
      "option1" : "25" , 
      "option2" : "22" , 
      "option3" : "30" , 
      "option4" : "23" , 
      "answer" : 4 , 
      "reference" : "Zsoltárok 23;2"
     } , 
    { 
      "ques_id" : 16 , 
      "question" :"Az úrtól való félelem a ....... kezdete " , 
      "option1" : "Tudás" , 
      "option2" : "Bölcsesség" , 
      "option3" : "Pénz" , 
      "option4" : "Szerelem " , 
      "answer" : 1 ,
      "reference" : ""
     }, 
    { 
      "ques_id" : 17 , 
      "question" : "Melyik város ellen mondta az Úr Jónásnak, hogy prédikáljon?" , 
      "option1" : "Jeruzsálem" , 
      "option2" : "Ninive" , 
      "option3" : "Babilon" , 
      "option4" : "Júda" , 
      "answer" : 2 , 
      "reference" : "Jónás 1:2"
     } , 
    { 
      "ques_id" : 18 , 
      "question" : "Melyik könyvek [Filippi, Kolossé, Galata vagy Efézusi levél] az első a Bibliában" , 
      "option1" : "Colossians" , 
      "option2" : "Galata" , 
      "option3" : "Efézus" , 
      "option4" : "Filippi" , 
      "answer" : 2 , 
      "reference" : "Újszövetség, Pál levelei"
     }, 
    { 
      "ques_id" : 19 , 
      "question" : "Hány fejezetei vannak a Héberek könyvnek?" , 
      "option1" : "13" , 
      "option2" : "15" , 
      "option3" : "10" , 
      "option4" : "16" , 
      "answer" : 1 , 
      "reference" : "Héberek 1-13"
     } , 
    { 
      "ques_id" : 20 , 
      "question" : "Mi a neve a viharszeleknek, amelyek elérhetik Krétát?" , 
      "option1" : "Moonsoon" , 
      "option2" : "Euroklydon" , 
      "option3" : "Túlcsordulás" , 
      "option4" : "A fentiek egyike sem" ,
      "answer" : 2 , 
      "reference" : "ApCsel 2:14"
     } 
  ], 
  "Szakértő" : [ 
    { 
      "ques_id" : 1 , 
      "question" : "Ezek közül melyik nem volt Izrael vagy Júda királya" , 
      "option1" : "Sennacherib", 
      "option2" : "Jehoiachim" , 
      "option3" : "Sedékiás" , 
      "option4" : "Dávid" , 
      "answer" : 1
     }, 
    { 
      "ques_id" : 2 , 
      "question" : "Ki vette rá Sámsont, hogy felfedje a a nagy erő titka" , 
      "option1" : "Dina" , 
      "option2" : "Ruth" , 
      "option3" : "Delilah" , 
      "option4" : "Martha" , 
      "answer" : 3
     }, 
    { 
      "ques_id" : 3 , 
      "question" : "És a te eged, ami a fejed felett van,_____ lesz, a föld pedig, ami alattad van, vas" , 
      "option1" : "Sárgaréz" , 
      "option2" : "Acél" , 
      "option3" : "Ezüst" , 
      "option4" : "Arany" , 
      "answer" : 1
     }, 
    { 
      "ques_id" : 4 , 
      "question" : "Hol lehet találni a szavakat: Bízz Jehovában teljes szívedből, és ne támaszkodj rá saját értelmezésed " , 
      "option1" : "Példabeszédek 3:5" , 
      "option2" : "Példabeszédek 5:3" , 
      "option3" : "Példabeszédek 35:3" , 
      "option4" : "Példabeszédek 4:3" , 
      "answer" : 1
     }, 
    { 
      "ques_id" : 5 , 
      "question" : "melyik tanítvány háromszor tagadta meg Jézust" , 
      "option1" : "Péter" , 
      "option2" : "Andrew" , 
      "option3" : "János" , 
      "option4" : "Júdás" ,
      "answer" : 1
     }, 
    { 
      "ques_id" : 6 , 
      "question" : "Az igazak emléke áldott: de a gonoszok neve" , 
      "option1" : "Győzelem" , 
      "option2" : "Rothadás " ,
      "option3" : "Bloom" , 
      "option4" : "virágzik" , 
      "answer" : 2
     }, 
    { 
      "ques_id" : 7 , 
      "question" : "Mi volt a feladata, mielőtt Jézus elkezdett prédikálni?" , 
      "option1" : "ács" , 
      "option2" : "tudós" , 
      "option3" : "Orvos" , 
      "option4" : "Tanár" , 
      "answer" : 1
     }, 
    { 
      "ques_id" : 8 , 
      "question" : "Zoant a Bibliában párhuzamként használták melyik nemzetre" , 
      "option1" : "Egyiptom" , 
      "option2" : "Asszíria" , 
      "option3" : "Babilon" , 
      "option4" : "Sínai" , 
      "answer" : 1
     }, 
    { 
      "ques_id" : 9 , 
      "question" : "Melyik ószövetségi szereplő mutatta meg hitét azzal, hogy hajlandó volt felajánlani fiát egy alterán Istennek " , 
      "option1" : "Noé" , 
      "option2" : "Abraham" , 
      "option3" : "shealtiel" , 
      "option4" : "Mózes" , 
      "answer" : 2
     }, 
    { 
      "ques_id" : 10 , 
      "question" : "Mit jártak Jonah hajó matrózai tegye, hogy növelje túlélési esélyeit" , 
      "option1" : "Északra hajóztak" , 
      "option2" : "A rakományt a vízbe dobta" , 
      "option3" : "Könyörgött Isten bocsánatáért" , 
      "option4" : "A fentiek egyike sem " , 
      "answer" :2
     }, 
    { 
      "ques_id" : 11 , 
      "question" : "Mit csinált Ézsau, miközben Jákób ellopta az áldását?" , 
      "option1" : "Vadászat" , 
      "option2" : "Gazdagazdálkodás" , 
      "option3" : "Horgászat", 
      "option4" : "Utazás" , 
      "answer" : 1
     }, 
    { 
      "ques_id" : 12 , 
      "question" : "Ki futott gyorsabban a Kármel-hegyről Szamáriába, mint Aháb meg tudta vezetni a szekerét?" , 
      "option1" : "Elisha" , 
      "option2" : "Gehazi" , 
      "option3" : "Iliás" , 
      "option4" : "Amos" , 
      "answer" : 3
     }, 
    { 
      "ques_id" : 13 , 
      "question" : "Mit tett Isten a hetedik napon, azután?" , 
      "option1" : "Pihent" , 
      "option2" : "Embereket teremtett" , 
      "option3" : "Az embert bízta meg alkotásaival" , 
      "option4" : "Madarakat teremtett" , 
      "answer" : 1
     }, 
    { 
      "ques_id" : 14 , 
      "question" : "Ki állította, hogy az aranyborjú egyszerűen kijött a tűzből?" , 
      "option1" : "Joshua" , 
      "option2" : "Aaron" , 
      "option3" : "Miriam" , 
      "option4" : "Debora" , 
      "answer" : 42
     }, 
    { 
      "ques_id" : 15 , 
      "question" : "Mit kért Salamon király, amikor Isten megjelent neki álmában " , 
      "option1" : "Hosszú élet és tudás" , 
      "option2" : "Bölcsesség [jó és rossz között ítélkezni]" , 
      "option3" : " Gazdagság" , 
      "option4" : "Pénz" , 
      "answer" : 2
     }, 
    { 
      "ques_id" :16 , 
      "question" : " Fejezd be a közmondást: Bárki, aki bolond, ha elhallgat, azt -------nek tekintik?" , 
      "option1" : "Békés" , 
      "option2" : "Hülye" , 
      "option3" : "Bölcs" ,
      "option4" : "Arrogáns" , 
      "answer" : 3
     }, 
    { 
      "ques_id" : 17 , 
      "question" : "Hogyan fogadhatja el Isten országát?" , 
      "option1" : "Rejtett indítékokkal" , 
      "option2" : "Mint egy gyerek" , 
      "option3" : "Büszkeséggel" , 
      "option4" : "Ügynökökön keresztül" , 
      "answer" : 2
     }, 
    { 
      "ques_id" : 18 , 
      "question" : "Hogy hívták Ábrahám első feleségét" , 
      "option1" : "Sára" , 
      "option2" : "Miriam" , 
      "option3" : "Roda" , 
      "option4" : "Ruth" , 
      "answer" : 1
     }, 
    { 
      "ques_id" : 19 , 
      "question" : "Saul király nem engedelmeskedett Jehova parancsának, és megkímélte az amelekita király életét" , 
      "option1" : "Bálák" , 
      "option2" : "Dagon" , 
      "option3" : "Agag" , 
      "option4" : "Nathan" , 
      "answer" : 3
     }, 
    { 
      "ques_id" : 20 , 
      "question" : "Mire volt írva a Tízparancsolat. " , 
      "option1" : " Két tekercs" , 
      "option2" : "Két kőtábla" , 
      "option3" : "Jerikó falai" , 
      "option4" : "Két könyv" , 
      "answer" : 1
     } 
  ], 
  "Mester" : [ 
    { 
      "ques_id" : 1 ,
      "question" : "Kiről jegyezték fel, hogy 'mindenki okoskodott a szívében;' Lehet, hogy ő a Krisztus?" , 
      "option1" : "Illés" , 
      "option2" : "János" , 
      "option3" : "Malachi" , 
      "option4" : "Péter", 
      "answer" : 2
     }, 
    { 
      "ques_id" : 2 , 
      "question" : "Hogy hívják József szüleit" , 
      "option1" : "Jákób és Rebeka" , 
      "option2" : "Jákób és Lea" , 
      "option3" : "Jákób és Ráhel" , 
      "option4" : "Jákób és Ruth" , 
      "answer" : 3
     }, 
    { 
      "ques_id" : 3 , 
      "question" : "A Bibliában említett összes ember közül melyik élt a leghosszabb?" , 
      "option1" : "Matuzsálem" , 
      "option2" : "JJared" , 
      "option3" : "Ábrahám" , 
      "option4" : "Adam" , 
      "answer" : 1
     }, 
    { 
      "ques_id" : 4 , 
      "question" : "Mit mondott Jézus azoknak, akik vádolták a házasságtörőt?" , 
      "option1" : "Íme, nincs igaz" , 
      "option2" : "Aki bűntelen, az vessen először követ" , 
      "option3" : "Jaj neked, aki ezt az asszonyt vádolja" , 
      "option4" : " öld meg" , 
      "answer" : 2
     }, 
    { 
      "ques_id" : 5 , 
      "question" : "Melyik városba megy majd egyszer minden nemzet Istent imádni?" , 
      "option1" : "Damaszkusz" , 
      "option2" : "Jeruzsálem" , 
      "option3" : "Kilicia" , 
      "option4" : "Júda" , 
      "answer" : 2
     }, 
    { 
      "ques_id" : 6 , 
      "question" :"Melyik Dávid leszármazottja uralkodik örökké" , 
      "option1" : "Rehabeám" , 
      "option2" : "Jézus" , 
      "option3" : "Salamon" , 
      "option4" : "Jeroboám" , 
      "answer" : 2
    }, 
    { 
      "ques_id" : 7 , 
      "question" : "Ki volt Timothy jámbor anyja" , 
      "option1" : "Lois" , 
      "option2" : "Phoebe" , 
      "option3" : "Eunice" , 
      "option4" : " Magdolna" , 
      "answer" : 3
     }, 
    { 
      "ques_id" : 8 , 
      "question" : "Miért fordult el Salamon király Istentől öreg korában" , 
      "option1" : "Idegen feleségei más istenek után fordították szívét " , 
      "option2" : "Büszke lett " , 
      "option3" : "A nőket jobban szerette, mint Istent" , 
      "option4" : "Bálványokat imádott" , 
      "answer" : 1
     }, 
    { 
      "ques_id" : 9 , 
      "question" : "Ki menekült Jehova sátrába biztonságért, de ott mégis megölték?" , 
      "option1" : "Joab" , 
      "option2" : "Saul" , 
      "option3" : "Ammon" , 
      "option4" : "Ézsau" , 
      "answer" : 1
     }, 
    { 
      "ques_id" : 10 , 
      "question" : "Melyik király álmodott egy nagy, különböző fémekből készült emberszoborról" , 
      "option1" : "Ahab" , 
      "option2" : "Dávid" , 
      "option3" : "malach" , 
      "option4" : "Nabukodonozor" , 
      "answer" : 4
     }, 
    { 
      "ques_id" : 11 , 
      "question" : "Hol van a legjobb imádkozási hely?" , 
      "option1" :"A szekrényben zárt ajtóval" , 
      "option2" : "A templomban" , 
      "option3" : "Csendes helyen" , 
      "option4" : "Útközben" , 
      "answer" : 1
     }, 
    { 
      "ques_id" :12 , 
      "question" : "Hol lehet megtalálni a szavakat: Bízz Jehovában teljes szívedből, és ne támaszkodj a saját értelmedre?" , 
      "option1" : "Példabeszédek 3:5" , 
      "option2" : "Példabeszédek 35:3" , 
      "option3" : "Példabeszédek 5:3" , 
      "option4" : "Példabeszédek 6:4" , 
      "answer" : 1
     }, 
    { 
      "ques_id" : 13 , 
      "question" : "Amikor Jézus a pusztában volt, mi volt a kísértés, hogy kenyérré változtasson?" , 
      "option1" : "Halmok" , 
      "option2" : "Sziklák" , 
      "option3" : "Kövek" , 
      "option4" : "Talaj" , 
      "answer" : 3
     }, 
    { 
      "ques_id" : 14 , 
      "question" : "Mi volt a különleges Ehudban [Izrael bírája, aki megölte Elgont, Moáb királyát" , 
      "option1" : "Nagyon fiatal volt" , 
      "option2" : "Balkezes volt" , 
      "option3" : "Ő volt vak" , 
      "option4" : "Nagyon öreg volt" , 
      "answer" : 2
     }, 
    { 
      "ques_id" : 15 , 
      "question" : "Mi történt Jerikó városával, miután a pap megfújta a trombitáját" , 
      "option1": "Az emberek egy másik földre menekültek" , 
      "option2" : "Az állatok meghaltak" , 
      "option3" : "Leomlottak a falak" , 
      "option4" : "Az emberek elvándoroltak" , 
      "answer" : 3
     }, 
    { 
      "ques_id": 16 , 
      "question" : "János 1:1 szerint,mi volt kezdetben Istennél" , 
      "option1" : "Az Ige" , 
      "option2" : "Angyal" , 
      "option3" : "Jézus" , 
      "option4" : "János" , 
      "answer" : 1
     },
    { 
      "ques_id" : 17 , 
      "question" : "Hány zsoltár van a Zsoltárok könyvében?" , 
      "option1" : "150" , 
      "option2" : "170" , 
      "option3" : "120" , 
      "option4" : "190" , 
      "answer" : 1
     }, 
    { 
      "ques_id" : 18 , 
      "question" : "Nem mindenki megy be a mennyek országába, aki azt mondja nekem, hogy Uram, Uram. Aki akkor belép az ő országába" , 
      "option1" : "Aki Isten akaratát cselekszi" , 
      "option2" : " Aki csodákat tesz" , 
      "option3" : "Aki megkeresztelkedik" , 
      "option4" : "Aki Isten szavát hirdeti" , 
      "answer" : 1
     }, 
    { 
      "ques_id" : 19 , 
      "question" : " Ki volt Izrael 10 törzsének első királya?" , 
      "option1" : "Jeroboam" , 
      "option2" : "Rehoboth" , 
      "option3" : "Joab" , 
      "option4" : "Rehaboam" , 
      "answer" : 1
     }, 
    { 
      "ques_id" : 20 , 
      "question" : "Jeremiás szerint hány évig volt Izrael nemzete fogságban Babilon királya alatt?" , 
      "option1" : "120 év" , 
      "option2" : "40 év" , 
      "option3" : "70 év" , 
      "option4" : "80 év" , 
      "answer" : 3
     } 
  ], 
  "Nagymester" : [ 
    { 
      "ques_id" : 1 , 
      "question" :"Melyik folyóba mondták Naamánnak, hogy mossa meg, hogy megszabaduljon a leprától?" , 
      "option1" : "Nílus" , 
      "option2" : "Jordánia" , 
      "option3" : "Galilea" , 
      "option4" : "A Biblia nem mondja" ,
      "answer" : 2
     }, 
    { 
      "ques_id" : 2 , 
      "question" : "Ki volt Roboám apja?" , 
      "option1" : "Dávid" , 
      "option2" : "Nimród" , 
      "option3" : "Abimelek" , 
      "option4" : "Salamon" , 
      "answer" : 4
     }, 
    { 
      "ques_id" : 3 , 
      "question" : "Meddig uralkodott Dávid királyként?" , 
      "option1" : "Harminc év" , 
      "option2" : "Negyven év" , 
      "option3" : "Huszonöt év" , 
      "option4" : "Nyolcvan év" , 
      "answer" : 2
     }, 
    { 
      "ques_id" : 4 , 
      "question" : "Jézus magyarázatában a magvető példázatához. mit ábrázol a mag" , 
      "option1" : "Hit" , 
      "option2" : "Isten szava" , 
      "option3" : " Jézus" , 
      "option4" : "Szeretet" , 
      "answer" : 2
     }, 
    { 
      "ques_id" : 5 , 
      "question" : "Melyik növény a 'legkisebb az összes mag közül, de ha termesztik, akkor a legnagyobb' gyógynövények között?" , 
      "option1" : "Olíva" , 
      "option2" : "Mustár" , 
      "option3" : "Tölgy" , 
      "option4" : "Szőlő" , 
      "answer" : 2
     }, 
    { 
      "ques_id" : 6 , 
      "question" : "Hogy hívták Mózes testvérét?" , 
      "option1" :"Alfeus" , 
      "option2" : "János" , 
      "option3" : "Áron" , 
      "option4" : "Joshua" , 
      "answer" : 3
     }, 
    { 
      "ques_id" : 7 , 
      "question": "Ádám melyik részéből teremtette Isten Évát?" , 
      "option1" : "Szív" , 
      "option2" : "Agy" , 
      "option3" : "Borda" , 
      "option4" : "Fej" , 
      "answer" : 3
     }, 
    { 
      "ques_id" : 8 , 
      "question" : "Zakariásnak és Erzsébetnek azt mondta egy angyal, hogy fiuk lesz, mi lesz a neve'" , 
      "option1" : "Iliás" , 
      "option2" : "Jézus" , 
      "option3" : "János" , 
      "option4" : "James" , 
      "answer" : 3
     }, 
    { 
      "ques_id" : 9 , 
      "question" : "Milyen jelentős eseményt írnak le a Genesis 1. és 2. fejezete" , 
      "option1" : "Közlekedés" , 
      "option2": "Teremtés" , 
      "option3" : "Tisztulás" , 
      "option4" : "Áldozat" , 
      "answer" : 2
     }, 
    { 
      "ques_id" : 10 , 
      "question" : "Mi volt a kapcsolat Mózes és Korah között" , 
      "option1" : "Mindketten Júda törzséből származtak" , 
      "option2" : "Testvérek voltak" , 
      "option3" : "Unokatestvérek voltak" , 
      "option4" : "Barátok voltak" , 
      "answer" : 3
     }, 
    { 
      "ques_id" : 11 , 
      "question" : "Mit mondott Naomi a betlehemi embereknek, hogy hívják" , 
      "option1" : "Mara" , 
      "option2" :"Naama" , 
      "option3" : "Bathsheba" , 
      "option4" : "Mária" , 
      "answer" : 1
     }, 
    { 
      "ques_id" : 12 , 
      "question" : "Nevezd meg azt a zsidó lányt, aki egy perzsa királyhoz ment feleségül?" ,
      "option1" : "Naomi" , 
      "option2" : "Deborah" , 
      "option3" : "Eszter" , 
      "option4" : "Jude" , 
      "answer" : 3
     }, 
    { 
      "ques_id" : 13 , 
      "question" : "Mit jelképez a Jelenések 1:20 hét arany lámpatartója?" , 
      "option1" : "Hét gyülekezet" , 
      "option2" : "Hét angyal" , 
      "option3" : "Hét király" , 
      "option4" : "Hét ember" , 
      "answer" : 1
     }, 
    { 
      "ques_id" : 14 , 
      "question" : "Hol találhatóak a következő szavak: 'de Isten a világ bolondjait answertotta ki', hogy megszégyenítse a bölcseket?" , 
      "option1" : "Cselekedetek" , 
      "option2" : "Rómaiak" , 
      "option3" : "1 korinthusiak" , 
      "option4" : "János" , 
      "answer" : 3
     }, 
    { 
      "ques_id" : 15 , 
      "question": " Ami észrevehető volt Jákob ikertestvérén, Ézsaunál a születéskor" , 
      "option1" : "Mély, intenzív szemei ​​voltak" , 
      "option2" : "Nagyon jóképű volt" , 
      "option3" : "Vörös volt és szőrös" , 
      "option4" : "Nagyon fekete volt" , 
      "answer" : 3
     }, 
    { 
      "ques_id" : 16 , 
      "question" : ",Ki vágta le Sámson haját?" , 
      "option1" : "Ős ellensége, Hulk" , 
      "option2" : "Delilah" ,
      "option3" : "Másik ember" , 
      "option4" : "Barátai" , 
      "answer" : 2
     }, 
    { 
      "ques_id" : 17 , 
      "question" : "Ki írta az 1. és 2. király könyvét?" , 
      "option1" :"Iliás" , 
      "option2" : "Jeremiás" , 
      "option3" : "Gad" , 
      "option4" : "Nathan" , 
      "answer" : 2
     }, 
    { 
      "ques_id" : 18 , 
      "question" : "Melyik evangéliumok szerepel utoljára a Bibliában" , 
      "option1" : "Nicodemus" , 
      "option2" : "János " , 
      "option3" : "Andrews" , 
      "option4" : "Mark" , 
      "answer" : 2
     }, 
    { 
      "ques_id": 19 , 
      "question" : "Mi történt azzal, akinek a neve nem volt beírva az élet könyvébe?" , 
      "option1" : "Méltatlannak nyilvánították őket az üdvösségre" , 
      "option2" : "Elpusztultak" , 
      "option3" : "Meghaltak" , 
      "option4" : "A tűz tavába vetették" , 
      "answer" : 4
     }, 
    { 
      "ques_id" : 20 , 
      "question" : "Ki volt a valaha élt legerősebb ember?" , 
      "option1" : "Góliát" , 
      "option2" : "Sámson" , 
      "option3" : "Jézus" , 
      "option4" : "Agag" , 
      "answer" : 2
     } 
  ], 
  "Legenda" : [ 
    { 
      "ques_id" : 1 , 
      "question" : "A Genezis könyve a héber 'bereshit' szóval kezdődik, mi ennek a szónak a fordítása angolra" , 
      "option1" : "Kezdetben " , 
      "option2" : "Legyen világosság" ,
      "option3" : "Amikor még nem volt semmi" , 
      "option4" : "Az Úristen azt mondta" , 
      "answer" : 1 , 
      "reference" : "Gn 1:1"
     }, 
    { 
      "ques_id" : 2 , 
      "question":"Miután mélyen elaltatta a férfit, mit vett tőle az Úristen, hogy nővé építsen" , 
      "option1" : "fog" , 
      "option2" : "Köröm" , 
      "option3" : "borda" , 
      "option4" : "Egy hajszál" , 
      "answer" : 3 , 
      "reference" : "Gn 1:2"
     }, 
    { 
      "ques_id" : 3 , 
      "question" : "Mivel áldott meg először az Úr Isten a 'Legyetek termékenyek és sokasodjatok' szavakat?" , 
      "option1" : "Az első férfi és nő" , 
      "option2" : "Tengeri lények és madarak" , 
      "option3" : "A növények" , 
      "option4" : "A szárazföldi állatok" , 
      "answer" : 1 , 
      "reference" : "Gn 1:22"
     }, 
    { 
      "ques_id" : 4 , 
      "question" : "Ki volt az úr angyala, aki bejelentette Máriának, hogy foganni fog és fiút szül?" , 
      "option1" : "Gábriel" , 
      "option2" : "Michael" , 
      "option3" : "Raphael" , 
      "option4" : "Sealtiel" , 
      "answer" : 1 , 
      "reference" : "Lk 1:31"
     } , 
    { 
      "ques_id" : 5 , 
      "question" : "Hogy hívják Keresztelő Szent János édesanyját?" , 
      "option1" : "Zebedeus Salome" , 
      "option2" : "Zakariás Erzsébet" , 
      "option3" : "Kleofás Mária" , 
      "option4" : "Fülöp Heródiásza" , 
      "answer" : 2 ,
      "reference" : "Lk 1,5-6"
     }, 
    { 
      "ques_id" : 6 , 
      "question" : "A feltámadásról szóló narratíva elején a Szent János evangéliumban, akiről azt emlegették, hogy korán Jézus sírjához ment reggel és látva a követ eltávolítva?" , 
      "option1" :"Magdalai Mária" , 
      "option2" : "Szent János" , 
      "option3" : "Márta" , 
      "option4" : "Angyal" , 
      "answer" : 1 , 
      "reference" : "Jn20:1"
     }, 
    { 
      "ques_id" : 7 , 
      "question" : "A Szent János evangélium feltámadási elbeszélésében, amikor a feltámadt úr először megjelent Mária Magdolnának, kivel tévesztette össze?" , 
      "option1" : "A börtönőr" , 
      "option2" : "A százados " , 
      "option3" : "Az osztályos" , 
      "option4" : "Angyal" , 
      "answer" : 3 , 
      "reference" : "Jn 20 :15"
     }, 
    { 
      "ques_id" : 8 , 
      "question" : "Jézusnak a Szent Máté evangéliumában szereplő genealógiájában hány 14 nemzedék szerepel" , 
      "option1" : "Öt" , 
      "option2" : "A pontszám" , 
      "option3" : "Három" , 
      "option4" : "Egy tucat" , 
      "answer" : 3 , 
      "reference" : "János 20:15"
 }, 
    { "ques_id" : 9 ,
      "question" : "Ézsaiás prófétában azt mondják, hogy a fiú, aki a szűztől születik, ezt a nevet kapja, ami azt jelenti: Isten - velünk?" , 
      "option1" : "Jézus" , 
      "option2" : "János" , 
      "option3" : "Emmanuel" , 
      "option4" : "Christos," , 
      "answer" : 3 , 
      "reference" : "Mt 1 :23" },    
    { "ques_id" :10 ,
      "question" : "Jézusnak a Szent Máté evangéliumában közölt geneológiájában az első említett 14 nemzedék Ábrahámmal kezdődött és kivel ért véget?" ,
      "option1" : "Dávid" ,
      "option2" : "Mózes" ,
      "option3" : "Jákób" , 
      "option4" : "Jesse" , 
      "answer" : 1 , 
      "reference" : "Mt 1:1-6"
     }, 
    { 
      "ques_id" : 11 , 
      "question" : "'Mert elvitték a a testéből, hogyan nevezte az első férfi az első nőt?" , 
      "option1" : "Adama" , 
      "option2" : "Éva" , 
      "option3" : "Nő" , 
      "option4" : "Feleség" , 
      "answer" : 2 , 
      "reference" : "Gen 1:23"
     } , 
    { 
      "ques_id" : 12 , 
      "question" : "Mit adott az Úristen, hogy táplálékul szolgáljon a föld minden állatának és az ég minden madarának?" , 
      "option1" : "A zöld növények" , 
      "option2" : "Magtermő növények" , 
      "option3" : "Magtermő gyümölcsfák" , 
      "option4" : "Bármi ehető" , 
      "answer" : 1 , 
      " reference" : "Gn 1:30"
     }, 
    { 
      "ques_id" : 13 , 
      "question" : "A teremtés melyik napján teremtette Isten a napot és a holdat?" , 
      "option1" : "Első " , 
      "option2" : "Második" , 
      "option3" : "Harmadik" , 
      "option4" : "Negyedik" , 
      "answer" : 4 , 
      "reference" : "Gen 1:26-31 "
     }, 
    { 
      "ques_id" : 14 , 
      "question" : "Hány éves volt Dávid, amikor felkentek Izrael királyává?" , 
      "option1" : "50" ,
      "option2" : "20" , 
      "option3" : "35" , 
      "option4" : "30" , 
      "answer" : 4 , 
      "reference" : "2Sámuel 5:4"
     }, 
    { 
      "ques_id" : 15 ,
      "question" : "A bölcseken kívül kik jöttek még meglátogatni Jézust, amikor még kicsi volt." , 
      "option1" : "Íjászok" , 
      "option2" : "Pásztorok" , 
      "option3" : "Vadászok" , 
      "option4" : "Farmers" , 
      "answer" : 2
     }, 
    { 
      "ques_id" : 16 , 
      "question" : "Milyen magas volt Góliát?" , 
      "option1" : "6 könyök és egy fesztáv" , 
      "option2" : " 8 könyök" , 
      "option3" : "10 könyök és egy fesztáv" , 
      "option4" : "12 könyök" , 
      "answer" : 1 , 
      " reference" : "1Sámuel 1:4"
     }, 
    { 
      "ques_id" : 17 , 
      "question" : "Mit mondott Pál a törvény beteljesülésének?" , 
      "option1" : "Hit" , 
      "option2" : " Ima" , 
      "option3" : "Szerelem" , 
      "option4" : "Házasság" , 
      "answer" : 3 , 
      "reference" : "Róma 13:10"
     } , 
    { 
      "ques_id" : 18 , 
      "question" : "Mi a legrövidebb fejezet a Bibliában" , 
      "option1" : "Zsoltárok 117" , 
      "option2" : "Zsoltárok 18" , 
      "option3" : "Márk 10" , 
      "option4" : "János 4" , 
      "answer" : 1 , 
      "reference" : "Zsoltárok 117"
     }, 
    { 
      "ques_id" : 19 , 
      "question" : " Ki mondta ,'Ezüstöm és aranyom nincs; de amilyen van, azt adok neked'?" , 
      "option1" : "Pál" , 
      "option2" : "Jakab" , 
      "option3" : "Péter" , 
      "option4" : "Timothy " , 
      "answer" : 3 ,
      "reference" : "ApCsel 3:6"
     }, 
    { 
      "ques_id" : 20 , 
      "question" : " Hány éves volt Mózes [év] halála idején" , 
      "option1" : "120" , 
      "option2" : "100" , 
      "option3" : "150" , 
      "option4" : "80" , 
      "answer" : 1 , 
      "reference" : "5Móz 34:7"
     } 
  ], 
  "Ez világon túli" : [ 
    { 
      "ques_id" : 1 , 
      "question" : "Ki volt a legidősebb személy a Bibliában?" , 
      "option1" : "Metuzsálem" , 
      "option2" : "Ádám" , 
      "option3" : "Ábrahám" , 
      "option4" : "Salamon" , 
      "answer" : 1 , 
      "reference" : "Mózes 5:27"
     } , 
    { 
      "ques_id" : 2 , 
      "question" : "Hány éves volt a Bibliában feljegyzett legidősebb személy?" , 
      "option1" : "120" , 
      "option2" : "500" , 
      "option3" : "800" , 
      "option4" : "969" , 
      "answer" : 4 , 
      "reference" : "Mózes 5:27"
     } , 
    { 
      "ques_id" : 3 , 
      "question" : "Mit jelent a Jahwe-Schammmah?" , 
      "option1" : "Isten velünk" , 
      "option2" : "Maga Isten" , 
      "option3" : "Jézus, Isten fia" , 
      "option4" : "Örök élet" ,
      "answer" : 2 , 
      "reference" : "Ezékiel 48:35"
     }, 
    { 
      "ques_id" : 4 , 
      "question" : "Hány évet tett még Isten Ezékiás király életébe answerul a haldokló király imájára?" , 
      "option1" : "20" ,
      "option2" : "50" , 
      "option3" : "15" , 
      "option4" : "100" , 
      "answer" : 3 , 
      "reference" : "2 Kings 20:6"
     }, 
    { 
      "ques_id" : 5 , 
      "question" : "Az úr mely prófétáival konzultált Jósiás, Júda királya?" , 
      "option1" : "Amos" , 
      "option2" : "Illés" , 
      "option3" : "Elisha" , 
      "option4" : "Huldah" , 
      "answer" : 4 , 
      "reference" : " 2 Kings 22:14- 16"
     }, 
    { 
      "ques_id" : 6 , 
      "question" : "Milyen szertartást állított vissza Jósiás király, amelyet Izrael vagy Júda egyik korábbi királya sem ünnepelt??" , 
      "option1" : "Pészach" , 
      "option2" : "Áldozati rituálé" , 
      "option3" : "imádat" , 
      "option4" : "Körülmetélés" , 
      "answer" : 1 , 
      "reference" : "2 Királyok 23:21 "
     }, 
    { 
      "ques_id" : 7 , 
      "question" : "Izrael melyik törzséből származott Saul király?" , 
      "option1" : "Júda" , 
      "option2" : "Benjámin" , 
      "option3" : "Amoniták" , 
      "option4" : "Izrael" , 
      "answer" : 2 , 
      "reference" : "1 Sámuel 9:21"
     }, 
    { 
      "ques_id" : 8 , 
      "question" : "Milyen áldozatot mutatott be Sámuel az úrnak, amikor a láda visszatért Izraelbe?" ,
      "option1" : "A-kecske" , 
      "option2" : "Emberáldozat" , 
      "option3" : "Kert termést áldozott" , 
      "option4" : "Szopós bárány" , 
      "answer" : 4 , 
      "reference" :"1Sámuel 7:9"
     }, 
    { 
      "ques_id" : 9 , 
      "question" : "Hogy hívták Saul király feleségét?" , 
      "option1" : "Debora" , 
      "option2" : "Naume" , 
      "option3" : "Ahinoam" , 
      "option4" : "Ruth" , 
      "answer" : 3 , 
      "reference" : "1 Sámuel 14:50"
     }, 
    { 
      "ques_id" : 10 , 
      "question" : "Mi kell valakinek ahhoz, hogy megértse Isten szavát?" , 
      "option1" : "Tudás" , 
      "option2" : "Szentlélek" , 
      "option3" : "Bölcsesség" , 
      "option4" : "Imák" , 
      "answer" : 2 , 
      "reference" : "1 Korinthus 2:11 "
     }, 
    { 
      "ques_id" : 11 , 
      "question" : "Pál szerint ki ítélte meg?" , 
      "option1" : "Isten" , 
      "option2" : "Terah" , 
      "option3" : "Rúben" , 
      "option4" : "Belsazár" , 
      "answer" : 1 , 
      "reference" : " 1Korinthus 4:4"
     }, 
    { 
      "ques_id" : 12 , 
      "question" : "Pünkösd napján egy rohanó hang hallatszott a Mennyből____?" , 
      "option1" : "Thunder" , 
      "option2" : "Eső" , 
      "option3" : "Szél" , 
      "option4" : "hangos zaj" , 
      "answer" : 3 ,
      "reference" : "ApCsel 2:2"
     }, 
    { 
      "ques_id" : 13 , 
      "question" : "Ki ajánlott fel pénzt a Szentlélek hatalmáért?" , 
      "option1" : "János" , 
      "option2" : "Zakariás" , 
      "option3" :"Simon" , 
      "option4" : " Heródes" , 
      "answer" : 3 , 
      "reference" : "ApCsel 8"
     }, 
    { 
      "ques_id" : 14 , 
      "question" : "Amikor Jézus a vizet borrá változtatta, a vizet ami kőedényekben volt, mire használták általában ezeket a kőedényeket?" , 
      "option1" : "Keresztelés" , 
      "option2" : "Tisztítás" , 
      "option3" : "Kereskedés" , 
      "option4" : "Ceremoniális mosás" , 
      "answer" : 4 , 
      "reference" : "János 2:6"
     }, 
    { 
      "ques_id" : 15 , 
      "question" : "Ki volt Nimród apja?" , 
      "option1" : "András" , 
      "option2" : "Józsua" , 
      "option3" : " Sámson" , 
      "option4" : "Cush" , 
      "answer" : 4 , 
      "reference" : "1 Krónikák 1:10"
     }, 
    { 
      "ques_id" : 16 , 
      "question" : "mi volt Ábrahám két fiának a neve (születési sorrendben)?" , 
      "option1" : "Izsák és Jákob" , 
      "option2" : "Izmael és Izsák" , 
      "option3" : "József és Jákob" , 
      "option4" : "Káin és Izsák" , 
      "answer" : 2 , 
      "reference" : "1Mózes 16:1-16, 1 Krónika 1:28"
     }, 
    { 
      "ques_id" : 17 , 
      "question" : "Mi volt Noé három fiának a neve a bibliai listák sorrendjében? " , 
      "option1" : "Sonka,József,Jáfet" , 
      "option2" : "Japhet, Ham, Izsák" , 
      "option3" : "Sém, Kám és Jáfet" , 
      "option4" : "Sém,Sonka , József" , 
      "answer" : 3 , 
      "reference" :"1Móz 9:18-19, 1 Krónika 1:4"
     }, 
    { 
      "ques_id" : 18 , 
      "question" : "Az úr Ábrahám nevét Ábrahámra változtatta, amikor 99 éves volt. mi volt a neve előtte?" , 
      "option1" : "Ádám" , 
      "option2" : "Ábrám" , 
      "option3" : " Alfa" , 
      "option4" : "Agag" , 
      "answer" : 2 , 
      "reference" : "1Móz 17:1-5 "
     }, 
    { 
      "ques_id" : 19 , 
      "question" : "Hány éves volt Ábrahám, amikor Izsák megszületett?" , 
      "option1" : "103" , 
      "option2" : "90" , 
      "option3" : "100" , 
      "option4" : "50" , 
      "answer" : 3 , 
      "reference" : "Mózes 21:5"
     } , 
    { 
      "ques_id" : 20 , 
      "question" : "Hány könyvnek van a Bibliában a címében a 'János' szó?" , 
      "option1" : "4" , 
      "option2" : "3" , 
      "option3" : "1" , 
      "option4" : "5" , 
      "answer" : 1 , 
      "reference" : "János"
     } 
  ] 
}