{
  "Početnik": [
    {
      "ques_id": 1,
      "question": "Tko je prvi čovjek koji je ikada živio?",
      "option1": "Metuzalem",
      "option2": "Abraham",
      "option3": "Mojsije",
      "option4": "Adam",
      "answer": 4
    },
    {
      "ques_id": 2,
      "question": "Koga je progutala vrlo velika riba?",
      "option1": "Isus",
      "option2": "Jona",
      "option3": "Samson",
      "option4": "Petar",
      "answer": 2
    },
    {
      "ques_id": 3,
      "question": "Tko je osoba koju je Bog upotrijebio da izvede Izraelce iz Egipta",
      "option1": "Aron",
      "option2": "Abraham",
      "option3": "Mojsije",
      "option4": "Jeremija",
      "answer": 3
    },
    {
      "ques_id": 4,
      "question": "Tko je osoba koja je ubila Golijata",
      "option1": "David",
      "option2": "Saul",
      "option3": "Salomon",
      "option4": "Jonathan",
      "answer": 1
    },
    {
      "ques_id": 5,
      "question": "Tko je bio prvi kralj Izraela?",
      "option1": "David",
      "option2": "Saul",
      "option3": "Salomon",
      "option4": "Mojsije",
      "answer": 2
    },
    {
      "ques_id": 6,
      "question": "Koje je zanimanje Isus imao prije svoje službe",
      "option1": "ToyMaker",
      "option2": "Ribar",
      "option3": "Čuvar vinograda",
      "option4": "Stolar",
      "answer": 4
    },
    {
      "ques_id": 7,
      "question": "Kako se zove grad u kojem je Isus rođen?",
      "option1": "Jeruzalem",
      "option2": "Betlehem",
      "option3": "Galileja",
      "option4": "Nazaret",
      "answer": 2
    },
    {
      "ques_id": 8,
      "question": "Kako se zove more po kojem je Isus hodao",
      "option1": "Galilejsko more",
      "option2": "Mrtvo more",
      "option3": "Pročitaj more",
      "option4": "Sredozemno more",
      "answer": 1
    },
    {
      "ques_id": 9,
      "question": "Kako se zove rijeka u kojoj je Ivan Krstitelj krstio ljude?",
      "option1": "Eufrat",
      "option2": "Nil",
      "option3": "Jordan",
      "option4": "Tigris",
      "answer": 3
    },
    {
      "ques_id": 10,
      "question": "Kako se zove Andrijin brat? (Obojica su bili učenici)",
      "option1": "Petar",
      "option2": "Ivan",
      "option3": "James",
      "option4": "Adam",
      "answer": 1
    },
    {
      "ques_id": 11,
      "question": "Kako se zvala Isusova majka?",
      "option1": "Marija",
      "option2": "Marta",
      "option3": "cipora",
      "option4": "Sara",
      "answer": 1
    },
    {
      "ques_id": 12,
      "question": "Kako se zvao vrt u kojem su živjeli Adam i Eva?",
      "option1": "Zemlja Nod",
      "option2": "Rajski vrt",
      "option3": "Betlehem",
      "option4": "Vrt doline",
      "answer": 2
    },
    {
      "ques_id": 13,
      "question": "Kojom hranom je Isus nahranio 5000 ljudi",
      "option1": "Vino",
      "option2": "Štruce kruha i vina",
      "option3": "Štruce kruha i ribe",
      "option4": "Voda",
      "answer": 3
    },
    {
      "ques_id": 14,
      "question": "Koju metodu su Rimljani koristili da ubiju Isusa?",
      "option1": "Nakamenjen",
      "option2": "Kremiranje",
      "option3": "Raspeće",
      "option4": "Obješeni",
      "answer": 3
    },
    {
      "ques_id": 15,
      "question": "Koliko je košara ostalo od hranjenja 5000?",
      "option1": "7",
      "option2": "8",
      "option3": "10",
      "option4": "12",
      "answer": 1,
      "referenca": "Matej 15:13"
    },
    {
      "ques_id": 16,
      "question": "Koji je učenik pronašao novčić u ustima ribe?",
      "option1": "Andrija",
      "option2": "Pavao",
      "option3": "Petar",
      "option4": "Timotej",
      "answer": 3,
      "referenca": "Matej 1:24-27"
    },
    {
      "ques_id": 17,
      "question": "U kojoj biblijskoj knjizi čitamo o Hamanu",
      "option1": "Egzodus",
      "option2": "Ester",
      "option3": "Rut",
      "option4": "Malachi",
      "answer": 2,
      "referenca": "Estera 3"
    },
    {
      "ques_id": 18,
      "question": "Imenuj ženu kralja Agripe, pred kojom je Pavao stajao na suđenju",
      "option1": "Bernice",
      "option2": "Herod",
      "option3": "Agag",
      "option4": "Kaifa",
      "answer": 1,
      "referenca": "Djela 25:23"
    },
    {
      "ques_id": 19,
      "question": "Koliko je Enoh postao star",
      "option1": "400",
      "option2": "350",
      "option3": "230",
      "option4": "365",
      "answer": 4,
      "referenca": "Postanak 5:23"
    },
    {
      "ques_id": 20,
      "question": "Koliko je još godina Bog dodao životu kralja Ezekije kao odgovor na molitvu umirućih kraljeva?",
      "option1": "20",
      "option2": "15",
      "option3": "100",
      "option4": "50",
      "answer": 2,
      "referenca": "2. Kraljevima 20:6"
    }
  ],
  "Entuzijast": [
    {
      "ques_id": 1,
      "question": "Tko je bio Izakov otac?",
      "option1": "Abraham",
      "option2": "Jakov",
      "option3": "Ezav",
      "option4": "Pelek",
      "answer": 1
    },
    {
      "ques_id": 2,
      "question": "Tko je bio Roboamov otac?",
      "option1": "David",
      "option2": "Nimrod",
      "option3": "Abimelek",
      "option4": "Salomon",
      "answer": 4
    },
    {
      "ques_id": 3,
      "question": "Tko je bio Metuzalemov otac?",
      "option1": "Ilija",
      "option2": "Enock",
      "option3": "Set",
      "option4": "Jared",
      "answer": 2
    },
    {
      "ques_id": 4,
      "question": "Tko je ubio Ivana Krstitelja?",
      "option1": "Cezar",
      "option2": "Pilat",
      "option3": "Herold",
      "option4": "Kaifa",
      "answer": 3
    },
    {
      "ques_id": 5,
      "question": "Tko je prva osoba ubijena jer je vjerovao u Krista?",
      "option1": "Petar",
      "option2": "Ivan",
      "option3": "Barnabas",
      "option4": "Stjepan",
      "answer": 4
    },
    {
      "ques_id": 6,
      "question": "Kamo je Savao išao kad je vidio Isusa?",
      "option1": "Damask",
      "option2": "Grčka",
      "option3": "Rim",
      "option4": "Jeruzalem",
      "answer": 1
    },
    {
      "ques_id": 7,
      "question": "Gdje je Isus proveo većinu svog života na zemlji?",
      "option1": "Jeruzalem",
      "option2": "Nazaret",
      "option3": "Maslinska gora",
      "option4": "Egipat",
      "answer": 2
    },
    {
      "ques_id": 8,
      "question": "Koji psalam počinje, 'Gospodin je pastir moj?'",
      "option1": "Psalam 91",
      "option2": "Psalam 1",
      "option3": "Psalam 104",
      "option4": "Psalam 23",
      "answer": 4
    },
    {
      "ques_id": 9,
      "question": "Što je bilo Pavaoovo zanimanje dok je putovao kao misionar?",
      "option1": "Pastir",
      "option2": "Prodavač ljubičaste boje",
      "option3": "Izrađivač šatora",
      "option4": "Pisar",
      "answer": 3
    },
    {
      "ques_id": 10,
      "question": "Kako se zove otok na kojem je Barnabas živio?",
      "option1": "Grčka",
      "option2": "Cipar",
      "option3": "Rhodes",
      "option4": "Uskršnji otok",
      "answer": 2
    },
    {
      "ques_id": 11,
      "question": "Kad mu je pristupio Isus i rekao: 'Što ti imaš sa mnom, Isuse, Sine Boga Svevišnjega? Zaklinjem te Bogom, nemoj me mučiti'.?",
      "option1": "Legija",
      "option2": "Terah",
      "option3": "Ruben",
      "option4": "Baltazar",
      "answer": 1
    },
    {
      "ques_id": 12,
      "question": "Od koje ptice Isus kaže da imamo veću vrijednost?",
      "option1": "orao",
      "option2": "Lešinar",
      "option3": "Vrabac",
      "option4": "Golub",
      "answer": 3
    },
    {
      "ques_id": 13,
      "question": "Koje su se dvije sestre udale za Jakova?",
      "option1": "Dorcas i Leah",
      "option2": "Mariam i Rachel",
      "option3": "Rahela i Lea",
      "option4": "Sarai i Hannah",
      "answer": 3
    },
    {
      "ques_id": 14,
      "question": "U koju je zemlju Bog poslao Abrahama da žrtvuje svog posebnog sina, Izaka?",
      "option1": "Canan",
      "option2": "Makedonija",
      "option3": "Cipar",
      "option4": "Morija",
      "answer": 4
    },
    {
      "ques_id": 15,
      "question": "S kojom se proročicom Gospodnjom posavjetovao judejski kralj Jošija",
      "option1": "Debora",
      "option2": "Huldah",
      "option3": "Naom",
      "option4": "Rut",
      "answer": 2,
      "referenca": "2 Kraljevima 22:12-16"
    },
    {
      "ques_id": 16,
      "question": "Ime Samuelovog prvorođenog sina?",
      "option1": "Jošua",
      "option2": "Joel",
      "option3": "Jonathan",
      "option4": "Josip",
      "answer": 2,
      "referenca": "1. Samuelova 8:2"
    },
    {
      "ques_id": 17,
      "question": "Kako se zvala žena kralja Saula?",
      "option1": "Boam",
      "option2": "Milost",
      "option3": "Ahinoam",
      "option4": "Noam",
      "answer": 3,
      "referenca": "1. Samuelova 14:50"
    },
    {
      "ques_id": 18,
      "question": "Što je potrebno da bi netko razumio Božju riječ?",
      "option1": "Molitva",
      "option2": "Ljubav",
      "option3": "Sveti duh",
      "option4": "Anđeli",
      "answer": 3,
      "referenca": "1. Korinćanima 2:11"
    },
    {
      "ques_id": 19,
      "question": "Za koga je Pavao rekao da mu je sudio?",
      "option1": "Sotona",
      "option2": "Bog",
      "option3": "Prijatelj",
      "option4": "Petar",
      "answer": 2,
      "referenca": "1. Korinćanima 4:4"
    },
    {
      "ques_id": 20,
      "question": "________ odgođeno čini srce bolesnim?",
      "option1": "Povjerenje",
      "option2": "Nada",
      "option3": "Ljubav",
      "option4": "Molitve",
      "answer": 2,
      "referenca": "Izreke 13:12"
    }
  ],
  "Srednji": [
    {
      "ques_id": 1,
      "question": "Tko je bila Mojsijeva žena??",
      "option1": "Elišeba",
      "option2": "Rebecca",
      "option3": "Mariam",
      "option4": "cipora",
      "answer": 4
    },
    {
      "ques_id": 2,
      "question": "Tko je bila druga Abrahamova žena?",
      "option1": "Ester",
      "option2": "Keturah",
      "option3": "Hagar",
      "option4": "Lidija",
      "answer": 2
    },
    {
      "ques_id": 3,
      "question": "Koliko je poglavlja sadržano u Propovijedi na gori?",
      "option1": "1",
      "option2": "2",
      "option3": "3",
      "option4": "7",
      "answer": 3
    },
    {
      "ques_id": 4,
      "question": "Koliko je puta Izrael marširao oko Jerihona?",
      "option1": "13",
      "option2": "7",
      "option3": "70",
      "option4": "12",
      "answer": 1
    },
    {
      "ques_id": 5,
      "question": "Koliko je dugačak lakat?",
      "option1": "približno 12 inča",
      "option2": "12 mm",
      "option3": "približno 18 inča",
      "option4": "približno 36 inča",
      "answer": 3
    },
    {
      "ques_id": 6,
      "question": "Gdje je Cain otišao nakon što je ubio Abela?",
      "option1": "Rajski vrt",
      "option2": "Zemlja Nod",
      "option3": "Kumranske špilje",
      "option4": "Planina Ararat",
      "answer": 2
    },
    {
      "ques_id": 7,
      "question": "Tko je bio Kišov sin?",
      "option1": "Noa",
      "option2": "Apostol Pavao",
      "option3": "Abraham",
      "option4": "Kralj Šaul",
      "answer": 4
    },
    {
      "ques_id": 8,
      "question": "Gdje je Rahab živjela?",
      "option1": "Jerihon",
      "option2": "Jeruzalem",
      "option3": "Niniva",
      "option4": "Ai",
      "answer": 1
    },
    {
      "ques_id": 9,
      "question": "Gdje je Dorcas živjela?",
      "option1": "Betel",
      "option2": "Jopa",
      "option3": "Cezareja",
      "option4": "Antiohija",
      "answer": 2
    },
    {
      "ques_id": 10,
      "question": "Gdje je 'Ulica zvana Ravna'",
      "option1": "Jeruzalem",
      "option2": "Rim",
      "option3": "Babilon",
      "option4": "Damask",
      "answer": 4
    },
    {
      "ques_id": 11,
      "question": "Nakon što je pobjegao spašavajući život, pod kojim je stablom spavao Ilija",
      "option1": "Hrast",
      "option2": "bor",
      "option3": "Smreka",
      "option4": "Smreka",
      "answer": 3,
      "referenca": "1. Kraljevima 19:5"
    },
    {
      "ques_id": 12,
      "question": "Juda je izdao Isusa za točno koliko srebrnjaka?",
      "option1": "30",
      "option2": "20",
      "option3": "50",
      "option4": "10",
      "answer": 1,
      "referenca": "Matej 26:15"
    },
    {
      "ques_id": 13,
      "question": "Imenuj Davidovog oca",
      "option1": "Oman",
      "option2": "Jesse",
      "option3": "Jošua",
      "option4": "Salomon",
      "answer": 2,
      "referenca": "1 Samuelova 1:12"
    },
    {
      "ques_id": 14,
      "question": "Bog se ne spominje samo u jednoj knjizi Biblije",
      "option1": "Ester",
      "option2": "Rut",
      "option3": "Malachi",
      "option4": "Egzodus",
      "answer": 1,
      "referenca": "Ester"
    },
    {
      "ques_id": 15,
      "question": "Za koliko su srebrnjaka Jošuu prodala njegova braća Ismeelitima",
      "option1": "50",
      "option2": "12",
      "option3": "20",
      "option4": "100",
      "answer": 3,
      "referenca": "Postanak 37:28"
    },
    {
      "ques_id": 16,
      "question": "Koliko je apostola Isus izabrao",
      "option1": "12",
      "option2": "14",
      "option3": "10",
      "option4": "08",
      "answer": 1,
      "referenca": "Luka 6:13"
    },
    {
      "ques_id": 17,
      "question": "Anđeo je rekao Mariji da će Isus vladati kućom čiji je starozavjetni lik",
      "option1": "David",
      "option2": "Jakov",
      "option3": "Abraham",
      "option4": "Mojsije",
      "answer": 2,
      "referenca": "Luka 1:13"
    },
    {
      "ques_id": 18,
      "question": "Koji je prorok rekao: 'Iz Egipta sam pozvao svog sina'?",
      "option1": "Jeremija",
      "option2": "Izaija",
      "option3": "Hosea",
      "option4": "Ezekiel",
      "answer": 3,
      "referenca": "Hosea 11:1"
    },
    {
      "ques_id": 19,
      "question": "Koju je vrstu stabla Isus prokleo?",
      "option1": "Smokva",
      "option2": "Vinograd",
      "option3": "bor",
      "option4": "hrast",
      "answer": 1,
      "referenca": "Marko 11:12-14"
    },
    {
      "ques_id": 20,
      "question": "Koga je Saul tražio da mu se dovede medij",
      "option1": "Eli",
      "option2": "Nathan",
      "option3": "Samuel",
      "option4": "David",
      "answer": 3,
      "referenca": "1. Samuelova 28:11"
    }
  ],
  "Pro": [
    {
      "ques_id": 1,
      "question": "Tko je nosio križ za Krista?",
      "option1": "Filip",
      "option2": "Šimun Cirenac",
      "option3": "Ahab",
      "option4": "Micah",
      "answer": 2
    },
    {
      "ques_id": 2,
      "question": "Koliko su drugova Filistejci dali Samsonu na gozbi u Timni?",
      "option1": "30",
      "option2": "31",
      "option3": "32",
      "option4": "33",
      "answer": 1
    },
    {
      "ques_id": 3,
      "question": "Koliko je godina imala proročica Ana kad je vidjela Isusa?",
      "option1": "83",
      "option2": "84",
      "option3": "88",
      "option4": "92",
      "answer": 2
    },
    {
      "ques_id": 4,
      "question": "Što je kraljica od Sabe dala Salomonu?",
      "option1": "(124 talenta) zlata, začina i dragog kamenja",
      "option2": "(120 talenata) zlata, začina i dragog kamenja",
      "option3": "(18 talenata) zlata, začina i dragog kamenja",
      "option4": "(221 talent) zlata, začina i dragog kamenja",
      "answer": 2
    },
    {
      "ques_id": 5,
      "question": "Koliko ima knjiga u Starom zavjetu?",
      "option1": "37",
      "option2": "38",
      "option3": "39",
      "option4": "40",
      "answer": 3
    },
    {
      "ques_id": 6,
      "question": "Na koliko se rijeka podijelila rijeka u Edenu nakon što je napustila vrt?",
      "option1": "4",
      "option2": "3",
      "option3": "6",
      "option4": "8",
      "answer": 1
    },
    {
      "ques_id": 7,
      "question": "Što je Josip htio učiniti kada je otkrio da je Marija trudna?",
      "option1": "Priredite zabavu",
      "option2": "Razvedi se od nje",
      "option3": "Bježi",
      "option4": "Ništa od navedenog",
      "answer": 2
    },
    {
      "ques_id": 8,
      "question": "Koje je boje bila haljina Velikog svećenika?",
      "option1": "Plava",
      "option2": "Bijelo",
      "option3": "Zelena",
      "option4": "Crveno",
      "answer": 1
    },
    {
      "ques_id": 9,
      "question": "Što je Boaz rekao da Naomi prodaje?",
      "option1": "Parcela zemlje",
      "option2": "Zlato",
      "option3": "Njeno dijete",
      "option4": "Hrana",
      "answer": 1
    },
    {
      "ques_id": 10,
      "question": "U prispodobi o dužnicima, jedan je bio dužan 500 denara (penija), ali koliko je drugi dugovao",
      "option1": "70",
      "option2": "50",
      "option3": "45",
      "option4": "80",
      "answer": 2
    },
    {
      "ques_id": 11,
      "question": "Koliko je Elizej primio Ilijinog duha?",
      "option1": "Malo",
      "option2": "Jedna porcija",
      "option3": "Zdravo",
      "option4": "Dupla porcija",
      "answer": 4
    },
    {
      "ques_id": 12,
      "question": "Što je bilo neobično u vezi sa 700 Benjamitovih vojnika koji su svaki put mogli baciti kamen iz praćke i pogoditi metu?",
      "option1": "Svi su bili ljevoruki",
      "option2": "Svi su izgledali jednako",
      "option3": "Nisu imali cipele",
      "option4": "Ništa od navedenog",
      "answer": 1
    },
    {
      "ques_id": 13,
      "question": "U kakvom su srodstvu bili Ana i Kajfa?",
      "option1": "Brat",
      "option2": "Ujak",
      "option3": "Rođaci",
      "option4": "Svekar",
      "answer": 4
    },
    {
      "ques_id": 14,
      "question": "Što ne smijete 'baciti pred svinje'",
      "option1": "Šljunak",
      "option2": "Kamenje",
      "option3": "Biseri",
      "option4": "Štap",
      "answer": 3
    },
    {
      "ques_id": 15,
      "question": "Kada su bili u zatvoru u koje vrijeme su se Pavao i Sila molili i pjevali Bogu?",
      "option1": "Jutro",
      "option2": "Poslijepodne",
      "option3": "Večer",
      "option4": "Ponoć",
      "answer": 4
    },
    {
      "ques_id": 16,
      "question": "Što su Daniel i njegova tri prijatelja jeli umjesto kraljevog mesa i pili?",
      "option1": "Kruh",
      "option2": "Vino i kruh",
      "option3": "Mahunarke i voda",
      "option4": "Ništa",
      "answer": 3
    },
    {
      "ques_id": 17,
      "question": "Kako se zove Isusov rođak, rođen šest mjeseci prije njega?",
      "option1": "Ivan",
      "option2": "Petar",
      "option3": "Pavao",
      "option4": "Mihael",
      "answer": 1
    },
    {
      "ques_id": 18,
      "question": "U kojem je gradu živio kralj Herod u vrijeme Isusova rođenja?",
      "option1": "Jeruzalem",
      "option2": "Rim",
      "option3": "Babilon",
      "option4": "Betlehem",
      "answer": 1
    },
    {
      "ques_id": 19,
      "question": "Koliko je pošasti Bog poslao na Egipat?",
      "option1": "4",
      "option2": "8",
      "option3": "10",
      "option4": "12",
      "answer": 3
    },
    {
      "ques_id": 20,
      "question": "Za koliko je srebrnjaka Juda izdao Krista?",
      "option1": "20",
      "option2": "30",
      "option3": "40",
      "option4": "50",
      "answer": 2
    },
    {
      "ques_id": 21,
      "question": "Koliko se dana Isus ukazivao svojim učenicima nakon uskrsnuća?",
      "option1": "30",
      "option2": "7",
      "option3": "40",
      "option4": "11",
      "answer": 3
    },
    {
      "ques_id": 22,
      "question": "Koliko je crkava u Maloj Aziji navedeno u Otkrivenju?",
      "option1": "7",
      "option2": "8",
      "option3": "9",
      "option4": "10",
      "answer": 1
    }
  ],
  "Genije": [
    {
      "ques_id": 1,
      "question": "Tko je bio sin Eleazara, sina Aronova?",
      "option1": "Putiel",
      "option2": "Korah",
      "option3": "Phinehas",
      "option4": "Izhar",
      "answer": 3
    },
    {
      "ques_id": 2,
      "question": "Tko je bio sin Omrija, kralja Izraela?",
      "option1": "Ahab",
      "option2": "Joram",
      "option3": "Zimri",
      "option4": "Ginath",
      "answer": 1
    },
    {
      "ques_id": 3,
      "question": "Tko je bio Naomin muž iz knjige o Ruti?",
      "option1": "Boaz",
      "option2": "Elkana",
      "option3": "Obed",
      "option4": "Elimeleh",
      "answer": 4
    },
    {
      "ques_id": 4,
      "question": "Koliko slova ima najduže ime u Bibliji?",
      "option1": "16",
      "option2": "18",
      "option3": "22",
      "option4": "25",
      "answer": 2
    },
    {
      "ques_id": 5,
      "question": "Tko je ubio Siseru?",
      "option1": "David",
      "option2": "Ahab",
      "option3": "Saul",
      "option4": "Jael",
      "answer": 4
    },
    {
      "ques_id": 6,
      "question": "Koliko je široka bila Noina arka?",
      "option1": "35 lakata",
      "option2": "50 lakata",
      "option3": "75 lakata",
      "option4": "90 lakata",
      "answer": 2
    },
    {
      "ques_id": 7,
      "question": "Koliko je širok bio Zavjetni kovčeg?",
      "option1": "1,5 lakat",
      "option2": "2 lakta",
      "option3": "3 lakta",
      "option4": "1 lakat",
      "answer": 1
    },
    {
      "ques_id": 8,
      "question": "Kako se zvao Elizejev sluga?",
      "option1": "Joram",
      "option2": "Šafat",
      "option3": "Gehazi",
      "option4": "Hazael",
      "answer": 3
    },
    {
      "ques_id": 9,
      "question": "Kako se zvao Paulov slavni učitelj?",
      "option1": "Justus",
      "option2": "Gamalijel",
      "option3": "Kaifa",
      "option4": "Sokrat",
      "answer": 2
    },
    {
      "ques_id": 10,
      "question": "Koji je izraelski sudac rođen u Betlehemu?",
      "option1": "David",
      "option2": "Ibzan",
      "option3": "Deborah",
      "option4": "Gideon",
      "answer": 2
    },
    {
      "ques_id": 11,
      "question": "Kad mu je pristupio Isus i rekao: 'Što ti imaš sa mnom, Isuse, Sine Boga Svevišnjega? Zaklinjem te Bogom, nemoj me mučiti'.?",
      "option1": "Legija",
      "option2": "Terah",
      "option3": "Ruben",
      "option4": "Baltazar",
      "answer": 1
    },
    {
      "ques_id": 12,
      "question": "Od koje ptice Isus kaže da imamo veću vrijednost?",
      "option1": "orao",
      "option2": "Lešinar",
      "option3": "Vrabac",
      "option4": "Golub",
      "answer": 3
    },
    {
      "ques_id": 13,
      "question": "Koje su se dvije sestre udale za Jakova?",
      "option1": "Dorcas i Leah",
      "option2": "Mariam i Rachel",
      "option3": "Rahela i Lea",
      "option4": "Sarai i Hannah",
      "answer": 3
    },
    {
      "ques_id": 14,
      "question": "U koju je zemlju Bog poslao Abrahama da žrtvuje svog posebnog sina, Izaka?",
      "option1": "Canan",
      "option2": "Makedonija",
      "option3": "Cipar",
      "option4": "Morija",
      "answer": 4
    },
    {
      "ques_id": 15,
      "question": "Iz kojeg psalma je stih 'On me stavlja na pašnjake zelene, vodi me kraj tihih voda,'?",
      "option1": "25",
      "option2": "22",
      "option3": "30",
      "option4": "23",
      "answer": 4,
      "referenca": "Psalmi 23; 2"
    },
    {
      "ques_id": 16,
      "question": "Strah Gospodnji je početak ........ ",
      "option1": "Znanje",
      "option2": "Mudrost",
      "option3": "Novac",
      "option4": "Ljubav",
      "answer": 1,
      "referenca": ""
    },
    {
      "ques_id": 17,
      "question": "Protiv kojeg je grada Gospodin rekao Joni da propovijeda?",
      "option1": "Jeruzalem",
      "option2": "Niniva",
      "option3": "Babilon",
      "option4": "Juda",
      "answer": 2,
      "referenca": "Jona 1:2"
    },
    {
      "ques_id": 18,
      "question": "Koja je od ovih knjiga [Filipljanima, Kološanima, Galaćanima ili Efežanima] prva u Bibliji",
      "option1": "Kološanima",
      "option2": "Galaćanima",
      "option3": "Efežanima",
      "option4": "Filipljanima",
      "answer": 2,
      "referenca": "Novi zavjet, Pavlova pisma"
    },
    {
      "ques_id": 19,
      "question": "Koliko poglavlja ima Hebrejska knjiga?",
      "option1": "13",
      "option2": "15",
      "option3": "10",
      "option4": "16",
      "answer": 1,
      "referenca": "Hebrejima 1-13"
    },
    {
      "ques_id": 20,
      "question": "Kako se zovu olujni vjetrovi koji mogu pogoditi Kretu?",
      "option1": "Mjesečev mjesec",
      "option2": "Euroklidon",
      "option3": "Prelijevanje",
      "option4": "Ništa od navedenog",
      "answer": 2,
      "referenca": "Djela 2:14"
    }
  ],
  "Stručnjak": [
    {
      "ques_id": 1,
      "question": "Koji od ovih nije bio kralj Izraela ili Jude",
      "option1": "Senaherib",
      "option2": "Jojakim",
      "option3": "Sedekija",
      "option4": "David",
      "answer": 1
    },
    {
      "ques_id": 2,
      "question": "Tko je nagovorio Samsona da otkrije tajnu velike snage",
      "option1": "Dina",
      "option2": "Rut",
      "option3": "Dalila",
      "option4": "Marta",
      "answer": 3
    },
    {
      "ques_id": 3,
      "question": "I tvoje nebo koje je nad tvojom glavom bit će_____, a zemlja pod tobom bit će željezo",
      "option1": "mjed",
      "option2": "Čelik",
      "option3": "Srebro",
      "option4": "Zlato",
      "answer": 1
    },
    {
      "ques_id": 4,
      "question": "Gdje se mogu naći riječi: Uzdaj se u Jehovu svim svojim srcem i ne oslanjaj se na vlastiti razum",
      "option1": "Izreke 3:5",
      "option2": "Izreke 5:3",
      "option3": "Izreke 35:3",
      "option4": "Izreke 4:3",
      "answer": 1
    },
    {
      "ques_id": 5,
      "question": "koji je učenik tri puta zanijekao Isusa",
      "option1": "Petar",
      "option2": "Andrija",
      "option3": "Ivan",
      "option4": "Juda",
      "answer": 1
    },
    {
      "ques_id": 6,
      "question": "Sjećanje pravednih je blagoslovljeno, a ime zlih bit će",
      "option1": "Pobjeda",
      "option2": "trulež",
      "option3": "Cvjetanje",
      "option4": "cvjetati",
      "answer": 2
    },
    {
      "ques_id": 7,
      "question": "Prije nego što je Isus počeo propovijedati, koji je bio njegov posao?",
      "option1": "stolar",
      "option2": "učenjak",
      "option3": "Doktor",
      "option4": "Učitelj",
      "answer": 1
    },
    {
      "ques_id": 8,
      "question": "Zoan je korišten u bibliji kao paralela za koju naciju'",
      "option1": "Egipat",
      "option2": "Asirija",
      "option3": "Babilon",
      "option4": "Sinaj",
      "answer": 1
    },
    {
      "ques_id": 9,
      "question": "Koji je starozavjetni lik pokazao svoju vjeru time što je bio spreman prinijeti svoga sina Bogu na oltar",
      "option1": "Noa",
      "option2": "Abraham",
      "option3": "shealtiel",
      "option4": "Mojsije",
      "answer": 2
    },
    {
      "ques_id": 10,
      "question":"Što su učinili mornari broda Jonah da povećaju svoje šanse za preživljavanje",
      "option1": "Plovili su na sjever",
      "option2": "Bacio teret u more",
      "option3": "Molio Boga za oprost",
      "option4": "Ništa od navedenog",
      "answer": 2
    },
    {
      "ques_id": 11,
      "question": "Što je Ezav radio dok mu je Jakov ukrao blagoslov?",
      "option1": "Lov",
      "option2": "Uzgoj",
      "option3": "Ribolov",
      "option4": "Putovanje",
      "answer": 1
    },
    {
      "ques_id": 12,
      "question": "Tko je trčao od planine Karmel do Samarije brže nego što je Ahab mogao voziti svoja kola?",
      "option1": "Elizej",
      "option2": "Gehazi",
      "option3": "Ilija",
      "option4": "Amos",
      "answer": 3
    },
    {
      "ques_id": 13,
      "question": "Što je Bog učinio sedmog dana, nakon?",
      "option1": "Odmoran",
      "option2": "Stvoreni ljudi",
      "option3": "Dodijelio je čovjeku da se brine o njegovim kreacijama",
      "option4": "Stvorene ptice",
      "answer": 1
    },
    {
      "ques_id": 14,
      "question": "Tko je tvrdio da je zlatno tele jednostavno izašlo iz vatre?",
      "option1": "Jošua",
      "option2": "Aron",
      "option3": "Miriam",
      "option4": "Debora",
      "answer": 42
    },
    {
      "ques_id": 15,
      "question": "Što je tražio kralj Salomon kad mu se Bog ukazao u snu",
      "option1": "Dug život i znanje",
      "option2": "Mudrost [za prosuđivanje između dobra i zla]",
      "option3": "Bogatstvo",
      "option4": "Novac",
      "answer": 2
    },
    {
      "ques_id": 16,
      "question": "Dovršite poslovičnu izreku; Svatko glup, kad se šutnja smatra -------?",
      "option1": "Mirno",
      "option2": "Glupo",
      "option3": "Mudro",
      "option4": "Arogantno",
      "answer": 3
    },
    {
      "ques_id": 17,
      "question": "Kako treba primiti kraljevstvo Božje?",
      "option1": "Sa skrivenim motivima",
      "option2": "Kao dijete",
      "option3": "S ponosom",
      "option4": "Preko agenata",
      "answer": 2
    },
    {
      "ques_id": 18,
      "question": "Kako se zvala Abrahamova prva žena",
      "option1": "Sara",
      "option2": "Miriam",
      "option3": "Roda",
      "option4": "Rut",
      "answer": 1
    },
    {
      "ques_id": 19,
      "question": "Kralj Šaul nije poslušao Jehovinu zapovijed i poštedio je život amelečkom kralju",
      "option1": "Balak",
      "option2": "Dagon",
      "option3": "Agag",
      "option4": "Nathan",
      "answer": 3
    },
    {
      "ques_id": 20,
      "question": "O čemu je napisano Deset zapovijedi. ",
      "option1": "Dva svitka",
      "option2": "Dvije kamene ploče",
      "option3": "Zidine Jerihona",
      "option4": "Dvije knjige",
      "answer": 1
    }
  ],
  "Majstor": [
    {
      "ques_id": 1,
      "question": "O kome je zabilježeno da su 'svi razmišljali u svojim srcima;' Možda je on Krist?",
      "option1": "Ilija",
      "option2": "Ivan",
      "option3": "Malachi",
      "option4": "Petar",
      "answer": 2
    },
    {
      "ques_id": 2,
      "question": "Kako se zovu Josipovi roditelji",
      "option1": "Jakov i Rebeka",
      "option2": "Jakov i Lea",
      "option3": "Jakov i Rahela",
      "option4": "Jakov i Ruta",
      "answer": 3
    },
    {
      "ques_id": 3,
      "question": "Od svih ljudi spomenutih u bibliji, koji je živio najduže?",
      "option1": "Metuzalem",
      "option2": "JJared",
      "option3": "Abraham",
      "option4": "Adam",
      "answer": 1
    },
    {
      "ques_id": 4,
      "question": "Što je Isus rekao onima koji su optužili preljubnicu?",
      "option1": "Evo, nema pravednika",
      "option2": "Tko je bez grijeha, neka prvi baci kamen",
      "option3": "Teško vama koji optužujete ovu ženu",
      "option4": "ubij je",
      "answer": 2
    },
    {
      "ques_id": 5,
      "question": "U koji će grad sve nacije jednog dana ići slaviti Boga?",
      "option1": "Damask",
      "option2": "Jeruzalem",
      "option3": "Cilicija",
      "option4": "Juda",
      "answer": 2
    },
    {
      "ques_id": 6,
      "question": "Koji će od Davidovih potomaka vladati zauvijek",
      "option1": "Roboam",
      "option2": "Isus",
      "option3": "Salomon",
      "option4": "Jeroboam",
      "answer": 2
    },
    {
      "ques_id": 7,
      "question": "Tko je bila Timotejeva pobožna majka",
      "option1": "Lois",
      "option2": "Phoebe",
      "option3": "Eunice",
      "option4": "Magdalena",
      "answer": 3
    },
    {
      "ques_id": 8,
      "question": "Zašto se kralj Salomon okrenuo od Boga kad je ostario",
      "option1": "Njegove strane žene okrenule su njegovo srce prema drugim bogovima",
      "option2": "Postao je ponosan",
      "option3": "Volio je žene više od Boga",
      "option4": "Obožavao je idole",
      "answer": 1
    },
    {
      "ques_id": 9,
      "question": "Tko je pobjegao u šator Jehovin radi sigurnosti, ali je tamo svejedno ubijen?",
      "option1": "Joab",
      "option2": "Saul",
      "option3": "Amon",
      "option4": "Ezav",
      "answer": 1
    },
    {
      "ques_id": 10,
      "question": "Koji je kralj sanjao veliku statuu čovjeka napravljenu od različitih metala",
      "option1": "Ahab",
      "option2": "David",
      "option3": "malah",
      "option4": "Nabukodonozor",
      "answer": 4
    },
    {
      "ques_id": 11,
      "question": "Gdje je 'najbolje mjesto za molitvu'?",
      "option1": "U vašem ormaru sa zatvorenim vratima",
      "option2": "U crkvi",
      "option3": "Na mirnom mjestu",
      "option4": "Na putu",
      "answer": 1
    },
    {
      "ques_id": 12,
      "question": "Gdje se mogu naći riječi: Uzdaj se u Jahvu svim srcem svojim i ne oslanjaj se na vlastiti razum?",
      "option1": "Izreke 3:5",
      "option2": "Izreke 35:3",
      "option3": "Izreke 5:3",
      "option4": "Izreke 6:4",
      "answer": 1
    },
    {
      "ques_id": 13,
      "question": "Kad je Isus bio u tvojoj pustinji, što je bio u iskušenju da pretvori u kruhove?",
      "option1": "Humci",
      "option2": "Stijene",
      "option3": "Kamenje",
      "option4": "Tlo",
      "answer": 3
    },
    {
      "ques_id": 14,
      "question": "Što je bilo posebno u vezi s Ehudom [sucem nad Izraelom koji je ubio Elgona, kralja Moaba",
      "option1": "Bio je vrlo mlad",
      "option2": "Bio je ljevoruk",
      "option3": "Bio je slijep",
      "option4": "Bio je jako star",
      "answer": 2
    },
    {
      "ques_id": 15,
      "question": "Što se dogodilo s gradom Jerihonom nakon što je svećenik zatrubio u njihove trube",
      "option1": "Ljudi su pobjegli u drugu zemlju",
      "option2": "Životinje su uginule",
      "option3": "Zidovi su se srušili",
      "option4": "Ljudi su migrirali",
      "answer": 3
    },
    {
      "ques_id": 16,
      "question": "Prema Ivanu 1:1, što je bilo u početku kod Boga",
      "option1": "Riječ",
      "option2": "Anđeo",
      "option3": "Isus",
      "option4": "Ivan",
      "answer": 1
    },
    {
      "ques_id": 17,
      "question": "Koliko psalama ima u knjizi psalama?",
      "option1": "150",
      "option2": "170",
      "option3": "120",
      "option4": "190",
      "answer": 1
    },
    {
      "ques_id": 18,
      "question": "Neće svaki koji mi govori 'Gospodine, Gospodine' ući u kraljevstvo nebesko. Tko će dakle ući u njegovo kraljevstvo",
      "option1": "Onaj koji vrši volju Božju",
      "option2": "Onaj koji čini čuda",
      "option3": "Onaj tko se krsti",
      "option4": "Onaj koji propovijeda riječ Božju",
      "answer": 1
    },
    {
      "ques_id": 19,
      "question": "Tko je bio prvi kralj 10 plemena Izraela?",
      "option1": "Jeroboam",
      "option2": "Rehoboth",
      "option3": "Joab",
      "option4": "Roboam",
      "answer": 1
    },
    {
      "ques_id": 20,
      "question": "Prema Jeremiji, koliko je godina izraelski narod trebao ostati zarobljen pod babilonskim kraljem?",
      "option1": "120 godina",
      "option2": "40 godina",
      "option3": "70 godina",
      "option4": "80 godina",
      "answer": 3
    }
  ],
  "Veliki majstor": [
    {
      "ques_id": 1,
      "question": "U kojoj je rijeci Naamanu rečeno da se opere kako bi se riješio gube?",
      "option1": "Nil",
      "option2": "Jordan",
      "option3": "Galileja",
      "option4": "Biblija ne kaže",
      "answer": 2
    },
    {
      "ques_id": 2,
      "question": "Tko je bio Roboamov otac?",
      "option1": "David",
      "option2": "Nimrod",
      "option3": "Abimelek",
      "option4": "Salomon",
      "answer": 4
    },
    {
      "ques_id": 3,
      "question": "Koliko je dugo David vladao kao kralj?",
      "option1": "Trideset godina",
      "option2": "Četrdeset godina",
      "option3": "Dvadeset pet godina",
      "option4": "Osamdeset godina",
      "answer": 2
    },
    {
      "ques_id": 4,
      "question": "U Isusovom objašnjenju prispodobe o sijaču. što je predstavljeno sjemenom",
      "option1": "Vjera",
      "option2": "Riječ Božja",
      "option3": "Isus",
      "option4": "Ljubav",
      "answer": 2
    },
    {
      "ques_id": 5,
      "question": "Koja je biljka 'najmanje sjemena, ali kad se uzgoji, najveća je među biljkama?",
      "option1": "Maslina",
      "option2": "senf",
      "option3": "Hrast",
      "option4": "Grožđe",
      "answer": 2
    },
    {
      "ques_id": 6,
      "question": "Kako se zvao Mojsijev brat?",
      "option1": "Alfej",
      "option2": "Ivan",
      "option3": "Aron",
      "option4": "Jošua",
      "answer": 3
    },
    {
      "ques_id": 7,
      "question": "Od kojeg je dijela Adamova tijela Bog stvorio Evu?",
      "option1": "Srce",
      "option2": "Mozak",
      "option3": "Rebro",
      "option4": "Glava",
      "answer": 3
    },
    {
      "ques_id": 8,
      "question": "Zahariji i Elizabeti anđeo je rekao da će dobiti sina, kako će se on zvati'",
      "option1": "Ilija",
      "option2": "Isus",
      "option3": "Ivan",
      "option4": "James",
      "answer": 3
    },
    {
      "ques_id": 9,
      "question": "Koji je značajan događaj zabilježen u 1. i 2. poglavlju Postanka",
      "option1": "Prijevoz",
      "option2": "Stvaranje",
      "option3": "Pročišćavanje",
      "option4": "Žrtva",
      "answer": 2
    },
    {
      "ques_id": 10,
      "question": "Kakav je bio odnos između Mojsija i Koraha",
      "option1": "Obojica su bili iz Judinog plemena",
      "option2": "Bili su braća",
      "option3": "Bili su rođaci",
      "option4": "Bili su prijatelji",
      "answer": 3
    },
    {
      "ques_id": 11,
      "question": "Kako je Naomi rekla ljudima u Betlehemu da je zovu",
      "option1": "Mara",
      "option2": "Naama",
      "option3": "Bat-Šeba",
      "option4": "Marija",
      "answer": 1
    },
    {
      "ques_id": 12,
      "question": "Navedite ime židovske djevojke koja se udala za perzijskog kralja?",
      "option1": "Naomi",
      "option2": "Deborah",
      "option3": "Ester",
      "option4": "Jude",
      "answer": 3
    },
    {
      "ques_id": 13,
      "question": "Što simbolizira sedam zlatnih svijećnjaka iz Otkrivenja 1:20?",
      "option1": "Sedam džemata",
      "option2": "Sedam anđela",
      "option3": "Sedam kraljeva",
      "option4": "Sedam ljudi",
      "answer": 1
    },
    {
      "ques_id": 14,
      "question": "Gdje se mogu naći sljedeće riječi: 'ali Bog je izabrao lude stvari svijeta da posrami mudrace?",
      "option1": "Djela",
      "option2": "Rimljani",
      "option3": "Prva poslanica Korinćanima",
      "option4": "Ivan",
      "answer": 3
    },
    {
      "ques_id": 15,
      "question": "Što je bilo vidljivo kod Jakovljevog brata blizanca, Ezava pri rođenju",
      "option1": "Imao je duboke intenzivne oči",
      "option2": "Bio je vrlo zgodan",
      "option3": "Bio je crven i dlakav",
      "option4": "Bio je vrlo crn",
      "answer": 3
    },
    {
      "ques_id": 16,
      "question": ",Tko je odrezao Samsonovu kosu?",
      "option1": "Njegov glavni neprijatelj, Hulk",
      "option2": "Dalila",
      "option3": "Drugi čovjek",
      "option4": "Njegovi prijatelji",
      "answer": 2
    },
    {
      "ques_id": 17,
      "question": "Tko je napisao 1. i 2. knjigu o kraljevima?",
      "option1": "Ilija",
      "option2": "Jeremija",
      "option3": "Gad",
      "option4": "Nathan",
      "answer": 2
    },
    {
      "ques_id": 18,
      "question": "Koje se evanđelje pojavljuje posljednje u Bibliji",
      "option1": "Nikodem",
      "option2": "Ivan ",
      "option3": "Andrews",
      "option4": "Oznaka",
      "answer": 2
    },
    {
      "ques_id": 19,
      "question": "Što se dogodilo bilo kome čije ime nije pronađeno zapisano u knjizi života?",
      "option1": "Proglašeni su nedostojnima spasenja",
      "option2": "Izginuli su",
      "option3": "Umrli su",
      "option4": "Bili su bačeni u ognjeno jezero",
      "answer": 4
    },
    {
      "ques_id": 20,
      "question": "Tko je bio najjači čovjek koji je ikada živio?",
      "option1": "Golijat",
      "option2": "Samson",
      "option3": "Isus",
      "option4": "Agag",
      "answer": 2
    }
  ],
  "Legenda": [
    {
      "ques_id": 1,
      "question": "Knjiga Postanka počinje hebrejskom riječi 'bereshit', koji je prijevod ove riječi na engleski",
      "option1": "U početku",
      "option2": "Neka bude svjetlost",
      "option3": "Kad još nije bilo ničega",
      "option4": "Gospodin Bog je rekao",
      "answer": 1,
      "referenca": "Post 1:1"
    },
    {
      "ques_id": 2,
      "question": "Nakon što je čovjeka duboko usnuo, što mu je Gospodin Bog uzeo da ugradi u ženu",
      "option1": "Zub",
      "option2": "Nokat",
      "option3": "rebro",
      "option4": "pramen kose",
      "answer": 3,
      "referenca": "Post 1:2"
    },
    {
      "ques_id": 3,
      "question": "Što je Gospodin Bog prvo blagoslovio riječima 'Plodite se i množite'?",
      "option1": "Prvi muškarac i žena",
      "option2": "Morska stvorenja i ptice",
      "option3": "Biljke",
      "option4": "Kopnene životinje",
      "answer": 1,
      "referenca": "Post 1:22"
    },
    {
      "ques_id": 4,
      "question": "Tko je bio anđeo Gospodnji koji je navijestio Mariji da će začeti i roditi sina?",
      "option1": "Gabrijel",
      "option2": "Mihael",
      "option3": "Raphael",
      "option4": "Sealtiel",
      "answer": 1,
      "referenca": "Lk 1,31"
    },
    {
      "ques_id": 5,
      "question": "Kako se zove majka sv. Ivana Krstitelja?",
      "option1": "Saloma Zebedejeva",
      "option2": "Elizabeta od Zaharije",
      "option3": "Marija od Kleofe",
      "option4": "Herodijada od Filipa",
      "answer": 2,
      "referenca": "Lk 1,5-6"
    },
    {
      "ques_id": 6,
      "question": "Na početku pripovijesti o uskrsnuću u Ivanovom evanđelju, tko je spomenut da je rano ujutro išao na Isusov grob i vidio kako je kamen uklonjen?",
      "option1": "Marija od Magdale",
      "option2": "Sv. Ivan",
      "option3": "Marta",
      "option4": "Anđeo",
      "answer": 1,
      "referenca": "Iv 20:1"
    },
    {
      "ques_id": 7,
      "question": "U priči o uskrsnuću u Ivanovom evanđelju, kada se uskrsli Gospodin prvi put ukazao Mariji Magdaleni, ona ga je zamijenila za koga?",
      "option1": "Tamničar",
      "option2": "Centurion",
      "option3": "Grader",
      "option4": "Anđeo",
      "answer": 3,
      "referenca": "Iv 20,15"
    },
    {
      "ques_id": 8,
      "question": "U Isusovom rodoslovlju danom u Evanđelju sv. Mateja, koliko je skupina od 14 generacija spomenuto",
      "option1": "Pet",
      "option2": "Ocjena",
      "option3": "Tri",
      "option4": "Tuce",
      "answer": 3,
      "referenca": "Ivan 20:15"

    },
    {
      "ques_id": 9,
      "question": "Kod proroka Izaije, kaže se da će dječak koji će biti rođen od djevice dobiti ovo ime koje znači Bog - s nama?",
      "option1": "Isus",
      "option2": "Ivan",
      "option3": "Emanuel",
      "option4": "Kristos",
      "answer": 3,
      "referenca": "Mt 1:23"
    },
    {
      "ques_id": 10,
      "question": "U Isusovom rodoslovlju danom u Evanđelju po Mateju, prvi skup od 14 spomenutih generacija započeo je s Abrahamom, a završio s kim?",
      "option1": "David",
      "option2": "Mojsije",
      "option3": "Jakov",
      "option4": "Jesse",
      "answer": 1,
      "referenca": "Mt 1,1-6"
    },
    {
      "ques_id": 11,
      "question": "'Budući da je uzeta iz njegova tijela', kako je prvi muškarac nazvao prvu ženu?",
      "option1": "Adama",
      "option2": "Eva",
      "option3": "Žena",
      "option4": "Žena",
      "answer": 2,
      "referenca": "Post 1:23"
    },
    {
      "ques_id": 12,
      "question": "Što je Gospodin Bog dao za hranu svim životinjama zemaljskim i svim pticama nebeskim?",
      "option1": "Zelene biljke",
      "option2": "Biljke koje nose sjeme",
      "option3": "Voćke sa sjemenom",
      "option4": "Sve jestivo",
      "answer": 1,
      "referenca": "Post 1:30"
    },
    {
      "ques_id": 13,
      "question": "Kojeg je dana stvaranja Bog stvorio sunce i mjesec?",
      "option1": "Prvi",
      "option2": "Drugi",
      "option3": "Treći",
      "option4": "Četvrti",
      "answer": 4,
      "referenca": "Post 1:26-31"
    },
    {
      "ques_id": 14,
      "question": "Koliko je David imao godina kad je pomazan za kralja Izraela?",
      "option1": "50",
      "option2": "20",
      "option3": "35",
      "option4": "30",
      "answer": 4,
      "referenca": "2 Samuelova 5:4"
    },
    {
      "ques_id": 15,
      "question": "Tko je još osim mudraca došao posjetiti Isusa dok je bio malo dijete.",
      "option1": "Strijelci",
      "option2": "Pastiri",
      "option3": "Lovci",
      "option4": "Farmeri",
      "answer": 2
    },
    {
      "ques_id": 16,
      "question": "Koliko je visok bio Golijat?",
      "option1": "6 lakata i pedalj",
      "option2": "8 lakata",
      "option3": "10 lakata i pedalj",
      "option4": "12 lakata",
      "answer": 1,
      "referenca": "1. Samuelova 1:4"
    },
    {
      "ques_id": 17,
      "question": "Što je Pavao rekao da je ispunjenje zakona?",
      "option1": "Vjera",
      "option2": "Molitva",
      "option3": "Ljubav",
      "option4": "Brak",
      "answer": 3,
      "referenca": "Rimljanima 13:10"
    },
    {
      "ques_id": 18,
      "question": "Koje je najkraće poglavlje u Bibliji",
      "option1": "Psalmi 117",
      "option2": "Psalmi 18",
      "option3": "Oznaka 10",
      "option4": "Ivan 4",
      "answer": 1,
      "referenca": "Psalmi 117"
    },
    {
      "ques_id": 19,
      "question": "Tko je rekao 'Srebra i zlata nemam; ali ono što imam dajem ti'?",
      "option1": "Pavao",
      "option2": "James",
      "option3": "Petar",
      "option4": "Timotej",
      "answer": 3,
      "referenca": "Djela 3:6"
    },
    {
      "ques_id": 20,
      "question": "Koliko je Mojsije imao [godina] u vrijeme njegove smrti",
      "option1": "120",
      "option2": "100",
      "option3": "150",
      "option4": "80",
      "answer": 1,
      "referenca": "Ponovljeni zakon 34:7"
    }
  ],
  "Izvan ovog svijeta": [
    {
      "ques_id": 1,
      "question": "Tko je najstarija osoba zabilježena u Bibliji?",
      "option1": "Metuzalem",
      "option2": "Adam",
      "option3": "Abraham",
      "option4": "Salomon",
      "answer": 1,
      "referenca": "Postanak 5:27"
    },
    {
      "ques_id": 2,
      "question": "Koliko je godina imala najstarija osoba zapisana u Bibliji?",
      "option1": "120",
      "option2": "500",
      "option3": "800",
      "option4": "969",
      "answer": 4,
      "referenca": "Postanak 5:27"
    },
    {
      "ques_id": 3,
      "question": "Što znači Jahwe-Schammmah?",
      "option1": "Bog s nama",
      "option2": "sam Bog",
      "option3": "Isus sin Božji",
      "option4": "Vječni život",
      "answer": 2,
      "referenca": "Ezekiel 48:35"
    },
    {
      "ques_id": 4,
      "question": "Koliko je još godina Bog dodao životu kralja Ezekije kao odgovor na molitvu umirućeg kralja?",
      "option1": "20",
      "option2": "50",
      "option3": "15",
      "option4": "100",
      "answer": 3,
      "referenca": "2. Kraljevima 20:6"
    },
    {
      "ques_id": 5,
      "question": "Koje je proroke Gospodnje savjetovao judejski kralj Jošija?",
      "option1": "Amos",
      "option2": "Ilija",
      "option3": "Elizej",
      "option4": "Huldah",
      "answer": 4,
      "referenca":" 2. Kraljevima 22:14-16"
    },
    {
      "ques_id": 6,
      "question": "Koju je ceremoniju ponovno uspostavio kralj Jošija koju nije slavio niti jedan od prethodnih kraljeva Izraela ili Jude??",
      "option1": "Pasha",
      "option2": "Ritual žrtvovanja",
      "option3": "obožavanje",
      "option4": "obrezivanje",
      "answer": 1,
      "referenca": "2 Kraljevima 23:21"
    },
    {
      "ques_id": 7,
      "question": "Iz kojeg je izraelskog plemena bio kralj Šaul?",
      "option1": "Juda",
      "option2": "Benjamin",
      "option3": "Amoniti",
      "option4": "Izrael",
      "answer": 2,
      "referenca": "1. Samuelova 9:21"
    },
    {
      "ques_id": 8,
      "question": "Nakon povratka kovčega u Izrael, kakvu je žrtvu Samuel prinio Gospodinu?",
      "option1": "A-koza",
      "option2": "Ljudska žrtva",
      "option3": "Žrtvovao je vrtnu žetvu",
      "option4": "Janjetina za dojenje",
      "answer": 4,
      "referenca": "1. Samuelova 7:9"
    },
    {
      "ques_id": 9,
      "question": "Kako se zvala žena kralja Saula?",
      "option1": "Debora",
      "option2": "Naume",
      "option3": "Ahinoam",
      "option4": "Rut",
      "answer": 3,
      "referenca": "1. Samuelova 14:50"
    },
    {
      "ques_id": 10,
      "question": "Što ikome treba da bi razumio Božju riječ?",
      "option1": "Znanje",
      "option2": "Duh Sveti",
      "option3": "Mudrost",
      "option4": "Molitve",
      "answer": 2,
      "referenca": "1. Korinćanima 2:11"
    },
    {
      "ques_id": 11,
      "question": "Za koga je Pavao rekao da mu je sudio?",
      "option1": "Bog",
      "option2": "Terah",
      "option3": "Ruben",
      "option4": "Baltazar",
      "answer": 1,
      "referenca":" 1. Korinćanima 4:4"
    },
    {
      "ques_id": 12,
      "question": "Na dan Pedesetnice, s neba je došao zvuk jurnjave____?",
      "option1": "Grmljavina",
      "option2": "Kiša",
      "option3": "Vjetar",
      "option4": "glasan zvuk",
      "answer": 3,
      "referenca": "Djela 2:2"
    },
    {
      "ques_id": 13,
      "question": "Tko je ponudio da plati novac za moć davanja Duha Svetoga?",
      "option1": "Ivan",
      "option2": "Zacharias",
      "option3": "Simun",
      "option4": "Herod",
      "answer": 3,
      "referenca": "Djela 8"
    },
    {
      "ques_id": 14,
      "question": "Kada je Isus pretvorio vodu u vino, pretvorio je vodu koja je bila u kamenim posudama. Za što su obično korištene te kamene posude?",
      "option1": "Krštenje",
      "option2": "Čišćenje",
      "option3": "Trgovanje",
      "option4": "Ceremonijalno pranje",
      "answer": 4,
      "referenca": "Ivan 2:6"
    },
    {
      "ques_id": 15,
      "question": "Tko je bio Nimrodov otac?",
      "option1": "Andrija",
      "option2": "Jošua",
      "option3": "Samson",
      "option4": "Cush",
      "answer": 4,
      "referenca": "1. Ljetopisa 1:10"
    },
    {
      "ques_id": 16,
      "question": "kako su se zvala Abrahamova dva sina (po redoslijedu rođenja)?",
      "option1": "Izak i Jakov",
      "option2": "Išmael i Izak",
      "option3": "Josip i Jakov",
      "option4": "Kain i Izak",
      "answer": 2,
      "referenca": "Postanak 16:1-16, 1. Ljetopisa 1:28"
    },
    {
      "ques_id": 17,
      "question": "Kako su se zvala trojica Noinih sinova prema redoslijedu biblijskih popisa na kojima se nalaze?",
      "option1": "Ham, Josip, Jafet",
      "option2": "Jafet, Ham, Izak",
      "option3": "Šem, Ham i Jafet",
      "option4": "Šem, Ham, Josip",
      "answer": 3,
      "referenca": "Postanak 9:18-19, 1. Ljetopisa 1:4"
    },
    {
      "ques_id": 18,
      "question": "Gospodin je promijenio Abrahamovo ime u Abraham kada je imao 99 godina. Kako se zvao prije toga?",
      "option1": "Adam",
      "option2": "Abram",
      "option3": "Alfa",
      "option4": "Agag",
      "answer": 2,
      "referenca": "Postanak 17:1-5"
    },
    {
      "ques_id": 19,
      "question": "Koliko je Abraham imao godina kada se Izak rodio?",
      "option1": "103",
      "option2": "90",
      "option3": "100",
      "option4": "50",
      "answer": 3,
      "referenca": "Postanak 21:5"
    },
    {
      "ques_id": 20,
      "question": "Koliko knjiga u Bibliji ima riječ 'Ivan' u naslovu?",
      "option1": "4",
      "option2": "3",
      "option3": "1",
      "option4": "5",
      "answer": 1,
      "referenca": "Ivan"
    }
  ]
}