{
  "Նորեկ":[
    {
      "question1":1,
      "2222":"Ո՞վ է երբևէ ապրած առաջին մարդը",
      "option1":"Մաթուսաղա",
      "option2":"Աբրահամ",
      "option3":"Մովսես",
      "option4":"Ադամ",
      "answer7":4
    },
    {
      "question1":2,
      "2222":"Ո՞ւմ է կուլ տվել շատ մեծ ձուկը",
      "option1":"Հիսուս",
      "option2":"Հովնան",
      "option3":"Սամսոն",
      "option4":"Պետրոս",
      "answer7":2
    },
    {
      "question1":3,
      "2222":"Ո՞վ է այն մարդը, ով Աստված օգտագործեց իսրայելացիներին Եգիպտոսից դուրս բերելու համար",
      "option1":"Աարոն",
      "option2":"Աբրահամ",
      "option3":"Մովսես",
      "option4":"Երեմիա",
      "answer7":3
    },
    {
      "question":4,
      "2222":"Ո՞վ էր Գողիաթին սպանողը",
      "option1":"Դավիթ",
      "option2":"Սավուղ",
      "option3":"Սողոմոն",
      "option4":"Ջոնաթան",
      "answer":1
    },
    {
      "question":5,
      "2222":"Ո՞վ է եղել Իսրայելի առաջին թագավորը",
      "option1":"Դավիթ",
      "option2":"Սավուղ",
      "option3":"Սողոմոն",
      "option4":"Մովսես",
      "answer":2
    },
    {
      "question":6,
      "2222":"Ի՞նչ զբաղմունք ուներ Հիսուսը նախքան իր ծառայությունը",
      "option1":"ToyMaker",
      "option2":"Ձկնորս",
      "option3":"Այգու պահապան",
      "option4":"Ատաղձագործ",
      "answer":4
    },
    {
      "question":7,
      "2222":"Ի՞նչ է այն քաղաքի անունը, որտեղ ծնվել է Հիսուսը",
      "option1":"Երուսաղեմ",
      "option2":"Բեթղեհեմ",
      "option3":"Գալիլեա",
      "option4":"Նազարեթ",
      "answer":2
    },
    {
      "question":8,
      "2222":"Ինչ է այն ծովի անունը, որի վրա Հիսուսը քայլեց",
      "option1":"Գալիլեայի ծով",
      "option2":"Մեռյալ ծով",
      "option3":"Կարդալ ծով",
      "option4":"Միջերկրական ծով",
      "answer":1
    },
    {
      "question":9,
      "2222":"Ի՞նչ է այն գետի անունը, որտեղ Հովհաննես Մկրտիչը մկրտում էր մարդկանց",
      "option1":"Եփրատ",
      "option2":"Նեղոս",
      "option3":"Հորդանան",
      "option4":"Տիգրիս",
      "answer":3
    },
    {
      "question":10,
      "2222":"Ի՞նչ է Էնդրյուի եղբոր անունը: (երկուսն էլ աշակերտներ էին)",
      "option1":"Պետրոս",
      "option2":"Ջոն",
      "option3":"Ջեյմս",
      "option4":"Ադամ",
      "answer":1
    },
    {
      "question":11,
      "2222":"Ի՞նչ էր Հիսուս մայրիկի անունը",
      "option1":"Մերի",
      "option2":"Մարթա",
      "option3":"Զիփորա",
      "option4":"Սառա",
      "answer":1
    },
    {
      "question":12,
      "2222":"Ի՞նչ էր այն պարտեզի անունը, որտեղ ապրում էին Ադամն ու Եվան",
      "option1":"Նոդի երկիր",
      "option2":"Եդեմի այգի",
      "option3":"Բեթղեհեմ",
      "option4": "Garden of Valley",
      "answer":2
    },
    {
      "question":13,
      "2222":"Ի՞նչ սնունդով է Հիսուսը կերակրել 5000 մարդու",
      "option1":"Գինի",
      "option2":"Հաց և գինի",
      "option3":"Հաց և ձուկ",
      "option4":"Ջուր",
      "answer":3
    },
    {
      "question":14,
      "2222":"Ի՞նչ մեթոդ են օգտագործել հռոմեացիները Հիսուսին սպանելու համար",
      "option1": "Stoned",
      "option2":"Դիակիզում",
      "option3":"Խաչելություն",
      "option4":"Կախված",
      "answer":3
    },
    {
      "question":15,
      "2222":"Քանի՞ զամբյուղ մնաց 5000-ի կերակրումից",
      "option1":"7",
      "option2":"8",
      "option3":"10",
      "option4":"12",
      "answer":1,
      "8888":"Մատթեոս 15:13"
    },
    {
      "question":16,
      "2222":"Ո՞ր աշակերտը մետաղադրամ գտավ ձկան բերանում",
      "option1":"Էնդրյու",
      "option2":"Պողոս",
      "option3":"Պետրոս",
      "option4":"Տիմոթեոս",
      "answer":3,
      "8888":"Մատթեոս 1:24-27"
    },
    {
      "question":17,
      "2222":"Աստվածաշնչի ո՞ր գրքում ենք մենք կարդում Համանի մասին",
      "option1":"Ելք",
      "option2":"Էսթեր",
      "option3":"Ռութ",
      "option4":"Մալախի",
      "answer":2,
      "8888":"Էսթեր 3"
    },
    {
      "question":18,
      "2222":"Անվանեք Ագրիպպաս թագավորի կնոջը, որի առջև Պողոսը կանգնել էր դատավարության ժամանակ",
      "option1":"Բերնիս",
      "option2":"Հերովդես",
      "option3":"Ագագ",
      "option4":"Կայաֆա",
      "answer":1,
      "8888":"Գործք Առաքելոց 25։23"
    },
    {
      "question":19,
      "2222":"Քանի՞ տարեկան դարձավ Ենոքը",
      "option1":"400",
      "option2":"350",
      "option3":"230",
      "option4":"365",
      "answer":4,
      "8888":"Ծննդոց 5:23"
    },
    {
      "question":20,
      "2222":"Եվ քանի՞ տարի ավելացրեց Աստված Եզեկիա թագավորի կյանքին ի պատասխան մահացող թագավորների աղոթքի",
      "option1":"20",
      "option2":"15",
      "option3":"100",
      "option4":"50",
      "answer":2,
      "8888":"2 Թագավորներ 20:6"
    }
  ],
  "Հարցազուրծ":[
    {
      "question":1,
      "2222":"Ո՞վ էր Իսահակի հայրը",
      "option1":"Աբրահամ",
      "option2":"Յակոբ",
      "option3":"Եսավ",
      "option4":"Փելեք",
      "answer":1
    },
    {
      "question":2,
      "2222":"Ո՞վ էր Ռոբովամի հայրը",
      "option1":"Դավիթ",
      "option2":"Նիմրոդ",
      "option3":"Աբիմելեք",
      "option4":"Սողոմոն",
      "answer":4
    },
    {
      "question":3,
      "2222":"Ո՞վ էր Մաթուսաղայի հայրը",
      "option1":"Եղիա",
      "option2":"Enock",
      "option3":"Սեթ",
      "option4":"Ջարեդ",
      "answer":2
    },
    {
      "question":4,
      "2222":"Ո՞վ սպանեց Հովհաննես Մկրտչին",
      "option1":"Կեսար",
      "option2":"Պիղատոս",
      "option3":"Հերոլդ",
      "option4":"Կայաֆա",
      "answer":3
    },
    {
      "question":5,
      "2222":"Ո՞վ է առաջինը սպանվել Քրիստոսին հավատալու համար",
      "option1":"Պետրոս",
      "option2":"Ջոն",
      "option3":"Բառնաբաս",
      "option4":"Ստեփան",
      "answer":4
    },
    {
      "question":6,
      "2222":"Ո՞ւր էր գնում Սողոսը, երբ տեսավ Հիսուսին",
      "option1":"Դամասկոս",
      "option2":"Հունաստան",
      "option3":"Հռոմ",
      "option4":"Երուսաղեմ",
      "answer":1
    },
    {
      "question":7,
      "2222":"Որտե՞ղ է Հիսուսն անցկացրել իր կյանքի մեծ մասը երկրի վրա",
      "option1":"Երուսաղեմ",
      "option2":"Նազարեթ",
      "option3":"Ձիթենյաց լեռ",
      "option4":"Եգիպտոս",
      "answer":2
    },
    {
      "question":8,
      "2222":"Ի՞նչ է սկսվում Սաղմոսը, \"Տերը իմ հովիվն է\"",
      "option1":"Սաղմոս 91",
      "option2":"Սաղմոս 1",
      "option3":"Սաղմոս 104",
      "option4":"Սաղմոս 23",
      "answer":4
    },
    {
      "question":9,
      "2222":"Ի՞նչ էր Պողոսի զբաղմունքը, երբ նա ճանապարհորդում էր որպես միսիոներ",
      "option1":"Հովիվ",
      "option2":"Մանուշակագույն վաճառող",
      "option3":"Վրան պատրաստող",
      "option4":"Գրագիր",
      "answer":3
    },
    {
      "question":10,
      "2222":"Ի՞նչ է այն կղզու անունը, որի վրա ապրել է Բառնաբասը",
      "option1":"Հունաստան",
      "option2":"Կիպրոս",
      "option3":"Ռոդոս",
      "option4":"Զատկի կղզի",
      "answer":2
    },
    {
      "question":11,
      "2222":"Երբ նրան մոտեցավ Հիսուսը, ով ասաց. Ի՞նչ գործ ունես դու ինձ հետ, Հիսուս, Բարձրյալ Աստծո Որդի. Ես երդվում եմ քեզ Աստծուց, մի տանջիր ինձ",
      "option1":"Լեգիոն",
      "option2":"Թերահ",
      "option3":"Ռուբեն",
      "option4":"Բելշազար",
      "answer":1
    },
    {
      "question":12,
      "2222":"Ո՞ր թռչունից է Հիսուսն ասում, որ մենք ավելի արժեք ունենք",
      "option1":"Արծիվ",
      "option2":"անգղ",
      "option3":"Ճնճղուկ",
      "option4":"Աղավնի",
      "answer":3
    },
    {
      "question":13,
      "2222":"Ո՞ր երկու քույրերն են ամուսնացել Յակոբի հետ",
      "option1":"Դորկա և Լիա",
      "option2":"Մարիամ և Ռաքել",
      "option3":"Ռեյչել և Լիա",
      "option4":"Սառայ և Աննա",
      "answer":3
    },
    {
      "question":14,
      "2222":"Ո՞ր երկիր ուղարկեց Աստված Աբրահամին զոհաբերելու իր հատուկ որդուն՝ Իսահակին",
      "option1":"Քանան",
      "option2":"Մակեդոնիա",
      "option3":"Կիպրոս",
      "option4":"Մորիա",
      "answer":4
    },
    {
      "question":15,
      "2222":"Տիրոջ ո՞ր մարգարեուհու հետ խորհրդակցեց Հուդայի Հովսիան թագավորը",
      "option1":"Դեբորա",
      "option2":"Հուլդա",
      "option3":"Նաոմ",
      "option4":"Ռութ",
      "answer":2,
      "8888":"2 Թագավորներ 22:12-16"
    },
    {
      "question":16,
      "2222":"Անվանե՞լ Սամուելի առաջնեկ որդուն",
      "option1":"Ջոշուա",
      "option2":"Ջոել",
      "option3":"Ջոնաթան",
      "option4":"Ջոզեֆ",
      "answer":2,
      "8888":"1 Սամուել 8:2"
    },
    {
      "question":17,
      "2222":"Ի՞նչ էր Սավուղ թագավորի կնոջ անունը",
      "option1":"Բոամ",
      "option2":"Գթասրտություն",
      "option3":"Ահինոամ",
      "option4":"Նոամ",
      "answer":3,
      "8888":"1 Սամուել 14:50"
    },
    {
      "question":18,
      "2222":"Ի՞նչ է պահանջվում որևէ մեկից Աստծո խոսքը հասկանալու համար",
      "option1":"Աղոթք",
      "option2":"Սեր",
      "option3":"Սուրբ հոգի",
      "option4":"Հրեշտակներ",
      "answer":3,
      "8888":"Ա Կորնթացիներ 2.11"
    },
    {
      "question":19,
      "2222":"Ո՞վ ասաց Պողոսը, որ դատեց նրան",
      "option1":"Սատանան",
      "option2":"Աստված",
      "option3":"Ընկեր",
      "option4":"Պետրոս",
      "answer":2,
      "8888":"1 Կորնթացիներ 4։4"
    }
  ],
  "Միջին մակարդակ":[
    {
      "question":1,
      "2222":"Ո՞վ էր Մովսեսի կինը",
      "option1":"Ելիշեբա",
      "option2":"Ռեբեկա",
      "option3":"Մարիամ",
      "option4":"Zipporah",
      "answer":4
    },
    {
      "question":2,
      "2222":"Ո՞վ էր Աբրահամի երկրորդ կինը",
      "option1":"Էսթեր",
      "option2":"Քեթուրահ",
      "option3":"Հագար",
      "option4":"Լիդիա",
      "answer":2
    },
    {
      "question":3,
      "2222":"Քանի՞ գլուխ է պարունակում Լեռան քարոզը",
      "option1":"1",
      "option2":"2",
      "option3":"3",
      "option4":"7",
      "answer":3
    },
    {
      "question":4,
      "2222":"Քանի՞ անգամ է Իսրայելը շրջել Երիքովի շուրջը",
      "option1":"13",
      "option2":"7",
      "option3":"70",
      "option4":"12",
      "answer":1
    },
    {
      "question":5,
      "2222":"Որքա՞ն է կանգունը",
      "option1":"մոտ 12 դյույմ",
      "option2":"12 մմ",
      "option3":"մոտ 18 դյույմ",
      "option4":"մոտ 36 դյույմ",
      "answer":3
    },
    {
      "question":6,
      "2222":"Ո՞ւր գնաց Կայենը Աբելին սպանելուց հետո",
      "option1":"Եդեմի այգի",
      "option2":"Նոդի երկիր",
      "option3":"Քումրանի քարանձավներ",
      "option4":"Արարատ լեռ",
      "answer":2
    },
    {
      "question":7,
      "2222":"Ո՞վ էր Քիշի որդին",
      "option1":"Նոյ",
      "option2":"Պողոս առաքյալ",
      "option3":"Աբրահամ",
      "option4":"Սավուղ թագավոր",
      "answer":4
    },
    {
      "question":8,
      "2222":"Որտե՞ղ էր ապրում Ռախաբը",
      "option1":"Երիքով",
      "option2":"Երուսաղեմ",
      "option3":"Նինվե",
      "option4":"Այ",
      "answer":1
    },
    {
      "question":9,
      "2222":"Որտե՞ղ էր ապրում Դորկասը",
      "option1":"Բեթել",
      "option2":"Joppa",
      "option3":"Կեսարիա",
      "option4":"Անտիոք",
      "answer":2
    },
    {
      "question":10,
      "2222":"Որտե՞ղ է Ուղիղ կոչվող փողոցը",
      "option1":"Երուսաղեմ",
      "option2":"Հռոմ",
      "option3":"Բաբելոն",
      "option4":"Դամասկոս",
      "answer":4
    },
    {
      "question":11,
      "2222":"Իր կյանքը փրկելու փախչելուց հետո Եղիան ո՞ր ծառի տակ է քնել",
      "option1":"Կաղնու",
      "option2":"Pine",
      "option3":"գիհի",
      "option4":"Սպռուս",
      "answer":3,
      "8888":"Ա Թագավորներ 19:5"
    },
    {
      "question":12,
      "2222":"Հուդան մատնեց Հիսուսին ճիշտ քանի՞ արծաթի համար",
      "option1":"30",
      "option2":"20",
      "option3":"50",
      "option4":"10",
      "answer":1,
      "8888":"Մատթեոս 26:15"
    },
    {
      "question":13,
      "2222":"Անուն Դավթի հայրը",
      "option1":"Օման",
      "option2":"Jesse",
      "option3":"Ջոշուա",
      "option4":"Սողոմոն",
      "answer":2,
      "8888":"1 Սամուել 1:12"
    },
    {
      "question":14,
      "2222":"Աստված հիշատակված չէ Աստվածաշնչի միայն 1 գրքում",
      "option1":"Էսթեր",
      "option2":"Ռութ",
      "option3":"Մալախի",
      "option4":"Ելք",
      "answer":1,
      "8888":"Էսթեր"
    },
    {
      "question":15,
      "2222":"Քանի՞ արծաթով վաճառվեց Հեսուն իր եղբայրների կողմից Իշմելացիներին",
      "option1":"50",
      "option2":"12",
      "option3":"20",
      "option4":"100",
      "answer":3,
      "8888":"Ծննդոց 37:28"
    },
    {
      "question":16,
      "2222":"Քանի՞ առաքյալ ընտրեց Հիսուսը",
      "option1":"12",
      "option2":"14",
      "option3":"10",
      "option4":"08",
      "answer":1,
      "8888":"Ղուկաս 6.13"
    },
    {
      "question":17,
      "2222":"Հրեշտակն ասաց Մարիամին, որ Հիսուսը թագավորելու է հին Կտակարանի հերոսի տան վրա",
      "option1":"Դավիթ",
      "option2":"Յակոբ",
      "option3":"Աբրահամ",
      "option4":"Մովսես",
      "answer7":2,
      "8888":"Ղուկաս 1:13"
    },
    {
      "question":18,
      "2222":" Ո՞ր մարգարեն ասաց. 'Եգիպտոսից դուրս եմ կանչել իմ որդուն'",
      "option1":"Երեմիա",
      "option2":"Եսայիա",
      "option3":"Ովսեա",
      "option4":"Եզեկիել",
      "answer":3,
      "8888":"Ովսէէ 11։1"
    },
    {
      "question":19,
      "question":"Ի՞նչ տեսակի ծառ է անիծել Հիսուսը",
      "option1":"Թուզ",
      "option2":"Այգի այգի",
      "option3":"Pine",
      "option4":"կաղնու",
      "answer":1
    }
  ],
  "Պրոֆեսիոնալ":[
    {
      "question":1,
      "2222":"Ո՞վ կրեց խաչը Քրիստոսի համար",
      "option1":"Ֆիլիպ",
      "option2":"Սիմոն Կյուրենացին",
      "option3":"Աքաաբ",
      "option4":"Միկա",
      "answer":2
    },
    {
      "question":2,
      "2222":"Քանի՞ ուղեկից տվեցին փղշտացիները Սամսոնին Թամնայի տոնի ժամանակ",
      "option1":"30",
      "option2":"31",
      "option3":"32",
      "option4":"33",
      "answer":1
    },
    {
      "question":3,
      "2222":"Քանի՞ տարեկան էր Աննա մարգարեուհին, երբ տեսավ Հիսուսին",
      "option1":"83",
      "option2":"84",
      "option3":"88",
      "option4":"92",
      "answer":2
    },
    {
      "question":4,
      "2222":"Ի՞նչ տվեց Սաբայի թագուհին Սողոմոնին",
      "option1":"(124 տաղանդ) ոսկի, համեմունքներ և թանկարժեք քարեր",
      "option2":"(120 տաղանդ) ոսկի, համեմունքներ և թանկարժեք քարեր",
      "option3":"(18 տաղանդ) ոսկի, համեմունքներ և թանկարժեք քարեր",
      "option4":"(221 տաղանդ) ոսկի, համեմունքներ և թանկարժեք քարեր",
      "answer":2
    },
    {
      "question":5,
      "2222":"Քանի՞ գիրք կա Հին Կտակարանում",
      "option1":"37",
      "option2":"38",
      "option3":"39",
      "option4":"40",
      "answer":3
    },
    {
      "question":6,
      "2222":"Քանի՞ գետի բաժանվեց Եդեմում գետը, երբ դուրս եկավ պարտեզից",
      "option1":"4",
      "option2":"3",
      "option3":"6",
      "option4":"8",
      "answer":1
    },
    {
      "question":7,
      "2222":"Ի՞նչ էր ուզում անել Ջոզեֆը, երբ հայտնաբերեց, որ Մարիամը հղի է",
      "option1":"Խնջույք կազմակերպիր",
      "option2":"Ամուսնալուծիր նրան",
      "option3":"Փախիր",
      "option4":"Վերոնշյալներից ոչ մեկը",
      "answer":2
    },
    {
      "question":8,
      "2222":"Ի՞նչ գույնի էր Քահանայապետի զգեստը",
      "option1":"Կապույտ",
      "option2":"Սպիտակ",
      "option3":"Կանաչ",
      "option4":"Կարմիր",
      "answer":1
    },
    {
      "question":9,
      "2222":"Բոոսն ասաց, որ Նոեմին ի՞նչ է վաճառում",
      "option1":"Հողատարածք",
      "option2":"Ոսկի",
      "option3":"Նրա երեխան",
      "option4":"Սնունդ",
      "answer":1
    },
    {
      "question":10,
      "2222":"Պարտապանների առակում մեկը 500 դահեկան (պենս) պարտք ուներ, իսկ մյուսը որքան էր պարտք.",
      "option1":"70",
      "option2":"50",
      "option3":"45",
      "option4":"80",
      "answer":2
    },
    {
      "question":11,
      "2222":"Որքա՞ն Եղիայի հոգուց ստացավ Եղիսեն",
      "option1":"Փոքրիկ",
      "option2":"Մեկ բաժին",
      "option3":"Առողջ",
      "option4":"Կրկնակի բաժին",
      "answer":4
    },
    {
      "question":12,
      "2222":"Ի՞նչն էր անսովոր բենյամինցի 700 զինվորների մեջ, ովքեր կարող էին ամեն անգամ քարը պարսատիկով հարվածել իրենց թիրախին",
      "option1":"Նրանք բոլորը ձախլիկ էին",
      "option2":"Նրանք բոլորը նման էին",
      "option3":"Նրանք կոշիկ չունեին",
      "option4":"Վերոնշյալներից ոչ մեկը",
      "answer":1
    },
    {
      "question":13,
      "2222":"Ի՞նչ կապ ուներ Աննան Կայիափայի հետ",
      "option1":"Եղբայր",
      "option2":"Քեռի",
      "option3":"Զարմիկներ",
      "option4":"սկեսրայր",
      "answer":4
    },
    {
      "question":14,
      "2222":"Ի՞նչ չի կարելի \"նետել խոզերի առաջ\"",
      "option1":"Խճաքարեր",
      "option2":"Քարեր",
      "option3":"Մարգարտիտներ",
      "option4": "Stick",
      "answer":3
    },
    {
      "question":15,
      "2222":"Ե՞րբ բանտում, ո՞ր ժամին Պողոսն ու Շիղան աղոթեցին և երգեցին Աստծուն",
      "option1":"Առավոտ",
      "option2":"Կեսօր",
      "option3":"Երեկո",
      "option4":"Կեսգիշեր",
      "answer":4
    },
    {
      "question":16,
      "2222":"Ի՞նչ կերան Դանիելը և նրա երեք ընկերները թագավորի մսի և խմածի փոխարեն",
      "option1":"Հաց",
      "option2":"Գինի և հաց",
      "option3":"Զարկերակ և ջուր",
      "option4":"Ոչինչ",
      "answer":3
    },
    {
      "question":17,
      "2222":"Ի՞նչ է Հիսուսի զարմիկի անունը, որը ծնվել է նրանից վեց ամիս առաջ",
      "option1":"Ջոն",
      "option2":"Պետրոս",
      "option3":"Պողոս",
      "option4":"Մայքլ",
      "answer":1
    },
    {
      "question":18,
      "2222":"Ո՞ր քաղաքում էր ապրում Հերովդես թագավորը Հիսուսի ծննդյան ժամանակ",
      "option1":"Երուսաղեմ",
      "option2":"Հռոմ",
      "option3":"Բաբելոն",
      "option4":"Բեթղեհեմ",
      "answer":1
    },
    {
      "question":19,
      "2222":"Քանի՞ պատուհասներ ուղարկեց Աստված Եգիպտոսի վրա",
      "option1":"4",
      "option2":"8",
      "option3":"10",
      "option4":"12",
      "answer":3
    },
    {
      "question":20,
      "2222":"Քանի՞ արծաթի համար Հուդան դավաճանեց Քրիստոսին",
      "option1":"20",
      "option2":"30",
      "option3":"40",
      "option4":"50",
      "answer":2
    },
    {
      "question":21,
      "2222":"Իր հարությունից հետո քանի՞ օր հայտնվեց Հիսուսն իր աշակերտներին",
      "option1":"30",
      "option2":"7",
      "option3":"40",
      "option4":"11",
      "answer":3
    },
    {
      "question":22,
      "2222":"Փոքր Ասիայի քանի՞ եկեղեցի է թվարկված Հայտնությունում",
      "option1":"7",
      "option2":"8",
      "option3":"9",
      "option4":"10",
      "answer":1
    }
  ],
  "Հանճար":[
    {
      "question":1,
      "2222":"Ո՞վ էր Ահարոնի որդի Եղիազարի որդին",
      "option1":"Պուտիել",
      "option2":"Կորահ",
      "option3":"Ֆինհաս",
      "option4":"Իզհար",
      "answer":3
    },
    {
      "question":2,
      "2222":"Ո՞վ էր Իսրայելի թագավոր Ամրիի որդին",
      "option1":"Աքաաբ",
      "option2":"Ջորամ",
      "option3":"Զիմրի",
      "option4":"Գինաթ",
      "answer":1
    },
    {
      "question":3,
      "2222":"Ո՞վ էր Նոեմիի ամուսինը Հռութ գրքից",
      "option1":"Բոոս",
      "option2":"Էլկանա",
      "option3":"Օբեդ",
      "option4":"Էլիմելեք",
      "answer":4
    },
    {
      "question":4,
      "2222":"Քանի՞ տառ կա Աստվածաշնչի ամենաերկար անվան մեջ",
      "option1":"16",
      "option2":"18",
      "option3":"22",
      "option4":"25",
      "answer":2
    },
    {
      "question":5,
      "2222":"Ո՞վ սպանեց Սիսարային",
      "option1":"Դավիթ",
      "option2":"Աքաաբ",
      "option3":"Սավուղ",
      "option4":"Ջաել",
      "answer":4
    },
    {
      "question":6,
      "2222":"Որքա՞ն լայն էր Նոյի տապանը",
      "option1":"35 կանգուն",
      "option2":"50 կանգուն",
      "option3":"75 կանգուն",
      "option4":"90 կանգուն",
      "answer":2
    },
    {
      "question":7,
      "2222":"Որքա՞ն լայն էր Ուխտի տապանակը",
      "option1":"1,5 կանգուն",
      "option2":"2 կանգուն",
      "option3":"3 կանգուն",
      "option4":"1 կանգուն",
      "answer":1
    },
    {
      "question":8,
      "2222":"Ի՞նչ էր Եղիշեի ծառայի անունը",
      "option1":"Հովրամ",
      "option2":"Շափաթ",
      "option3":"Գեհազի",
      "option4":"Հազայել",
      "answer":3
    },
    {
      "question":9,
      "2222":"Ի՞նչ էր Պողոսի հայտնի ուսուցչի անունը",
      "option1":"Justus",
      "option2":"Գամաղիել",
      "option3":"Կայափա",
      "option4":"Սոկրատ",
      "answer":2
    },
    {
      "question":10,
      "2222":"Իսրայելի ո՞ր դատավորը ծնվել է Բեթղեհեմում",
      "option1":"Դավիթ",
      "option2":"Իբզան",
      "option3":"Դեբորա",
      "option4":"Գեդեոն",
      "answer":2
    },
    {
      "question":11,
      "2222":"Երբ նրան մոտեցավ Հիսուսը, ով ասաց. Ի՞նչ գործ ունես դու ինձ հետ, Հիսուս, Բարձրյալ Աստծո Որդի. Ես երդվում եմ քեզ Աստծուց, մի տանջիր ինձ",
      "option1":"Լեգիոն",
      "option2":"Թերահ",
      "option3":"Ռուբեն",
      "option4":"Բելշազար",
      "answer":1
    },
    {
      "question":12,
      "2222":"Ո՞ր թռչունից է Հիսուսն ասում, որ մենք ավելի արժեք ունենք",
      "option1":"Արծիվ",
      "option2":"անգղ",
      "option3":"Ճնճղուկ",
      "option4":"Աղավնի",
      "answer":3
    },
    {
      "question":13,
      "2222":"Ո՞ր երկու քույրերն են ամուսնացել Յակոբի հետ",
      "option1":"Դորկա և Լիա",
      "option2":"Մարիամ և Ռաքել",
      "option3":"Ռեյչել և Լիա",
      "option4":"Սառայ և Աննա",
      "answer":3
    },
    {
      "question":14,
      "2222":"Ո՞ր երկիր ուղարկեց Աստված Աբրահամին զոհաբերելու իր հատուկ որդուն՝ Իսահակին",
      "option1":"Քանան",
      "option2":"Մակեդոնիա",
      "option3":"Կիպրոս",
      "option4":"Մորիա",
      "answer":4
    },
    {
      "question":15,
      "2222":"Ո՞ր Սաղմոսն է Ինձ ստիպում է պառկել կանաչ արոտավայրերում, նա ինձ տանում է հանդարտ ջրերի կողքով համարը",
      "option1":"25",
      "option2":"22",
      "option3":"30",
      "option4":"23",
      "answer":4,
      "8888":"Սաղմոս 23;2"
    },
    {
      "question":16,
      "2222":"Տիրոջ վախը սկիզբն է ........",
      "option1":"Գիտելիք",
      "option2":"Իմաստություն",
      "option3":"Փող",
      "option4":"Սեր",
      "answer":1,
      "8888": ""
    },
    {
      "question":17,
      "2222":"Ո՞ր քաղաքի մասին է Տերն ասել Հովնանին, որ քարոզի",
      "option1":"Երուսաղեմ",
      "option2":"Նինվե",
      "option3":"Բաբելոն",
      "option4":"Հուդա",
      "answer":2,
      "8888":"Հովնան 1:2"
    },
    {
      "question":18,
      "2222":"Այս գրքերից որն է [Փիլիպպեցիներ, Կողոսացիներ, Գաղատացիներ կամ Եփեսացիներ] առաջինը Աստվածաշնչում",
      "option1":"Կողոսացիներ",
      "option2":"Գաղատացիներ",
      "option3":"Եփեսացիներ",
      "option4":"Փիլիպպեցիներ",
      "answer":2,
      "8888":"Նոր կտակարան, Պողոսի նամակները"
    },
    {
      "question":19,
      "2222":"Քանի՞ գլուխ ունի Եբրայեցիների գիրքը",
      "option1":"13",
      "option2":"15",
      "option3":"10",
      "option4":"16",
      "answer":1,
      "8888":"Եբրայեցիս 1-13"
    },
    {
      "question":20,
      "2222":"Ի՞նչ է կոչվում այն ​​փոթորիկ քամիները, որոնք կարող են հարվածել Կրետեին",
      "option1":"Լուսին",
      "option2":"Եվրոկլիդոն",
      "option3":"Վերել",
      "option4":"Վերոնշյալներից ոչ մեկը",
      "answer":2,
      "8888":"Գործք Առաքելոց 2:14"
    }
  ],
  "Փորձագետ":[
    {
      "question":1,
      "2222":"Սրանցից ո՞վ չէր Իսրայելի կամ Հուդայի թագավորը",
      "option1":"Սենաքերիբ",
      "option2":"Հովակիմ",
      "option3":"Սեդեկիա",
      "option4":"Դավիթ",
      "answer":1
    },
    {
      "question":2,
      "2222":"Ով համոզեց Սամսոնին բացահայտելու մեծ ուժի գաղտնիքը",
      "option1":"Դինա",
      "option2":"Ռութ",
      "option3":"Դալիլա",
      "option4":"Մարթա",
      "answer":3
    },
    {
      "question":3,
      "2222":"Եվ քո երկինքը, որ քո գլխի վերևում է, կլինի _____, իսկ քո տակ գտնվող երկիրը՝ երկաթ",
      "option1":"Բրասս",
      "option2": "Steel",
      "option3":"Արծաթ",
      "option4":"Ոսկի",
      "answer":1
    },
    {
      "question":4,
      "2222":"Որտե՞ղ կարելի է գտնել խոսքերը՝ վստահիր Եհովային քո ամբողջ սրտով և մի՛ վստահիր քո հասկացողությանը",
      "option1":"Առակաց 3։5",
      "option2":"Առակաց 5։3",
      "option3":"Առակաց 35։3",
      "option4":"Առակաց 4։3",
      "answer":1
    },
    {
      "question":5,
      "2222":"որ աշակերտը երեք անգամ ուրացավ Հիսուսին",
      "option1":"Պետրոս",
      "option2":"Էնդրյու",
      "option3":"Ջոն",
      "option4":"Հուդա",
      "answer":1
    },
    {
      "question":6,
      "2222":"Արդարի հիշատակը օրհնյալ է, իսկ ամբարիշտների անունը՝",
      "option1":"Շահել",
      "option2": "Rot",
      "option3":"Բլում",
      "option4":"ծաղկել",
      "answer":2
    },
    {
      "question":7,
      "2222":"Մինչ Հիսուսը սկսեց քարոզել, ո՞րն էր նրա աշխատանքը",
      "option1":"ատաղձագործ",
      "option2":"գիտնական",
      "option3":"Բժիշկ",
      "option4":"Ուսուցիչ",
      "answer":1
    },
    {
      "question":8,
      "2222":"Զոանը Աստվածաշնչում օգտագործվել է որպես զուգահեռ, թե որ ազգի համար",
      "option1":"Եգիպտոս",
      "option2":"Ասորեստան",
      "option3":"Բաբելոն",
      "option4":"Սինայ",
      "answer":1
    },
    {
      "question":9,
      "2222":"Հին Կտակարանի ո՞ր կերպարը ցույց տվեց իր հավատքը՝ պատրաստակամ լինելով իր որդուն Աստծուն փոխակերպում մատուցել",
      "option1":"Նոյ",
      "option2":"Աբրահամ",
      "option3": "shealtiel",
      "option4":"Մովսես",
      "answer":2
    },
    {
      "question":10,
      "2222":"Ի՞նչ են արել Ջոնահ նավի նավաստիները, որպեսզի մեծացնեն իրենց ողջ մնալու հնարավորությունները",
      "option1":"Նրանք նավարկեցին հյուսիս",
      "option2":"Բեռը ծով է նետել",
      "option3":"Աստծուն ներողություն խնդրեց",
      "option4":"Վերոնշյալներից ոչ մեկը",
      "answer":2
    },
    {
      "question":11,
      "2222":"Ի՞նչ էր անում Եսավը, երբ Հակոբը գողանում էր նրա օրհնությունը",
      "option1":"Որս",
      "option2":"Հողագործություն",
      "option3":"Ձկնորսություն",
      "option4":"Ճամփորդություն",
      "answer":1
    },
    {
      "question":12,
      "2222":"Ո՞վ վազեց Կարմեղոս լեռից Սամարիա ավելի արագ, քան Աքաաբը կարող էր քշել իր կառքը",
      "option1":"Եղիշե",
      "option2":"Գեհազի",
      "option3":"Ելիա",
      "option4":"Ամոս",
      "answer":3
    },
    {
      "question":13,
      "2222":"Ի՞նչ արեց Աստված յոթերորդ օրը, հետո",
      "option1":"Հանգիստ",
      "option2":"Ստեղծված մարդիկ",
      "option3":"Նա հանձնարարեց մարդուն հոգ տանել իր ստեղծագործությունների մասին",
      "option4":"Ստեղծված թռչուններ",
      "answer":1
    },
    {
      "question":14,
      "2222":"Ո՞վ պնդեց, որ ոսկե հորթը պարզապես կրակից է դուրս եկել",
      "option1":"Ջոշուա",
      "option2":"Աարոն",
      "option3":"Միրիամ",
      "option4":"Դեբորա",
      "answer":42
    },
    {
      "question":15,
      "2222":"Ի՞նչ խնդրեց Սողոմոն թագավորը, երբ Աստված հայտնվեց նրան երազում",
      "option1":"Երկար կյանք և գիտելիք",
      "option2":"Իմաստություն [բարու և չարի միջև դատելու համար]",
      "option3":"Հարստություն",
      "option4":"Փող",
      "answer":2
    },
    {
      "question":16,
      "2222":"Լրացրո՛ւ ասացվածքը. Ամեն մի հիմարը, երբ լռում է, համարվում է -------",
      "option1":"Խաղաղ",
      "option2":"Հիմար",
      "option3":"Իմաստուն",
      "option4":"Համոզված",
      "answer":3
    },
    {
      "question":17,
      "2222":"Ինչպե՞ս պետք է ընդունել Աստծո արքայությունը",
      "option1":"Թաքնված շարժառիթներով",
      "option2":"Երեխայի պես",
      "option3":"Հպարտությամբ",
      "option4":"Գործակալների միջոցով",
      "answer":2
    },
    {
      "question":18,
      "2222":"Ինչ էր Աբրահամի առաջին կնոջ անունը",
      "option1":"Սառա",
      "option2":"Միրիամ",
      "option3":"Ռոդա",
      "option4":"Ռութ",
      "answer":1
    },
    {
      "question":19,
      "2222":"Սավուղ թագավորը չհնազանդվեց Եհովայի պատվերին և խնայեց ամելեկացի թագավորի կյանքը",
      "option1":"Բալակ",
      "option2":"Դագոն",
      "option3":"Ագագ",
      "option4":"Նաթան",
      "answer":3
    },
    {
      "question":20,
      "2222":"Ինչի՞ մասին են գրվել տասը պատվիրանները",
      "option1":"Երկու մագաղաթ",
      "option2":"Քարի երկու տախտակ",
      "option3":"Երիքովի պարիսպները",
      "option4":"Երկու գիրք",
      "answer":1
    }
  ],
  "Վարպետ":[
    {
      "question":1,
      "2222":"Ո՞ւմ մասին է արձանագրվել, որ \"բոլորն էլ իրենց սրտերում մտածում էին\", Գուցե նա լինի Քրիստոսը",
      "option1":"Եղիա",
      "option2":"Ջոն",
      "option3":"Մալախի",
      "option4":"Պետրոս",
      "answer":2
    },
    {
      "question":2,
      "2222":"Ինչ են Ջոզեֆի ծնողների անունները",
      "option1":"Յակոբ և Ռեբեկա",
      "option2":"Յակոբ և Լիա",
      "option3":"Յակոբ և Ռաքել",
      "option4":"Յակոբ և Ռութ",
      "answer":3
    },
    {
      "question":3,
      "2222":"Աստվածաշնչում նշված բոլոր մարդկանցից ո՞րն է ապրել ամենաերկարը",
      "option1":"Մաթուսաղա",
      "option2":"Ջարեդ",
      "option3":"Աբրահամ",
      "option4":"Ադամ",
      "answer":1
    },
    {
      "question":4,
      "2222":"Ի՞նչ ասաց Հիսուսը նրանց, ովքեր մեղադրում էին շնացողին",
      "option1":"Ահա արդար մարդ չկա",
      "option2":"Ով անմեղ է, թող նախ քար նետի",
      "option3":"Վայ քեզ, որ մեղադրում ես այս կնոջը",
      "option4":"սպանիր նրան",
      "answer":2
    },
    {
      "question":5,
      "2222":"Ո՞ր քաղաք են գնալու բոլոր ազգերը մի օր Աստծուն երկրպագելու",
      "option1":"Դամասկոս",
      "option2":"Երուսաղեմ",
      "option3":"Կիլիկիա",
      "option4":"Հուդա",
      "answer":2
    },
    {
      "question":6,
      "2222":"Դավթի հետնորդներից ով կթագավորի հավիտյան",
      "option1":"Ռոբովամ",
      "option2":"Հիսուս",
      "option3":"Սողոմոն",
      "option4":"Հերոբովամ",
      "answer":2
    },
    {
      "question":7,
      "2222":"Ո՞վ էր Տիմոթեոսի բարեպաշտ մայրը",
      "option1":"Լոիս",
      "option2":"Ֆիբի",
      "option3":"Eunice",
      "option4":"Մագդալենա",
      "answer":3
    },
    {
      "question":8,
      "2222":"Ինչո՞ւ Սողոմոն արքան հեռացավ Աստծուց, երբ ծեր էր",
      "option1":"Նրա օտար կանայք նրա սիրտը դարձրին այլ աստվածների հետևից",
      "option2":"Նա հպարտացավ",
      "option3":"Նա ավելի շատ էր սիրում կանանց, քան Աստծուն",
      "option4":"Նա պաշտում էր կուռքերին",
      "answer":1
    },
    {
      "question":9,
      "2222":"Ո՞վ փախավ Եհովայի վրանը ապահովության համար, բայց այնտեղ սպանվեց",
      "option1":"Հովաբ",
      "option2":"Սավուղ",
      "option3":"Ամմոն",
      "option4":"Եսավ",
      "answer":1
    },
    {
      "question":10,
      "2222":"Ո՞ր թագավորը երազում էր տարբեր մետաղներից պատրաստված մարդու մեծ արձանի մասին",
      "option1":"Աքաաբ",
      "option2":"Դավիթ",
      "option3":"մալախ",
      "option4":"Նաբուգոդոնոսոր",
      "answer":4
    },
    {
      "question":11,
      "2222":"Ո՞ւր է \"աղոթելու լավագույն վայրը\"",
      "option1":"Ձեր պահարանում՝ փակ դուռով",
      "option2":"Եկեղեցին",
      "option3":"Հանգիստ վայրում",
      "option4":"Ճանապարհին",
      "answer":1
    },
    {
      "question":12,
      "2222":"Որտե՞ղ կարելի է գտնել այն խոսքերը. վստահիր Եհովային քո ամբողջ սրտով և մի հենվիր քո հասկացողության վրա",
      "option1":"Առակաց 3։5",
      "option2":"Առակաց 35։3",
      "option3":"Առակաց 5։3",
      "option4":"Առակաց 6։4",
      "answer":1
    },
    {
      "question":13,
      "2222":"Երբ Հիսուսը քո անապատում էր, ի՞նչ էր նա գայթակղվում հացի բեկորների վերածելու",
      "option1":"Bounds",
      "option2":"Ժայռեր",
      "option3":"Քարեր",
      "option4":"Հող",
      "answer":3
    },
    {
      "question":14,
      "2222":"Ի՞նչ առանձնահատուկ էր Էհուդը [Իսրայելի դատավորը, ով սպանեց Մովաբի թագավոր Էլգոնին",
      "option1":"Նա շատ երիտասարդ էր",
      "option2":"Նա ձախլիկ էր",
      "option3":"Նա կույր էր",
      "option4":"Նա շատ ծեր էր",
      "answer":2
    },
    {
      "question":15,
      "2222":"Ի՞նչ պատահեց Երիքով քաղաքի հետ այն բանից հետո, երբ քահանան հնչեցրեց նրանց փողերը",
      "option1":"Ժողովուրդը փախավ ուրիշ երկիր",
      "option2":"Կենդանիները սատկել են",
      "option3":"Պատեր են փլվել",
      "option4":"Մարդիկ գաղթել են",
      "answer":3
    },
    {
      "question":16,
      "2222":"Ըստ Հովհաննես 1.1-ի, այն, ինչ սկզբում Աստծո մոտ էր",
      "option1":"Խոսքը",
      "option2":"Հրեշտակ",
      "option3":"Հիսուս",
      "option4":"Ջոն",
      "answer":1
    },
    {
      "question":17,
      "2222":"Քանի՞ սաղմոս կա Սաղմոսների գրքում",
      "option1":"150",
      "option2":"170",
      "option3":"120",
      "option4":"190",
      "answer":1
    },
    {
      "question":18,
      "2222":"Ոչ ով որ ինձ ասում է \"Տեր, Տե՛ր\", պիտի մտնի Երկնքի արքայությունը",
      "option1":"Նա, ով կատարում է Աստծո կամքը",
      "option2":"Նա, ով հրաշքներ է գործում",
      "option3":"Նա, ով մկրտվում է",
      "option4":"Նա, ով քարոզում է Աստծո խոսքը",
      "answer":1
    },
    {
      "question":19,
      "2222":"Ո՞վ է եղել Իսրայելի 10 ցեղերի առաջին թագավորը",
      "option1":"Հերոբովամ",
      "option2":"Ռեհոբոթ",
      "option3":"Հովաբ",
      "option4":"Ռոբովամ",
      "answer":1
    },
    {
      "question":20,
      "2222":"Ըստ Երեմիայի, քանի՞ տարի պետք է իսրայել ազգը գերի մնար Բաբելոնի թագավորի տակ",
      "option1":"120 տարի",
      "option2":"40 տարի",
      "option3":"70 տարի",
      "option4":"80 տարի",
      "answer":3
    }
  ],
  "Մեծ վարպետ":[
    {
      "question":1,
      "2222":"Ո՞ր գետն էր Նեեմանին ասել, որ լվացվի բորոտությունից ազատվելու համար",
      "option1":"Նեղոս",
      "option2":"Հորդանան",
      "option3":"Գալիլեա",
      "option4":"Աստվածաշունչը չի ասում",
      "answer":2
    },
    {
      "question":2,
      "2222":"Ո՞վ էր Ռոբովամի հայրը",
      "option1":"Դավիթ",
      "option2":"Նիմրոդ",
      "option3":"Աբիմելեք",
      "option4":"Սողոմոն",
      "answer":4
    },
    {
      "question":3,
      "2222":"Որքա՞ն ժամանակ թագավորեց Դավիթը",
      "option1":"Երեսուն տարի",
      "option2":"Քառասուն տարի",
      "option3":"Քսանհինգ տարի",
      "option4":"Ութսուն տարի",
      "answer":2
    },
    {
      "question":4,
      "2222":"Սերմնացանի առակի Հիսուսի բացատրության մեջ. այն, ինչ ներկայացված է սերմով",
      "option1":"Հավատ",
      "option2":"Աստծո խոսքը",
      "option3":"Հիսուս",
      "option4":"Սեր",
      "answer":2
    },
    {
      "question":5,
      "2222":"Ո՞ր բույսն է բոլոր սերմերից ամենափոքրը, բայց երբ աճեցվում է, խոտաբույսերի մեջ ամենամեծն է",
      "option1":"Ձիթապտուղ",
      "option2":"Մանանեխ",
      "option3":"Կաղնու",
      "option4":"Խաղող",
      "answer":2
    },
    {
      "question":6,
      "2222":"Ի՞նչ էր Մովսեսի անունը, եղբայրը",
      "option1":"Ալֆեոս",
      "option2":"Ջոն",
      "option3":"Աարոն",
      "option4":"Ջոշուա",
      "answer":3
    },
    {
      "question":7,
      "2222":"Ադամի մարմնի ո՞ր մասից է Աստված ստեղծել Եվային",
      "option1":"Սիրտ",
      "option2":"Ուղեղ",
      "option3": "Rib",
      "option4":"Գլուխ",
      "answer":3
    },
    {
      "question":8,
      "2222":"Հրեշտակը Զաքարիային և Եղիսաբեթին ասաց, որ նրանք որդի են ունենալու, ինչպես պետք է նրան կոչեն",
      "option1":"Եղիա",
      "option2":"Հիսուս",
      "option3":"Ջոն",
      "option4":"Ջեյմս",
      "answer":3
    },
    {
      "question":9,
      "2222":"Ինչ նշանակալից իրադարձություն է արձանագրված Ծննդոց 1-ին և 2-րդ գլխում",
      "option1":"Տրանսպորտ",
      "option2":"Ստեղծում",
      "option3":"Մաքրում",
      "option4":"Զոհաբերություն",
      "answer":2
    },
    {
      "question":10,
      "2222":"Ի՞նչ հարաբերություններ կային Մովսեսի և Կորխի միջև",
      "option1":"Նրանք երկուսն էլ Հուդայի ցեղից էին",
      "option2":"Եղբայրներ էին",
      "option3":"Նրանք հորեղբոր տղաներ էին",
      "option4":"Նրանք ընկերներ էին",
      "answer":3
    },
    {
      "question":11,
      "2222":"Ի՞նչ ասաց Նոեմին Բեթղեհեմի ժողովրդին, որ իրեն կանչեն",
      "option1":"Մարա",
      "option2":"Նաամա",
      "option3":"Բաթշեբա",
      "option4":"Մերի",
      "answer":1
    },
    {
      "question":12,
      "2222":"Անվանե՛ք հրեա աղջկան, ով ամուսնացել է պարսից թագավորի հետ",
      "option1":"Նաոմի",
      "option2":"Դեբորա",
      "option3":"Էսթեր",
      "option4":"Ջուդ",
      "answer":3
    },
    {
      "question":13,
      "2222":"Ի՞նչ են խորհրդանշում Հայտնություն 1.20-ի յոթ ոսկե ճրագակալները",
      "option1":"Յոթ ժողով",
      "option2":"Յոթ հրեշտակներ",
      "option3":"Յոթ թագավորներ",
      "option4":"Յոթ հոգի",
      "answer":1
    },
    {
      "question":14,
      "2222":"Որտե՞ղ կարելի է գտնել հետևյալ բառերը. բայց Աստված ընտրեց աշխարհի հիմարներին, որպեսզի ամաչեցնի իմաստուններին",
      "option1":"Գործեր",
      "option2":"Հռոմեացիներ",
      "option3":"1 Կորնթացիներ",
      "option4":"Ջոն",
      "answer":3
    },
    {
      "question":15,
      "2222":"Ի՞նչը նկատելի էր Հակոբի երկվորյակ եղբոր՝ Եսավի մասին՝ ծննդյան ժամանակ",
      "option1":"Նա ուներ խորը ինտենսիվ աչքեր",
      "option2":"Նա շատ գեղեցիկ էր",
      "option3":"Նա կարմիր ու մազոտ էր",
      "option4":"Նա շատ սևամորթ էր",
      "answer":3
    },
    {
      "question":16,
      "2222":"Ո՞վ է կտրել Սամսոնի մազերը",
      "option1":"Նրա ոխերիմ թշնամին՝ Հալկը",
      "option2":"Դալիլա",
      "option3":"Ուրիշ տղամարդ",
      "option4":"Նրա ընկերները",
      "answer":2
    },
    {
      "question":17,
      "2222":"Ո՞վ է գրել 1-ին և 2-րդ թագավորների գրքերը",
      "option1":"Եղիա",
      "option2":"Երեմիա",
      "option3":"Գադ",
      "option4":"Նաթան",
      "answer":2
    },
    {
      "question":18,
      "2222":"Ավետարաններից որն է վերջինը հայտնվում Աստվածաշնչում",
      "option1":"Նիկոդեմոս",
      "option2":"Ջոն",
      "option3":"Էնդրյուս",
      "option4": "Mark",
      "answer":2
    },
    {
      "question":19,
      "2222":"Ի՞նչ է պատահել մեկին, ում անունը գրված չի եղել կյանքի գրքում",
      "option1":"Նրանք ճանաչվեցին փրկության անարժան",
      "option2":"Նրանք զոհվեցին",
      "option3":"Նրանք մահացան",
      "option4":"Նրանք նետվել են կրակի լճում",
      "answer":4
    },
    {
      "question":20,
      "2222":"Ո՞վ է եղել երբևէ ապրած ամենաուժեղ մարդը",
      "option1":"Գողիաթ",
      "option2":"Սամսոն",
      "option3":"Հիսուս",
      "option4":"Ագագ",
      "answer":2
    }
  ],
  "Լեգենդ":[
    {
      "question":1,
      "2222":"Ծննդոց գիրքը բացվում է եբրայերեն \"bereshit\" բառով, ինչ է այս բառի թարգմանությունը անգլերեն",
      "option1":"Սկզբում",
      "option2":"Թող լույս լինի",
      "option3":"Երբ դեռ ոչինչ չկար",
      "option4":"Տեր Աստված ասաց",
      "answer":1,
      "8888":"Ծննդոց 1:1"
    },
    {
      "question":2,
      "2222":"Մարդուն խորը քնեցնելուց հետո Տեր Աստված նրանից ի՞նչ առավ կնոջ մեջ կառուցելու համար",
      "option1":"Ատամ",
      "option2":"Մի եղունգ",
      "option3":"Կողոսկր",
      "option4":"Մազի թել",
      "answer":3,
      "8888":"Ծննդոց 1:2"
    },
    {
      "question":3,
      "2222":"Ի՞նչ օրհնեց Տեր Աստված առաջինը \"Պտղաբեր եղիր և բազմացի՛ր\" բառերով",
      "option1":"Առաջին տղամարդն ու կինը",
      "option2":"Ծովային արարածներ և թռչուններ",
      "option3":"Բույսերը",
      "option4":"Ցամաքային կենդանիներ",
      "answer":1,
      "8888":"Ծննդոց 1:22"
    },
    {
      "question":4,
      "2222":"Ո՞վ էր Տիրոջ հրեշտակը, որ հայտարարեց Մարիամին, որ նա հղիանալու և որդի է ունենալու",
      "option1":"Գաբրիել",
      "option2":"Մայքլ",
      "option3":"Ռաֆայել",
      "option4":"Sealtiel",
      "answer":1,
      "8888":"Ղուկաս 1:31"
    },
    {
      "question":5,
      "2222":"Ի՞նչ է Սուրբ Հովհաննես Մկրտչի մոր անունը",
      "option1":"Սալոմե Զեբեդեացին",
      "option2":"Ելիզավետա Զաքարիայից",
      "option3":"Կլեոֆասի Մարիամ",
      "option4":"Հերոդիա Փիլիպպեցի",
      "answer":2,
      "8888":"Ղուկաս 1:5-6"
    },
    {
      "question":6,
      "2222":"Սուրբ Յովհաննէսի աւետարանի Յարութեան պատմութեան սկիզբը, թէ ո՞վ կը նշուի, որ առաւօտուն կանուխ գնաց Յիսուսի գերեզմանը եւ տեսաւ քարը հանուած",
      "option1":"Մարիամ Մագդալացին",
      "option2":"Սուրբ Հովհաննես",
      "option3":"Մարթա",
      "option4":"Հրեշտակ",
      "answer":1,
      "8888":"Հովհ.20.1"
    },
    {
      "question":7,
      "2222":"Սուրբ Հովհաննեսի ավետարանի հարության մասին պատմվածքում, երբ հարություն առած տերը առաջին անգամ հայտնվեց Մարիամ Մագդաղենացուն, նա շփոթեց նրան ում հետ",
      "option1":"Բանտապահը",
      "option2":"Հարյուրապետ",
      "option3":"Գրնացորդը",
      "option4":"Հրեշտակ",
      "answer":3,
      "8888":"Հովհ. 20:15"
    },
    {
      "question":8,
      "2222":"Սուրբ Մատթեոսի Ավետարանում տրված Հիսուսի ծագումնաբանության մեջ 14 սերունդների քանի հավաքածու է հիշատակվել",
      "option1":"Հինգ",
      "option2":"Մի հաշիվ",
      "option3":"Երեք",
      "option4":"Տասնյակ",
      "answer":3,
      "8888":"Հովհաննես 20:15"

    },
    {
      "question":9,
      "2222":"Եսայիա մարգարեի մեջ ասվում է, որ կույսից ծնվող տղային այս անունը պետք է տրվի, որը նշանակում է Աստված՝ մեզ հետ",
      "option1":"Հիսուս",
      "option2":"Ջոն",
      "option3":"Էմմանուել",
      "option4":"Քրիստոս",
      "answer":3,
      "8888":"Mt 1:23"
    },
    {
      "question":10,
      "2222":"Սուրբ Մատթեոսի Ավետարանում տրված Հիսուսի ծագումնաբանության մեջ նշված 14 սերունդներից բաղկացած առաջին շարքը սկսվեց Աբրահամով և ավարտվեց ումով",
      "option1":"Դավիթ",
      "option2":"Մովսես",
      "option3":"Յակոբ",
      "option4":"Ջեսսի",
      "answer":1,
      "8888":"Mt 1:1-6"
    },
    {
      "question":11,
      "2222":"Որովհետև նա վերցվեց իր մարմնից, ինչպե՞ս է առաջին տղամարդն անվանել առաջին կնոջը",
      "option1":"Ադամա",
      "option2":"Եվա",
      "option3":"Կին",
      "option4":"Կինը",
      "answer":2,
      "8888":"Ծննդոց 1:23"
    },
    {
      "question":12,
      "2222":"Ի՞նչ տվեց Տեր Աստված, որ կերակուր ծառայի երկրի բոլոր կենդանիներին և երկնքի բոլոր թռչուններին",
      "option1":"Կանաչ բույսեր",
      "option2":"Սերմնատու բույսեր",
      "option3":"Սերմնատու պտղատու ծառեր",
      "option4":"Ուտելի ցանկացած բան",
      "answer":1,
      "8888":"Ծննդոց 1:30"
    },
    {
      "question":13,
      "2222":"Արարչության ո՞ր օրն է Աստված ստեղծել արևն ու լուսինը",
      "option1":"Առաջին",
      "option2":"Երկրորդ",
      "option3":"Երրորդ",
      "option4":"Չորրորդ",
      "answer":4,
      "8888":"Ծննդոց 1:26-31"
    },
    {
      "question":14,
      "2222":"Քանի՞ տարեկան էր Դավիթը, երբ նա օծվեց Իսրայելի թագավոր",
      "option1":"50",
      "option2":"20",
      "option3":"35",
      "option4":"30",
      "answer":4,
      "8888":"2 Սամուել 5:4"
    },
    {
      "question":15,
      "2222":"Իմաստուններից բացի ուրիշ ո՞վ եկավ այցելելու Հիսուսին, երբ նա փոքր երեխա էր",
      "option1":"Նետաձիգներ",
      "option2":"Հովիվներ",
      "option3":"Որսորդներ",
      "option4":"Ֆերմերներ",
      "answer":2
    },
    {
      "question":16,
      "2222":"Որքա՞ն հասակ ուներ Գողիաթը",
      "option1":"6 կանգուն և մի բացվածք",
      "option2":"8 կանգուն",
      "option3":"10 կանգուն և մի բացվածք",
      "option4":"12 կանգուն",
      "answer":1,
      "8888":"1 Սամուել 1:4"
    },
    {
      "question":17,
      "2222":"Ի՞նչ ասաց Պողոսը օրենքի կատարումը",
      "option1":"Հավատ",
      "option2":"Աղոթք",
      "option3":"Սեր",
      "option4":"Ամուսնություն",
      "answer":3,
      "8888":"Հռոմեացիներ 13:10"
    },
    {
      "question":18,
      "2222":"Ո՞րն է Աստվածաշնչի ամենակարճ գլուխը",
      "option1":"Սաղմոս 117",
      "option2":"Սաղմոս 18",
      "option3":"Mark 10",
      "option4":"Հովհաննես 4",
      "answer":1,
      "8888":"Սաղմոս 117"
    },
    {
      "question":19,
      "2222":"Ո՞վ ասաց. Արծաթ և ոսկի չունեմ, բայց այնպիսին, ինչպիսին ունեմ, տալիս եմ քեզ",
      "option1":"Պողոս",
      "option2":"Ջեյմս",
      "option3":"Պետրոս",
      "option4":"Տիմոթեոս",
      "answer":3,
      "8888":"Գործք 3։6"
    },
    {
      "question":20,
      "2222":"Ո՞րն էր Մովսեսի [տարիներ] տարիքը նրա մահվան ժամանակ",
      "option1":"120",
      "option2":"100",
      "option3":"150",
      "option4":"80",
      "answer":1,
      "8888":"Բ Օրինաց 34:7"
    }
  ],
  "Այն աշխարհից դուրս":[
    {
      "question":1,
      "2222":"Ո՞վ է եղել Աստվածաշնչում գրանցված ամենատարեց մարդը",
      "option1":"Մաթուսաղա",
      "option2":"Ադամ",
      "option3":"Աբրահամ",
      "option4":"Սողոմոն",
      "answer":1,
      "8888":"Ծննդոց 5:27"
    },
    {
      "question":2,
      "2222":"Քանի՞ տարեկան է եղել Աստվածաշնչում գրանցված ամենատարեց մարդը",
      "option1":"120",
      "option2":"500",
      "option3":"800",
      "option4":"969",
      "answer":4,
      "8888":"Ծննդոց 5:27"
    },
    {
      "question":3,
      "2222":"Ի՞նչ է նշանակում Ջահվե-Շամմա",
      "option1":"Աստված մեզ հետ",
      "option2":"Ինքը Աստված",
      "option3":"Հիսուս Աստծո որդի",
      "option4":"Հավիտենական կյանք",
      "answer":2,
      "8888":"Եզեկիել 48:35"
    },
    {
      "question":4,
      "2222":"Եվ քանի՞ տարի ավելացրեց Աստված Եզեկիա թագավորի կյանքին ի պատասխան մահացող թագավորի աղոթքի",
      "option1":"20",
      "option2":"50",
      "option3":"15",
      "option4":"100",
      "answer":3,
      "8888":"2 Թագավորներ 20:6"
    },
    {
      "question":5,
      "2222":"Տիրոջ ո՞ր մարգարեների հետ խորհրդակցեց Հուդայի Հովսիան թագավորը",
      "option1":"Ամոս",
      "option2":"Եղիա",
      "option3":"Եղիշե",
      "option4":"Հուլդա",
      "answer":4,
      "8888":"2 Թագավորներ 22:14-16"
    },
    {
      "question":6,
      "2222":"Ի՞նչ արարողություն վերականգնեց Հովսիա թագավորը, որը չէր նշվել Իսրայելի կամ Հուդայի նախորդ թագավորներից որևէ մեկի կողմից",
      "option1":"Զատիկ",
      "option2":"Զոհաբերության ծես",
      "option3":"պաշտամունք",
      "option4":"Թլփատություն",
      "answer":1,
      "8888":"2 Թագավորներ 23:21"
    },
    {
      "question":7,
      "2222":"Իսրայելի ո՞ր ցեղից էր Սավուղ թագավորը",
      "option1":"Հուդա",
      "option2":"Բենջամին",
      "option3":"Ամոնիտներ",
      "option4":"Իսրայել",
      "answer":2,
      "8888":"1 Սամուել 9:21"
    },
    {
      "question":8,
      "2222":"Տապանակը Իսրայել վերադառնալուց հետո ի՞նչ զոհ մատուցեց Սամուելը Տիրոջը",
      "option1":"Ա-նա այծ",
      "option2":"Մարդկային զոհաբերություն",
      "option3":"Նա զոհաբերեց պարտեզի բերքը",
      "option4":"Կծու գառ",
      "answer":4,
      "8888":"1 Սամուել 7:9"
    },
    {
      "question":9,
      "2222":"Ի՞նչ էր Սավուղ թագավորի կնոջ անունը",
      "option1":"Դեբորա",
      "option2":"Նաումե",
      "option3":"Ահինոամ",
      "option4":"Ռութ",
      "answer":3,
      "8888":"1 Սամուել 14:50"
    },
    {
      "question":10,
      "2222":"Ի՞նչ է պետք որևէ մեկին Աստծո խոսքը հասկանալու համար",
      "option1":"Գիտելիք",
      "option2":"Սուրբ Հոգի",
      "option3":"Իմաստություն",
      "option4":"Աղոթքներ",
      "answer":2,
      "8888":"1 Կորնթացիներ 2:11"
    },
    {
      "question":11,
      "2222":"Ո՞վ ասաց Պողոսը, որ դատեց իրեն",
      "option1":"Աստված",
      "option2":"Թերահ",
      "option3":"Ռուբեն",
      "option4":"Բելշազար",
      "answer":1,
      "8888":"1 Կորնթացիներ 4:4"
    },
    {
      "question":12,
      "2222":"Պենտեկոստեի օրը երկնքից շտապող ձայն լսվեց____",
      "option1":"Ամպրոպ",
      "option2":"Անձրև",
      "option3":"Քամի",
      "option4":"բարձր աղմուկ",
      "answer":3,
      "8888":"Գործք Առաքելոց 2։2"
    },
    {
      "question":13,
      "2222":"Ո՞վ առաջարկեց գումար վճարել Սուրբ ոգին տալու զորության համար",
      "option1":"Ջոն",
      "option2":"Զաքարիա",
      "option3":"Սիմոն",
      "option4":"Հերովդես",
      "answer":3,
      "8888":"Գործք 8"
    },
    {
      "question":14,
      "2222":"Երբ Հիսուսը ջուրը վերածեց գինի, նա ջուրը վերածեց քարե սափորների մեջ: Ինչի՞ համար էին սովորաբար օգտագործվում այդ քարե սափորները",
      "option1":"Մկրտություն",
      "option2":"Մաքրում",
      "option3":"Առևտուր",
      "option4":"Հանդիսավոր լվացում",
      "answer":4,
      "8888":"Հովհաննես 2:6"
    },
    {
      "question":15,
      "2222":"Ո՞վ էր Նեբրովթի հայրը",
      "option1":"Էնդրյու",
      "option2":"Ջոշուա",
      "option3":"Սամսոն",
      "option4":"Քուշ",
      "answer":4,
      "8888":"1 Տարեգրություն 1:10"
    },
    {
      "question":16,
      "2222":"Ինչպիսի՞ն էին Աբրահամի երկու որդիների անունները (նրանց ծննդյան հաջորդականությամբ)",
      "option1":"Իսահակ և Հակոբ",
      "option2":"Իսմայիլ և Իսահակ",
      "option3":"Հովսեփ և Հակոբ",
      "option4":"Կայեն և Իսահակ",
      "answer":2,
      "8888":"Ծննդոց 16:1-16, 1 Տարեգրություն 1:28"
    },
    {
      "question":17,
      "2222":"Որո՞նք էին Նոյի երեք որդիների անունները Աստվածաշնչի այն ցուցակների հաջորդականությամբ, որոնցում նրանք գտնվում են",
      "option1":"Համ, Ջոզեֆ, Յաֆեթ",
      "option2":"Յաբեթ, Համ, Իսահակ",
      "option3":"Սեմ, Քամ և Հաբեթ",
      "option4":"Shem, Ham, Joseph",
      "answer":3,
      "8888":"Ծննդոց 9:18-19, 1 Տարեգրություն 1:4"
    },
    {
      "question":18,
      "2222":"Տերը Աբրահամի անունը փոխեց Աբրահամի, երբ նա 99 տարեկան էր։ Ինչպե՞ս էր նրա անունը մինչ այդ",
      "option1":"Ադամ",
      "option2":"Աբրամ",
      "option3":"Ալֆա",
      "option4":"Ագագ",
      "answer":2,
      "8888":"Ծննդոց 17:1-5"
    },
    {
      "question":19,
      "2222":"Քանի՞ տարեկան էր Աբրահամը, երբ ծնվեց Իսահակը",
      "option1":"103",
      "option2":"90",
      "option3":"100",
      "option4":"50",
      "answer":3,
      "8888":"Ծննդոց 21:5"
    },
    {
      "question":20,
      "2222":"Աստվածաշնչում քանի՞ գրքի վերնագրում կա \"Ջոն\" բառը",
      "option1":"4",
      "option2":"3",
      "option3":"1",
      "option4":"5",
      "answer":1
    }
  ]
}