{

  "Novato": [

    {

      "ques_id": 1,

      "question": "¿Quién es el primer hombre que ha vivido?",

      "option1": "Matusalén",

      "option2": "Abraham",

      "option3": "Moisés",

      "option4": "Adán",

      "answer": 4

    },

    {

      "ques_id": 2,

      "question": "¿Quién fue tragado por un pez muy grande?",

      "option1": "Jesús",

      "option2": "Jonás",

      "option3": "Sansón",

      "option4": "Pedro",

      "answer": 2

    },

    {

      "ques_id": 3,

      "question": "¿Quién es la persona que Dios usó para sacar a los israelitas de Egipto?",

      "option1": "Aarón",

      "option2": "Abraham",

      "option3": "Moisés",

      "option4": "Jeremías",

      "answer": 3

    },

    {

      "ques_id": 4,

      "question": "¿Quién fue la persona que mató a Goliat",

      "option1": "David",

      "option2": "Saúl",

      "option3": "Salomón",

      "option4": "Jonatán",

      "answer":1

    },

    {

      "ques_id": 5,

      "question": "¿Quién fue el primer rey de Israel?",

      "option1": "David",

      "option2": "Saúl",

      "option3": "Salomón",

      "option4": "Moisés",

      "answer": 2

    },

    {

      "ques_id": 6,

      "question": "¿Qué ocupación tenía Jesús antes de su ministerio",

      "option1": "Fabricante de juguetes",

      "option2": "Pescador",

      "option3": "Cuidador de viñedos",

      "option4": "Carpintero",

      "answer": 4

    },

    {

      "ques_id": 7,

      "question": "¿Cómo se llama la ciudad en la que nació Jesús?",

      "option1": "Jerusalén",

      "option2": "Belén",

      "option3": "Galilea",

      "option4": "Nazaret",

      "answer": 2

    },

    {

      "ques_id": 8,

      "question": "¿Cuál es el nombre del mar sobre el que caminó Jesús",

      "option1": "Mar de Galilea",

      "option2": "Mar Muerto",

      "option3": "Leer mar",

      "option4": "Mar Mediterráneo",

      "answer": 1

    },

    {

      "ques_id": 9,

      "question": "¿Cómo se llama el río en el que Juan el Bautista bautizaba a la gente?",

      "option1": "Éufrates",

      "option2": "Nilo",

      "option3": "Jordania",

      "option4": "Tigris",

      "answer": 3

    },

    {

      "ques_id": 10,

      "question": "¿Cómo se llama el hermano de Andrés? (Ambos eran discípulos)",

      "option1": "Pedro",

      "option2": "Juan",

      "option3": "James",

      "option4": "Adán",

      "answer": 1

    },

    {

      "ques_id": 11,

      "question": "¿Cómo se llamaba Jesús Madre?",

      "option1": "María",

      "option2": "Marta",

      "option3": "Séfora",

      "option4": "Sara",

      "answer": 1

    },

    {

      "ques_id": 12,

      "question": "¿Cómo se llamaba el jardín donde vivían Adán y Eva?",

      "option1": "Tierra de Nod",

      "option2": "Jardín del Edén",

      "option3": "Belén",

      "option4": "Jardín del Valle",

      "answer": 2

    },

    {

      "ques_id": 13,

      "question": "¿Con qué alimento alimentó Jesús a 5.000 personas?",

      "option1": "Vino",

      "option2": "Hogares de pan y vino",

      "option3": "Panes y pescados",

      "option4": "Agua",

      "answer": 3

    },

    {

      "ques_id": 14,

      "question": "¿Qué método usaron los romanos para matar a Jesús?",

      "option1": "Drogado",

      "option2": "Cremación",

      "option3": "Crucificación",

      "option4": "Ahorcado",

      "answer": 3

    },

    {

      "ques_id": 15,

      "question": "¿Cuántas canastas sobraron de la alimentación de los 5000?",

      "option1": "7",

      "option2": "8",

      "option3": "10",

      "option4": "12",

      "answer": 1,

      "reference": "Mateo 15:13"

    },

    {

      "ques_id": 16,

      "question": "¿Qué discípulo encontró una moneda en la boca de un pez?",

      "option1": "Andrés",

      "option2": "Pablo",

      "option3": "Pedro",

      "option4": "Timoteo",

      "answer": 3,

      "reference": "Mateo 1:24-27"

    },

    {

      "ques_id": 17,

      "question": "En qué libro de la biblia leemos sobre Amán",

      "option1": "Éxodo",

      "option2": "Ester",

      "option3": "Rut",

      "option4": "Malaquías",

      "answer": 2,

      "reference": "Ester 3"

    },

    {

      "ques_id": 18,

      "question": "Nombre de la esposa del rey Agripa, ante quien Pablo fue juzgado",

      "option1": "Bernince",

      "option2": "Herodes",

      "option3": "Agag",

      "option4": "Ciafás",

      "answer": 1,

      "reference": "Hechos 25:23"

    },

    {

      "ques_id": 19,

      "question": "¿Qué edad se hizo Enoc",

      "option1": "400",

      "option2": "350",

      "option3": "230",

      "option4": "365",

      "answer": 4,

      "reference": "Génesis 5:23"

    },

    {

      "ques_id": 20,

      "question": "¿Cuántos años más añadió Dios a la vida del rey Ezequías en respuesta a la oración de los reyes moribundos?",

      "option1": "20",

      "option2": "15",

      "option3": "100",

      "option4": "50",

      "answer": 2,

      "reference": "2 Reyes 20:6"

    }

  ],

  "Entusiasta": [

    {

      "ques_id": 1,

      "question": "¿Quién fue el padre de Isaac?",

      "option1": "Abraham",

      "option2": "Jacob",

      "option3": "Esaú",

      "option4": "Peleq",

      "answer": 1

    },

    {

      "ques_id": 2,

      "question": "¿Quién fue el padre de Roboam?",

      "option1": "David",

      "option2": "Nimrod",

      "option3": "Abimelec",

      "option4": "Salomón",

      "answer": 4

    },

    {

      "ques_id": 3,

      "question": "¿Quién fue el padre de Matusalén?",

      "option1": "Elías",

      "option2": "Enock",

      "option3": "Seth",

      "option4": "Jared",

      "answer": 2

    },

    {

      "ques_id": 4,

      "question": "¿Quién mató a Juan el Bautista?",

      "option1": "César",

      "option2": "Pilatos",

      "option3": "Herold",

      "option4": "Caifás",

      "answer": 3

    },

    {

      "ques_id": 5,

      "question": "¿Quién fue la primera persona asesinada por creer en Cristo?",

      "option1": "Pedro",

      "option2": "Juan",

      "option3": "Bernabé",

      "option4": "Esteban",

      "answer": 4

    },

    {

      "ques_id": 6,

      "question": "¿Adónde iba Saulo cuando vio a Jesús?",

      "option1": "Damasco",

      "option2": "Grecia",

      "option3": "Roma",

      "option4": "Jerusalén",

      "answer": 1

    },

    {

      "ques_id": 7,

      "question": "¿Dónde pasó Jesús la mayor parte de su vida en la tierra?",

      "option1": "Jerusalén",

      "option2": "Nazaret",

      "option3": "Monte de los Olivos",

      "option4": "Egipto",

      "answer": 2

    },

    {

      "ques_id": 8,

      "question": "¿Qué Salmo comienza, 'El Señor es mi pastor?'",

      "option1": "Salmo 91",

      "option2": "Salmo 1",

      "option3": "Salmo 104",

      "option4": "Salmo 23",

      "answer": 4

    },

    {

      "ques_id": 9,

      "question": "¿Cuál era la ocupación de Pablo mientras viajaba como misionero?",

      "option1": "Pastor",

      "option2": "Vendedor de Púrpura",

      "option3": "Fabricante de tiendas de campaña",

      "option4": "Escriba",

      "answer": 3

    },

    {

      "ques_id": 10,

      "question": "¿Cuál es el nombre de la isla en la que vivió Bernabé?",

      "option1": "Grecia",

      "option2": "Chipre",

      "option3": "Rodas",

      "option4": "Isla de Pascua",

      "answer": 2

    },

    {

      "ques_id": 11,

      "question": "Cuando se le acercó Jesús, quien le dijo: '¿Qué tienes tú conmigo, Jesús, Hijo del Dios Altísimo? Te conjuro por Dios, no me atormentes'.?",

      "option1": "Legión",

      "option2": "Tará",

      "option3": "Rubén",

      "option4": "Belsasar",

      "answer":1

    },

    {

      "ques_id": 12,

      "question": "¿Qué ave dice Jesús que tenemos más valor?",

      "option1": "Águila",

      "option2": "Buitre",

      "option3": "Gorrión",

      "option4": "Paloma",

      "answer": 3

    },

    {

      "ques_id": 13,

      "question": "¿Qué dos hermanas se casaron con Jacob?",

      "option1": "Dorcas y Lea",

      "option2": "Mariam y Raquel",

      "option3": "Raquel y Lea",

      "option4": "Sarai y Ana",

      "answer": 3

    },

    {

      "ques_id": 14,

      "question": "¿A qué tierra envió Dios a Abraham a sacrificar a su hijo especial, Isaac?",

      "option1": "Canán",

      "option2": "Macedonia",

      "option3": "Chipre",

      "option4": "Moriah",

      "answer": 4

    },

    {

      "ques_id": 15,

      "question": "¿A qué profetisa del Señor consultó el rey Josías de Judá",

      "option1": "Débora",

      "option2": "Hulda",

      "option3": "Naom",

      "option4": "Rut",

      "answer": 2,

      "reference": "2 Reyes 22:12-16"

    },

    {

      "ques_id": 16,

      "question": "¿Nombre del primogénito de Samuel?",

      "option1": "Josué",

      "option2": "Joel",

      "option3": "Jonathan",

      "option4": "José",

      "answer": 2,

      "reference": "1 Samuel 8:2"

    },

    {

      "ques_id": 17,

      "question": "¿Cuál era el nombre de la esposa del rey Saúl?",

      "option1": "Boam",

      "option2": "Misericordia",

      "option3": "Ahinoam",

      "option4": "Noam",

      "answer": 3,

      "reference": "1 Samuel 14:50"

    },

    {

      "ques_id": 18,

      "question": "¿Qué se requiere para que alguien entienda la palabra de Dios?",

      "option1": "Oración",

      "option2": "Amor",

      "option3": "Espíritu santo",

      "option4": "Ángeles",

      "answer": 3,

      "reference": "1 Corintios 2:11"

    },

    {

      "ques_id": 19,

      "question": "¿Quién dijo Pablo que lo juzgó?",

      "option1": "Satanás",

      "option2": "Dios",

      "option3": "Amigo",

      "option4": "Pedro",

      "answer": 2,

      "reference": "1 Corintios 4:4"

    },

    {

      "ques_id": 20,

      "question": "¿________ diferido enferma el corazón?",

      "option1": "Confiar",

      "option2": "Esperanza",

      "option3": "Amor",

      "option4": "Oraciones",

      "answer": 2,

      "reference": "Proverbios 13:12"

    }

  ],

  "Intermedio": [

    {

      "ques_id": 1,

      "question": "¿Quién era la esposa de Moisés??",

      "option1": "Eliseba",

      "option2": "Rebeca",

      "option3": "Mariam",

      "option4": "Séfora",

      "answer": 4

    },

    {

      "ques_id": 2,

      "question": "¿Quién fue la segunda esposa de Abraham?",

      "option1": "Ester",

      "option2": "Cetura",

      "option3": "Agar",

      "option4": "Lidia",

      "answer": 2

    },

    {

      "ques_id": 3,

      "question": "¿Cuántos capítulos contiene el Sermón de la Montaña?",

      "option1": "1",

      "option2": "2",

      "option3": "3",

      "option4": "7",

      "answer": 3

    },

    {

      "ques_id": 4,

      "question": "¿Cuántas veces Israel marchó alrededor de Jericó?",

      "option1": "13",

      "option2": "7",

      "option3": "70",

      "option4": "12",

      "answer":1

    },

    {

      "ques_id": 5,

      "question": "¿Cuánto mide un codo?",

      "option1": "aprox. 12 pulgadas",

      "option2": "12 mm",

      "option3": "aprox. 18 pulgadas",

      "option4": "aprox. 36 pulgadas",

      "answer": 3

    },

    {

      "ques_id": 6,

      "question": "¿Adónde fue Caín después de haber matado a Abel?",

      "option1": "Jardín del Edén",

      "option2": "Tierra de Nod",

      "option3": "Cuevas de Qumrán",

      "option4": "Monte Ararat",

      "answer": 2

    },

    {

      "ques_id": 7,

      "question": "¿Quién era el hijo de Cis?",

      "option1": "Noé",

      "option2": "Apóstol Pablo",

      "option3": "Abraham",

      "option4": "Rey Saúl",

      "answer": 4

    },

    {

      "ques_id": 8,

      "question": "¿Dónde vivía Rahab?",

      "option1": "Jericó",

      "option2": "Jerusalén",

      "option3": "Nínive",

      "option4": "Ai",

      "answer": 1

    },

    {

      "ques_id": 9,

      "question": "¿Dónde vivía Dorcas?",

      "option1": "Betel",

      "option2": "Jope",

      "option3": "Cesárea",

      "option4": "Antioquia",

      "answer": 2

    },

    {

      "ques_id": 10,

      "question": "¿Dónde está la 'Calle llamada Recta'",

      "option1": "Jerusalén",

      "option2": "Roma",

      "option3": "Babilonia",

      "option4": "Damasco",

      "answer": 4

    },

    {

      "ques_id": 11,

      "question": "Después de huir para salvar su vida, ¿bajo qué árbol durmió Elías?",

      "option1": "Roble",

      "option2": "Pino",

      "option3": "Enebro",

      "option4": "Pícea",

      "answer": 3,

      "reference": "1 Reyes 19:5"

    },

    {

      "ques_id": 12,

      "question": "¿Judas traicionó a Jesús exactamente por cuántas monedas de plata?",

      "option1": "30",

      "option2": "20",

      "option3": "50",

      "option4": "10",

      "answer":1,

      "reference": "Mateo 26:15"

    },

    {

      "ques_id": 13,

      "question": "Nombre del padre de David",

      "option1": "Omán",

      "option2": "Jesse",

      "option3": "Josué",

      "option4": "Salomón",

      "answer": 2,

      "reference": "1 Samuel 1:12"

    },

    {

      "ques_id": 14,

      "question": "Dios no se menciona en solo 1 libro de la Biblia",

      "option1": "Ester",

      "option2": "Rut",

      "option3": "Malaquías",

      "option4": "Éxodo",

      "answer":1,

      "reference": "Ester"

    },

    {

      "ques_id": 15,

      "question": "¿Cuántas piezas de plata vendió Josué por sus hermanos a los ismaelitas?",

      "option1": "50",

      "option2": "12",

      "option3": "20",

      "option4": "100",

      "answer": 3,

      "reference": "Génesis 37:28"

    },

    {

      "ques_id": 16,

      "question": "¿A cuántos apóstoles escogió Jesús?",

      "option1": "12",

      "option2": "14",

      "option3": "10",

      "option4": "08",

      "answer": 1,

      "reference": "Lucas 6:13"

    },

    {

      "ques_id": 17,

      "question": "El ángel le dijo a María que Jesús reinaría sobre la casa cuyo personaje del Antiguo Testamento",

      "option1": "David",

      "option2": "Jacob",

      "option3": "Abraham",

      "option4": "Moisés",

      "answer": 2,

      "reference": "Lucas 1:13"

    },

    {

      "ques_id": 18,

      "question": "¿Qué profeta dijo: 'De Egipto llamé a mi hijo'?",

      "option1": "Jeremías",

      "option2": "Isaías",

      "option3": "Oseas",

      "option4": "Ezequiel",

      "answer": 3,

      "reference": "Oseas 11:1"

    },

    {

      "ques_id": 19,

      "question": "¿Qué tipo de árbol maldijo Jesús?",

      "option1": "Higo",

      "option2": "Viñedo",

      "option3": "Pino",

      "option4": "roble",

      "answer":1,

      "reference": "Marcos 11:12-14"

    },

    {

      "ques_id": 20,

      "question": "¿A quién pidió Saúl que trajera un médium para él?",

      "option1": "Eli",

      "option2": "Natán",

      "option3": "Samuel",

      "option4": "David",

      "answer": 3,

      "reference": "1 Samuel 28:11"

    }

  ],

  "Profesional": [

    {

      "ques_id": 1,

      "question": "¿Quién llevó la cruz por Cristo?",

      "option1": "Felipe",

      "option2": "Simón de Cirene",

      "option3": "Acab",

      "option4": "Miqueas",

      "answer": 2

    },

    {

      "ques_id": 2,

      "question": "¿Cuántos compañeros le dieron los filisteos a Sansón en la fiesta de Timna?",

      "option1": "30",

      "option2": "31",

      "option3": "32",

      "option4": "33",

      "answer":1

    },

    {

      "ques_id": 3,

      "question": "¿Qué edad tenía Ana, la profetisa, cuando vio a Jesús?",

      "option1": "83",

      "option2": "84",

      "option3": "88",

      "option4": "92",

      "answer": 2

    },

    {

      "ques_id": 4,

      "question": "¿Qué le dio la reina de Saba a Salomón?",

      "option1": "(124 talentos de) oro, especias y piedras preciosas",

      "option2": "(120 talentos de) oro, especias y piedras preciosas",

      "option3": "(18 talentos de) oro, especias aromáticas y piedras preciosas",

      "option4": "(221 talentos de) oro, especias y piedras preciosas",

      "answer": 2

    },

    {

      "ques_id": 5,

      "question": "¿Cuántos libros hay en el Antiguo Testamento?",

      "option1": "37",

      "option2": "38",

      "option3": "39",

      "option4": "40",

      "answer": 3

    },

    {

      "ques_id": 6,

      "question": "¿En cuántos ríos se dividió el río en Edén una vez que salió del jardín?",

      "option1": "4",

      "option2": "3",

      "option3": "6",

      "option4": "8",

      "answer":1

    },

    {

      "ques_id": 7,

      "question": "¿Qué quería hacer José cuando descubrió que María estaba embarazada?",

      "option1": "Organizar una fiesta",

      "option2": "Divorciarse de ella",

      "option3": "Huir",

      "option4": "Ninguna de las anteriores",

      "answer": 2

    },

    {

      "ques_id": 8,

      "question": "¿De qué color era la túnica del Sumo Sacerdote?",

      "option1": "Azul",

      "option2": "Blanco",

      "option3": "Verde",

      "option4": "Rojo",

      "answer":1

    },

    {

      "ques_id": 9,

      "question": "¿Qué dijo Booz que Noemí estaba vendiendo?",

      "option1": "Una parcela de tierra",

      "option2": "Oro",

      "option3": "Su hijo",

      "option4": "Comida",

      "answer":1

    },

    {

      "ques_id": 10,

      "question": "En la parábola de los deudores, uno debía 500 denarios (peniques), pero cuánto debía el otro",

      "option1": "70",

      "option2": "50",

      "option3": "45",

      "option4": "80",

      "answer": 2

    },

    {

      "ques_id": 11,

      "question": "¿Cuánto del espíritu de Elías recibió Eliseo?",

      "option1": "Pequeño",

      "option2": "Porción única",

      "option3": "Saludable",

      "option4": "Porción doble",

      "answer": 4

    },

    {

      "ques_id": 12,

      "question": "¿Qué tenían de inusual los 700 soldados benjamitas que podían arrojar una piedra y dar en el blanco siempre?",

      "option1": "Todos eran zurdos",

      "option2": "Todos se parecían",

      "option3": "No tenían zapatos",

      "option4": "Ninguna de las anteriores",

      "answer":1

    },

    {

      "ques_id": 13,

      "question": "¿Qué parentesco tenía Anás con Caifás?",

      "option1": "Hermano",

      "option2": "Tío",

      "option3": "Primos",

      "option4": "Suegro",

      "answer": 4

    },

    {

      "ques_id": 14,

      "question": "¿Qué no debes 'tirar delante de los cerdos'",

      "option1": "Guijarros",

      "option2": "Piedras",

      "option3": "Perlas",

      "option4": "Palo",

      "answer": 3

    },

    {

      "ques_id": 15,

      "question": "Cuando en la cárcel ¿a qué hora Pablo y Silas oraron y cantaron a Dios?",

      "option1": "Mañana",

      "option2": "Tarde",

      "option3": "Tarde",

      "option4": "Medianoche",

      "answer": 4

    },

    {

      "ques_id": 16,

      "question": "¿Qué comieron Daniel y sus tres amigos en lugar de la comida y la bebida del rey?",

      "option1": "Pan",

      "option2": "Vino y pan",

      "option3": "Legumbres y agua",

      "option4": "Nada",

      "answer": 3

    },

    {

      "ques_id": 17,

      "question": "¿Cómo se llama el primo de Jesús, nacido seis meses antes que él?",

      "option1": "Juan",

      "option2": "Pedro",

      "option3": "Pablo",

      "option4": "Miguel",

      "answer":1

    },

    {

      "ques_id": 18,

      "question": "¿En qué ciudad vivía el rey Herodes en el momento del nacimiento de Jesús?",

      "option1": "Jerusalén",

      "option2": "Roma",

      "option3": "Babilonia",

      "option4": "Belén",

      "answer":1

    },

    {

      "ques_id": 19,

      "question": "¿Cuántas plagas envió Dios sobre Egipto?",

      "option1": "4",

      "option2": "8",

      "option3": "10",

      "option4": "12",

      "answer": 3

    },

    {

      "ques_id": 20,

      "question": "¿Por cuántas piezas de plata entregó Judas a Cristo?",

      "option1": "20",

      "option2": "30",

      "option3": "40",

      "option4": "50",

      "answer": 2

    },

    {

      "ques_id": 21,

      "question": "¿Cuántos días después de su resurrección Jesús se apareció a sus discípulos?",

      "option1": "30",

      "option2": "7",

      "option3": "40",

      "option4": "11",

      "answer": 3

    },

    {

      "ques_id": 22,

      "question": "¿Cuántas iglesias de Asia Menor se enumeran en Apocalipsis?",

      "option1": "7",

      "option2": "8",

      "option3": "9",

      "option4": "10",

      "answer":1

    }

  ],

  "Genio": [

    {

      "ques_id": 1,

      "question": "¿Quién era el hijo de Eleazar, el hijo de Aarón?",

      "option1": "Putier",

      "option2": "Coré",

      "option3": "Pinees",

      "option4": "Izhar",

      "answer": 3

    },

    {

      "ques_id": 2,

      "question": "¿Quién fue el hijo de Omri, el rey de Israel?",

      "option1": "Acab",

      "option2": "Joram",

      "option3": "Zimri",

      "option4": "Ginath",

      "answer":1

    },

    {

      "ques_id": 3,

      "question": "¿Quién era el esposo de Noemí del libro de Rut?",

      "option1": "Boaz",

      "option2": "Elcana",

      "option3": "Obed",

      "option4": "Elimelec",

      "answer": 4

    },

    {

      "ques_id": 4,

      "question": "¿Cuántas letras tiene el nombre más largo de la Biblia?",

      "option1": "16",

      "option2": "18",

      "option3": "22",

      "option4": "25",

      "answer": 2

    },

    {

      "ques_id": 5,

      "question": "¿Quién mató a Sísara?",

      "option1": "David",

      "option2": "Acab",

      "option3": "Saúl",

      "option4": "Jael",

      "answer": 4

    },

    {

      "ques_id": 6,

      "question": "¿Qué ancho tenía el arca de Noé?",

      "option1": "35 codos",

      "option2": "50 codos",

      "option3": "75 codos",

      "option4": "90 codos",

      "answer": 2

    },

    {

      "ques_id": 7,

      "question": "¿Qué ancho tenía el Arca de la Alianza?",

      "option1": "1,5 codos",

      "option2": "2 codos",

      "option3": "3 codos",

      "option4": "1 codo",

      "answer":1

    },

    {

      "ques_id": 8,

      "question": "¿Cómo se llamaba el siervo de Eliseo?",

      "option1": "Joram",

      "option2": "Safat",

      "option3": "Gejazí",

      "option4": "Hazael",

      "answer": 3

    },

    {

      "ques_id": 9,

      "question": "¿Cuál era el nombre del famoso maestro de Paul?",

      "option1": "Justo",

      "option2": "Gamaliel",

      "option3": "Caifás",

      "option4": "Sócrates",

      "answer": 2

    },

    {

      "ques_id": 10,

      "question": "¿Qué juez de Israel nació en Belén?",

      "option1": "David",

      "option2": "Ibzán",

      "option3": "Débora",

      "option4": "Gedeón",

      "answer": 2

    },

    {

      "ques_id": 11,

      "question": "Cuando se le acercó Jesús, quien le dijo: '¿Qué tienes tú conmigo, Jesús, Hijo del Dios Altísimo? Te conjuro por Dios, no me atormentes'.?",

      "option1": "Legión",

      "option2": "Tará",

      "option3": "Rubén",

      "option4": "Belsasar",

      "answer":1

    },

    {

      "ques_id": 12,

      "question": "¿Qué ave dice Jesús que tenemos más valor?",

      "option1": "Águila",

      "option2": "Buitre",

      "option3": "Gorrión",

      "option4": "Paloma",

      "answer": 3

    },

    {

      "ques_id": 13,

      "question": "¿Qué dos hermanas se casaron con Jacob?",

      "option1": "Dorcas y Lea",

      "option2": "Mariam y Raquel",

      "option3": "Raquel y Lea",

      "option4": "Sarai y Ana",

      "answer": 3

    },

    {

      "ques_id": 14,

      "question": "¿A qué tierra envió Dios a Abraham a sacrificar a su hijo especial, Isaac?",

      "option1": "Canán",

      "option2": "Macedonia",

      "option3": "Chipre",

      "option4": "Moriah",

      "answer": 4

    },

    {

      "ques_id": 15,

      "question": "¿De qué Salmo es el verso 'En verdes pastos me hace descansar, junto a aguas de reposo me conduce'?",

      "option1": "25",

      "option2": "22",

      "option3": "30",

      "option4": "23",

      "answer": 4,

      "reference": "Salmos 23;2"

    },

    {

      "ques_id": 16,

      "question": "El temor del señor es el principio de ........ ",

      "option1": "Conocimiento",

      "option2": "Sabiduría",

      "option3": "Dinero",

      "option4": "Amor",

      "answer":1,

      "reference": ""

    },

    {

      "ques_id": 17,

      "question": "¿Contra qué ciudad le dijo el Señor a Jonás que predicara?",

      "option1": "Jerusalén",

      "option2": "Nínive",

      "option3": "Babilonia",

      "option4": "Judá",

      "answer": 2,

      "reference": "Jonás 1:2"

    },

    {

      "ques_id": 18,

      "question": "¿Cuál de estos libros [Filipenses, Colosenses, Gálatas o Efesios] viene primero en la biblia",

      "option1": "Colosenses",

      "option2": "Gálatas",

      "option3": "Efesios",

      "option4": "Filipenses",

      "answer": 2,

      "reference": "Nuevo testamento, cartas de Pablo"

    },

    {

      "ques_id": 19,

      "question": "¿Cuántos capítulos tiene el Libro Hebreos?",

      "option1": "13",

      "option2": "15",

      "option3": "10",

      "option4": "16",

      "answer":1,

      "reference": "Hebreos 1-13"

    },

    {

      "ques_id": 20,

      "question": "¿Cuál es el nombre de los vientos tormentosos que pueden azotar Creta?",

      "option1": "Moonsoon",

      "option2": "Euroklydon",

      "option3": "Desbordamiento",

      "option4": "Ninguna de las anteriores",

      "answer": 2,

      "reference": "Hechos 2:14"

    }

  ],

  "Experto": [

    {

      "ques_id": 1,

      "question": "¿Cuál de estos no fue rey de Israel o de Judá?",

      "option1": "Senaquerib",

      "option2": "Joaquín",

      "option3": "Sedequías",

      "option4": "David",

      "answer":1

    },

    {

      "ques_id": 2,

      "question": "¿Quién persuadió a Sansón para que revelara el secreto de la gran fuerza?",

      "option1": "Dina",

      "option2": "Rut",

      "option3": "Dalila",

      "option4": "Marta",

      "answer": 3

    },

    {

      "ques_id": 3,

      "question": "Y tu cielo que está sobre tu cabeza será _____, y la tierra que está debajo de ti será de hierro",

      "option1": "Latón",

      "option2": "Acero",

      "option3": "Plata",

      "option4": "Oro",

      "answer":1

    },

    {

      "ques_id": 4,

      "question": "¿Dónde se pueden encontrar las palabras: Confía en Jehová con todo tu corazón y no te apoyes en tu propio entendimiento ",

      "option1": "Proverbios 3:5",

      "option2": "Proverbios 5:3",

      "option3": "Proverbios 35:3",

      "option4": "Proverbios 4:3",

      "answer":1

    },

    {

      "ques_id": 5,

      "question": "que discipulo nego a jesus tres veces",

      "option1": "Pedro",

      "option2": "Andrés",

      "option3": "Juan",

      "option4": "Judas",

      "answer":1

    },

    {

      "ques_id": 6,

      "question": "La memoria de los justos es bendita: pero el nombre de los impíos será",

      "option1": "Gana",

      "option2": "Rot",

      "option3": "Florecer",

      "option4": "florecer",

      "answer": 2

    },

    {

      "ques_id": 7,

      "question": "Antes de que Jesús comenzara a predicar, ¿cuál era su trabajo?",

      "option1": "carpintero",

      "option2": "erudito",

      "option3": "Médico",

      "option4": "Profesor",

      "answer":1

    },

    {

      "ques_id": 8,

      "question": "Zoan se usó en la Biblia como un paralelo de qué nación",

      "option1": "Egipto",

      "option2": "Asiria",

      "option3": "Babilonia",

      "option4": "Sinaí",

      "answer":1

    },

    {

      "ques_id": 9,

      "question": "¿Qué personaje del Antiguo Testamento mostró su fe al estar dispuesto a ofrecer a su hijo en un altar a Dios ",

      "option1": "Noé",

      "option2": "Abraham",

      "option3": "salatiel",

      "option4": "Moisés",

      "answer": 2

    },

    {

      "ques_id": 10,

      "question":"¿Qué hicieron los marineros del barco en el que estaba Jonah para aumentar sus posibilidades de supervivencia?",

      "option1": "Navegaron hacia el norte",

      "option2": "Tiró la carga por la borda",

      "option3": "Le rogué a Dios que me perdonara",

      "option4": "Ninguna de las anteriores",

      "answer": 2

    },

    {

      "ques_id": 11,

      "question": "¿Qué estaba haciendo Esaú mientras Jacob le robaba su bendición?",

      "option1": "Caza",

      "option2": "Agricultura",

      "option3": "Pesca",

      "option4": "De viaje",

      "answer":1

    },

    {

      "ques_id": 12,

      "question": "¿Quién corrió del Monte Carmelo a Samaria más rápido de lo que Acab podía conducir su carro?",

      "option1": "Eliseo",

      "option2": "Gejazí",

      "option3": "Elías",

      "option4": "Amós",

      "answer": 3

    },

    {

      "ques_id": 13,

      "question": "¿Qué hizo Dios en el séptimo día, después de ?",

      "option1": "Descansado",

      "option2": "Humanos creados",

      "option3": "Asignó al hombre el cuidado de sus creaciones",

      "option4": "Pájaros creados",

      "answer":1

    },

    {

      "ques_id": 14,

      "question": "¿Quién afirmó que el becerro de oro simplemente salió del fuego?",

      "option1": "Josué",

      "option2": "Aarón",

      "option3": "Miriam",

      "option4": "Débora",

      "answer": 42

    },

    {

      "ques_id": 15,

      "question": "¿Qué pidió el rey Salomón cuando Dios se le apareció en un sueño?",

      "option1": "Larga vida y conocimiento",

      "option2": "Sabiduría [para juzgar entre el bien y el mal]",

      "option3": "Riqueza",

      "option4": "Dinero",

      "answer": 2

    },

    {

      "ques_id": 16,

      "question": "Completa el dicho proverbial: ¿Alguien es insensato, cuando callar se considera -------?",

      "option1": "Tranquilo",

      "option2": "Estúpido",

      "option3": "Sabio",

      "option4": "Arrogante",

      "answer": 3

    },

    {

      "ques_id": 17,

      "question": "¿Cómo se debe recibir el reino de Dios?",

      "option1": "Con motivos ocultos",

      "option2": "Como un niño",

      "option3": "Con orgullo",

      "option4": "A través de agentes",

      "answer": 2

    },

    {

      "ques_id": 18,

      "question": "¿Cuál era el nombre de la primera esposa de Abraham",

      "option1": "Sara",

      "option2": "Miriam",

      "option3": "Roda",

      "option4": "Rut",

      "answer":1

    },

    {

      "ques_id": 19,

      "question": "El rey Saúl desobedeció el mandato de Jehová y le perdonó la vida a qué rey amelequita",

      "option1": "Balac",

      "option2": "Dagon",

      "option3": "Agag",

      "option4": "Natán",

      "answer": 3

    },

    {

      "ques_id": 20,

      "question": "Sobre qué fueron escritos los Diez mandamientos. ",

      "option1": "Dos pergaminos",

      "option2": "Dos tablas de piedra",

      "option3": "Los muros de Jericó",

      "option4": "Dos libros",

      "answer":1

    }

  ],

  "Maestro": [

    {

      "ques_id": 1,

      "question": "Acerca de quién se registró que 'todos estaban discutiendo en sus corazones'; ¿Será acaso el cristo?",

      "option1": "Elías",

      "option2": "Juan",

      "option3": "Malaquías",

      "option4": "Pedro",

      "answer": 2

    },

    {

      "ques_id": 2,

      "question": "¿Cómo se llaman los padres de José?",

      "option1": "Jacob y Rebeka",

      "option2": "Jacob y Lea",

      "option3": "Jacob y Raquel",

      "option4": "Jacob y Rut",

      "answer": 3

    },

    {

      "ques_id": 3,

      "question": "De todas las personas mencionadas en la biblia, ¿cuál vivió más tiempo?",

      "option1": "Matusalén",

      "option2": "Jared",

      "option3": "Abraham",

      "option4": "Adán",

      "answer":1

    },

    {

      "ques_id": 4,

      "question": "¿Qué les dijo Jesús a los que acusaban a la adúltera?",

      "option1": "He aquí, no hay justo",

      "option2": "El que esté libre de pecado, que primero arroje la piedra",

      "option3": "Ay de ti que acusa a esta mujer",

      "option4": "matarla",

      "answer": 2

    },

    {

      "ques_id": 5,

      "question": "¿A qué ciudad irán un día todas las naciones a adorar a Dios?",

      "option1": "Damasco",

      "option2": "Jerusalén",

      "option3": "Cilicia",

      "option4": "Judá",

      "answer": 2

    },

    {

      "ques_id": 6,

      "question": "Cuál de los descendientes de David reinará para siempre",

      "option1": "Roboam",

      "option2": "Jesús",

      "option3": "Salomón",

      "option4": "Jeroboam",

      "answer": 2

    },

    {

      "ques_id": 7,

      "question": "¿Quién fue la madre devota de Timoteo",

      "option1": "Loida",

      "option2": "Febe",

      "option3": "Eunice",

      "option4": "Magdalena",

      "answer": 3

    },

    {

      "ques_id": 8,

      "question": "¿Por qué el rey Salomón se alejó de Dios cuando era viejo?",

      "option1": "Sus esposas extranjeras volvieron su corazón tras otros dioses",

      "option2": "Se volvió orgulloso",

      "option3": "Amaba a las mujeres más que a Dios",

      "option4": "Él adoraba ídolos",

      "answer":1

    },

    {

      "ques_id": 9,

      "question": "¿Quién huyó a la tienda de Jehová por seguridad, pero fue asesinado allí de todos modos?",

      "option1": "Joab",

      "option2": "Saúl",

      "option3": "Amón",

      "option4": "Esaú",

      "answer":1

    },

    {

      "ques_id": 10,

      "question": "Qué rey soñó con una gran estatua de un hombre hecha de diferentes metales",

      "option1": "Acab",

      "option2": "David",

      "option3": "malach",

      "option4": "Nabucodonosor",

      "answer": 4

    },

    {

      "ques_id": 11,

      "question": "¿Dónde está el 'mejor lugar para orar'?",

      "option1": "En tu armario con la puerta cerrada",

      "option2": "En la iglesia",

      "option3": "En un lugar tranquilo",

      "option4": "En camino",

      "answer":1

    },

    {

      "ques_id": 12,

      "question": "¿Dónde se pueden encontrar las palabras: Confía en Jehová con todo tu corazón y no te apoyes en tu propio entendimiento?",

      "option1": "Proverbios 3:5",

      "option2": "Proverbios 35:3",

      "option3": "Proverbios 5:3",

      "option4": "Proverbios 6:4",

      "answer":1

    },

    {

      "ques_id": 13,

      "question": "Cuando Jesús estaba en el desierto, ¿qué fue tentado a convertir en hogazas de pan?",

      "option1": "Montículos",

      "option2": "Rocas",

      "option3": "Piedras",

      "option4": "Suelo",

      "answer": 3

    },

    {

      "ques_id": 14,

      "question": "¿Qué tenía de especial Aod [un juez de Israel que mató a Elgón, rey de Moab?",

      "option1": "Era muy joven",

      "option2": "Era zurdo",

      "option3": "Estaba ciego",

      "option4": "Era muy viejo",

      "answer": 2

    },

    {

      "ques_id": 15,

      "question": "¿Qué pasó con la ciudad de Jericó después de que el sacerdote tocara las trompetas?",

      "option1": "La gente huyó a otra tierra",

      "option2": "Los animales murieron",

      "option3": "Las paredes se cayeron",

      "option4": "Las personas migraron",

      "answer": 3

    },

    {

      "ques_id": 16,

      "question": "Según Juan 1:1, lo que era en el principio con Dios",

      "option1": "La Palabra",

      "option2": "Un ángel",

      "option3": "Jesús",

      "option4": "Juan",

      "answer":1

    },

    {

      "ques_id": 17,

      "question": "¿Cuántos salmos hay en el libro de los salmos?",

      "option1": "150",

      "option2": "170",

      "option3": "120",

      "option4": "190",

      "answer":1

    },

    {

      "ques_id": 18,

      "question": "No todo el que me dice 'Señor, Señor', entrará en el reino de los cielos. ¿Quién entonces entrará en su reino?",

      "option1": "El que hace la voluntad de Dios",

      "option2": "El que hace milagros",

      "option3": "El que se bautiza",

      "option4": "El que predica la palabra de Dios",

      "answer":1

    },

    {

      "ques_id": 19,

      "question": "¿Quién fue el primer rey de las 10 tribus de israel?",

      "option1": "Jeroboam",

      "option2": "Rehobot",

      "option3": "Joab",

      "option4": "Roboam",

      "answer":1

    },

    {

      "ques_id": 20,

      "question": "Según Jeremías, ¿cuántos años permanecería cautiva la nación de Israel bajo el rey de Babilonia?",

      "option1": "120 años",

      "opcion2": "40 años",

      "option3": "70 años",

      "option4": "80 años",

      "answer": 3

    }

  ],

  "Gran maestro": [

    {

      "ques_id": 1,

      "question": "¿En qué río le dijeron a Naamán que se lavara para librarse de la lepra?",

      "option1": "Nilo",

      "option2": "Jordania",

      "option3": "Galilea",

      "option4": "La Biblia no dice",

      "answer": 2

    },

    {

      "ques_id": 2,

      "question": "¿Quién fue el padre de Roboam?",

      "option1": "David",

      "option2": "Nimrod",

      "option3": "Abimelec",

      "option4": "Salomón",

      "answer": 4

    },

    {

      "ques_id": 3,

      "question": "¿Cuánto tiempo gobernó David como rey?",

      "option1": "Treinta años",

      "option2": "Cuarenta años",

      "option3": "Veinticinco años",

      "option4": "Ochenta años",

      "answer": 2

    },

    {

      "ques_id": 4,

      "question": "En la explicación de Jesús de la parábola del sembrador. qué representa la semilla",

      "option1": "Fe",

      "option2": "La palabra de Dios",

      "option3": "Jesús",

      "option4": "Amor",

      "answer": 2

    },

    {

      "ques_id": 5,

      "question": "¿Qué planta es 'la más pequeña de todas las semillas, pero cuando crece, es la más grande entre las hierbas?",

      "option1": "Oliva",

      "option2": "Mostaza",

      "option3": "Roble",

      "option4": "Uva",

      "answer": 2

    },

    {

      "ques_id": 6,

      "question": "¿Cómo se llamaba el hermano de Moisés?",

      "option1": "Alfaeus",

      "option2": "Juan",

      "option3": "Aarón",

      "option4": "Josué",

      "answer": 3

    },

    {

      "ques_id": 7,

      "question": "¿De qué parte del cuerpo de Adán creó Dios a Eva?",

      "option1": "Corazón",

      "option2": "Cerebro",

      "option3": "Costilla",

      "option4": "Cabeza",

      "answer": 3

    },

    {

      "ques_id": 8,

      "question": "Un ángel les dijo a Zacarías e Isabel que tendrían un hijo, ¿cómo se llamaría?",

      "option1": "Elías",

      "option2": "Jesús",

      "option3": "Juan",

      "option4": "James",

      "answer": 3

    },

    {

      "ques_id": 9,

      "question": "¿Qué evento significativo se registra en Génesis capítulo 1 y 2",

      "option1": "Transporte",

      "option2": "Creación",

      "option3": "Purificación",

      "option4": "Sacrificio",

      "answer": 2

    },

    {

      "ques_id": 10,

      "question": "¿Cuál era la relación entre Moisés y Coré",

      "option1": "Ambos eran de la tribu de Judá",

      "option2": "Eran hermanos",

      "option3": "Eran primos",

      "option4": "Eran amigos",

      "answer": 3

    },

    {

      "ques_id": 11,

      "question": "¿Cómo le dijo Noemí a la gente de Belén que la llamaran?",

      "option1": "Mara",

      "option2": "Naama",

      "option3": "Betsabé",

      "option4": "María",

      "answer":1

    },

    {

      "ques_id": 12,

      "question": "¿Nombre de la doncella judía que se casó con un rey persa?",

      "option1": "Naomi",

      "option2": "Débora",

      "option3": "Ester",

      "option4": "Judas",

      "answer": 3

    },

    {

      "ques_id": 13,

      "question": "¿Qué simbolizan los siete candelabros de oro de Apocalipsis 1:20?",

      "option1": "Siete congregaciones",

      "option2": "Siete ángeles",

      "option3": "Siete reyes",

      "option4": "Siete personas",

      "answer":1

    },

    {

      "ques_id": 14,

      "question": "¿Dónde se pueden encontrar las siguientes palabras: 'pero Dios escogió las cosas necias del mundo, para avergonzar a los sabios?",

      "option1": "Actos",

      "option2": "Romanos",

      "option3": "1 Corintios",

      "option4": "Juan",

      "answer": 3

    },

    {

      "ques_id": 15,

      "question": "Qué se notó en el hermano gemelo de Jacob, Esaú al nacer",

      "option1": "Tenía ojos profundos e intensos",

      "option2": "Era muy guapo",

      "option3": "Era rojo y peludo",

      "option4": "Era muy negro",

      "answer": 3

    },

    {

      "ques_id": 16,

      "question": "¿Quién le cortó el pelo a Sansón?",

      "option1": "Su archienemigo, Hulk",

      "option2": "Dalila",

      "option3": "Otro hombre",

      "option4": "Sus amigos",

      "answer": 2

    },

    {

      "ques_id": 17,

      "question": "¿Quién escribió los libros 1 y 2 de Reyes?",

      "option1": "Elías",

      "option2": "Jeremías",

      "option3": "Dios",

      "option4": "Natán",

      "answer": 2

    },

    {

      "ques_id": 18,

      "question": "Cuál de los evangelios aparece en último lugar en la Biblia",

      "option1": "Nicodemo",

      "option2": "Juan",

      "option3": "Andrés",

      "option4": "Marcar",

      "answer": 2

    },

    {

      "ques_id": 19,

      "question": "¿Qué pasó con cualquiera cuyo nombre no se encontró escrito en el libro de la vida?",

      "option1": "Fueron declarados indignos de salvación",

      "option2": "Ellos perecieron",

      "option3": "Ellos murieron",

      "option4": "Fueron arrojados al lago de fuego",

      "answer": 4

    },

    {

      "ques_id": 20,

      "question": "¿Quién fue el hombre más fuerte que jamás haya existido?",

      "option1": "Goliat",

      "option2": "Sansón",

      "option3": "Jesús",

      "option4": "Agag",

      "answer": 2

    }

  ],

  "Leyenda": [

    {

      "ques_id": 1,

      "question": "El libro de Génesis comienza con la palabra hebrea 'bereshit', ¿cuál es la traducción de esta palabra al español?",

      "option1": "Al principio",

      "option2": "Que se haga la luz",

      "option3": "Cuando aún no había nada",

      "option4": "El señor Dios dijo",

      "answer":1,

      "reference":"Génesis 1:1"

    },

    {

      "ques_id": 2,

      "question": "Después de poner al hombre en un sueño profundo, ¿qué tomó el Señor Dios de él para formar una mujer",

      "option1": "Un diente",

      "option2": "Una uña",

      "option3": "Una costilla",

      "option4": "Un mechón de cabello",

      "answer": 3,

      "reference":"Génesis 1:2"

    },

    {

      "ques_id": 3,

      "question": "¿Qué bendijo el Señor Dios primero con las palabras 'Sed fecundos y multiplicaos'?",

      "option1": "El primer hombre y mujer",

      "option2": "Las criaturas marinas y las aves",

      "option3": "Las plantas",

      "option4": "Los animales terrestres",

      "answer":1,

      "reference":"Gn 1:22"

    },

    {

      "ques_id": 4,

      "question": "¿Quién fue el ángel del señor que anunció a María que concebiría y daría a luz un hijo?",

      "option1": "Gabriel",

      "option2": "Miguel",

      "option3": "Rafael",

      "option4": "Sealtiel",

      "answer":1,

      "reference":"Lc 1:31"

    },

    {

      "ques_id": 5,

      "question": "¿Cómo se llama la madre de San Juan Bautista?",

      "option1": "Salomé de Zebedeo",

      "option2": "Isabel de Zacarías",

      "option3": "María de cleofás",

      "option4": "Herodías de Felipe",

      "answer": 2,

      "reference":"Lc 1:5-6"

    },

    {

      "ques_id": 6,

      "question": "Al comienzo de la narración de la Resurrección en el evangelio de san Juan, ¿a quién se menciona que fue a la tumba de Jesús temprano en la mañana y vio quitar la piedra?",

      "option1": "María de Magdala",

      "option2": "San Juan",

      "option3": "Marta",

      "option4": "Un ángel",

      "answer":1,

      "reference":"Jn20:1"

    },

    {

      "ques_id": 7,

      "question": "En la narración de la resurrección en el evangelio de San Juan, cuando el Señor resucitado se apareció por primera vez a María Magdalena, ¿ella lo confundió con quién?",

      "option1": "El carcelero",

      "option2": "El centurión",

      "option3": "El calificador",

      "option4": "Un ángel",

      "answer": 3,

      "reference":"Juan 20:15"

    },

    {

      "ques_id": 8,

      "question": "En la genealogía de Jesús dada en el Evangelio de San Mateo, ¿cuántos conjuntos de 14 generaciones se mencionaron?",

      "option1": "Cinco",

      "option2": "Una puntuación",

      "option3": "Tres",

      "option4": "Una docena",

      "answer": 3,

      "reference":"Juan 20:15"



    },

    {

      "ques_id": 9,

      "question": "En el profeta Isaías, se dice que el niño que nacerá de la virgen recibirá este nombre que significa Dios - ¿con-nosotros?",

      "option1": "Jesús",

      "option2": "Juan",

      "option3": "Emanuel",

      "option4": "Cristos",

      "answer": 3,

      "reference":"Mt 1:23"

    },

    {

      "ques_id": 10,

      "question": "En la genealogía de Jesús dada en el Evangelio de San Mateo, el primer conjunto de 14 generaciones mencionado comenzó con Abraham y terminó con quién?",

      "option1": "David",

      "option2": "Moisés",

      "option3": "Jacob",

      "option4": "Jesús",

      "answer":1,

      "reference":"Mt 1:1-6"

    },

    {

      "ques_id": 11,

      "question": "'Porque ella fue tomada de su carne', ¿cómo llamó el primer hombre a la primera mujer?",

      "option1": "Adama",

      "option2": "Eva",

      "option3": "Mujer",

      "option4": "Esposa",

      "answer": 2,

      "reference":"Génesis 1:23"

    },

    {

      "ques_id": 12,

      "question": "¿Qué dio el señor Dios para que sirviera de alimento a todos los animales de la tierra y a todas las aves del cielo?",

      "option1": "Las plantas verdes",

      "option2": "Plantas con semillas",

      "option3": "Árboles frutales con semillas",

      "option4": "Cualquier cosa comestible",

      "answer":1,

      "reference":"Gn 1:30"

    },

    {

      "ques_id": 13,

      "question": "¿En qué día de la creación creó Dios el sol y la luna?",

      "option1": "Primero",

      "option2": "Segundo",

      "option3": "Tercero",

      "option4": "Cuarto",

      "answer": 4,

      "reference":"Génesis 1:26-31"

    },

    {

      "ques_id": 14,

      "question": "¿Qué edad tenía David cuando fue ungido rey de Israel?",

      "option1": "50",

      "option2": "20",

      "option3": "35",

      "option4": "30",

      "answer": 4,

      "reference":"2 Samuel 5:4"

    },

    {

      "ques_id": 15,

      "question": "¿Quién más, además de los reyes magos, vino a visitar a Jesús cuando era un niño pequeño?",

      "option1": "Arqueros",

      "option2": "Pastores",

      "option3": "Cazadores",

      "option4": "Agricultores",

      "answer": 2

    },

    {

      "ques_id": 16,

      "question": "¿Qué altura tenía Goliat?",

      "option1": "6 codos y un palmo",

      "option2": " 8 codos",

      "option3": "10 codos y un palmo",

      "option4": "12 codos",

      "answer":1,

      "reference":"1 Samuel 1:4"

    },

    {

      "ques_id": 17,

      "question": "¿Qué dijo Pablo que era el cumplimiento de la ley?",

      "option1": "Fe",

      "option2": "Oración",

      "option3": "Amor",

      "option4": "Matrimonio",

      "answer": 3,

      "reference":"Romanos 13:10"

    },

    {

      "ques_id": 18,

      "question": "¿Cuál es el capítulo más corto de la biblia",

      "option1": "Salmos 117",

      "option2": "Salmos 18",

      "option3": "Marca 10",

      "option4": "Juan 4",

      "answer":1,

      "reference":"Salmos 117"

    },

    {

      "ques_id": 19,

      "question": "¿Quién dijo: 'No tengo plata ni oro, pero lo que tengo te doy'?",

      "option1": "Pablo",

      "option2": "James",

      "option3": "Pedro",

      "option4": "Timoteo",

      "answer": 3,

      "reference":"Hechos 3:6"

    },

    {

      "ques_id": 20,

      "question": "¿Cuál era la edad de Moisés [años] en el momento de su muerte",

      "option1": "120",

      "option2": "100",

      "option3": "150",

      "option4": "80",

      "answer":1,

      "reference":"Deuteronomio 34:7"

    }

  ],

  "Fuera de este mundo": [

    {

      "ques_id": 1,

      "question": "¿Quién fue la persona más antigua registrada en la biblia?",

      "option1": "Matusalén",

      "option2": "Adán",

      "option3": "Abraham",

      "option4": "Salomón",

      "answer":1,

      "reference":"Génesis 5:27"

    },

    {

      "ques_id": 2,

      "question": "¿Qué edad tenía la persona más anciana registrada en la biblia?",

      "option1": "120",

      "option2": "500",

      "option3": "800",

      "option4": "969",

      "answer": 4,

      "reference":"Génesis 5:27"

    },

    {

      "ques_id": 3,

      "question": "¿Qué significa Jahwe-Schammmah?",

      "option1": "Dios con nosotros",

      "option2": "Dios mismo",

      "option3": "Jesús hijo de Dios",

      "option4": "Vida eterna",

      "answer": 2,

      "reference":"Ezequiel 48:35"

    },

    {

      "ques_id": 4,

      "question": "¿Cuántos años más añadió Dios a la vida del rey Ezequías en respuesta a la oración del rey moribundo?",

      "option1": "20",

      "option2": "50",

      "option3": "15",

      "option4": "100",

      "answer": 3,

      "reference":"2 Reyes 20:6"

    },

    {

      "ques_id": 5,

      "question": "¿A qué profetas del señor consultó el rey Josías de Judá?",

      "option1": "Amós",

      "option2": "Elías",

      "option3": "Eliseo",

      "option4": "Hulda",

      "answer": 4,

      "reference":" 2 Reyes 22:14-16"

    },

    {

      "ques_id": 6,

      "question": "¿Qué ceremonia restableció el rey Josías que no había sido celebrada por ninguno de los reyes anteriores de Israel o Judá?",

      "option1": "Pascua",

      "option2": "Ritual de sacrificio",

      "option3": "adorar",

      "option4": "Circuncisión",

      "answer":1,

      "reference":"2 Reyes 23:21"

    },

    {

      "ques_id": 7,

      "question": "¿De qué tribu de Israel era el rey Saúl?",

      "option1": "Judá",

      "option2": "Benjamín",

      "option3": "Amonitas",

      "option4": "Israel",

      "answer": 2,

      "reference":"1 Samuel 9:21"

    },

    {

      "ques_id": 8,

      "question": "A la vuelta del arca a Israel, ¿qué sacrificio ofreció Samuel al señor?",

      "option1": "A-la cabra",

      "option2": "Sacrificio humano",

      "option3": "Él sacrificó las cosechas del jardín",

      "option4": "Cordero lechal",

      "answer": 4,

      "reference":"1 Samuel 7:9"

    },

    {

      "ques_id": 9,

      "question": "¿Cómo se llamaba la esposa del rey Saúl?",

      "option1": "Débora",

      "option2": "Nombre",

      "option3": "Ahinoam",

      "option4": "Rut",

      "answer": 3,

      "reference":"1 Samuel 14:50"

    },

    {

      "ques_id": 10,

      "question": "¿Qué necesita alguien para entender la palabra de Dios?",

      "option1": "Conocimiento",

      "option2": "Espíritu Santo",

      "option3": "Sabiduría",

      "option4": "Oraciones",

      "answer": 2,

      "reference":"1 Corintios 2:11"

    },

    {

      "ques_id": 11,

      "question": "¿Quién dijo Pablo que lo juzgaba?",

      "option1": "Dios",

      "option2": "Tará",

      "option3": "Rubén",

      "option4": "Belsasar",

      "answer":1,

      "reference":" 1 Corintios 4:4"

    },

    {

      "ques_id": 12,

      "question": "En el día de Pentecostés, vino del cielo un sonido de un ____ corriendo?",

      "option1": "Trueno",

      "option2": "Lluvia",

      "option3": "Viento",

      "option4": "ruido fuerte",

      "answer": 3,

      "reference":"Hechos 2:2"

    },

    {

      "ques_id": 13,

      "question": "¿Quién ofreció pagar dinero por el poder de dar el Espíritu Santo?",

      "option1": "Juan",

      "option2": "Zacarías",

      "option3": "Simón",

      "option4": " Herodes",

      "answer": 3,

      "reference":"Hechos 8"

    },

    {

      "ques_id": 14,

      "question": "Cuando Jesús convirtió el agua en vino, convirtió el agua que estaba en tinajas de piedra. ¿Para qué se usaban normalmente estas tinajas de piedra?",

      "option1": "Bautizando",

      "option2": "Limpieza",

      "option3": "Comercio",

      "option4": "Lavado ceremonial",

      "answer": 4,

      "reference":"Juan 2:6"

    },

    {

      "ques_id": 15,

      "question": "¿Quién era el padre de Nimrod?",

      "option1": "Andrés",

      "option2": "Josué",

      "option3": "Sansón",

      "option4": "Cush",

      "answer": 4,

      "reference":"1 Crónicas 1:10"

    },

    {

      "ques_id": 16,

      "question": "¿cuáles eran los nombres de los dos hijos de Abraham (en orden de nacimiento)?",

      "option1": "Isaac y Jacob",

      "option2": "Ismael e Isaac",

      "option3": "José y Jacob",

      "option4": "Caín e Isaac",

      "answer": 2,

      "reference": "Génesis 16:1-16, 1 Crónicas 1:28"

    },

    {

      "ques_id": 17,

      "question": "¿Cuáles eran los nombres de los tres hijos de Noé en el orden de las listas bíblicas en las que están?",

      "option1": "Ham, José, Jafet",

      "option2": "Jafet, Cam, Isaac",

      "option3": "Sem, Cam y Jafet",

      "option4": "Sem, Jamón, José",

      "answer": 3,

      "reference":"Génesis 9:18-19, 1 Crónicas 1:4"

    },

    {

      "ques_id": 18,

      "question": "El señor cambió el nombre de Abraham a Abraham cuando tenía 99 años. ¿Cuál era su nombre antes de eso?",

      "option1": "Adán",

      "option2": "Abram",

      "option3": "Alfa",

      "option4": "Agag",

      "answer": 2,

      "reference": "Génesis 17:1-5"

    },

    {

      "ques_id": 19,

      "question": "¿Qué edad tenía Abraham cuando nació Isaac?",

      "option1": "103",

      "option2": "90",

      "option3": "100",

      "option4": "50",

      "answer": 3,

      "reference": "Génesis 21:5"

    },

    {

      "ques_id": 20,

      "question": "¿Cuántos libros de la biblia tienen la palabra 'Juan' en el título?",

      "option1": "4",

      "option2": "3",

      "option3": "1",

      "option4": "5",

      "answer":1,

      "reference": "Juan"

    }

  ]

}