{
  "Rookie": [
    {
      "ques_id": 1,
      "question": "Who is the first man who ever lived?",
      "option1": "Methuselah",
      "option2": "Abraham",
      "option3": "Moses",
      "option4": "Adam",
      "answer": 4
    },
    {
      "ques_id": 2,
      "question": "Who was swallowed by a very large fish?",
      "option1": "Jesus",
      "option2": "Jonah",
      "option3": "Samson",
      "option4": "Peter",
      "answer": 2
    },
    {
      "ques_id": 3,
      "question": "Who is the person God used to lead the Israelites out of Egypt",
      "option1": "Aaron",
      "option2": "Abraham",
      "option3": "Moses",
      "option4": "Jeremiah",
      "answer": 3
    },
    {
      "ques_id": 4,
      "question": "Who was the person who killed Goliath",
      "option1": "David",
      "option2": "Saul",
      "option3": "Solomon",
      "option4": "Jonathan",
      "answer": 1
    },
    {
      "ques_id": 5,
      "question": "Who was the first King of Israel?",
      "option1": "David",
      "option2": "Saul",
      "option3": "Solomon",
      "option4": "Moses",
      "answer": 2
    },
    {
      "ques_id": 6,
      "question": "What occupation did Jesus have prior to his ministry",
      "option1": "ToyMaker",
      "option2": "Fisherman",
      "option3": "Vineyard keeper",
      "option4": "Carpenter",
      "answer": 4
    },
    {
      "ques_id": 7,
      "question": "What is the name of the city in which Jesus was born?",
      "option1": "Jerusalem",
      "option2": "Bethlehem",
      "option3": "Galilee",
      "option4": "Nazareth",
      "answer": 2
    },
    {
      "ques_id": 8,
      "question": "What is the name of the sea upon which jesus walked",
      "option1": "Sea of Galilee",
      "option2": "Dead sea",
      "option3": "Read sea",
      "option4": "Mediterranean sea",
      "answer": 1
    },
    {
      "ques_id": 9,
      "question": "What is the name of the river in which John the baptist baptized people?",
      "option1": "Euphrates",
      "option2": "Nile",
      "option3": "Jordan",
      "option4": "Tigris",
      "answer": 3
    },
    {
      "ques_id": 10,
      "question": "What is the name of Andrew's brother? (Both were disciples)",
      "option1": "Peter",
      "option2": "John",
      "option3": "James",
      "option4": "Adam",
      "answer": 1
    },
    {
      "ques_id": 11,
      "question": "What was the name of Jesus Mother?",
      "option1": "Mary",
      "option2": "Martha",
      "option3": "Zipporah",
      "option4": "Sarah",
      "answer": 1
    },
    {
      "ques_id": 12,
      "question": "What was the name of the garden where Adam and Eve lived?",
      "option1": "Land of Nod",
      "option2": "Garden of Eden",
      "option3": "Bethlehem",
      "option4": "Garden of Valley",
      "answer": 2
    },
    {
      "ques_id": 13,
      "question": "With what food did jesus feed 5,000 people",
      "option1": "Wine",
      "option2": "Loaves of bread and wine",
      "option3": "Loaves of bread and fishes",
      "option4": "Water",
      "answer": 3
    },
    {
      "ques_id": 14,
      "question": "What method did the romans use to kill jesus?",
      "option1": "Stoned",
      "option2": "Cremation",
      "option3": "Crucifixion",
      "option4": "Hanged",
      "answer": 3
    },
    {
      "ques_id": 15,
      "question": "How many baskets were left over from the feeding of the 5000?",
      "option1": "7",
      "option2": "8",
      "option3": "10",
      "option4": "12",
      "answer": 1,
      "reference": "Mathew 15:13"
    },
    {
      "ques_id": 16,
      "question": "Which disciple found a coin in the mouth of a fish?",
      "option1": "Andrew",
      "option2": "Paul",
      "option3": "Peter",
      "option4": "Timothy",
      "answer": 3,
      "reference": "Mathew 1:24-27"
    },
    {
      "ques_id": 17,
      "question": "In which book of the bible do we read about Haman",
      "option1": "Exodus",
      "option2": "Esther",
      "option3": "Ruth",
      "option4": "Malachi",
      "answer": 2,
      "reference": "Esther 3"
    },
    {
      "ques_id": 18,
      "question": "Name the wife of king Agrippa, which Paul stood before on trial",
      "option1": "Bernince",
      "option2": "Herod",
      "option3": "Agag",
      "option4": "Ciaphas",
      "answer": 1,
      "reference": "Acts 25:23"
    },
    {
      "ques_id": 19,
      "question": "How old did Enoch become",
      "option1": "400",
      "option2": "350",
      "option3": "230",
      "option4": "365",
      "answer": 4,
      "reference": "Genesis 5:23"
    },
    {
      "ques_id": 20,
      "question": "How many more years did God add to King Hezekiah's life in response to the dying kings's prayer?",
      "option1": "20",
      "option2": "15",
      "option3": "100",
      "option4": "50",
      "answer": 2,
      "reference": "2 Kings 20:6"
    }
  ],
  "Enthusiast": [
    {
      "ques_id": 1,
      "question": "Who was the father of Isaac?",
      "option1": "Abraham",
      "option2": "Jacob",
      "option3": "Esau",
      "option4": "Peleq",
      "answer": 1
    },
    {
      "ques_id": 2,
      "question": "Who was the father of Rehoboam?",
      "option1": "David",
      "option2": "Nimrod",
      "option3": "Abimelech",
      "option4": "Solomon",
      "answer": 4
    },
    {
      "ques_id": 3,
      "question": "Who was the father of Methuselah?",
      "option1": "Elijah",
      "option2": "Enock",
      "option3": "Seth",
      "option4": "Jared",
      "answer": 2
    },
    {
      "ques_id": 4,
      "question": "Who killed John the Baptist?",
      "option1": "Caesar",
      "option2": "Pilate",
      "option3": "Herold",
      "option4": "Caiaphas",
      "answer": 3
    },
    {
      "ques_id": 5,
      "question": "Who was the first person killed because he believed in Christ?",
      "option1": "Peter",
      "option2": "John",
      "option3": "Barnabas",
      "option4": "Stephen",
      "answer": 4
    },
    {
      "ques_id": 6,
      "question": "Where was Saul going when he saw Jesus?",
      "option1": "Damascus",
      "option2": "Greece",
      "option3": "Rome",
      "option4": "Jerusalem",
      "answer": 1
    },
    {
      "ques_id": 7,
      "question": "Where did Jesus spend the majority of his life on earth?",
      "option1": "Jerusalem",
      "option2": "Nazareth",
      "option3": "Mount of Olives",
      "option4": "Egypt",
      "answer": 2
    },
    {
      "ques_id": 8,
      "question": "What Psalm begins, 'The Lord is my shepherd?'",
      "option1": "Psalm 91",
      "option2": "Psalm 1",
      "option3": "Psalm 104",
      "option4": "Psalm 23",
      "answer": 4
    },
    {
      "ques_id": 9,
      "question": "What was Paul's occupation as he traveled as a missionary?",
      "option1": "Shepherd",
      "option2": "Seller of Purple",
      "option3": "Tent maker",
      "option4": "Scribe",
      "answer": 3
    },
    {
      "ques_id": 10,
      "question": "What is the name of the Island upon which Barnabas lived?",
      "option1": "Greece",
      "option2": "Cyprus",
      "option3": "Rhodes",
      "option4": "Easter Island",
      "answer": 2
    },
    {
      "ques_id": 11,
      "question": "When he was approached by Jesus, who  said, 'What have you to do with me, Jesus, Son of the Most High God? I adjure you by God, do not torment me'.?",
      "option1": "Legion",
      "option2": "Terah",
      "option3": "Reuben",
      "option4": "Belshazzar",
      "answer": 1
    },
    {
      "ques_id": 12,
      "question": "Which bird does Jesus say we have more value than?",
      "option1": "Eagle",
      "option2": "Vulture",
      "option3": "Sparrow",
      "option4": "Dove",
      "answer": 3
    },
    {
      "ques_id": 13,
      "question": "Which two sisters married Jacob?",
      "option1": "Dorcas and Leah",
      "option2": "Mariam and Rachel",
      "option3": "Rachel and Leah",
      "option4": "Sarai and Hannah",
      "answer": 3
    },
    {
      "ques_id": 14,
      "question": "Into which land did God send Abraham to sacrifice his special son, Isaac?",
      "option1": "Canan",
      "option2": "Macedonia",
      "option3": "Cyprus",
      "option4": "Moriah",
      "answer": 4
    },
    {
      "ques_id": 15,
      "question": "What prophetess of the Lord did King Josiah of Judah consult",
      "option1": "Debora",
      "option2": "Huldah",
      "option3": "Naom",
      "option4": "Ruth",
      "answer": 2,
      "reference": "2 Kings 22:12-16"
    },
    {
      "ques_id": 16,
      "question": "Name Samuel's first born son?",
      "option1": "Joshua",
      "option2": "Joel",
      "option3": "Jonathan",
      "option4": "Joseph",
      "answer": 2,
      "reference": "1 Samnuel 8:2"
    },
    {
      "ques_id": 17,
      "question": "What was the name of king Saul's wife?",
      "option1": "Boam",
      "option2": "Mercy",
      "option3": "Ahinoam",
      "option4": "Noam",
      "answer": 3,
      "reference": "1 Samuel 14:50"
    },
    {
      "ques_id": 18,
      "question": "What is required for anyone to understand God's word?",
      "option1": "Prayer",
      "option2": "Love",
      "option3": "Holy spirit",
      "option4": "Angels",
      "answer": 3,
      "reference": "1 Corinthians 2:11"
    },
    {
      "ques_id": 19,
      "question": "Who did Paul say Judged him?",
      "option1": "Satan",
      "option2": "God",
      "option3": "Friend",
      "option4": "Peter",
      "answer": 2,
      "reference": "1 corinthians 4:4"
    },
    {
      "ques_id": 20,
      "question": "________ deferred makes the heart sick?",
      "option1": "Trust",
      "option2": "Hope",
      "option3": "Love",
      "option4": "Prayers",
      "answer": 2,
      "reference": "Proverbs 13:12"
    }
  ],
  "Intermediate": [
    {
      "ques_id": 1,
      "question": "Who was the wife of Moses??",
      "option1": "Elisheba",
      "option2": "Rebecca",
      "option3": "Mariam",
      "option4": "Zipporah",
      "answer": 4
    },
    {
      "ques_id": 2,
      "question": "Who was the second wife of Abraham?",
      "option1": "Esther",
      "option2": "Keturah",
      "option3": "Hagar",
      "option4": "Lydia",
      "answer": 2
    },
    {
      "ques_id": 3,
      "question": "How many chapters are contained in the Sermon on the Mount?",
      "option1": "1",
      "option2": "2",
      "option3": "3",
      "option4": "7",
      "answer": 3
    },
    {
      "ques_id": 4,
      "question": "How many times did Israel march around Jericho?",
      "option1": "13",
      "option2": "7",
      "option3": "70",
      "option4": "12",
      "answer": 1
    },
    {
      "ques_id": 5,
      "question": "How long is a cubit?",
      "option1": "approx. 12 inches",
      "option2": "12mm",
      "option3": "approx. 18 inches",
      "option4": "approx. 36 inches",
      "answer": 3
    },
    {
      "ques_id": 6,
      "question": "Where did Cain go after he had killed Abel?",
      "option1": "Garden of Eden",
      "option2": "Land of Nod",
      "option3": "Caves of Qumran",
      "option4": "Mt. Ararat",
      "answer": 2
    },
    {
      "ques_id": 7,
      "question": "Who was the son of Kish?",
      "option1": "Noah",
      "option2": "Apostle Paul",
      "option3": "Abraham",
      "option4": "King Saul",
      "answer": 4
    },
    {
      "ques_id": 8,
      "question": "Where did Rahab live?",
      "option1": "Jericho",
      "option2": "Jerusalem",
      "option3": "Nineveh",
      "option4": "Ai",
      "answer": 1
    },
    {
      "ques_id": 9,
      "question": "Where did Dorcas live?",
      "option1": "Bethel",
      "option2": "Joppa",
      "option3": "Caesarea",
      "option4": "Antioch",
      "answer": 2
    },
    {
      "ques_id": 10,
      "question": "Where is the 'Street called Straight'",
      "option1": "Jerusalem",
      "option2": "Rome",
      "option3": "Babylon",
      "option4": "Damascus",
      "answer": 4
    },
    {
      "ques_id": 11,
      "question": "After he fled for his life, which tree did Elijah sleep under",
      "option1": "Oak",
      "option2": "Pine",
      "option3": "Juniper",
      "option4": "Spruce",
      "answer": 3,
      "reference": "1 Kings 19:5"
    },
    {
      "ques_id": 12,
      "question": "Judas betrayed Jesus for exactly how many coins of silver?",
      "option1": "30",
      "option2": "20",
      "option3": "50",
      "option4": "10",
      "answer": 1,
      "reference": "Mathew 26:15"
    },
    {
      "ques_id": 13,
      "question": "Name David's father",
      "option1": "Oman",
      "option2": "Jesse",
      "option3": "Joshua",
      "option4": "Solomon",
      "answer": 2,
      "reference": "1Samuel 1:12"
    },
    {
      "ques_id": 14,
      "question": "God is not mentioned in only 1 book of the Bible",
      "option1": "Esther",
      "option2": "Ruth",
      "option3": "Malachi",
      "option4": "Exodus",
      "answer": 1,
      "reference": "Esther"
    },
    {
      "ques_id": 15,
      "question": "For how many pieces of silver was Joshua sold by his brothers to the Ishmeelites",
      "option1": "50",
      "option2": "12",
      "option3": "20",
      "option4": "100",
      "answer": 3,
      "reference": "Genesis 37:28"
    },
    {
      "ques_id": 16,
      "question": "How many apostles did Jesus choose",
      "option1": "12",
      "option2": "14",
      "option3": "10",
      "option4": "08",
      "answer": 1,
      "reference": "Luke 6:13"
    },
    {
      "ques_id": 17,
      "question": "The angel said to Mary that Jesus would reign over the house of which old Testament character",
      "option1": "David",
      "option2": " Jacob",
      "option3": "Abraham",
      "option4": "Moses",
      "answer":2,
      "reference": "Luke 1:13"
    },
    {
      "ques_id": 18,
      "question": "Which prophet said , ' Out of Egypt have i called my son' ?",
      "option1": "Jeremiah",
      "option2": "Isaiah",
      "option3": "Hosea",
      "option4": "Ezekiel",
      "answer": 3,
      "reference": "Hosea 11:1"
    },
    {
      "ques_id": 19,
      "question": "What type of tree did Jesus curse?",
      "option1": "Fig",
      "option2": "Vineyard",
      "option3": "Pine",
      "option4": "oak",
      "answer": 1,
      "reference": "Mark 11:12-14"
    },
    {
      "ques_id": 20,
      "question": "Who did Saul request a medium bring up for him",
      "option1": "Eli",
      "option2": "Nathan",
      "option3": "Samuel",
      "option4": "David",
      "answer": 3,
      "reference": "1 samuel 28:11"
    }
  ],
  "Pro": [
    {
      "ques_id": 1,
      "question": "Who carried the cross for Christ?",
      "option1": "Philip",
      "option2": "Simon of Cyrene",
      "option3": "Ahab",
      "option4": "Micah",
      "answer": 2
    },
    {
      "ques_id": 2,
      "question": "How many companions did the Philistines give to Samson at the feast in Timnah?",
      "option1": "30",
      "option2": "31",
      "option3": "32",
      "option4": "33",
      "answer": 1
    },
    {
      "ques_id": 3,
      "question": "How old was Anna the prophetess when she saw Jesus?",
      "option1": "83",
      "option2": "84",
      "option3": "88",
      "option4": "92",
      "answer": 2
    },
    {
      "ques_id": 4,
      "question": "What did the Queen of Sheba give to Solomon?",
      "option1": "(124 talents of) gold, spices, and precious stones",
      "option2": "(120 talents of) gold, spices, and precious stones",
      "option3": "(18 talents of) gold, spices, and precious stones",
      "option4": "(221 talents of) gold, spices, and precious stones",
      "answer": 2
    },
    {
      "ques_id": 5,
      "question": "How many books are there in the Old Testament?",
      "option1": "37",
      "option2": "38",
      "option3": "39",
      "option4": "40",
      "answer": 3
    },
    {
      "ques_id": 6,
      "question": "How many rivers did the river in Eden split into once it left the garden?",
      "option1": "4",
      "option2": "3",
      "option3": "6",
      "option4": "8",
      "answer": 1
    },
    {
      "ques_id": 7,
      "question": "What did Joseph want to do when he discovered Mary was pregnant?",
      "option1": "Throw a party",
      "option2": "Divorce her",
      "option3": "Run away",
      "option4": "None of the above",
      "answer": 2
    },
    {
      "ques_id": 8,
      "question": "What color was the High Priest’s robe?",
      "option1": "Blue",
      "option2": "White",
      "option3": "Green",
      "option4": "Red",
      "answer": 1
    },
    {
      "ques_id": 9,
      "question": "What did Boaz say Naomi was selling?",
      "option1": "A parcel of land",
      "option2": "Gold",
      "option3": "Her child",
      "option4": "Food",
      "answer": 1
    },
    {
      "ques_id": 10,
      "question": "In the parable of the debtors, one owed 500 denarii (pence), but how much did the other one owe",
      "option1": "70",
      "option2": "50",
      "option3": "45",
      "option4": "80",
      "answer": 2
    },
    {
      "ques_id": 11,
      "question": "How much of Elijah’s spirit did Elisha receive?",
      "option1": "Little",
      "option2": "Single portion",
      "option3": "Wholesome",
      "option4": "Double portion",
      "answer": 4
    },
    {
      "ques_id": 12,
      "question": "What was unusual about the 700  Benjamite soldiers who could sling a stone and hit their target every time?",
      "option1": "They were all left-handed",
      "option2": "They all looked alike",
      "option3": "They had no shoes",
      "option4": "None of the above",
      "answer": 1
    },
    {
      "ques_id": 13,
      "question": "What relation was Annas to Caiaphas?",
      "option1": "Brother",
      "option2": "Uncle",
      "option3": "Cousins",
      "option4": "Father-in-law",
      "answer": 4
    },
    {
      "ques_id": 14,
      "question": "What should you not 'throw before swine'",
      "option1": "Pebbles",
      "option2": "Stones",
      "option3": "Pearls",
      "option4": "Stick",
      "answer": 3
    },
    {
      "ques_id": 15,
      "question": "When in prison at what time did Paul and Silas pray and sing to God?",
      "option1": "Morning",
      "option2": "Afternoon",
      "option3": "Evening",
      "option4": "Midnight",
      "answer": 4
    },
    {
      "ques_id": 16,
      "question": "What did Daniel and his three friends eat instead of the king's meat and drink?",
      "option1": "Bread",
      "option2": "Wine and bread",
      "option3": "Pulses and water",
      "option4": "Nothing",
      "answer": 3
    },
    {
      "ques_id": 17,
      "question": "What is the name of Jesus' cousin,  born six months before him?",
      "option1": "John",
      "option2": "Peter",
      "option3": "Paul",
      "option4": "Michael",
      "answer": 1
    },
    {
      "ques_id": 18,
      "question": "In which city did King Herod live at the time of Jesus' birth?",
      "option1": "Jerusalem",
      "option2": "Rome",
      "option3": "Babylon",
      "option4": "Bethlehem",
      "answer": 1
    },
    {
      "ques_id": 19,
      "question": "How many plagues did God send on Egypt?",
      "option1": "4",
      "option2": "8",
      "option3": "10",
      "option4": "12",
      "answer": 3
    },
    {
      "ques_id": 20,
      "question": "For how many pieces of silver did Judas betray Christ?",
      "option1": "20",
      "option2": "30",
      "option3": "40",
      "option4": "50",
      "answer": 2
    },
    {
      "ques_id": 21,
      "question": "For how many days did Jesus appear to his disciples after his resurrection?",
      "option1": "30",
      "option2": "7",
      "option3": "40",
      "option4": "11",
      "answer": 3
    },
    {
      "ques_id": 22,
      "question": "How many churches of Asia Minor were listed in Revelation?",
      "option1": "7",
      "option2": "8",
      "option3": "9",
      "option4": "10",
      "answer": 1
    }
  ],
  "Genius": [
    {
      "ques_id": 1,
      "question": "Who was the son of Eleazar, the son of Aaron?",
      "option1": "Putiel",
      "option2": "Korah",
      "option3": "Phinehas",
      "option4": "Izhar",
      "answer": 3
    },
    {
      "ques_id": 2,
      "question": "Who was the son of Omri, the king of Israel?",
      "option1": "Ahab",
      "option2": "Joram",
      "option3": "Zimri",
      "option4": "Ginath",
      "answer": 1
    },
    {
      "ques_id": 3,
      "question": "Who was the husband of Naomi from the book of Ruth?",
      "option1": "Boaz",
      "option2": "Elkanah",
      "option3": "Obed",
      "option4": "Elimelech",
      "answer": 4
    },
    {
      "ques_id": 4,
      "question": "How many letters are in the longest name in the Bible?",
      "option1": "16",
      "option2": "18",
      "option3": "22",
      "option4": "25",
      "answer": 2
    },
    {
      "ques_id": 5,
      "question": "Who killed Sisera?",
      "option1": "David",
      "option2": "Ahab",
      "option3": "Saul",
      "option4": "Jael",
      "answer": 4
    },
    {
      "ques_id": 6,
      "question": "How wide was Noah's ark?",
      "option1": "35 cubits",
      "option2": "50 cubits",
      "option3": "75 cubits",
      "option4": "90 cubits",
      "answer": 2
    },
    {
      "ques_id": 7,
      "question": "How wide was the Ark of the Covenant?",
      "option1": "1.5 cubits",
      "option2": "2 cubits",
      "option3": "3 cubits",
      "option4": "1 cubit",
      "answer": 1
    },
    {
      "ques_id": 8,
      "question": "What was the name of Elisha's servant?",
      "option1": "Jehoram",
      "option2": "Shaphat",
      "option3": "Gehazi",
      "option4": "Hazael",
      "answer": 3
    },
    {
      "ques_id": 9,
      "question": "What was the name of Paul's famous teacher?",
      "option1": "Justus",
      "option2": "Gamaliel",
      "option3": "Caiaphas",
      "option4": "Socrates",
      "answer": 2
    },
    {
      "ques_id": 10,
      "question": "What judge of Israel was born in Bethlehem?",
      "option1": "David",
      "option2": "Ibzan",
      "option3": "Deborah",
      "option4": "Gideon",
      "answer": 2
    },
    {
      "ques_id": 11,
      "question": "When he was approached by Jesus, who  said, 'What have you to do with me, Jesus, Son of the Most High God? I adjure you by God, do not torment me'.?",
      "option1": "Legion",
      "option2": "Terah",
      "option3": "Reuben",
      "option4": "Belshazzar",
      "answer": 1
    },
    {
      "ques_id": 12,
      "question": "Which bird does Jesus say we have more value than?",
      "option1": "Eagle",
      "option2": "Vulture",
      "option3": "Sparrow",
      "option4": "Dove",
      "answer": 3
    },
    {
      "ques_id": 13,
      "question": "Which two sisters married Jacob?",
      "option1": "Dorcas and Leah",
      "option2": "Mariam and Rachel",
      "option3": "Rachel and Leah",
      "option4": "Sarai and Hannah",
      "answer": 3
    },
    {
      "ques_id": 14,
      "question": "Into which land did God send Abraham to sacrifice his special son, Isaac?",
      "option1": "Canan",
      "option2": "Macedonia",
      "option3": "Cyprus",
      "option4": "Moriah",
      "answer": 4
    },
    {
      "ques_id": 15,
      "question": "Which Psalm is the verse 'H e makes me lie down in green pastures, he leads me beside quiet waters ,' from?",
      "option1": "25",
      "option2": "22",
      "option3": "30",
      "option4": "23",
      "answer": 4,
      "reference": "Psalms 23;2"
    },
    {
      "ques_id": 16,
      "question": "The fear of the lord is the beginning of ........ ",
      "option1": "Knowledge",
      "option2": "Wisdom",
      "option3": "Money",
      "option4": "Love",
      "answer": 1,
      "reference": ""
    },
    {
      "ques_id": 17,
      "question": "What city did the Lord tell Jonah to preach against ?",
      "option1": "Jerusalem",
      "option2": "Nineveh",
      "option3": "Babylon",
      "option4": "Judah",
      "answer": 2,
      "reference": "Jonah 1:2"
    },
    {
      "ques_id": 18,
      "question": "Which of these books [Philippians,Colossians,Galatians,or Ephesians ] come first in the bible",
      "option1": "Colossians",
      "option2": "Galatians",
      "option3": "Ephesians",
      "option4": "Philippians",
      "answer": 2,
      "reference": "New testament, letters of Paul"
    },
    {
      "ques_id": 19,
      "question": "How many chapters does the Book Hebrews have?",
      "option1": "13",
      "option2": "15",
      "option3": "10",
      "option4": "16",
      "answer": 1,
      "reference": "Hebrews 1-13"
    },
    {
      "ques_id": 20,
      "question": "What is the name of the storm winds which can hit crete?",
      "option1": "Moonsoon",
      "option2": "Euroklydon",
      "option3": "Overflow",
      "option4": "None of the above",
      "answer": 2,
      "reference": "Acts 2:14"
    }
  ],
  "Expert": [
    {
      "ques_id": 1,
      "question": "Which of these was not a king of israel or judah",
      "option1": "Sennacherib",
      "option2": "Jehoiachim",
      "option3": "Zedekiah",
      "option4": "David",
      "answer": 1
    },
    {
      "ques_id": 2,
      "question": "Who persuaded Samson into revealing the secret of the great strength",
      "option1": "Dinah",
      "option2": "Ruth",
      "option3": "Delilah",
      "option4": "Martha",
      "answer": 3
    },
    {
      "ques_id": 3,
      "question": "And thy heaven that is over thy head shall be_____, and the earth that is under thee shall be iron",
      "option1": "Brass",
      "option2": "Steel",
      "option3": "Silver",
      "option4": "Gold",
      "answer": 1
    },
    {
      "ques_id": 4,
      "question": "Where can one find the words: Trust in Jehovah with all your heart and lean not on your own understanding  ",
      "option1": "Proverbs 3:5",
      "option2": "Proverbs 5:3",
      "option3": "Proverbs 35:3",
      "option4": "Proverbs 4:3",
      "answer": 1
    },
    {
      "ques_id": 5,
      "question": "which disciple denied jesus three times",
      "option1": "Peter",
      "option2": "Andrew",
      "option3": "John",
      "option4": "Judas",
      "answer": 1
    },
    {
      "ques_id": 6,
      "question": "The memory of the just is blessed: but the name of the wicked shall",
      "option1": "Win",
      "option2": "Rot",
      "option3": "Bloom",
      "option4": "flourish",
      "answer": 2
    },
    {
      "ques_id": 7,
      "question": "Before jesus started preaching ,what was his job?",
      "option1": "carpenter",
      "option2": "scholar",
      "option3": "Doctor",
      "option4": "Teacher",
      "answer": 1
    },
    {
      "ques_id": 8,
      "question": "Zoan was used in the bible as a parallel for what nation'",
      "option1": "Egypt",
      "option2": "Assyria",
      "option3": "Babylon",
      "option4": "Sinai",
      "answer": 1
    },
    {
      "ques_id": 9,
      "question": "Which Old Testament character showed his faith by being willing to offer his son on an alter to God ",
      "option1": "Noah",
      "option2": "Abraham",
      "option3": "shealtiel",
      "option4": "Moses",
      "answer": 2
    },
    {
      "ques_id": 10,
      "question":"What did the sailors of the ship jonah was on do to increase their chances of survival",
      "option1": "They sailed north",
      "option2": "Threw the cargo overboard",
      "option3": "Begged God for forgiveness",
      "option4": "None of the above",
      "answer": 2
    },
    {
      "ques_id": 11,
      "question": "What was Esau doing while jacob stole his blessing?",
      "option1": "Hunting",
      "option2": "Farming",
      "option3": "FIshing",
      "option4": "Traveling",
      "answer": 1
    },
    {
      "ques_id": 12,
      "question": "Who ran from Mount carmel to Samaria faster than Ahab could drive his chariot?",
      "option1": "Elisha",
      "option2": "Gehazi",
      "option3": "Elijah",
      "option4": "Amos",
      "answer": 3
    },
    {
      "ques_id": 13,
      "question": "What did God do on the seventh day, after ?",
      "option1": "Rested",
      "option2": "Created humans",
      "option3": "He assigned man to take care of his creations",
      "option4": "Created birds",
      "answer": 1
    },
    {
      "ques_id": 14,
      "question": "Who claimed that the golden calf simply came out of the fire?",
      "option1": "Joshua",
      "option2": "Aaron",
      "option3": "Miriam",
      "option4": "Debora",
      "answer": 42
    },
    {
      "ques_id": 15,
      "question": "Wha did king Solomon ask for when God appeared to him in a dream  ",
      "option1": "Long life and knowledge",
      "option2": "Wisdom [to judge between good and evil]",
      "option3": "Wealth",
      "option4": "Money",
      "answer": 2
    },
    {
      "ques_id": 16,
      "question": "Complete the proverbial saying; Anyone foolish, when keeping silent is regareded as being -------?",
      "option1": "Peaceful",
      "option2": "Stupid",
      "option3": "Wise",
      "option4": "Arrogant",
      "answer": 3
    },
    {
      "ques_id": 17,
      "question": "How should one receive the kingdom of God?",
      "option1": "With hidden motives",
      "option2": "Like a child",
      "option3": "With pride",
      "option4": "Through agents",
      "answer": 2
    },
    {
      "ques_id": 18,
      "question": "What was the name of Abraham's first wife",
      "option1": "Sarah",
      "option2": "Miriam",
      "option3": "Roda",
      "option4": "Ruth",
      "answer": 1
    },
    {
      "ques_id": 19,
      "question": " King Saul disobeyed Jehovah's command and spared the life of what Amelekite king",
      "option1": "Balak",
      "option2": "Dagon",
      "option3": "Agag",
      "option4": "Nathan",
      "answer": 3
    },
    {
      "ques_id": 20,
      "question": "On what were the Ten commandments written. ",
      "option1": "Two scrolls",
      "option2": "Two tablets of stone",
      "option3": "The walls of Jericho",
      "option4": "Two books",
      "answer": 1
    }
  ],
  "Master": [
    {
      "ques_id": 1,
      "question": "About whom was it recorded that 'all were reasoning in their hearts;' May he perhaps be the christ?",
      "option1": "Elijah",
      "option2": "John",
      "option3": "Malachi",
      "option4": "Peter",
      "answer": 2
    },
    {
      "ques_id": 2,
      "question": "What are the names of Joseph's parents",
      "option1": "Jacob and Rebeka",
      "option2": "Jacob and Leah",
      "option3": "Jacob and Rachel",
      "option4": "Jacob and Ruth",
      "answer": 3
    },
    {
      "ques_id": 3,
      "question": "Of all the people mentioned in the bible ,which one lived the longest?",
      "option1": "Methuselah",
      "option2": "JJared",
      "option3": "Abraham",
      "option4": "Adam",
      "answer": 1
    },
    {
      "ques_id": 4,
      "question": "What did Jesus say to those who accused the adulteress?",
      "option1": "Behold, there is none righteous",
      "option2": "He that is without sin, let him first cast a stone",
      "option3": "Woe to you who accuses this woman",
      "option4": " kill her",
      "answer": 2
    },
    {
      "ques_id": 5,
      "question": "To which city will  all nations one day go to worship God?",
      "option1": "Damascus",
      "option2": "Jerusalem",
      "option3": "Cilicia",
      "option4": "Judah",
      "answer": 2
    },
    {
      "ques_id": 6,
      "question": "Which of David's descendants will reign forever",
      "option1": "Rehoboam",
      "option2": "Jesus",
      "option3": "Solomon",
      "option4": "Jeroboam",
      "answer": 2
    },
    {
      "ques_id": 7,
      "question": "Who was Timothy's devout mother",
      "option1": "Lois",
      "option2": "Phoebe",
      "option3": "Eunice",
      "option4": "Magdalene",
      "answer": 3
    },
    {
      "ques_id": 8,
      "question": "Why did king Solomon turn away from God when he was old",
      "option1": "His foreign wives turned his heart after other gods",
      "option2": "He became proud ",
      "option3": "He loved women more than God",
      "option4": "He worshiped idols",
      "answer": 1
    },
    {
      "ques_id": 9,
      "question": "Who fled to the tent of Jehovah for safety, but was killed there anyway?",
      "option1": "Joab",
      "option2": "Saul",
      "option3": "Ammon",
      "option4": "Esau",
      "answer": 1
    },
    {
      "ques_id": 10,
      "question": "Which king dreamt about a large statue of a man made from different metals",
      "option1": "Ahab",
      "option2": "David",
      "option3": "malach",
      "option4": "Nebuchadnezzar",
      "answer": 4
    },
    {
      "ques_id": 11,
      "question": "Where is the 'best place to pray'?",
      "option1": "In your closet with the door shut",
      "option2": "In the church",
      "option3": "In a quiet place",
      "option4": "On the way",
      "answer": 1
    },
    {
      "ques_id": 12,
      "question": "Where can one find the words : Trust in jehovah with all your heart and lean not on your own understanding?",
      "option1": "Proverbs 3:5",
      "option2": "Proverbs 35:3",
      "option3": "Proverbs 5:3",
      "option4": "Proverbs 6:4",
      "answer": 1
    },
    {
      "ques_id": 13,
      "question": "When Jesus was in thee wilderness, what was he tempted to turn into loaves of bread?",
      "option1": "Mounds",
      "option2": "Rocks",
      "option3": "Stones",
      "option4": "Soil",
      "answer": 3
    },
    {
      "ques_id": 14,
      "question": "What was special about Ehud [a judge over Israel who killed Elgon the king of Moab",
      "option1": "He was very young",
      "option2": "He was left handed",
      "option3": "He was blind",
      "option4": "He was very old",
      "answer": 2
    },
    {
      "ques_id": 15,
      "question": " What happened to the city of Jericho after the priest blew their trumpets",
      "option1": "The people fled to another land",
      "option2": "The animals died",
      "option3": "Walls fell down",
      "option4": "People migrated",
      "answer": 3
    },
    {
      "ques_id": 16,
      "question": "According to John 1:1, what was in the beginning with God",
      "option1": "The Word",
      "option2": "An angel",
      "option3": "Jesus",
      "option4": "John",
      "answer": 1
    },
    {
      "ques_id": 17,
      "question": "How many Psalms are in the book of Psalms?",
      "option1": "150",
      "option2": "170",
      "option3": "120",
      "option4": "190",
      "answer": 1
    },
    {
      "ques_id": 18,
      "question": " Not everyone that says to me 'Lord,Lord,' shall enter into the kingdom of Heaven. Who then shall enter into his kingdom",
      "option1": "He who does the will of God",
      "option2": "He who performs miracles",
      "option3": "He who gets baptized",
      "option4": "He who preaches the word of God",
      "answer": 1
    },
    {
      "ques_id": 19,
      "question": "Who was the first king of the 10- tribes of israel?",
      "option1": "Jeroboam",
      "option2": "Rehoboth",
      "option3": "Joab",
      "option4": "Rehoboam",
      "answer": 1
    },
    {
      "ques_id": 20,
      "question": "According to Jeremiah, how many years was the nation of israel to remain captive under the King of Babylon?",
      "option1": "120 years",
      "option2": "40 years",
      "option3": "70 years",
      "option4": "80 years",
      "answer": 3
    }
  ],
  "Grand master": [
    {
      "ques_id": 1,
      "question": "Which river was Naaman told to wash in to rid himself of leprosy?",
      "option1": "Nile",
      "option2": "Jordan",
      "option3": "Galilee",
      "option4": "Bible does not say",
      "answer": 2
    },
    {
      "ques_id": 2,
      "question": "Who was the father of Rehoboam?",
      "option1": "David",
      "option2": "Nimrod",
      "option3": "Abimelech",
      "option4": "Solomon",
      "answer": 4
    },
    {
      "ques_id": 3,
      "question": "How long did David rule as king?",
      "option1": "Thirty years",
      "option2": "Forty years",
      "option3": "Twenty five years",
      "option4": "Eighty years",
      "answer": 2
    },
    {
      "ques_id": 4,
      "question": "In Jesus' explanation of the parable of the sower. what is represented by the seed",
      "option1": "Faith",
      "option2": "The word of God",
      "option3": "Jesus",
      "option4": "Love",
      "answer": 2
    },
    {
      "ques_id": 5,
      "question": "Which plant is 'the least of all seeds, but when it is grown, it is the greatest among herbs?",
      "option1": "Olive",
      "option2": "Mustard",
      "option3": "Oak",
      "option4": "Grape",
      "answer": 2
    },
    {
      "ques_id": 6,
      "question": "What was the name of Moses' brother?",
      "option1": "Alphaeus",
      "option2": "John",
      "option3": "Aaron",
      "option4": "Joshua",
      "answer": 3
    },
    {
      "ques_id": 7,
      "question": "From which part of Adam's body did God create Eve ?",
      "option1": "Heart",
      "option2": "Brain",
      "option3": "Rib",
      "option4": "Head",
      "answer": 3
    },
    {
      "ques_id": 8,
      "question": "Zacharias and Elizabeth were told by an angel that they would have a son, what was he to be called'",
      "option1": "Elijah",
      "option2": "Jesus",
      "option3": "John",
      "option4": "James",
      "answer": 3
    },
    {
      "ques_id": 9,
      "question": "What significant event is recorded in Genesis chapter 1 and 2",
      "option1": "Transportation",
      "option2": "Creation",
      "option3": "Purification",
      "option4": "Sacrifice",
      "answer": 2
    },
    {
      "ques_id": 10,
      "question": "What was the relationship between Moses and Korah",
      "option1": "They were both from the tribe of Judah",
      "option2": "They were brothers",
      "option3": "They were cousins",
      "option4": "They were friends",
      "answer": 3
    },
    {
      "ques_id": 11,
      "question": "What did Naomi tell the people in Bethlehem to call her",
      "option1": "Mara",
      "option2": "Naama",
      "option3": "Bathsheba",
      "option4": "Mary",
      "answer": 1
    },
    {
      "ques_id": 12,
      "question": "Name the Jewish maiden who married a persian king ?",
      "option1": "Naomi",
      "option2": "Deborah",
      "option3": "Esther",
      "option4": "Jude",
      "answer": 3
    },
    {
      "ques_id": 13,
      "question": "What does the seven golden lampstands of  Revelation 1:20 symbolize?",
      "option1": "Seven congregation",
      "option2": "Seven angels",
      "option3": "Seven kings",
      "option4": "Seven people",
      "answer": 1
    },
    {
      "ques_id": 14,
      "question": "Where can the following words be found :'but God chose the foolish things of the world, that he might put the wise men to shame?",
      "option1": "Acts",
      "option2": "Romans",
      "option3": "1 Corinthians",
      "option4": "John",
      "answer": 3
    },
    {
      "ques_id": 15,
      "question": " What was noticeable about Jacob's twin brother, Esau at birth",
      "option1": "He had deep intense eyes",
      "option2": "He was very handsome",
      "option3": "He was red and hairy",
      "option4": "He was very black",
      "answer": 3
    },
    {
      "ques_id": 16,
      "question": ",Who cut off Samson's hair ?",
      "option1": "His arch enemy,the Hulk",
      "option2": "Delilah",
      "option3": "Another man",
      "option4": "His friends",
      "answer": 2
    },
    {
      "ques_id": 17,
      "question": "Who wrote the books of 1st and 2nd Kings?",
      "option1": "Elijah",
      "option2": "Jeremiah",
      "option3": "Gad",
      "option4": "Nathan",
      "answer": 2
    },
    {
      "ques_id": 18,
      "question": "Which of the gospels appears last in the Bible",
      "option1": "Nicodemus",
      "option2": "John ",
      "option3": "Andrews",
      "option4": "Mark",
      "answer": 2
    },
    {
      "ques_id": 19,
      "question": "What happened to anyone whose name was not found written in the book of life?",
      "option1": "They were declared un worthy of salvation",
      "option2": "They perished",
      "option3": "They died",
      "option4": "They were cast in the lake of fire",
      "answer": 4
    },
    {
      "ques_id": 20,
      "question": "Who was the strongest man to have ever lived?",
      "option1": "Goliath",
      "option2": "Samson",
      "option3": "Jesus",
      "option4": "Agag",
      "answer": 2
    }
  ],
  "Legend": [
    {
      "ques_id": 1,
      "question": "The book of Genesis opens with the Hebrew word 'bereshit', what is this word's translation into English",
      "option1": "In the beginning ",
      "option2": "Let there be light",
      "option3": "When yet there was nothing",
      "option4": "The lord God said",
      "answer": 1,
      "reference":"Gn 1:1"
    },
    {
      "ques_id": 2,
      "question": "After putting the man to a deep sleep what did the lord God take from him to build into a woman",
      "option1": "A tooth",
      "option2": "A fingernail",
      "option3": "A rib",
      "option4": "A strand of hair",
      "answer": 3,
      "reference":"Gn 1:2"
    },
    {
      "ques_id": 3,
      "question": "What did the lord God first bless with the words ' Be fertile and multiply'?",
      "option1": "The first man and woman",
      "option2": "The sea creatures and birds",
      "option3": "The plants",
      "option4": "The land animals",
      "answer": 1,
      "reference":"Gn 1:22"
    },
    {
      "ques_id": 4,
      "question": "Who was the angel of the lord that announced to Mary that she would conceive and bear a son?",
      "option1": "Gabriel",
      "option2": "Michael",
      "option3": "Raphael",
      "option4": "Sealtiel",
      "answer": 1,
      "reference":"Lk 1:31"
    },
    {
      "ques_id": 5,
      "question": "What is the name of the mother of St .John the Baptist?",
      "option1": "Salome of Zebedee",
      "option2": "Elizabeth of Zachariah",
      "option3": "Mary of cleofas",
      "option4": "Herodias of Philip",
      "answer": 2,
      "reference":"Lk 1:5-6"
    },
    {
      "ques_id": 6,
      "question": "At the start of the Resurrection narrative in st. John's gospel, who was mentioned as going to the tomb of jesus early in the morning and seeing the stone removed?",
      "option1": "Mary of Magdala",
      "option2": "St. John",
      "option3": "Martha",
      "option4": "An angel",
      "answer": 1,
      "reference":"Jn20:1"
    },
    {
      "ques_id": 7,
      "question": "In the resurrection narrative in St . john's gospel , when the risen lord first appeared to Mary Magdalene, she mistook him for who?",
      "option1": "The jailer",
      "option2": "The centurion",
      "option3": "The gradener",
      "option4": "An angel",
      "answer": 3,
      "reference":"Jn 20:15"
    },
    {
      "ques_id": 8,
      "question": "In the genealogy of Jesus given in the Gospel of St . Mathew, how many sets of 14 generations were mentioned",
      "option1": "Five",
      "option2": "A score",
      "option3": "Three",
      "option4": "A dozen",
      "answer": 3,
      "reference":"John 20:15"

    },
    {
      "ques_id": 9,
      "question": "In the prophet Isaiah, it is said that the boy to be born of the virgin shall be given this name which means God  - with- us?",
      "option1": "Jesus",
      "option2": "John",
      "option3": "Emmanuel",
      "option4": "Christos,",
      "answer": 3,
      "reference":"Mt 1 :23"
    },
    {
      "ques_id": 10,
      "question": "In the geneology of Jesus given in the Gospel of St. Mathew, the first set of 14 generations mentioned started with Abraham and ended with whom?",
      "option1": "David",
      "option2": "Moses",
      "option3": "Jacob",
      "option4": "Jesse",
      "answer": 1,
      "reference":"Mt 1:1-6"
    },
    {
      "ques_id": 11,
      "question": "'Because she was taken from out of his flesh' , what did the first man call the first woman?",
      "option1": "Adama",
      "option2": "Eve",
      "option3": "Woman",
      "option4": "Wife",
      "answer": 2,
      "reference":"Gen 1:23"
    },
    {
      "ques_id": 12,
      "question": "What did the lord God give to serve as food for all the animals of the land and all the birds of the air?",
      "option1": "The green plants",
      "option2": "Seed-bearing plants",
      "option3": "Seed-bearing fruit trees",
      "option4": "Anything edible",
      "answer": 1,
      "reference":"Gn 1:30"
    },
    {
      "ques_id": 13,
      "question": "In which day of creation did God create the sun and the moon?",
      "option1": "First ",
      "option2": "Second",
      "option3": "Third",
      "option4": "Fourth",
      "answer": 4,
      "reference":"Gen 1:26-31"
    },
    {
      "ques_id": 14,
      "question": "How old was David when e was anointed king of Israel?",
      "option1": "50",
      "option2": "20",
      "option3": "35",
      "option4": "30",
      "answer": 4,
      "reference":"2Samuel 5:4"
    },
    {
      "ques_id": 15,
      "question": " Who else apart from the wise men came to visit jesus when he was a small child.",
      "option1": "Archers",
      "option2": "Shepherds",
      "option3": "Hunters",
      "option4": "Farmers",
      "answer": 2
    },
    {
      "ques_id": 16,
      "question": "How tall was Goliath?",
      "option1": "6 cubits and a span",
      "option2": " 8 cubits",
      "option3": "10 cubits and a span",
      "option4": "12 cubits",
      "answer": 1,
      "reference":"1 Samuel 1:4"
    },
    {
      "ques_id": 17,
      "question": " What did Paul say was the fulfillment of te law?",
      "option1": "Faith",
      "option2": "Prayer",
      "option3": "Love",
      "option4": "Marriage",
      "answer": 3,
      "reference":"Romans 13:10"
    },
    {
      "ques_id": 18,
      "question": "What is the shortest chapter in the bible",
      "option1": "Psalms 117",
      "option2": "Psalms 18",
      "option3": "Mark 10",
      "option4": "John 4",
      "answer": 1,
      "reference":"Psalms 117"
    },
    {
      "ques_id": 19,
      "question": "  Who said ,'Silver and gold have i none ;but such as i have i give thee'?",
      "option1": "Paul",
      "option2": "James",
      "option3": "Peter",
      "option4": "Timothy",
      "answer": 3,
      "reference":"Acts 3:6"
    },
    {
      "ques_id": 20,
      "question": " What was the age of Moses[years] at rhe time of his demise",
      "option1": "120",
      "option2": "100",
      "option3": "150",
      "option4": "80",
      "answer": 1,
      "reference":"Deuteronomy 34:7"
    }
  ],
  "Out of this world": [
    {
      "ques_id": 1,
      "question": "Who was oldest person recorded in the bible?",
      "option1": "Methuselah",
      "option2": "Adam",
      "option3": "Abraham",
      "option4": "Solomon",
      "answer": 1,
      "reference":"Genesis 5:27"
    },
    {
      "ques_id": 2,
      "question": "How old was the oldest person recorded in the bible?",
      "option1": "120",
      "option2": "500",
      "option3": "800",
      "option4": "969",
      "answer": 4,
      "reference":"Genesis 5:27"
    },
    {
      "ques_id": 3,
      "question": "What does Jahwe-Schammmah mean?",
      "option1": "God with us",
      "option2": "God himself",
      "option3": "Jesus son of God",
      "option4": "Everlasting life",
      "answer": 2,
      "reference":"Ezekiel 48:35"
    },
    {
      "ques_id": 4,
      "question": "How many more years did God add to king Hezekiah's life in response to the dying king's prayer?",
      "option1": "20",
      "option2": "50",
      "option3": "15",
      "option4": "100",
      "answer": 3,
      "reference":"2 Kings 20:6"
    },
    {
      "ques_id": 5,
      "question": "What prophets of the lord did king Josiah of Judah consult?",
      "option1": "Amos",
      "option2": "Elijah",
      "option3": "Elisha",
      "option4": "Huldah",
      "answer": 4,
      "reference":" 2 Kings 22:14-16"
    },
    {
      "ques_id": 6,
      "question": "What ceremony did king Josiah reinstate that had not been celebrated by any of the previous kings of Israel or Judah??",
      "option1": "Passover",
      "option2": "Sacrifice ritual",
      "option3": "worship",
      "option4": "Circumcision",
      "answer": 1,
      "reference":"2 Kings 23:21"
    },
    {
      "ques_id": 7,
      "question": "Of what tribe of Israel was King Saul?",
      "option1": "Juda",
      "option2": "Benjamin",
      "option3": "Amonites",
      "option4": "Israel",
      "answer": 2,
      "reference":"1 Samuel 9:21"
    },
    {
      "ques_id": 8,
      "question": "Upon the return of the ark to Israel, what sacrifice did Samuel offer to the lord?",
      "option1": "A-he goat",
      "option2": "Human sacrifice",
      "option3": "He sacrificed garden harvests",
      "option4": "Suckling lamb",
      "answer": 4,
      "reference":"1 Samuel 7:9"
    },
    {
      "ques_id": 9,
      "question": "What was the name of King Saul's wife?",
      "option1": "Debora",
      "option2": "Naume",
      "option3": "Ahinoam",
      "option4": "Ruth",
      "answer": 3,
      "reference":"1 Samuel 14:50"
    },
    {
      "ques_id": 10,
      "question": "What does anyone need in order to understand God's word?",
      "option1": "Knowledge",
      "option2": "Holy Spirit",
      "option3": "Wisdom",
      "option4": "Prayers",
      "answer": 2,
      "reference":"1 Corinthians 2:11"
    },
    {
      "ques_id": 11,
      "question": "Who did Paul say judged him?",
      "option1": "God",
      "option2": "Terah",
      "option3": "Reuben",
      "option4": "Belshazzar",
      "answer": 1,
      "reference":" 1 Corinthians 4:4"
    },
    {
      "ques_id": 12,
      "question": "On the Day of Pentecost, there came a sound from Heaven of a rushing____?",
      "option1": "Thunder",
      "option2": "Rain",
      "option3": "Wind",
      "option4": "loud noise",
      "answer": 3,
      "reference":"Acts 2:2"
    },
    {
      "ques_id": 13,
      "question": "Who ofered to pay money for the power to give the Holy spirit?",
      "option1": "John",
      "option2": "Zacharias",
      "option3": "Simon",
      "option4": " Herod",
      "answer": 3,
      "reference":"Acts 8"
    },
    {
      "ques_id": 14,
      "question": "When Jesus turned water into wine, he turned water that was in stone jars. What were these stone jars normally used for?",
      "option1": "Baptizing",
      "option2": "Cleaning",
      "option3": "Trading",
      "option4": "Ceremonial washing",
      "answer": 4,
      "reference":"John 2:6"
    },
    {
      "ques_id": 15,
      "question": "Who was Nimrod's father?",
      "option1": "Andrew",
      "option2": "Joshua",
      "option3": " Samson",
      "option4": "Cush",
      "answer": 4,
      "reference":"1 Chronicles 1:10"
    },
    {
      "ques_id": 16,
      "question": "what were the names of Abraham's two sons(In order of their birth)?",
      "option1": "Isaac and Jacob",
      "option2": "Ishmael and Isaac",
      "option3": "Joseph and Jacob",
      "option4": "Cain and Isaac",
      "answer": 2,
      "reference": "Genesis 16:1-16, 1 Chronicles 1:28"
    },
    {
      "ques_id": 17,
      "question": "What were the names of the three sons of Noah in the order of the Bible lists they are in?",
      "option1": "Ham, Joseph,Japheth",
      "option2": "Japhet, Ham, Isaac",
      "option3": "Shem, Ham and Japheth",
      "option4": "Shem,Ham , Joseph",
      "answer": 3,
      "reference":"Genesis 9:18-19, 1 Chronicles 1:4"
    },
    {
      "ques_id": 18,
      "question": "The lord changed Abraham's name to Abraham when he was 99 years. what was his name before that?",
      "option1": "Adam",
      "option2": "Abram",
      "option3": " Alpha",
      "option4": "Agag",
      "answer": 2,
      "reference": "Genesis 17:1-5"
    },
    {
      "ques_id": 19,
      "question": "How old was Abraham when Isaac was born?",
      "option1": "103",
      "option2": "90",
      "option3": "100",
      "option4": "50",
      "answer": 3,
      "reference": "Genesis 21:5"
    },
    {
      "ques_id": 20,
      "question": "How many books in the bible have the word 'John' in their title?",
      "option1": "4",
      "option2": "3",
      "option3": "1",
      "option4": "5",
      "answer": 1,
      "reference": "John"
    }
  ]
}