{
  "초보자": [
    {
      "ques_id": 1,
      "question": "최초로 살았던 사람은 누구입니까?",
      "option1": "므두셀라",
      "option2": "아브라함",
      "option3": "모세",
      "option4": "아담",
      "answer": 4
    },
    {
      "ques_id": 2,
      "question": "매우 큰 물고기가 삼킨 사람은 누구입니까?",
      "option1": "예수님",
      "option2": "요나",
      "option3": "삼손",
      "option4": "피터",
      "answer": 2
    },
    {
      "ques_id": 3,
      "question": "하나님께서 이스라엘 백성을 이집트에서 인도하실 때 사용하신 사람은 누구입니까?",
      "option1": "아론",
      "option2": "아브라함",
      "option3": "모세",
      "option4": "예레미야",
      "answer": 3
    },
    {
      "ques_id": 4,
      "question": "골리앗을 죽인 사람은 누구였습니까?",
      "option1": "데이비드",
      "option2": "사울",
      "option3": "솔로몬",
      "option4": "조나단",
      "answer": 1
    },
    {
      "ques_id": 5,
      "question": "이스라엘의 첫 번째 왕은 누구였나요?",
      "option1": "데이비드",
      "option2": "사울",
      "option3": "솔로몬",
      "option4": "모세",
      "answer": 2
    },
    {
      "ques_id": 6,
      "question": "예수님은 사역 이전에 어떤 직업을 갖고 계셨습니까?",
      "option1": "토이메이커",
      "option2": "어부",
      "option3": "포도원지기",
      "option4": "목수",
      "answer": 4
    },
    {
      "ques_id": 7,
      "question": "예수님이 태어난 도시의 이름은 무엇입니까?",
      "option1": "예루살렘",
      "option2": "베들레헴",
      "option3": "갈릴리",
      "option4": "나사렛",
      "answer": 2
    },
    {
      "ques_id": 8,
      "question": "예수께서 걸으셨던 바다의 이름은 무엇입니까?",
      "option1": "갈릴리 바다",
      "option2": "사해",
      "option3": "바다 읽기",
      "option4": "지중해",
      "answer": 1
    },
    {
      "ques_id": 9,
      "question": "세례 요한이 사람들에게 세례를 준 강의 이름은 무엇입니까?",
      "option1": "유프라테스",
      "option2": "나일강",
      "option3": "조던",
      "option4": "티그리스",
      "answer": 3
    },
    {
      "ques_id": 10,
      "question": "안드레의 형제 이름은 무엇입니까? (둘 다 제자였습니다)",
      "option1": "피터",
      "option2": "존",
      "option3": "제임스",
      "option4": "아담",
      "answer": 1
    },
    {
      "ques_id": 11,
      "question": "예수 어머니의 이름은 무엇이었나요?",
      "option1": "메리",
      "option2": "마사",
      "option3": "시포라",
      "option4": "사라",
      "answer": 1
    },
    {
      "ques_id": 12,
      "question": "아담과 이브가 살았던 정원의 이름은 무엇이었나요?",
      "option1": "노드의 땅",
      "option2": "에덴동산",
      "option3": "베들레헴",
      "option4": "계곡의 정원",
      "answer": 2
    },
    {
      "ques_id": 13,
      "question": "예수께서는 어떤 음식으로 5,000명을 먹이셨는가",
      "option1": "와인",
      "option2": "빵과 포도주",
      "option3": "빵과 생선 덩어리",
      "option4": "물",
      "answer": 3
    },
    {
      "ques_id": 14,
      "question": "로마인들은 예수를 죽이기 위해 어떤 방법을 사용했나요?",
      "option1": "돌에 맞아 죽다",
      "option2": "화장",
      "option3": "십자가형",
      "option4": "교수형",
      "answer": 3
    },
    {
      "ques_id": 15,
      "question": "5000명을 먹이고 남은 바구니는 몇 바구니입니까?",
      "option1": "7",
      "option2": "8",
      "option3": "10",
      "option4": "12",
      "answer": 1,
      "reference": "마태복음 15:13"
    },
    {
      "ques_id": 16,
      "question": "물고기 입에서 동전을 발견한 제자는 누구입니까?",
      "option1": "앤드류",
      "option2": "폴",
      "option3": "피터",
      "option4": "티모시",
      "answer": 3,
      "reference": "마태복음 1:24-27"
    },
    {
      "ques_id": 17,
      "question": "성경의 어느 책에서 하만에 대해 읽을 수 있습니까?",
      "option1": "출애굽",
      "option2": "에스더",
      "option3": "루스",
      "option4": "말라기",
      "answer": 2,
      "참조": "에스더 3"
    },
    {
      "ques_id": 18,
      "question": "바울이 재판을 받을 때 앞에 섰던 아그립바 왕의 아내의 이름을 말하라",
      "option1": "버니스",
      "option2": "헤롯",
      "option3": "아각",
      "option4": "가야바",
      "answer": 1,
      "reference": "사도행전 25:23"
    },
    {
      "ques_id": 19,
      "question": "에녹은 몇 살이 되었나요?",
      "option1": "400",
      "option2": "350",
      "option3": "230",
      "option4": "365",
      "answer": 4,
      "reference": "창세기 5:23"
    },
    {
      "ques_id": 20,
      "question": "하나님께서는 죽어가는 왕들의 기도에 응답하여 히스기야 왕의 생명을 몇 년 더 연장하셨는가?",
      "option1": "20",
      "option2": "15",
      "option3": "100",
      "option4": "50",
      "answer": 2,
      "참조": "열왕기하 20:6"
    }
  ],
  "열렬한 지지자": [
    {
      "ques_id": 1,
      "question": "이삭의 아버지는 누구였나요?",
      "option1": "아브라함",
      "option2": "야곱",
      "option3": "에서",
      "option4": "펠레크",
      "answer": 1
    },
    {
      "ques_id": 2,
      "question": "르호보암의 아버지는 누구였습니까?",
      "option1": "데이비드",
      "option2": "니므롯",
      "option3": "아비멜렉",
      "option4": "솔로몬",
      "answer": 4
    },
    {
      "ques_id": 3,
      "question": "므두셀라의 아버지는 누구였습니까?",
      "option1": "엘리야",
      "option2": "에녹",
      "option3": "세스",
      "option4": "재러드",
      "answer": 2
    },
    {
      "ques_id": 4,
      "question": "누가 세례 요한을 죽였나요?",
      "option1": "카이사르",
      "option2": "빌라도",
      "option3": "헤롤드",
      "option4": "가야바",
      "answer": 3
    },
    {
      "ques_id": 5,
      "question": "그리스도를 믿었다는 이유로 최초로 죽임을 당한 사람은 누구입니까?",
      "option1": "피터",
      "option2": "존",
      "option3": "바나바",
      "option4": "스티븐",
      "answer": 4
    },
    {
      "ques_id": 6,
      "question": "사울은 예수를 보고 어디로 가고 있었나요?",
      "option1": "다마스커스",
      "option2": "그리스",
      "option3": "로마",
      "option4": "예루살렘",
      "answer": 1
    },
    {
      "ques_id": 7,
      "question": "예수님은 지상 생애의 대부분을 어디에서 보내셨나요?",
      "option1": "예루살렘",
      "option2": "나사렛",
      "option3": "올리브 산",
      "option4": "이집트",
      "answer": 2
    },
    {
      "ques_id": 8,
      "question": "'여호와는 나의 목자시라'로 시작하는 시편은 무엇입니까?",
      "option1": "시편 91편",
      "option2": "시편 1편",
      "option3": "시편 104편",
      "option4": "시편 23편",
      "answer": 4
    },
    {
      "ques_id": 9,
      "question": "바울이 선교사로 여행하면서 직업은 무엇이었나요?",
      "option1": "목자",
      "option2": "보라색 판매자",
      "option3": "텐트 제조기",
      "option4": "서기",
      "answer": 3
    },
    {
      "ques_id": 10,
      "question": "바나바가 살았던 섬의 이름은 무엇입니까?",
      "option1": "그리스",
      "option2": "키프로스",
      "option3": "로도스",
      "option4": "이스터 섬",
      "answer": 2
    },
    {
      "ques_id": 11,
      "question": "예수께서 그에게 다가가 이르시되 지극히 높으신 하나님의 아들 예수여 당신이 나와 무슨 상관이 있나이까 내가 하나님께 맹세하노니 나를 괴롭히지 마소서.",
      "option1": "군단",
      "option2": "테라",
      "option3": "르우벤",
      "option4": "벨사살",
      "answer": 1
    },
    {
      "ques_id": 12,
      "question": "예수님은 어떤 새가 우리보다 더 가치 있다고 말씀하시나요?",
      "option1": "독수리",
      "option2": "독수리",
      "option3": "참새",
      "option4": "비둘기",
      "answer": 3
    },
    {
      "ques_id": 13,
      "question": "제이콥과 결혼한 두 자매는 누구입니까?",
      "option1": "도르가와 레아",
      "option2": "마리암과 레이첼",
      "option3": "레이첼과 레아",
      "option4": "사래와 한나",
      "answer": 3
    },
    {
      "ques_id": 14,
      "question": "하나님은 그의 특별한 아들 이삭을 희생시키기 위해 아브라함을 어느 땅으로 보내셨습니까?",
      "option1": "카난",
      "option2": "마케도니아",
      "option3": "키프로스",
      "option4": "모리아",
      "answer": 4
    },
    {
      "ques_id": 15,
      "question": "유다 왕 요시야가 여호와의 여선지자에게 무엇과 의논하였느냐",
      "option1": "데보라",
      "option2": "훌다",
      "option3": "나옴",
      "option4": "루스",
      "answer": 2,
      "참조": "열왕기하 22:12-16"
    },
    {
      "ques_id": 16,
      "question": "사무엘의 첫째 아들의 이름은 무엇입니까?",
      "option1": "조슈아",
      "option2": "조엘",
      "option3": "조나단",
      "option4": "요셉",
      "answer": 2,
      "참조": "사무엘상 8:2"
    },
    {
      "ques_id": 17,
      "question": "사울 왕의 아내 이름은 무엇이었나요?",
      "option1": "보암",
      "option2": "자비",
      "option3": "아히노암",
      "option4": "노암",
      "answer": 3,
      "참조": "사무엘상 14:50"
    },
    {
      "ques_id": 18,
      "question": "하나님의 말씀을 이해하려면 무엇이 필요합니까?",
      "option1": "기도",
      "option2": "사랑",
      "option3": "성령",
      "option4": "천사",
      "answer": 3,
      "참조": "고린도전서 2:11"
    },
    {
      "ques_id": 19,
      "question": "바울은 자신을 심판한 사람이 누구라고 말했습니까?",
      "option1": "사탄",
      "option2": "신",
      "option3": "친구",
      "option4": "피터",
      "answer": 2,
      "참조": "고린도전서 4:4"
    },
    {
      "ques_id": 20,
      "question": "________ 연기하면 마음이 아프나요?",
      "option1": "신뢰",
      "option2": "희망",
      "option3": "사랑",
      "option4": "기도",
      "answer": 2,
      "참조": "잠언 13:12"
    }
  ],
  "중급": [
    {
      "ques_id": 1,
      "question": "모세의 아내는 누구였습니까??",
      "option1": "엘리세바",
      "option2": "레베카",
      "option3": "마리암",
      "option4": "시포라",
      "answer": 4
    },
    {
      "ques_id": 2,
      "question": "아브라함의 두 번째 아내는 누구였나요?",
      "option1": "에스더",
      "option2": "케투라",
      "option3": "하갈",
      "option4": "리디아",
      "answer": 2
    },
    {
      "ques_id": 3,
      "question": "산상수훈은 몇 장으로 구성되어 있나요?",
      "option1": "1",
      "option2": "2",
      "option3": "3",
      "option4": "7",
      "answer": 3
    },
    {
      "ques_id": 4,
      "question": "이스라엘은 예리코 주위를 몇 번이나 행진했습니까?",
      "option1": "13",
      "option2": "7",
      "option3": "70",
      "option4": "12",
      "answer": 1
    },
    {
      "ques_id": 5,
      "question": "큐빗은 얼마나 되나요?",
      "option1": "약 12인치",
      "option2": "12mm",
      "option3": "약 18인치",
      "option4": "약 36인치",
      "answer": 3
    },
    {
      "ques_id": 6,
      "question": "카인은 아벨을 죽인 후 어디로 갔나요?",
      "option1": "에덴동산",
      "option2": "노드의 땅",
      "option3": "쿰란의 동굴",
      "option4": "아라라트 산",
      "answer": 2
    },
    {
      "ques_id": 7,
      "question": "키시의 아들은 누구였나요?",
      "option1": "노아",
      "option2": "사도 바울",
      "option3": "아브라함",
      "option4": "사울 왕",
      "answer": 4
    },
    {
      "ques_id": 8,
      "question": "라합은 어디에 살았나요?",
      "option1": "여리고",
      "option2": "예루살렘",
      "option3": "니네베",
      "option4": "아이",
      "answer": 1
    },
    {
      "ques_id": 9,
      "question": "도르가는 어디에 살았나요?",
      "option1": "베델",
      "option2": "요파",
      "option3": "가이사랴",
      "option4": "안디옥",
      "answer": 2
    },
    {
      "ques_id": 10,
      "question": "'직선'이라는 거리가 어디에 있나요?",
      "option1": "예루살렘",
      "option2": "로마",
      "option3": "바빌론",
      "option4": "다마스커스",
      "answer": 4
    },
    {
      "ques_id": 11,
      "question": "생명을 위해 도망친 후 엘리야는 어느 나무 아래에서 잠을 잤습니다",
      "option1": "참나무",
      "option2": "소나무",
      "option3": "주니퍼",
      "option4": "가문비나무",
      "answer": 3,
      "참조": "열왕기상 19:5"
    },
    {
      "ques_id": 12,
      "question": "유다는 정확히 몇 은화에 예수를 배반했습니까?",
      "option1": "30",
      "option2": "20",
      "option3": "50",
      "option4": "10",
      "answer": 1,
      "reference": "마태복음 26:15"
    },
    {
      "ques_id": 13,
      "question": "데이비드의 아버지 이름을 말해주세요",
      "option1": "오만",
      "option2": "제시",
      "option3": "조슈아",
      "option4": "솔로몬",
      "answer": 2,
      "참조": "사무엘상 1:12"
    },
    {
      "ques_id": 14,
      "question": "성경의 단 한 권의 책에만 하나님이 언급되어 있지 않습니다.",
      "option1": "에스더",
      "option2": "루스",
      "option3": "말라기",
      "option4": "출애굽",
      "answer": 1,
      "참조": "에스더"
    },
    {
      "ques_id": 15,
      "question": "여호수아가 그의 형제들에 의해 이스마엘 사람들에게 팔린 은화는 몇 닢입니까?",
      "option1": "50",
      "option2": "12",
      "option3": "20",
      "option4": "100",
      "answer": 3,
      "reference": "창세기 37:28"
    },
    {
      "ques_id": 16,
      "question": "예수님은 몇 명의 사도를 선택하셨나요?",
      "option1": "12",
      "option2": "14",
      "option3": "10",
      "option4": "08",
      "answer": 1,
      "참조": "누가복음 6:13"
    },
    {
      "ques_id": 17,
      "question": "천사는 마리아에게 예수가 구약성서에 등장하는 집의 통치자가 될 것이라고 말했습니다.",
      "option1": "데이비드",
      "option2": "야곱",
      "option3": "아브라함",
      "option4": "모세",
      "answer":2,
      "참조": "누가복음 1:13"
    },
    {
      "ques_id": 18,
      "question": "'내가 이집트에서 내 아들을 불렀다'고 말한 선지자는 누구입니까?",
      "option1": "예레미야",
      "option2": "이사야",
      "option3": "호세아",
      "option4": "에스겔",
      "answer": 3,
      "참조": "호세아 11:1"
    },
    {
      "ques_id": 19,
      "question": "예수님은 어떤 나무를 저주하셨나요?",
      "option1": "그림",
      "option2": "포도원",
      "option3": "소나무",
      "option4": "참나무",
      "answer": 1,
      "참조": "마가복음 11:12-14"
    },
    {
      "ques_id": 20,
      "question": "사울은 누구를 위해 영매를 키워달라고 요청했습니까?",
      "option1": "엘리",
      "option2": "네이선",
      "option3": "사무엘",
      "option4": "데이비드",
      "answer": 3,
      "참조": "사무엘상 28:11"
    }
  ],
  "프로": [
    {
      "ques_id": 1,
      "question": "누가 그리스도를 위해 십자가를 지었나요?",
      "option1": "필립",
      "option2": "구레네 사람 시몬",
      "option3": "아합",
      "option4": "미가",
      "answer": 2
    },
    {
      "ques_id": 2,
      "question": "팀나의 잔치에서 블레셋 사람들은 삼손에게 몇 명의 동료를 주었습니까?",
      "option1": "30",
      "option2": "31",
      "option3": "32",
      "option4": "33",
      "answer": 1
    },
    {
      "ques_id": 3,
      "question": "예언자 안나가 예수를 본 것은 몇 살이었습니까?",
      "option1": "83",
      "option2": "84",
      "option3": "88",
      "option4": "92",
      "answer": 2
    },
    {
      "ques_id": 4,
      "question": "시바 여왕은 솔로몬에게 무엇을 주었습니까?",
      "option1": "(124달란트) 금, 향료 및 보석",
      "option2": "(120달란트) 금, 향료 및 보석",
      "option3": "(18달란트) 금, 향료 및 보석",
      "option4": "(221달란트) 금, 향료 및 보석",
      "answer": 2
    },
    {
      "ques_id": 5,
      "question": "구약성서에는 몇 권의 책이 있나요?",
      "option1": "37",
      "option2": "38",
      "option3": "39",
      "option4": "40",
      "answer": 3
    },
    {
      "ques_id": 6,
      "question": "에덴의 강이 정원을 떠난 후 몇 개의 강으로 갈라졌나요?",
      "option1": "4",
      "option2": "3",
      "option3": "6",
      "option4": "8",
      "answer": 1
    },
    {
      "ques_id": 7,
      "question": "요셉은 마리아가 임신했다는 것을 알았을 때 무엇을 하고 싶었나요?",
      "option1": "파티 열기",
      "option2": "그녀와 이혼하세요",
      "option3": "도망쳐",
      "option4": "위에 해당사항 없음",
      "answer": 2
    },
    {
      "ques_id": 8,
      "question": "대제사장의 예복은 무슨 색이었나요?",
      "option1": "파란색",
      "option2": "흰색",
      "option3": "녹색",
      "option4": "빨간색",
      "answer": 1
    },
    {
      "ques_id": 9,
      "question": "보아스는 나오미가 무엇을 팔고 있다고 말했습니까?",
      "option1": "한 구획의 토지",
      "option2": "금",
      "option3": "그녀의 아이",
      "option4": "음식",
      "answer": 1
    },
    {
      "ques_id": 10,
      "question": "채무자의 비유에서 한 사람은 500데나리온(펜스)을 졌는데 다른 사람은 빚진 금액이 얼마입니까?",
      "option1": "70",
      "option2": "50",
      "option3": "45",
      "option4": "80",
      "answer": 2
    },
    {
      "ques_id": 11,
      "question": "엘리사는 엘리야의 영을 얼마나 받았나요?",
      "option1": "작은",
      "option2": "단일 부분",
      "option3": "건강하다",
      "option4": "이중 부분",
      "answer": 4
    },
    {
      "ques_id": 12,
      "question": "매번 돌을 던지고 목표물을 맞출 수 있었던 베냐민 군인 700명의 특이한 점은 무엇입니까?",
      "option1": "그들은 모두 왼손잡이였습니다",
      "option2": "그들은 모두 비슷해 보였습니다",
      "option3": "그들은 신발이 없었습니다",
      "option4": "위에 해당사항 없음",
      "answer": 1
    },
    {
      "ques_id": 13,
      "question": "안나스는 가야바와 어떤 관계가 있었나요?",
      "option1": "형제",
      "option2": "삼촌",
      "option3": "사촌",
      "option4": "시아버지",
      "answer": 4
    },
    {
      "ques_id": 14,
      "question": "'돼지 앞에 던지면 안 되는 것'",
      "option1": "자갈",
      "option2": "돌",
      "option3": "진주",
      "option4": "막대기",
      "answer": 3
    },
    {
      "ques_id": 15,
      "question": "바울과 실라가 감옥에 있을 때 어느 때에 하나님께 기도하고 찬송했습니까?",
      "option1": "아침",
      "option2": "오후",
      "option3": "저녁",
      "option4": "자정",
      "answer": 4
    },
    {
      "ques_id": 16,
      "question": "다니엘과 그의 세 친구는 왕의 고기와 음료 대신 무엇을 먹었나요?",
      "option1": "빵",
      "option2": "포도주와 빵",
      "option3": "맥박과 물",
      "option4": "아무것도 없음",
      "answer": 3
    },
    {
      "ques_id": 17,
      "question": "예수보다 6개월 먼저 태어난 사촌의 이름은 무엇입니까?",
      "option1": "존",
      "option2": "피터",
      "option3": "폴",
      "option4": "마이클",
      "answer": 1
    },
    {
      "ques_id": 18,
      "question": "예수께서 탄생하실 당시 헤롯 왕은 어느 도시에 살았습니까?",
      "option1": "예루살렘",
      "option2": "로마",
      "option3": "바빌론",
      "option4": "베들레헴",
      "answer": 1
    },
    {
      "ques_id": 19,
      "question": "하나님은 이집트에 얼마나 많은 재앙을 내리셨나요?",
      "option1": "4",
      "option2": "8",
      "option3": "10",
      "option4": "12",
      "answer": 3
    },
    {
      "ques_id": 20,
      "question": "유다는 은화 몇 닢에 그리스도를 배반하였습니까?",
      "option1": "20",
      "option2": "30",
      "option3": "40",
      "option4": "50",
      "answer": 2
    },
    {
      "ques_id": 21,
      "question": "예수께서는 부활하신 후 며칠 동안 제자들에게 나타나셨습니까?",
      "option1": "30",
      "option2": "7",
      "option3": "40",
      "option4": "11",
      "answer": 3
    },
    {
      "ques_id": 22,
      "question": "계시록에는 소아시아 교회가 몇 개나 기록되어 있습니까?",
      "option1": "7",
      "option2": "8",
      "option3": "9",
      "option4": "10",
      "answer": 1
    }
  ],
  "천재": [
    {
      "ques_id": 1,
      "question": "아론의 손자 엘아자르의 아들은 누구였습니까?",
      "option1": "푸티엘",
      "option2": "코라",
      "option3": "비느하스",
      "option4": "이즈하르",
      "answer": 3
    },
    {
      "ques_id": 2,
      "question": "이스라엘 왕 오므리의 아들은 누구였습니까?",
      "option1": "아합",
      "option2": "요람",
      "option3": "시므리",
      "option4": "기나스",
      "answer": 1
    },
    {
      "ques_id": 3,
      "question": "룻기에 나오는 나오미의 남편은 누구였습니까?",
      "option1": "보아스",
      "option2": "엘가나",
      "option3": "오베드",
      "option4": "엘리멜렉",
      "answer": 4
    },
    {
      "ques_id": 4,
      "question": "성경에서 가장 긴 이름에는 몇 개의 글자가 있나요?",
      "option1": "16",
      "option2": "18",
      "option3": "22",
      "option4": "25",
      "answer": 2
    },
    {
      "ques_id": 5,
      "question": "시스라를 죽인 사람은 누구인가?",
      "option1": "데이비드",
      "option2": "아합",
      "option3": "사울",
      "option4": "야엘",
      "answer": 4
    },
    {
      "ques_id": 6,
      "question": "노아의 방주는 얼마나 넓었나요?",
      "option1": "35큐빗",
      "option2": "50 큐빗",
      "option3": "75 큐빗",
      "option4": "90 큐빗",
      "answer": 2
    },
    {
      "ques_id": 7,
      "question": "언약궤의 너비는 얼마나 됩니까?",
      "option1": "1.5 큐빗",
      "option2": "2 큐빗",
      "option3": "3 큐빗",
      "option4": "1큐빗",
      "answer": 1
    },
    {
      "ques_id": 8,
      "question": "엘리사의 종의 이름은 무엇입니까?",
      "option1": "여호람",
      "option2": "샤팟",
      "option3": "게하시",
      "option4": "하사엘",
      "answer": 3
    },
    {
      "ques_id": 9,
      "question": "폴의 유명한 선생님의 이름은 무엇이었나요?",
      "option1": "유스투스",
      "option2": "가말리엘",
      "option3": "가야바",
      "option4": "소크라테스",
      "answer": 2
    },
    {
      "ques_id": 10,
      "question": "베들레헴에서 태어난 이스라엘의 사사는 누구입니까?",
      "option1": "데이비드",
      "option2": "입잔",
      "option3": "데보라",
      "option4": "기드온",
      "answer": 2
    },
    {
      "ques_id": 11,
      "question": "예수께서 그에게 다가가 이르시되 지극히 높으신 하나님의 아들 예수여 당신이 나와 무슨 상관이 있나이까 내가 하나님께 맹세하노니 나를 괴롭히지 마소서.",
      "option1": "군단",
      "option2": "테라",
      "option3": "르우벤",
      "option4": "벨사살",
      "answer": 1
    },
    {
      "ques_id": 12,
      "question": "예수님은 어떤 새가 우리보다 더 가치 있다고 말씀하시나요?",
      "option1": "독수리",
      "option2": "독수리",
      "option3": "참새",
      "option4": "비둘기",
      "answer": 3
    },
    {
      "ques_id": 13,
      "question": "제이콥과 결혼한 두 자매는 누구입니까?",
      "option1": "도르가와 레아",
      "option2": "마리암과 레이첼",
      "option3": "레이첼과 레아",
      "option4": "사래와 한나",
      "answer": 3
    },
    {
      "ques_id": 14,
      "question": "하나님은 그의 특별한 아들 이삭을 희생시키기 위해 아브라함을 어느 땅으로 보내셨습니까?",
      "option1": "카난",
      "option2": "마케도니아",
      "option3": "키프로스",
      "option4": "모리아",
      "answer": 4
    },
    {
      "ques_id": 15,
      "question": "그가 나를 푸른 초장에 누이시며 쉴만한 물가으로 인도하시는도다\"라는 구절은 어느 시편입니까?",
      "option1": "25",
      "option2": "22",
      "option3": "30",
      "option4": "23",
      "answer": 4,
      "참조": "시편 23;2"
    },
    {
      "ques_id": 16,
      "question": "주님을 두려워하는 것이 ........ ",
      "option1": "지식",
      "option2": "지혜",
      "option3": "돈",
      "option4": "사랑",
      "answer": 1,
      "참조": ""
    },
    {
      "ques_id": 17,
      "question": "주님께서는 요나에게 어느 도시에 대해 전파하라고 말씀하셨나요?",
      "option1": "예루살렘",
      "option2": "니네베",
      "option3": "바빌론",
      "option4": "유다",
      "answer": 2,
      "참조": "요나 1:2"
    },
    {
      "ques_id": 18,
      "question": "이 책들[빌립보서, 골로새서, 갈라디아서, 에베소서] 중 어느 것이 성경에서 먼저 나오는지",
      "option1": "골로새서",
      "option2": "갈라디아서",
      "option3": "에베소서",
      "option4": "빌립보서",
      "answer": 2,
      "reference": "신약성서, 바울의 편지"
    },
    {
      "ques_id": 19,
      "question": "히브리서는 몇 장으로 구성되어 있나요?",
      "option1": "13",
      "option2": "15",
      "option3": "10",
      "option4": "16",
      "answer": 1,
      "참조": "히브리서 1-13"
    },
    {
      "ques_id": 20,
      "question": "크레타 섬을 강타할 수 있는 폭풍의 이름은 무엇입니까?",
      "option1": "문순",
      "option2": "유로클리돈",
      "option3": "오버플로",
      "option4": "위에 해당사항 없음",
      "answer": 2,
      "reference": "사도행전 2:14"
    }
  ],
  "전문가": [
    {
      "ques_id": 1,
      "question": "이들 중에 이스라엘 왕도 아니고 유다 왕도 아닌 사람은 누구입니까?",
      "option1": "산헤립",
      "option2": "여호야김",
      "option3": "시드기야",
      "option4": "데이비드",
      "answer": 1
    },
    {
      "ques_id": 2,
      "question": "삼손을 설득하여 큰 힘의 비밀을 밝히게 한 자",
      "option1": "디나",
      "option2": "루스",
      "option3": "딜라일라",
      "option4": "마사",
      "answer": 3
    },
    {
      "ques_id": 3,
      "question": "네 머리 위에 있는 하늘이 _____이겠고 네 아래의 땅은 철이 되리라",
      "option1": "황동",
      "option2": "강철",
      "option3": "실버",
      "option4": "금",
      "answer": 1
    },
    {
      "ques_id": 4,
      "question": "네 마음을 다하여 여호와를 의뢰하고 네 명철을 의지하지 말라 하신 말씀을 어디서 찾을 수 있느냐",
      "option1": "잠언 3:5",
      "option2": "잠언 5:3",
      "option3": "잠언 35:3",
      "option4": "잠언 4:3",
      "answer": 1
    },
    {
      "ques_id": 5,
      "question": "예수를 세 번 부인한 제자",
      "option1": "피터",
      "option2": "앤드류",
      "option3": "존",
      "option4": "유다",
      "answer": 1
    },
    {
      "ques_id": 6,
      "question": "의인의 기억은 복되거니와 악인의 이름은 복이 있느니라",
      "option1": "승리",
      "option2": "썩음",
      "option3": "블룸",
      "option4": "번창하다",
      "answer": 2
    },
    {
      "ques_id": 7,
      "question": "예수님이 설교를 시작하기 전, 그분의 직업은 무엇이었나요?",
      "option1": "목수",
      "option2": "학자",
      "option3": "의사",
      "option4": "선생님",
      "answer": 1
    },
    {
      "ques_id": 8,
      "question": "소안은 성경에서 어느 나라에 대한 평행선으로 사용되었습니다.",
      "option1": "이집트",
      "option2": "앗시리아",
      "option3": "바빌론",
      "option4": "시내산",
      "answer": 1
    },
    {
      "ques_id": 9,
      "question": "구약성서의 인물은 자신의 아들을 제단에 기꺼이 하나님께 바침으로써 자신의 믿음을 보여주었습니다.",
      "option1": "노아",
      "option2": "아브라함",
      "option3": "쉬알티엘",
      "option4": "모세",
      "answer": 2
    },
    {
      "ques_id": 10,
      "question": "요나호의 선원들은 생존 가능성을 높이기 위해 무엇을 했습니까?",
      "option1": "그들은 북쪽으로 항해했습니다",
      "option2": "화물을 배 밖으로 던졌습니다",
      "option3": "하나님께 용서를 구했습니다",
      "option4": "위에 해당사항 없음",
      "answer": 2
    },
    {
      "ques_id": 11,
      "question": "야곱이 그의 축복을 훔치는 동안 에서는 무엇을 하고 있었나요?",
      "option1": "사냥",
      "option2": "농업",
      "option3": "낚시",
      "option4": "여행 중",
      "answer": 1
    },
    {
      "ques_id": 12,
      "question": "아합이 자신의 전차를 모는 것보다 더 빨리 갈멜산에서 사마리아까지 달려간 사람은 누구입니까?",
      "option1": "엘리사",
      "option2": "게하시",
      "option3": "엘리야",
      "option4": "아모스",
      "answer": 3
    },
    {
      "ques_id": 13,
      "question": "하나님은 그 후 일곱째 날에 무엇을 하셨나요?",
      "option1": "휴식함",
      "option2": "인간을 창조함",
      "option3": "그는 인간에게 자신의 창조물을 관리하도록 지정했습니다.",
      "option4": "새가 생성되었습니다",
      "answer": 1
    },
    {
      "ques_id": 14,
      "question": "금송아지가 단지 불에서 나왔다고 누가 주장했습니까?",
      "option1": "조슈아",
      "option2": "아론",
      "option3": "미리암",
      "option4": "데보라",
      "answer": 42
    },
    {
      "ques_id": 15,
      "question": "하나님이 꿈에 나타나셨을 때 솔로몬 왕은 무엇을 구했습니까?",
      "option1": "장수와 지식",
      "option2": "[선과 악을 판단하는 지혜]",
      "option3": "부",
      "option4": "돈",
      "answer": 2
    },
    {
      "ques_id": 16,
      "question": "속담을 완성하십시오. 어리석은 사람이 침묵을 지키면 -----?로 간주됩니다.",
      "option1": "평화로운",
      "option2": "멍청한",
      "option3": "현명한",
      "option4": "거만한",
      "answer": 3
    },
    {
      "ques_id": 17,
      "question": "하나님의 나라를 어떻게 받아야 합니까?",
      "option1": "숨겨진 동기로",
      "option2": "아이처럼",
      "option3": "자부심을 가지고",
      "option4": "에이전트를 통해",
      "answer": 2
    },
    {
      "ques_id": 18,
      "question": "아브라함의 첫 번째 아내의 이름은 무엇이었습니까?",
      "option1": "사라",
      "option2": "미리암",
      "option3": "로다",
      "option4": "루스",
      "answer": 1
    },
    {
      "ques_id": 19,
      "question": "사울 왕은 여호와의 명령에 불순종하고 아멜렉 왕의 생명을 살려 두었습니다",
      "option1": "발락",
      "option2": "다곤",
      "option3": "아각",
      "option4": "네이선",
      "answer": 3
    },
    {
      "ques_id": 20,
      "question": "십계명은 무엇에 기록되었는가. ",
      "option1": "두루마리",
      "option2": "돌판 두 개",
      "option3": "여리고 성벽",
      "option4": "두 권의 책",
      "answer": 1
    }
  ],
  "대가": [
    {
      "ques_id": 1,
      "question": "'모든 사람이 누구에 관하여 마음속으로 의논하고 있다'고 기록되어 있었습니다. 혹시 그 사람이 그리스도일 수도 있나요?",
      "option1": "엘리야",
      "option2": "존",
      "option3": "말라기",
      "option4": "피터",
      "answer": 2
    },
    {
      "ques_id": 2,
      "question": "요셉의 부모 이름은 무엇입니까?",
      "option1": "야곱과 레베카",
      "option2": "야곱과 레아",
      "option3": "야곱과 레이첼",
      "option4": "야곱과 루스",
      "answer": 3
    },
    {
      "ques_id": 3,
      "question": "성경에 나오는 모든 사람들 중에서 가장 오래 산 사람은 누구입니까?",
      "option1": "므두셀라",
      "option2": "자레드",
      "option3": "아브라함",
      "option4": "아담",
      "answer": 1
    },
    {
      "ques_id": 4,
      "question": "예수님은 음녀를 고발하는 사람들에게 무엇이라고 말씀하셨나요?",
      "option1": "보라, 의인은 없도다",
      "option2": "죄 없는 자가 먼저 돌로 치라",
      "option3": "이 여자를 비난하는 당신에게 화가 있습니다",
      "option4": " 그녀를 죽여라",
      "answer": 2
    },
    {
      "ques_id": 5,
      "question": "언젠가 모든 나라가 하나님을 예배하기 위해 어느 도시로 갈 것입니까?",
      "option1": "다마스커스",
      "option2": "예루살렘",
      "option3": "킬리시아",
      "option4": "유다",
      "answer": 2
    },
    {
      "ques_id": 6,
      "question": "다윗의 자손 중 누가 영원히 통치할 것인가",
      "option1": "르호보암",
      "option2": "예수님",
      "option3": "솔로몬",
      "option4": "여로보암",
      "answer": 2
    },
    {
      "ques_id": 7,
      "question": "디모데의 독실한 어머니는 누구였습니까?",
      "option1": "로이스",
      "option2": "피비",
      "option3": "유니스",
      "option4": "막달레나",
      "answer": 3
    },
    {
      "ques_id": 8,
      "question": "솔로몬 왕은 노년에 왜 하나님을 떠났나이까",
      "option1": "그의 타국 아내들이 그의 마음을 돌이켜 다른 신들을 따르게 하였느니라",
      "option2": "그는 교만해졌습니다. ",
      "option3": "그는 신보다 여자를 더 사랑했습니다",
      "option4": "그는 우상을 숭배했습니다",
      "answer": 1
    },
    {
      "ques_id": 9,
      "question": "안전을 위해 여호와의 장막으로 도망했으나 어쨌든 그곳에서 죽임을 당한 사람은 누구입니까?",
      "option1": "요압",
      "option2": "사울",
      "option3": "암몬",
      "option4": "에서",
      "answer": 1
    },
    {
      "ques_id": 10,
      "question": "어떤 왕이 다양한 금속으로 만든 커다란 인간 조각상에 대한 꿈을 꾸었나",
      "option1": "아합",
      "option2": "데이비드",
      "option3": "말락",
      "option4": "느부갓네살",
      "answer": 4
    },
    {
      "ques_id": 11,
      "question": "'기도하기 가장 좋은 곳'은 어디인가요?",
      "option1": "문이 닫힌 옷장에",
      "option2": "교회에서",
      "option3": "조용한 곳에서",
      "option4": "가는 중",
      "answer": 1
    },
    {
      "ques_id": 12,
      "question": "'네 마음을 다하여 여호와를 신뢰하고 네 명철을 의지하지 말라'는 말을 어디서 찾을 수 있습니까?",
      "option1": "잠언 3:5",
      "option2": "잠언 35:3",
      "option3": "잠언 5:3",
      "option4": "잠언 6:4",
      "answer": 1
    },
    {
      "ques_id": 13,
      "question": "예수께서 광야에 계실 때 무엇을 빵으로 바꾸라는 유혹을 받으셨나요?",
      "option1": "고분",
      "option2": "바위",
      "option3": "돌",
      "option4": "토양",
      "answer": 3
    },
    {
      "ques_id": 14,
      "question": "에훗(모압 왕 엘곤을 죽인 이스라엘의 사사)의 특별한 점은 무엇입니까?",
      "option1": "그는 아주 어렸어요",
      "option2": "그는 왼손잡이였습니다",
      "option3": "그는 장님이었습니다",
      "option4": "그는 아주 늙었어요",
      "answer": 2
    },
    {
      "ques_id": 15,
      "question": "제사장이 나팔을 불고 나서 여리고성에 무슨 일이 일어났습니까?",
      "option1": "사람들은 다른 땅으로 도망쳤습니다",
      "option2": "동물들이 죽었습니다",
      "option3": "벽이 무너졌습니다",
      "option4": "사람들이 이주했습니다",
      "answer": 3
    },
    {
      "ques_id": 16,
      "question": "요한복음 1장 1절에 따르면 태초에 하나님과 함께 계셨던 일이 무엇이니라",
      "option1": "말씀",
      "option2": "천사",
      "option3": "예수님",
      "option4": "존",
      "answer": 1
    },
    {
      "ques_id": 17,
      "question": "시편에는 몇 편의 시편이 있습니까?",
      "option1": "150",
      "option2": "170",
      "option3": "120",
      "option4": "190",
      "answer": 1
    },
    {
      "ques_id": 18,
      "question": "나더러 주여 주여 하는 자마다 천국에 들어갈 것이 아니요. 그런 후에야 그의 나라에 들어가리라",
      "option1": "하나님의 뜻을 행하는 자",
      "option2": "기적을 행하는 자",
      "option3": "세례를 받는 사람",
      "option4": "하나님의 말씀을 전하는 자",
      "answer": 1
    },
    {
      "ques_id": 19,
      "question": "이스라엘 10지파의 첫 번째 왕은 누구였습니까?",
      "option1": "여로보암",
      "option2": "르호봇",
      "option3": "요압",
      "option4": "르호보암",
      "answer": 1
    },
    {
      "ques_id": 20,
      "question": "예레미야에 의하면 이스라엘 나라가 바벨론 왕에게 몇 년 동안 포로로 머물러 있었느냐?",
      "option1": "120년",
      "option2": "40년",
      "option3": "70년",
      "option4": "80년",
      "answer": 3
    }
  ],
  "그랜드 마스터": [
    {
      "ques_id": 1,
      "question": "나아만은 나병을 없애기 위해 어느 강으로 씻으라고 지시받았습니까?",
      "option1": "나일강",
      "option2": "조던",
      "option3": "갈릴리",
      "option4": "성경은 말하지 않는다",
      "answer": 2
    },
    {
      "ques_id": 2,
      "question": "르호보암의 아버지는 누구였습니까?",
      "option1": "데이비드",
      "option2": "니므롯",
      "option3": "아비멜렉",
      "option4": "솔로몬",
      "answer": 4
    },
    {
      "ques_id": 3,
      "question": "다윗은 얼마나 오랫동안 왕으로 통치했습니까?",
      "option1": "30년",
      "option2": "40년",
      "option3": "25년",
      "option4": "80년",
      "answer": 2
    },
    {
      "ques_id": 4,
      "question": "씨 뿌리는 자의 비유에 대한 예수의 설명에서. 씨는 무엇을 상징하는가",
      "option1": "믿음",
      "option2": "하나님의 말씀",
      "option3": "예수님",
      "option4": "사랑",
      "answer": 2
    },
    {
      "ques_id": 5,
      "question": "'모든 씨앗 중에서 가장 작은 식물이지만, 자라면 풀 중에서 가장 큰 식물은 무엇입니까?",
      "option1": "올리브",
      "option2": "겨자",
      "option3": "오크나무",
      "option4": "포도",
      "answer": 2
    },
    {
      "ques_id": 6,
      "question": "모세의 형의 이름은 무엇이었나요?",
      "option1": "알패우스",
      "option2": "존",
      "option3": "아론",
      "option4": "조슈아",
      "answer": 3
    },
    {
      "ques_id": 7,
      "question": "하나님은 아담의 몸 중 어느 부분에서 이브를 창조하셨나요?",
      "option1": "하트",
      "option2": "뇌",
      "option3": "갈비뼈",
      "option4": "머리",
      "answer": 3
    },
    {
      "ques_id": 8,
      "question": "사가랴와 엘리사벳은 천사로부터 아들을 낳을 것이라는 말을 들었습니다. 그 이름은 무엇이라고 불릴 것입니까?",
      "option1": "엘리야",
      "option2": "예수님",
      "option3": "존",
      "option4": "제임스",
      "answer": 3
    },
    {
      "ques_id": 9,
      "question": "창세기 1장과 2장에는 어떤 중요한 사건이 기록되어 있습니까?",
      "option1": "교통수단",
      "option2": "창조",
      "option3": "정화",
      "option4": "희생",
      "answer": 2
    },
    {
      "ques_id": 10,
      "question": "모세와 고라의 관계는 어떠했는가",
      "option1": "그들은 둘 다 유다 지파 출신이었습니다",
      "option2": "그들은 형제였습니다",
      "option3": "그들은 사촌이었습니다",
      "option4": "그들은 친구였습니다",
      "answer": 3
    },
    {
      "ques_id": 11,
      "question": "나오미는 베들레헴 사람들에게 자신을 무엇이라고 부르라고 말했습니까?",
      "option1": "마라",
      "option2": "나마",
      "option3": "밧세바",
      "option4": "메리",
      "answer": 1
    },
    {
      "ques_id": 12,
      "question": "페르시아 왕과 결혼한 유대인 처녀의 이름은 무엇입니까?",
      "option1": "나오미",
      "option2": "데보라",
      "option3": "에스더",
      "option4": "주드",
      "answer": 3
    },
    {
      "ques_id": 13,
      "question": "요한계시록 1장 20절의 일곱 금등대는 무엇을 상징합니까?",
      "option1": "일곱 회중",
      "option2": "일곱 천사",
      "option3": "일곱 왕",
      "option4": "7명",
      "answer": 1
    },
    {
      "ques_id": 14,
      "question": "'하나님께서 세상의 어리석은 것들을 택하사 지혜 있는 자들을 부끄럽게 하려 하심이라'는 말은 어디서 찾을 수 있습니까?",
      "option1": "행위",
      "option2": "로마서",
      "option3": "고린도전서",
      "option4": "존",
      "answer": 3
    },
    {
      "ques_id": 15,
      "question": "야곱의 쌍둥이 형제 에서가 태어날 때 눈에 띄는 점",
      "option1": "그는 깊고 강렬한 눈을 가졌습니다",
      "option2": "그는 정말 잘생겼어요",
      "option3": "그는 붉고 털이 많았습니다",
      "option4": "그는 매우 흑인이었습니다",
      "answer": 3
    },
    {
      "ques_id": 16,
      "question": ",누가 삼손의 머리를 잘랐나요?",
      "option1": "그의 최대의 적, 헐크",
      "option2": "딜라일라",
      "option3": "또 다른 남자",
      "option4": "그의 친구들",
      "answer": 2
    },
    {
      "ques_id": 17,
      "question": "열왕기 첫째와 둘째 책을 쓴 사람은 누구입니까?",
      "option1": "엘리야",
      "option2": "예레미야",
      "option3": "갓",
      "option4": "네이선",
      "answer": 2
    },
    {
      "ques_id": 18,
      "question": "성경에서 마지막으로 나타나는 복음서는 무엇입니까?",
      "option1": "니고데모",
      "option2": "존 ",
      "option3": "앤드류스",
      "option4": "마크",
      "answer": 2
    },
    {
      "ques_id": 19,
      "question": "생명책에 이름이 기록되지 못한 사람은 어떻게 되었나요?",
      "option1": "그들은 구원받을 가치가 없다고 선언되었습니다",
      "option2": "그들은 멸망했다",
      "option3": "그들은 죽었습니다",
      "option4": "그들은 불못에 던져졌습니다",
      "answer": 4
    },
    {
      "ques_id": 20,
      "question": "지금까지 살았던 사람 중 가장 강한 사람은 누구였습니까?",
      "option1": "골리앗",
      "option2": "삼손",
      "option3": "예수님",
      "option4": "아각",
      "answer": 2
    }
  ],
  "전설": [
    {
      "ques_id": 1,
      "question": "창세기는 히브리어 단어 'bereshit'으로 시작됩니다. 이 단어를 영어로 번역하면 무엇인가요?",
      "option1": "처음에는 ",
      "option2": "빛이 있으라",
      "option3": "아직 아무것도 없었을 때",
      "option4": "주 하나님께서 말씀하셨다",
      "answer": 1,
      "참조":"창 1:1"
    },
    {
      "ques_id": 2,
      "question": "남자를 깊이 잠들게 한 후에 주 하나님이 그에게서 무엇을 취하여 여자를 지으셨느니라",
      "option1": "이빨",
      "option2": "손톱",
      "option3": "갈비뼈",
      "option4": "머리카락 한 가닥",
      "answer": 3,
      "참조":"창 1:2"
    },
    {
      "ques_id": 3,
      "question": "주 하나님께서 먼저 '생육하고 번성하라' 말씀으로 축복하신 것은 무엇입니까?",
      "option1": "최초의 남자와 여자",
      "option2": "바다 생물과 새들",
      "option3": "식물",
      "option4": "육지 동물",
      "answer": 1,
      "참조":"창 1:22"
    },
    {
      "ques_id": 4,
      "question": "마리아가 잉태하여 아들을 낳을 것이라고 알린 주의 천사는 누구였습니까?",
      "option1": "가브리엘",
      "option2": "마이클",
      "option3": "라파엘",
      "option4": "실티엘",
      "answer": 1,
      "참조":"눅 1:31"
    },
    {
      "ques_id": 5,
      "question": "세례자 성 요한의 어머니 이름은 무엇입니까?",
      "option1": "세베대의 살로메",
      "option2": "사가랴의 엘리자베스",
      "option3": "클레오파스의 마리아",
      "option4": "빌립의 헤로디아",
      "answer": 2,
      "참조":"눅 1:5-6"
    },
    {
      "ques_id": 6,
      "question": "성 요한 복음의 부활 이야기 시작 부분에서 누가 이른 아침에 예수의 무덤에 가서 돌이 옮겨진 것을 보았다고 언급되었습니까?",
      "option1": "막달라의 마리아",
      "option2": "세인트 존",
      "option3": "마사",
      "option4": "천사",
      "answer": 1,
      "참조":"Jn20:1"
    },
    {
      "ques_id": 7,
      "question": "성 요한 복음의 부활 이야기에서 부활하신 주님이 막달라 마리아에게 처음 나타났을 때 그녀는 그를 누구로 착각했습니까?",
      "option1": "간수",
      "option2": "백부장",
      "option3": "학년생",
      "option4": "천사",
      "answer": 3,
      "참조":"요한복음 20:15"
    },
    {
      "ques_id": 8,
      "question": "성 마태복음에 나오는 예수의 족보에는 14대에 대한 몇 가지 세트가 언급되어 있습니까?",
      "option1": "5",
      "option2": "점수",
      "option3": "3",
      "option4": "12개",
      "answer": 3,
      "참조": "요한복음 20:15"

    },
    {
      "ques_id": 9,
      "question": "선지자 이사야에서는 처녀에게서 태어날 아이에게 하나님이 우리와 함께 계시다는 뜻의 이름을 주리라 하였지요?",
      "option1": "예수님",
      "option2": "존",
      "option3": "임마누엘",
      "option4": "크리토스,",
      "answer": 3,
      "참조":"마 1:23"
    },
    {
      "ques_id": 10,
      "question": "성 마태복음에 나오는 예수의 족보에서 언급된 첫 번째 14세대는 아브라함으로 시작하여 누구로 끝났습니까?",
      "option1": "데이비드",
      "option2": "모세",
      "option3": "제이콥",
      "option4": "제시",
      "answer": 1,
      "참조":"마 1:1-6"
    },
    {
      "ques_id": 11,
      "question": "'그 여자는 자기 육체에서 취하여졌기 때문에', 첫 번째 남자는 첫 번째 여자를 무엇이라고 불렀습니까?",
      "option1": "아다마",
      "option2": "이브",
      "option3": "여자",
      "option4": "아내",
      "answer": 2,
      "참조":"창 1:23"
    },
    {
      "ques_id": 12,
      "question": "주 하나님께서 땅의 모든 짐승과 공중의 모든 새의 식물로 무엇을 주셨느냐",
      "option1": "녹색 식물",
      "option2": "씨앗을 맺는 식물",
      "option3": "씨를 맺는 과일나무",
      "option4": "먹을 수 있는 것은 무엇이든",
      "answer": 1,
      "참조":"창 1:30"
    },
    {
      "ques_id": 13,
      "question": "하나님께서 해와 달을 창조하신 날은 언제였습니까?",
      "option1": "첫 번째 ",
      "option2": "두 번째",
      "option3": "세 번째",
      "option4": "네번째",
      "answer": 4,
      "참조":"창 1:26-31"
    },
    {
      "ques_id": 14,
      "question": "다윗이 이스라엘의 왕으로 기름부음을 받았을 때에 몇 살이었느냐?",
      "option1": "50",
      "option2": "20",
      "option3": "35",
      "option4": "30",
      "answer": 4,
      "참조":"사무엘하 5:4"
    },
    {
      "ques_id": 15,
      "question": "예수께서 어린아이였을 때 박사들 외에 누가 그를 찾아왔습니까?",
      "option1": "궁수",
      "option2": "목자들",
      "option3": "사냥꾼",
      "option4": "농민",
      "answer": 2
    },
    {
      "ques_id": 16,
      "question": "골리앗의 키는 얼마나 됐나요?",
      "option1": "6 큐빗과 한 뼘",
      "option2": " 8 큐빗",
      "option3": "10큐빗과 한 뼘",
      "option4": "12 큐빗",
      "answer": 1,
      "참조":"사무엘상 1:4"
    },
    {
      "ques_id": 17,
      "question": "바울은 율법의 성취가 무엇이라고 말했습니까?",
      "option1": "믿음",
      "option2": "기도",
      "option3": "사랑",
      "option4": "결혼",
      "answer": 3,
      "참조": "로마서 13:10"
    },
    {
      "ques_id": 18,
      "question": "성경에서 가장 짧은 장은 무엇입니까",
      "option1": "시편 117편",
      "option2": "시편 18편",
      "option3": "마크 10",
      "option4": "요한복음 4장",
      "answer": 1,
      "참조": "시편 117편"
    },
    {
      "ques_id": 19,
      "question": "'은과 금은 내게 없거니와 나에게 있는 이것을 네게 주노라'고 누가 말하였느냐?",
      "option1": "폴",
      "option2": "제임스",
      "option3": "피터",
      "option4": "티모시",
      "answer": 3,
      "참조": "사도행전 3:6"
    },
    {
      "ques_id": 20,
      "question": "모세가 죽을 당시 그의 나이는 몇 세였습니까?",
      "option1": "120",
      "option2": "100",
      "option3": "150",
      "option4": "80",
      "answer": 1,
      "참조": "신명기 34:7"
    }
  ],
  "이 세상 밖": [
    {
      "ques_id": 1,
      "question": "성경에 기록된 가장 나이 많은 사람은 누구입니까?",
      "option1": "므두셀라",
      "option2": "아담",
      "option3": "아브라함",
      "option4": "솔로몬",
      "answer": 1,
      "참조":"창세기 5:27"
    },
    {
      "ques_id": 2,
      "question": "성경에 기록된 가장 나이 많은 사람은 몇 살이었나요?",
      "option1": "120",
      "option2": "500",
      "option3": "800",
      "option4": "969",
      "answer": 4,
      "참조":"창세기 5:27"
    },
    {
      "ques_id": 3,
      "question": "Jahwe-Shammmah가 무슨 뜻인가요?",
      "option1": "하나님이 우리와 함께 계시다",
      "option2": "신 자신",
      "option3": "신의 아들 예수",
      "option4": "영원한 생명",
      "answer": 2,
      "참조": "에스겔 48:35"
    },
    {
      "ques_id": 4,
      "question": "하나님께서는 죽어가는 왕의 기도에 응답하여 히스기야 왕의 생명을 몇 년 더 연장하셨는가?",
      "option1": "20",
      "option2": "50",
      "option3": "15",
      "option4": "100",
      "answer": 3,
      "참조": "열왕기하 20:6"
    },
    {
      "ques_id": 5,
      "question": "유다 왕 요시야가 주의 어떤 선지자들과 의논하였느냐?",
      "option1": "아모스",
      "option2": "엘리야",
      "option3": "엘리사",
      "option4": "훌다",
      "answer": 4,
      "참조":" 열왕기하 22:14-16"
    },
    {
      "ques_id": 6,
      "question": "이스라엘이나 유다의 이전 왕들이 거행하지 않았던 어떤 의식을 요시야 왕이 회복시켰습니까?",
      "option1": "유월절",
      "option2": "희생 의식",
      "option3": "예배",
      "option4": "할례",
      "answer": 1,
      "참조":"열왕기하 23:21"
    },
    {
      "ques_id": 7,
      "question": "사울 왕은 이스라엘 어느 지파에 속했습니까?",
      "option1": "유다",
      "option2": "벤자민",
      "option3": "아모나이트",
      "option4": "이스라엘",
      "answer": 2,
      "참조":"사무엘상 9:21"
    },
    {
      "ques_id": 8,
      "question": "궤가 이스라엘로 돌아오자 사무엘은 주님께 어떤 제사를 드렸습니까?",
      "option1": "아-염소",
      "option2": "인간 희생",
      "option3": "그는 정원 수확을 희생했습니다",
      "option4": "젖먹이 양",
      "answer": 4,
      "참조":"사무엘상 7:9"
    },
    {
      "ques_id": 9,
      "question": "사울 왕의 아내 이름은 무엇이었나요?",
      "option1": "데보라",
      "option2": "나우메",
      "option3": "아히노암",
      "option4": "루스",
      "answer": 3,
      "참조":"사무엘상 14:50"
    },
    {
      "ques_id": 10,
      "question": "하나님의 말씀을 이해하려면 무엇이 필요합니까?",
      "option1": "지식",
      "option2": "성령",
      "option3": "지혜",
      "option4": "기도",
      "answer": 2,
      "참조": "고린도전서 2:11"
    },
    {
      "ques_id": 11,
      "question": "바울은 자기를 심판한 사람이 누구라고 말했습니까?",
      "option1": "신",
      "option2": "테라",
      "option3": "르우벤",
      "option4": "벨사살",
      "answer": 1,
      "참조":" 고린도전서 4:4"
    },
    {
      "ques_id": 12,
      "question": "오순절 날, 하늘에서 급히 달려오는 소리가 들렸습니다____?",
      "option1": "천둥",
      "option2": "비",
      "option3": "바람",
      "option4": "시끄러운 소음",
      "answer": 3,
      "참조": "사도행전 2:2"
    },
    {
      "ques_id": 13,
      "question": "성령을 주는 능력을 얻기 위해 누가 돈을 지불하겠다고 제안했습니까?",
      "option1": "존",
      "option2": "즈가리야",
      "option3": "사이먼",
      "option4": " 헤롯",
      "answer": 3,
      "참조": "사도행전 8장"
    },
    {
      "ques_id": 14,
      "question": "예수께서 물을 포도주로 바꾸셨을 때 돌항아리의 물도 바꾸셨습니다. 이 돌항아리는 보통 어떤 용도로 사용되었나요?",
      "option1": "세례를 베푸는 중",
      "option2": "청소 중",
      "option3": "거래",
      "option4": "의식적 세척",
      "answer": 4,
      "참조":"요한복음 2:6"
    },
    {
      "ques_id": 15,
      "question": "니므롯의 아버지는 누구였나요?",
      "option1": "앤드류",
      "option2": "조슈아",
      "option3": "삼손",
      "option4": "쿠시",
      "answer": 4,
      "참조":"역대기상 1:10"
    },
    {
      "ques_id": 16,
      "question": "아브라함의 두 아들의 이름은 무엇입니까(출생 순서대로)?",
      "option1": "이삭과 야곱",
      "option2": "이스마엘과 이삭",
      "option3": "요셉과 야곱",
      "option4": "가인과 이삭",
      "answer": 2,
      "참조": "창세기 16:1-16, 역대상 1:28"
    },
    {
      "ques_id": 17,
      "question": "성경 목록에 있는 노아의 세 아들의 이름은 무엇입니까?",
      "option1": "함, 요셉, 야벳",
      "option2": "야벳, 함, 이삭",
      "option3": "셈, 함, 야벳",
      "option4": "셈,함,요셉",
      "answer": 3,
      "참조": "창세기 9:18-19, 역대상 1:4"
    },
    {
      "ques_id": 18,
      "question": "주님은 아브라함이 99세가 되었을 때 그의 이름을 아브라함으로 바꾸셨습니다. 그 전에는 그의 이름이 무엇이었습니까?",
      "option1": "아담",
      "option2": "아브람",
      "option3": " 알파",
      "option4": "아각",
      "answer": 2,
      "reference": "창세기 17:1-5"
    },
    {
      "ques_id": 19,
      "question": "이삭이 태어났을 때 아브라함은 몇 살이었습니까?",
      "option1": "103",
      "option2": "90",
      "option3": "100",
      "option4": "50",
      "answer": 3,
      "reference": "창세기 21:5"
    },
    {
      "ques_id": 20,
      "question": "성경에서 제목에 '요한'이라는 단어가 들어 있는 책은 몇 권이나 되나요?",
      "option1": "4",
      "option2": "3",
      "option3": "1",
      "option4": "5",
      "answer": 1,
      "참조": "존"
    }
  ]
}