{
  "Người mới bắt đầu": [
    {
      "ques_id": 1,
      "question": "Ai là người đầu tiên sống sót?",
      "option1": "Methuselah",
      "option2": "Áp-ra-ham",
      "option3": "Moses",
      "option4": "Adam",
      "answer": 4
    },
    {
      "ques_id": 2,
      "question": "Ai đã bị một con cá rất lớn nuốt chửng?",
      "option1": "Chúa Giêsu",
      "option2": "Jonah",
      "option3": "Samson",
      "option4": "Peter",
      "answer": 2
    },
    {
      "ques_id": 3,
      "question": "Ai là người được Chúa dùng để dẫn dắt dân Israel ra khỏi Ai Cập",
      "option1": "Aron",
      "option2": "Áp-ra-ham",
      "option3": "Moses",
      "option4": "Giê-rê-mi",
      "answer": 3
    },
    {
      "ques_id": 4,
      "question": "Ai là người đã giết Goliath",
      "option1": "David",
      "option2": "Saul",
      "option3": "Solomon",
      "option4": "Jonathan",
      "answer": 1
    },
    {
      "ques_id": 5,
      "question": "Vị vua đầu tiên của Israel là ai?",
      "option1": "David",
      "option2": "Saul",
      "option3": "Solomon",
      "option4": "Moses",
      "answer": 2
    },
    {
      "ques_id": 6,
      "question": "Chúa Giêsu đã làm nghề gì trước khi thi hành chức vụ",
      "option1": "Người làm đồ chơi",
      "option2": "Ngư dân",
      "option3": "Người giữ vườn nho",
      "option4": "Thợ mộc",
      "answer": 4
    },
    {
      "ques_id": 7,
      "question": "Tên thành phố nơi Chúa Giêsu sinh ra là gì?",
      "option1": "Jerusalem",
      "option2": "Bết-lê-hem",
      "option3": "Galilê",
      "option4": "Nazareth",
      "answer": 2
    },
    {
      "ques_id": 8,
      "question": "Tên biển nơi Chúa Giêsu đi qua là gì",
      "option1": "Biển hồ Galilee",
      "option2": "Biển Chết",
      "option3": "Đọc biển",
      "option4": "Biển Địa Trung Hải",
      "answer": 1
    },
    {
      "ques_id": 9,
      "question": "Tên con sông mà người rửa tội Gioan rửa tội cho người dân là gì?",
      "option1": "Euphrates",
      "option2": "Nil",
      "option3": "Jordan",
      "option4": "Tigris",
      "answer": 3
    },
    {
      "ques_id": 10,
      "question": "Anh trai của Andrew tên là gì? (Cả hai đều là đệ tử)",
      "option1": "Peter",
      "option2": "John",
      "option3": "James",
      "option4": "Adam",
      "answer": 1
    },
    {
      "ques_id": 11,
      "question": "Tên của Mẹ Chúa Giêsu là gì?",
      "option1": "Mary",
      "option2": "Martha",
      "option3": "Zipporah",
      "option4": "Sarah",
      "answer": 1
    },
    {
      "ques_id": 12,
      "question": "Khu vườn nơi Adam và Eva sống tên là gì?",
      "option1": "Vùng đất của cái gật đầu",
      "option2": "Vườn Địa Đàng",
      "option3": "Bết-lê-hem",
      "option4": "Khu vườn của thung lũng",
      "answer": 2
    },
    {
      "ques_id": 13,
      "question": "Chúa Giêsu đã cho 5.000 người ăn bằng thức ăn gì",
      "option1": "Rượu vang",
      "option2": "Bánh mì và rượu vang",
      "option3": "Bánh mì và cá",
      "option4": "Nước",
      "answer": 3
    },
    {
      "ques_id": 14,
      "question": "Người La Mã đã dùng phương pháp nào để giết Chúa Giêsu?",
      "option1": "Ném đá",
      "option2": "Hỏa táng",
      "option3": "Đóng đinh",
      "option4": "Treo cổ",
      "answer": 3
    },
    {
      "ques_id": 15,
      "question": "Có bao nhiêu giỏ còn lại sau khi cho 5000 người ăn?",
      "option1": "7",
      "option2": "8",
      "option3": "10",
      "option4": "12",
      "answer": 1,
      "8888": "Ma-thi-ơ 15:13"
    },
    {
      "ques_id": 16,
      "question": "Đệ tử nào tìm thấy đồng xu trong miệng con cá?",
      "option1": "Andrew",
      "option2": "Paul",
      "option3": "Peter",
      "option4": "Timothy",
      "answer": 3,
      "8888": "Ma-thi-ơ 1:24-27"
    },
    {
      "ques_id": 17,
      "question": "Chúng ta đọc cuốn sách nào trong kinh thánh về Haman",
      "option1": "Cuộc di cư",
      "option2": "Esther",
      "option3": "Ruth",
      "option4": "Malachi",
      "answer": 2,
      "8888": "Esther 3"
    },
    {
      "ques_id": 18,
      "question": "Kể tên vợ của vua Agrippa, người mà Phao-lô đứng ra xét xử",
      "option1": "Bernice",
      "option2": "Hê-rốt",
      "option3": "Agag",
      "option4": "Caiapha",
      "answer": 1,
      "8888": "Công vụ 25:23"
    },
    {
      "ques_id": 19,
      "question": "Enoch đã bao nhiêu tuổi",
      "option1": "400",
      "option2": "350",
      "option3": "230",
      "option4": "365",
      "answer": 4,
      "8888": "Sáng Thế Ký 5:23"
    },
    {
      "ques_id": 20,
      "question": "Chúa đã thêm bao nhiêu năm nữa vào cuộc đời của Vua Hezekiah để đáp lại lời cầu nguyện của các vị vua sắp chết?",
      "option1": "20",
      "option2": "15",
      "option3": "100",
      "option4": "50",
      "answer": 2,
      "8888": "2 Các Vua 20:6"
    }
  ],
  "Người đam mê": [
    {
      "ques_id": 1,
      "question": "Cha của Isaac là ai?",
      "option1": "Áp-ra-ham",
      "option2": "Jacob",
      "option3": "Ê-sau",
      "option4": "Peleq",
      "answer": 1
    },
    {
      "ques_id": 2,
      "question": "Cha của Rehoboam là ai?",
      "option1": "David",
      "option2": "Nimrod",
      "option3": "Abimelech",
      "option4": "Solomon",
      "answer": 4
    },
    {
      "ques_id": 3,
      "question": "Cha của Methuselah là ai?",
      "option1": "Ê-li",
      "option2": "Enock",
      "option3": "Seth",
      "option4": "Jared",
      "answer": 2
    },
    {
      "ques_id": 4,
      "question": "Ai đã giết John the Baptist?",
      "option1": "Caesar",
      "option2": "Philatô",
      "option3": "Herold",
      "option4": "Caiapha",
      "answer": 3
    },
    {
      "ques_id": 5,
      "question": "Ai là người đầu tiên bị giết vì tin vào Chúa Kitô?",
      "option1": "Peter",
      "option2": "John",
      "option3": "Barnabas",
      "option4": "Stephen",
      "answer": 4
    },
    {
      "ques_id": 6,
      "question": "Saul đi đâu khi nhìn thấy Chúa Giêsu?",
      "option1": "Damascus",
      "option2": "Hy Lạp",
      "option3": "Roma",
      "option4": "Jerusalem",
      "answer": 1
    },
    {
      "ques_id": 7,
      "question": "Chúa Giêsu đã trải qua phần lớn cuộc đời của mình trên trái đất ở đâu?",
      "option1": "Jerusalem",
      "option2": "Nazareth",
      "option3": "Núi Ô-liu",
      "option4": "Ai Cập",
      "answer": 2
    },
    {
      "ques_id": 8,
      "question": "Bài Thánh Vịnh bắt đầu bằng gì, \"Chúa là mục tử của tôi?\"",
      "option1": "Thánh vịnh 91",
      "option2": "Thánh vịnh 1",
      "option3": "Thánh vịnh 104",
      "option4": "Thánh vịnh 23",
      "answer": 4
    },
    {
      "ques_id": 9,
      "question": "Công việc của Paul khi ông đi truyền giáo là gì?",
      "option1": "Người chăn cừu",
      "option2": "Người bán màu tím",
      "option3": "Người làm lều",
      "option4": "Người ghi chép",
      "answer": 3
    },
    {
      "ques_id": 10,
      "question": "Tên hòn đảo nơi Barnabas sống là gì?",
      "option1": "Hy Lạp",
      "option2": "Síp",
      "option3": "Rhodes",
      "option4": "Đảo Phục Sinh",
      "answer": 2
    },
    {
      "ques_id": 11,
      "question": "Khi Chúa Giêsu đến gần ông, Người nói: \"Lạy Chúa Giêsu, Con Thiên Chúa Tối Cao, chuyện của ông có liên quan gì đến tôi? Tôi cầu xin Chúa, đừng hành hạ tôi\".?",
      "option1": "Quân đoàn",
      "option2": "Terah",
      "option3": "Reuben",
      "option4": "Belshazzar",
      "answer": 1
    },
    {
      "ques_id": 12,
      "question": "Chúa Giêsu nói chúng ta có giá trị hơn loài chim nào?",
      "option1": "Đại bàng",
      "option2": "Kền kền",
      "option3": "Chim sẻ",
      "option4": "Bồ câu",
      "answer": 3
    },
    {
      "ques_id": 13,
      "question": "Hai chị em nào đã cưới Jacob?",
      "option1": "Dorcas và Leah",
      "option2": "Mariam và Rachel",
      "option3": "Rachel và Leah",
      "option4": "Sarai và Hannah",
      "answer": 3
    },
    {
      "ques_id": 14,
      "question": "Đức Chúa Trời đã sai Áp-ra-ham đến vùng đất nào để hy sinh đứa con trai đặc biệt của mình, Y-sác?",
      "option1": "Canan",
      "option2": "Macedonia",
      "option3": "Síp",
      "option4": "Moriah",
      "answer": 4
    },
    {
      "ques_id": 15,
      "question": "Vua Giô-si-a của Giu-đa đã hỏi ý kiến ​​nữ tiên tri nào của Chúa",
      "option1": "Debora",
      "option2": "Huldah",
      "option3": "Naom",
      "option4": "Ruth",
      "answer": 2,
      "8888": "2 Các Vua 22:12-16"
    },
    {
      "ques_id": 16,
      "question": "Tên con trai đầu lòng của Samuel?",
      "option1": "Joshua",
      "option2": "Joel",
      "option3": "Jonathan",
      "option4": "Joseph",
      "answer": 2,
      "8888": "1 Sa-mu-ên 8:2"
    },
    {
      "ques_id": 17,
      "question": "Vợ vua Sau-lơ tên là gì?",
      "option1": "Boam",
      "option2": "Nhân từ",
      "option3": "Ahinoam",
      "option4": "Noam",
      "answer": 3,
      "8888": "1 Sa-mu-ên 14:50"
    },
    {
      "ques_id": 18,
      "question": "Để hiểu được lời Chúa cần phải có điều gì?",
      "option1": "Cầu nguyện",
      "option2": "Tình yêu",
      "option3": "Thánh linh",
      "option4": "Thiên thần",
      "answer": 3,
      "8888": "1 Cô-rinh-tô 2:11"
    },
    {
      "ques_id": 19,
      "question": "Paul nói ai đã phán xét anh ta?",
      "option1": "Satan",
      "option2": "Chúa",
      "option3": "Bạn bè",
      "option4": "Peter",
      "answer": 2,
      "8888": "1 Cô-rinh-tô 4:4"
    },
    {
      "ques_id": 20,
      "question": "________ trì hoãn khiến tim đau?",
      "option1": "Tin tưởng",
      "option2": "Hy vọng",
      "option3": "Tình yêu",
      "option4": "Cầu nguyện",
      "answer": 2,
      "8888": "Châm ngôn 13:12"
    }
  ],
  "Trung cấp": [
    {
      "ques_id": 1,
      "question": "Vợ của Moses là ai??",
      "option1": "Elisheba",
      "option2": "Rebecca",
      "option3": "Mariam",
      "option4": "Zipporah",
      "answer": 4
    },
    {
      "ques_id": 2,
      "question": "Ai là vợ thứ hai của Abraham?",
      "option1": "Esther",
      "option2": "Ketura",
      "option3": "Hagar",
      "option4": "Lydia",
      "answer": 2
    },
    {
      "ques_id": 3,
      "question": "Bài giảng trên núi có bao nhiêu chương?",
      "option1": "1",
      "option2": "2",
      "option3": "3",
      "option4": "7",
      "answer": 3
    },
    {
      "ques_id": 4,
      "question": "Israel đã hành quân quanh Jericho bao nhiêu lần?",
      "option1": "13",
      "option2": "7",
      "option3": "70",
      "option4": "12",
      "answer": 1
    },
    {
      "ques_id": 5,
      "question": "Một cubit dài bao nhiêu?",
      "option1": "khoảng 12 inch",
      "option2": "12mm",
      "option3": "khoảng 18 inch",
      "option4": "khoảng 36 inch",
      "answer": 3
    },
    {
      "ques_id": 6,
      "question": "Cain đã đi đâu sau khi giết Abel?",
      "option1": "Vườn Địa Đàng",
      "option2": "Vùng đất của Nod",
      "option3": "Hang động Qumran",
      "option4": "Núi Ararat",
      "answer": 2
    },
    {
      "ques_id": 7,
      "question": "Con trai của Kish là ai?",
      "option1": "Noah",
      "option2": "Sứ đồ Phaolô",
      "option3": "Áp-ra-ham",
      "option4": "Vua Saul",
      "answer": 4
    },
    {
      "ques_id": 8,
      "question": "Rahab sống ở đâu?",
      "option1": "Giê-ri-cô",
      "option2": "Jerusalem",
      "option3": "Ni-ni-ve",
      "option4": "Ai",
      "answer": 1
    },
    {
      "ques_id": 9,
      "question": "Dorcas sống ở đâu?",
      "option1": "Bê-tên",
      "option2": "Joppa",
      "option3": "Caesarea",
      "option4": "Antioch",
      "answer": 2
    },
    {
      "ques_id": 10,
      "question": "Con đường \"Đường thẳng\" ở đâu",
      "option1": "Jerusalem",
      "option2": "Roma",
      "option3": "Babylon",
      "option4": "Damascus",
      "answer": 4
    },
    {
      "ques_id": 11,
      "question": "Sau khi chạy thoát thân, Elijah đã ngủ dưới gốc cây nào",
      "option1": "Sồi",
      "option2": "Cây thông",
      "option3": "Cây bách xù",
      "option4": "Vân sam",
      "answer": 3,
      "8888": "1 Các Vua 19:5"
    },
    {
      "ques_id": 12,
      "question": "Judas đã phản bội Chúa Giêsu để lấy chính xác bao nhiêu đồng bạc?",
      "option1": "30",
      "option2": "20",
      "option3": "50",
      "option4": "10",
      "answer": 1,
      "8888": "Mathew 26:15"
    },
    {
      "ques_id": 13,
      "question": "Tên cha của David",
      "option1": "Oman",
      "option2": "Jesse",
      "option3": "Joshua",
      "option4": "Solomon",
      "answer": 2,
      "8888": "1Sa-mu-ên 1:12"
    },
    {
      "ques_id": 14,
      "question": "Chúa không chỉ được nhắc đến trong 1 cuốn Kinh Thánh",
      "option1": "Esther",
      "option2": "Ruth",
      "option3": "Malachi",
      "option4": "Cuộc di cư",
      "answer": 1,
      "8888": "Esther"
    },
    {
      "ques_id": 15,
      "question": "Các anh em của ông đã bán bao nhiêu đồng bạc cho người Ishmeelites",
      "option1": "50",
      "option2": "12",
      "option3": "20",
      "option4": "100",
      "answer": 3,
      "8888": "Sáng Thế Ký 37:28"
    },
    {
      "ques_id": 16,
      "question": "Chúa Giêsu đã chọn bao nhiêu tông đồ",
      "option1": "12",
      "option2": "14",
      "option3": "10",
      "option4": "08",
      "answer": 1,
      "8888": "Lu-ca 6:13"
    },
    {
      "ques_id": 17,
      "question": "Thiên thần nói với Đức Maria rằng Chúa Giêsu sẽ trị vì ngôi nhà mang tính chất Cựu Ước",
      "option1": "David",
      "option2": "Jacob",
      "option3": "Áp-ra-ham",
      "option4": "Moses",
      "answer":2,
      "8888": "Lu-ca 1:13"
    },
    {
      "ques_id": 18,
      "question": "Nhà tiên tri nào đã nói, \" Ta đã gọi con trai ta ra khỏi Ai Cập\"?",
      "option1": "Giê-rê-mi",
      "option2": "Ê-sai",
      "option3": "Ô-sê",
      "option4": "Ê-xê-chi-ên",
      "answer": 3,
      "8888": "Ô-sê 11:1"
    },
    {
      "ques_id": 19,
      "question": "Chúa Giêsu đã nguyền rủa loại cây nào?",
      "option1": "Hình",
      "option2": "Vườn nho",
      "option3": "Thông",
      "option4": "sồi",
      "answer": 1,
      "8888": "Mác 11:12-14"
    },
    {
      "ques_id": 20,
      "question": "Ai đã yêu cầu người đồng cốt đưa anh ta lên",
      "option1": "Eli",
      "option2": "Nathan",
      "option3": "Samuel",
      "option4": "David",
      "answer": 3,
      "8888": "1 Sa-mu-ên 28:11"
    }
  ],
  "Chuyên nghiệp": [
    {
      "ques_id": 1,
      "question": "Ai đã vác ​​thập giá cho Chúa Kitô?",
      "option1": "Philip",
      "option2": "Simon người Cyrene",
      "option3": "A-háp",
      "option4": "Micah",
      "answer": 2
    },
    {
      "ques_id": 2,
      "question": "Người Philistine đã chiêu đãi bao nhiêu người bạn đồng hành cho Samson trong bữa tiệc ở Timnah?",
      "option1": "30",
      "option2": "31",
      "option3": "32",
      "option4": "33",
      "answer": 1
    },
    {
      "ques_id": 3,
      "question": "Nữ tiên tri Anna bao nhiêu tuổi khi nhìn thấy Chúa Giêsu?",
      "option1": "83",
      "option2": "84",
      "option3": "88",
      "option4": "92",
      "answer": 2
    },
    {
      "ques_id": 4,
      "question": "Nữ hoàng Sheba đã tặng gì cho Solomon?",
      "option1": "(124 ta lâng) vàng, gia vị và đá quý",
      "option2": "(120 ta lâng) vàng, gia vị và đá quý",
      "option3": "(18 ta lâng) vàng, gia vị và đá quý",
      "option4": "(221 ta lâng) vàng, gia vị và đá quý",
      "answer": 2
    },
    {
      "ques_id": 5,
      "question": "Cựu Ước có bao nhiêu cuốn sách?",
      "option1": "37",
      "option2": "38",
      "option3": "39",
      "option4": "40",
      "answer": 3
    },
    {
      "ques_id": 6,
      "question": "Con sông ở Eden đã chia thành bao nhiêu con sông sau khi rời khỏi khu vườn?",
      "option1": "4",
      "option2": "3",
      "option3": "6",
      "option4": "8",
      "answer": 1
    },
    {
      "ques_id": 7,
      "question": "Joseph muốn làm gì khi phát hiện Mary có thai?",
      "option1": "Tổ chức một bữa tiệc",
      "option2": "Ly dị cô ấy",
      "option3": "Chạy đi",
      "option4": "Không có điều nào ở trên",
      "answer": 2
    },
    {
      "ques_id": 8,
      "question": "Áo choàng của Tăng Thống có màu gì?",
      "option1": "Xanh",
      "option2": "Trắng",
      "option3": "Xanh",
      "option4": "Đỏ",
      "answer": 1
    },
    {
      "ques_id": 9,
      "question": "Boaz nói Naomi đang bán cái gì?",
      "option1": "Một thửa đất",
      "option2": "Vàng",
      "option3": "Con của cô ấy",
      "option4": "Thức ăn",
      "answer": 1
    },
    {
      "ques_id": 10,
      "question": "Trong dụ ngôn về những người mắc nợ, một người nợ 500 denarii (pence), nhưng người kia nợ bao nhiêu",
      "option1": "70",
      "option2": "50",
      "option3": "45",
      "option4": "80",
      "answer": 2
    },
    {
      "ques_id": 11,
      "question": "Elisha đã nhận được bao nhiêu linh hồn của Elijah?",
      "option1": "Nhỏ",
      "option2": "Phần đơn",
      "option3": "Lành mạnh",
      "option4": "Phần đôi",
      "answer": 4
    },
    {
      "ques_id": 12,
      "question": "Có gì bất thường khi 700 binh sĩ Benjamite có thể ném đá trúng mục tiêu mọi lúc?",
      "option1": "Họ đều thuận tay trái",
      "option2": "Tất cả đều trông giống nhau",
      "option3": "Họ không có giày",
      "option4": "Không có điều nào ở trên",
      "answer": 1
    },
    {
      "ques_id": 13,
      "question": "Annas có mối quan hệ gì với Caipha?",
      "option1": "Anh",
      "option2": "Chú",
      "option3": "Anh em họ",
      "option4": "Bố chồng",
      "answer": 4
    },
    {
      "ques_id": 14,
      "question": "Cái gì không nên \"ném trước mặt lợn\"",
      "option1": "Sỏi",
      "option2": "Đá",
      "option3": "Ngọc trai",
      "option4": "Cây gậy",
      "answer": 3
    },
    {
      "ques_id": 15,
      "question": "Khi ở trong tù, Phao-lô và Si-la cầu nguyện và hát mừng Chúa vào lúc nào?",
      "option1": "Buổi sáng",
      "option2": "Buổi chiều",
      "option3": "Buổi tối",
      "option4": "Nửa đêm",
      "answer": 4
    },
    {
      "ques_id": 16,
      "question": "Đa-ni-ên và ba người bạn đã ăn gì thay vì thịt và đồ uống của nhà vua?",
      "option1": "Bánh mì",
      "option2": "Rượu và bánh mì",
      "option3": "Xung và nước",
      "option4": "Không có gì",
      "answer": 3
    },
    {
      "ques_id": 17,
      "question": "Người anh họ của Chúa Giêsu, sinh trước Ngài sáu tháng, tên là gì?",
      "option1": "John",
      "option2": "Peter",
      "option3": "Paul",
      "option4": "Michael",
      "answer": 1
    },
    {
      "ques_id": 18,
      "question": "Vua Herod sống ở thành phố nào vào thời điểm Chúa Giêsu sinh ra?",
      "option1": "Jerusalem",
      "option2": "Roma",
      "option3": "Babylon",
      "option4": "Bết-lê-hem",
      "answer": 1
    },
    {
      "ques_id": 19,
      "question": "Chúa đã giáng bao nhiêu tai họa xuống Ai Cập?",
      "option1": "4",
      "option2": "8",
      "option3": "10",
      "option4": "12",
      "answer": 3
    },
    {
      "ques_id": 20,
      "question": "Judas đã phản bội Chúa Kitô vì bao nhiêu đồng bạc?",
      "option1": "20",
      "option2": "30",
      "option3": "40",
      "option4": "50",
      "answer": 2
    },
    {
      "ques_id": 21,
      "question": "Chúa Giêsu hiện ra với các môn đệ bao nhiêu ngày sau khi sống lại?",
      "option1": "30",
      "option2": "7",
      "option3": "40",
      "option4": "11",
      "answer": 3
    },
    {
      "ques_id": 22,
      "question": "Có bao nhiêu hội thánh ở Tiểu Á được liệt kê trong Khải Huyền?",
      "option1": "7",
      "option2": "8",
      "option3": "9",
      "option4": "10",
      "answer": 1
    }
  ],
  "Thiên tài": [
    {
      "ques_id": 1,
      "question": "Ai là con trai của Eleazar, con trai của Aaron?",
      "option1": "Putiel",
      "option2": "Korah",
      "option3": "Phinehas",
      "option4": "Izhar",
      "answer": 3
    },
    {
      "ques_id": 2,
      "question": "Con trai của Omri, vua Israel là ai?",
      "option1": "A-háp",
      "option2": "Joram",
      "option3": "Zimri",
      "option4": "Ginath",
      "answer": 1
    },
    {
      "ques_id": 3,
      "question": "Chồng của Naomi trong sách Ru-tơ là ai?",
      "option1": "Bô-ô",
      "option2": "Elkanah",
      "option3": "Obed",
      "option4": "Elimelech",
      "answer": 4
    },
    {
      "ques_id": 4,
      "question": "Cái tên dài nhất trong Kinh Thánh có bao nhiêu chữ cái?",
      "option1": "16",
      "option2": "18",
      "option3": "22",
      "option4": "25",
      "answer": 2
    },
    {
      "ques_id": 5,
      "question": "Ai đã giết Sisera?",
      "option1": "David",
      "option2": "A-háp",
      "option3": "Saul",
      "option4": "Jael",
      "answer": 4
    },
    {
      "ques_id": 6,
      "question": "Con tàu của Nô-ê rộng bao nhiêu?",
      "option1": "35 cubit",
      "option2": "50 cubit",
      "option3": "75 cubit",
      "option4": "90 cubit",
      "answer": 2
    },
    {
      "ques_id": 7,
      "question": "Hòm giao ước rộng bao nhiêu?",
      "option1": "1,5 cubit",
      "option2": "2 cubit",
      "option3": "3 cubit",
      "option4": "1 cubit",
      "answer": 1
    },
    {
      "ques_id": 8,
      "question": "Người hầu của Elisha tên là gì?",
      "option1": "Giô-ram",
      "option2": "Shaphat",
      "option3": "Gehazi",
      "option4": "Hazael",
      "answer": 3
    },
    {
      "ques_id": 9,
      "question": "Người thầy nổi tiếng của Paul tên là gì?",
      "option1": "Justus",
      "option2": "Gamaliel",
      "option3": "Caiapha",
      "option4": "Socrates",
      "answer": 2
    },
    {
      "ques_id": 10,
      "question": "Thẩm phán nào của Israel sinh ra ở Bethlehem?",
      "option1": "David",
      "option2": "Ibzan",
      "option3": "Deborah",
      "option4": "Gideon",
      "answer": 2
    },
    {
      "ques_id": 11,
      "question": "Khi Chúa Giêsu đến gần ông, Người nói: \"Lạy Chúa Giêsu, Con Thiên Chúa Tối Cao, chuyện của ông có liên quan gì đến tôi? Tôi cầu xin Chúa, đừng hành hạ tôi\".?",
      "option1": "Quân đoàn",
      "option2": "Terah",
      "option3": "Reuben",
      "option4": "Belshazzar",
      "answer": 1
    },
    {
      "ques_id": 12,
      "question": "Chúa Giêsu nói chúng ta có giá trị hơn loài chim nào?",
      "option1": "Đại bàng",
      "option2": "Kền kền",
      "option3": "Chim sẻ",
      "option4": "Bồ câu",
      "answer": 3
    },
    {
      "ques_id": 13,
      "question": "Hai chị em nào đã cưới Jacob?",
      "option1": "Dorcas và Leah",
      "option2": "Mariam và Rachel",
      "option3": "Rachel và Leah",
      "option4": "Sarai và Hannah",
      "answer": 3
    },
    {
      "ques_id": 14,
      "question": "Đức Chúa Trời đã sai Áp-ra-ham đến vùng đất nào để hy sinh đứa con trai đặc biệt của mình, Y-sác?",
      "option1": "Canan",
      "option2": "Macedonia",
      "option3": "Síp",
      "option4": "Moriah",
      "answer": 4
    },
    {
      "ques_id": 15,
      "question": "Thánh vịnh nào là câu \"Ngài khiến tôi nằm trên đồng cỏ xanh tươi, Dẫn tôi đến bên dòng nước êm đềm,\" từ đâu?",
      "option1": "25",
      "option2": "22",
      "option3": "30",
      "option4": "23",
      "answer": 4,
      "8888": "Thánh vịnh 23;2"
    },
    {
      "ques_id": 16,
      "question": "Nỗi sợ hãi của chúa là sự khởi đầu của ........",
      "option1": "Kiến thức",
      "option2": "Trí tuệ",
      "option3": "Tiền",
      "option4": "Tình yêu",
      "answer": 1,
      "8888": ""
    },
    {
      "ques_id": 17,
      "question": "Chúa bảo Giô-na rao giảng chống lại thành phố nào?",
      "option1": "Jerusalem",
      "option2": "Ni-ni-ve",
      "option3": "Babylon",
      "option4": "Giuđa",
      "answer": 2,
      "8888": "Giô-na 1:2"
    },
    {
      "ques_id": 18,
      "question": "Cuốn sách nào trong số này [Phi-líp, Cô-lô-se, Ga-la-ti hoặc Ê-phê-sô] đứng đầu trong kinh thánh",
      "option1": "Cô-lô-se",
      "option2": "Ga-la-ti",
      "option3": "Ê-phê-sô",
      "option4": "Người Philippin",
      "answer": 2,
      "8888": "Tân Ước, thư của Phaolô"
    },
    {
      "ques_id": 19,
      "question": "Sách tiếng Do Thái có bao nhiêu chương?",
      "option1": "13",
      "option2": "15",
      "option3": "10",
      "option4": "16",
      "answer": 1,
      "8888": "Tiếng Do Thái 1-13"
    },
    {
      "ques_id": 20,
      "question": "Tên gió bão có thể đổ bộ vào đảo Crete là gì?",
      "option1": "Mặt trăng",
      "option2": "Euroklydon",
      "option3": "Tràn",
      "option4": "Không có điều nào ở trên",
      "answer": 2,
      "8888": "Công vụ 2:14"
    }
  ],
  "Chuyên gia": [
    {
      "ques_id": 1,
      "question": "Ai trong số này không phải là vua của Israel hay Judah",
      "option1": "Sennacherib",
      "option2": "Jehoiahim",
      "option3": "Zedekiah",
      "option4": "David",
      "answer": 1
    },
    {
      "ques_id": 2,
      "question": "Ai đã thuyết phục Samson tiết lộ bí mật về sức mạnh to lớn",
      "option1": "Dinah",
      "option2": "Ruth",
      "option3": "Delilah",
      "option4": "Martha",
      "answer": 3
    },
    {
      "ques_id": 3,
      "question": "Và bầu trời trên đầu bạn sẽ là_____, và trái đất dưới chân bạn sẽ là sắt",
      "option1": "Đồng thau",
      "option2": "Thép",
      "option3": "Bạc",
      "option4": "Vàng",
      "answer": 1
    },
    {
      "ques_id": 4,
      "question": "Tìm đâu ra câu: Hãy hết lòng tin cậy Đức Giê-hô-va và chớ nương cậy nơi sự thông sáng của con",
      "option1": "Châm ngôn 3:5",
      "option2": "Châm ngôn 5:3",
      "option3": "Châm ngôn 35:3",
      "option4": "Châm ngôn 4:3",
      "answer": 1
    },
    {
      "ques_id": 5,
      "question": "môn đồ đã chối Chúa ba lần",
      "option1": "Peter",
      "option2": "Andrew",
      "option3": "John",
      "option4": "Giuđa",
      "answer": 1
    },
    {
      "ques_id": 6,
      "question": "Kỷ niệm của người công chính được ban phước: nhưng tên kẻ ác sẽ",
      "option1": "Thắng",
      "option2": "Xoay",
      "option3": "Nở hoa",
      "option4": "phát triển",
      "answer": 2
    },
    {
      "ques_id": 7,
      "question": "Trước khi Chúa Giêsu bắt đầu rao giảng, công việc của Ngài là gì?",
      "option1": "thợ mộc",
      "option2": "học giả",
      "option3": "Bác sĩ",
      "option4": "Thầy",
      "answer": 1
    },
    {
      "ques_id": 8,
      "question": "Zoan được sử dụng trong kinh thánh như một từ tương đương cho quốc gia nào\"",
      "option1": "Ai Cập",
      "option2": "Assyria",
      "option3": "Babylon",
      "option4": "Sinai",
      "answer": 1
    },
    {
      "ques_id": 9,
      "question": "Nhân vật trong Cựu Ước đã thể hiện đức tin của mình bằng cách sẵn sàng dâng con trai mình lên bàn thờ cho Chúa",
      "option1": "Noah",
      "option2": "Áp-ra-ham",
      "option3": "sealiel",
      "option4": "Moses",
      "answer": 2
    },
    {
      "ques_id": 10,
      "question": "Các thủy thủ của con tàu Jonah đã làm gì để tăng cơ hội sống sót",
      "option1": "Họ đi về phía bắc",
      "option2": "Ném hàng xuống biển",
      "option3": "Cầu xin Chúa tha thứ",
      "option4": "Không có điều nào ở trên",
      "answer": 2
    },
    {
      "ques_id": 11,
      "question": "Esau đã làm gì khi Jacob lấy trộm phước lành của anh ấy?",
      "option1": "Săn bắn",
      "option2": "Nông nghiệp",
      "option3": "Câu cá",
      "option4": "Du lịch",
      "answer": 1
    },
    {
      "ques_id": 12,
      "question": "Ai đã chạy từ Núi Carmel đến Samaria nhanh hơn A-háp có thể lái cỗ xe của mình?",
      "option1": "Ê-li-sê",
      "option2": "Gehazi",
      "option3": "Ê-li",
      "option4": "Amos",
      "answer": 3
    },
    {
      "ques_id": 13,
      "question": "Sau ngày thứ bảy, Chúa đã làm gì?",
      "option1": "Đã nghỉ ngơi",
      "option2": "Tạo ra con người",
      "option3": "Anh ấy giao cho con người chăm sóc những tác phẩm của mình",
      "option4": "Các loài chim được tạo ra",
      "answer": 1
    },
    {
      "ques_id": 14,
      "question": "Ai cho rằng con bê vàng chỉ đơn giản là ra khỏi lửa?",
      "option1": "Joshua",
      "option2": "Aron",
      "option3": "Miriam",
      "option4": "Debora",
      "answer": 42
    },
    {
      "ques_id": 15,
      "question": "Vua Sa-lô-môn đã cầu xin điều gì khi Chúa hiện ra với ông trong giấc mơ",
      "option1": "Sống lâu và tri thức",
      "option2": "Trí tuệ [để phân biệt thiện và ác]",
      "option3": "Sự giàu có",
      "option4": "Tiền",
      "answer": 2
    },
    {
      "ques_id": 16,
      "question": "Hoàn thành câu tục ngữ; Kẻ ngu ngốc khi im lặng bị coi là -------?",
      "option1": "Bình yên",
      "option2": "Ngốc",
      "option3": "Khôn ngoan",
      "option4": "Kiêu ngạo",
      "answer": 3
    },
    {
      "ques_id": 17,
      "question": "Người ta nên tiếp nhận vương quốc của Chúa như thế nào?",
      "option1": "Với động cơ ẩn giấu",
      "option2": "Giống như một đứa trẻ",
      "option3": "Với niềm tự hào",
      "option4": "Thông qua đại lý",
      "answer": 2
    },
    {
      "ques_id": 18,
      "question": "Người vợ đầu tiên của Áp-ra-ham tên là gì",
      "option1": "Sarah",
      "option2": "Miriam",
      "option3": "Roda",
      "option4": "Ruth",
      "answer": 1
    },
    {
      "ques_id": 19,
      "question": "Vua Sau-lơ đã bất tuân mệnh lệnh của Đức Giê-hô-va và tha mạng cho vua A-mê-léc",
      "option1": "Balak",
      "option2": "Dagon",
      "option3": "Agag",
      "option4": "Nathan",
      "answer": 3
    },
    {
      "ques_id": 20,
      "question": "Mười điều răn được viết trên gì.",
      "option1": "Hai cuộn giấy",
      "option2": "Hai phiến đá",
      "option3": "Những bức tường của Jericho",
      "option4": "Hai cuốn sách",
      "answer": 1
    }
  ],
  "Bậc thầy": [
    {
      "ques_id": 1,
      "question": "Người ta ghi lại rằng \"mọi người đều lý luận trong lòng;\" Có lẽ người đó là Đấng Christ chăng?",
      "option1": "Ê-li",
      "option2": "John",
      "option3": "Malachi",
      "option4": "Peter",
      "answer": 2
    },
    {
      "ques_id": 2,
      "question": "Cha mẹ của Joseph tên là gì",
      "option1": "Jacob và Rebeka",
      "option2": "Jacob và Leah",
      "option3": "Jacob và Rachel",
      "option4": "Jacob và Ruth",
      "answer": 3
    },
    {
      "ques_id": 3,
      "question": "Trong số những người được đề cập trong kinh thánh, ai sống lâu nhất?",
      "option1": "Methuselah",
      "option2": "JJared",
      "option3": "Áp-ra-ham",
      "option4": "Adam",
      "answer": 1
    },
    {
      "ques_id": 4,
      "question": "Chúa Giêsu đã nói gì với những người buộc tội người đàn bà ngoại tình?",
      "option1": "Kìa, không có người công chính",
      "option2": "Ai sạch tội, hãy ném đá trước đi",
      "option3": "Khốn cho kẻ buộc tội người phụ nữ này",
      "option4": "giết cô ấy",
      "answer": 2
    },
    {
      "ques_id": 5,
      "question": "Một ngày nào đó tất cả các quốc gia sẽ đến thờ phượng Chúa?",
      "option1": "Damascus",
      "option2": "Jerusalem",
      "option3": "Cilicia",
      "option4": "Giuđa",
      "answer": 2
    },
    {
      "ques_id": 6,
      "question": "Con cháu nào của Đa-vít sẽ trị vì đời đời",
      "option1": "Rehoboam",
      "option2": "Chúa Giêsu",
      "option3": "Solomon",
      "option4": "Jeroboam",
      "answer": 2
    },
    {
      "ques_id": 7,
      "question": "Ai là người mẹ sùng đạo của Timothy",
      "option1": "Lois",
      "option2": "Phoebe",
      "option3": "Eunice",
      "option4": "Magdalene",
      "answer": 3
    },
    {
      "ques_id": 8,
      "question": "Tại sao vua Solomon lại quay lưng lại với Chúa khi về già",
      "option1": "Những người vợ ngoại quốc của ông đã khiến trái tim ông hướng theo các vị thần khác",
      "option2": "Anh ấy trở nên kiêu hãnh",
      "option3": "Anh ấy yêu phụ nữ hơn Chúa",
      "option4": "Ông ấy thờ thần tượng",
      "answer": 1
    },
    {
      "ques_id": 9,
      "question": "Ai đã trốn đến lều của Đức Giê-hô-va để được an toàn nhưng vẫn bị giết ở đó?",
      "option1": "Joab",
      "option2": "Saul",
      "option3": "Ammon",
      "option4": "Ê-sau",
      "answer": 1
    },
    {
      "ques_id": 10,
      "question": "Vị vua nào mơ thấy một bức tượng lớn của một người đàn ông được làm từ các kim loại khác nhau",
      "option1": "A-háp",
      "option2": "David",
      "option3": "malach",
      "option4": "Nebuchadnezzar",
      "answer": 4
    },
    {
      "ques_id": 11,
      "question": "Nơi \"nơi cầu nguyện tốt nhất\" là ở đâu?",
      "option1": "Trong tủ có cửa đóng",
      "option2": "Trong nhà thờ",
      "option3": "Ở một nơi yên tĩnh",
      "option4": "Đang trên đường",
      "answer": 1
    },
    {
      "ques_id": 12,
      "question": "Người ta có thể tìm thấy ở đâu những lời: Hãy hết lòng tin cậy Đức Giê-hô-va và chớ nương cậy nơi sự hiểu biết của con?",
      "option1": "Châm ngôn 3:5",
      "option2": "Châm ngôn 35:3",
      "option3": "Châm ngôn 5:3",
      "option4": "Châm ngôn 6:4",
      "answer": 1
    },
    {
      "ques_id": 13,
      "question": "Khi Chúa Giêsu ở trong hoang địa, Ngài đã bị cám dỗ hóa gì thành ổ bánh?",
      "option1": "Gò",
      "option2": "Đá",
      "option3": "Đá",
      "option4": "Đất",
      "answer": 3
    },
    {
      "ques_id": 14,
      "question": "Có gì đặc biệt về Ehud [thẩm phán Israel đã giết Elgon, vua Moab",
      "option1": "Anh ấy còn rất trẻ",
      "option2": "Anh ấy thuận tay trái",
      "option3": "Anh ấy bị mù",
      "option4": "Ông ấy đã rất già",
      "answer": 2
    },
    {
      "ques_id": 15,
      "question": "Điều gì đã xảy ra với thành phố Jericho sau khi linh mục thổi kèn",
      "option1": "Dân chúng chạy trốn sang vùng đất khác",
      "option2": "Động vật đã chết",
      "option3": "Tường sụp đổ",
      "option4": "Người dân di cư",
      "answer": 3
    },
    {
      "ques_id": 16,
      "question": "Theo Giăng 1:1, điều gì đã có từ ban đầu với Đức Chúa Trời",
      "option1": "Lời",
      "option2": "Một thiên thần",
      "option3": "Chúa Giêsu",
      "option4": "John",
      "answer": 1
    },
    {
      "ques_id": 17,
      "question": "Sách Thi Thiên có bao nhiêu Thánh Vịnh?",
      "option1": "150",
      "option2": "170",
      "option3": "120",
      "option4": "190",
      "answer": 1
    },
    {
      "ques_id": 18,
      "question": "Không phải ai nói với tôi \"Lạy Chúa, lạy Chúa\" sẽ được vào Nước Trời. Khi đó, ai sẽ vào Vương quốc của mình",
      "option1": "Người làm theo ý Chúa",
      "option2": "Người thực hiện những điều kỳ diệu",
      "option3": "Người được rửa tội",
      "option4": "Người rao giảng lời Chúa",
      "answer": 1
    },
    {
      "ques_id": 19,
      "question": "Ai là vị vua đầu tiên của 10 bộ tộc Israel?",
      "option1": "Jeroboam",
      "option2": "Rehoboth",
      "option3": "Joab",
      "option4": "Rehoboam",
      "answer": 1
    },
    {
      "ques_id": 20,
      "question": "Theo Jeremiah, quốc gia Israel đã bị giam cầm bao nhiêu năm dưới thời vua Babylon?",
      "option1": "120 năm",
      "option2": "40 năm",
      "option3": "70 năm",
      "option4": "80 năm",
      "answer": 3
    }
  ],
  "Đại sư": [
    {
      "ques_id": 1,
      "question": "Naaman được bảo phải tắm sông nào để khỏi bệnh phong?",
      "option1": "Nil",
      "option2": "Jordan",
      "option3": "Galilê",
      "option4": "Kinh thánh không nói",
      "answer": 2
    },
    {
      "ques_id": 2,
      "question": "Cha của Rehoboam là ai?",
      "option1": "David",
      "option2": "Nimrod",
      "option3": "Abimelech",
      "option4": "Solomon",
      "answer": 4
    },
    {
      "ques_id": 3,
      "question": "David đã trị vì trong bao lâu?",
      "option1": "Ba mươi năm",
      "option2": "Bốn mươi năm",
      "option3": "Hai mươi lăm năm",
      "option4": "Tám mươi năm",
      "answer": 2
    },
    {
      "ques_id": 4,
      "question": "Trong lời giải thích của Chúa Giêsu về dụ ngôn người gieo giống. Hạt giống tượng trưng cho điều gì",
      "option1": "Niềm tin",
      "option2": "Lời Chúa",
      "option3": "Chúa Giêsu",
      "option4": "Tình yêu",
      "answer": 2
    },
    {
      "ques_id": 5,
      "question": "Cây nào \"nhỏ nhất trong các loại hạt nhưng khi lớn lên lại lớn nhất trong các loại thảo mộc?",
      "option1": "Ô liu",
      "option2": "Mù tạt",
      "option3": "Sồi",
      "option4": "Nho",
      "answer": 2
    },
    {
      "ques_id": 6,
      "question": "Anh trai của Moses tên là gì?",
      "option1": "Alphaeus",
      "option2": "John",
      "option3": "Aaron",
      "option4": "Joshua",
      "answer": 3
    },
    {
      "ques_id": 7,
      "question": "Chúa đã tạo ra Eva từ bộ phận nào trên cơ thể Adam?",
      "option1": "Trái tim",
      "option2": "Bộ não",
      "option3": "Sườn",
      "option4": "Đầu",
      "answer": 3
    },
    {
      "ques_id": 8,
      "question": "Zacharias và Elizabeth được thiên thần báo trước rằng họ sẽ có một đứa con trai, cậu bé được gọi là gì",
      "option1": "Ê-li",
      "option2": "Chúa Giêsu",
      "option3": "John",
      "option4": "James",
      "answer": 3
    },
    {
      "ques_id": 9,
      "question": "Sự kiện quan trọng nào được ghi lại trong Sáng thế ký chương 1 và 2",
      "option1": "Giao thông vận tải",
      "option2": "Sáng tạo",
      "option3": "Thanh lọc",
      "option4": "Hy sinh",
      "answer": 2
    },
    {
      "ques_id": 10,
      "question": "Mối quan hệ giữa Môi-se và Cô-rê là gì",
      "option1": "Cả hai đều đến từ bộ tộc Giu-đa",
      "option2": "Họ là anh em",
      "option3": "Họ là anh em họ",
      "option4": "Họ là bạn bè",
      "answer": 3
    },
    {
      "ques_id": 11,
      "question": "Naomi đã bảo người dân ở Bethlehem gọi cô ấy là gì",
      "option1": "Mara",
      "option2": "Naama",
      "option3": "Bathsheba",
      "option4": "Mary",
      "answer": 1
    },
    {
      "ques_id": 12,
      "question": "Hãy kể tên cô gái Do Thái đã kết hôn với một vị vua Ba Tư?",
      "option1": "Naomi",
      "option2": "Deborah",
      "option3": "Esther",
      "option4": "Jude",
      "answer": 3
    },
    {
      "ques_id": 13,
      "question": "Bảy chân đèn vàng trong Khải Huyền 1:20 tượng trưng cho điều gì?",
      "option1": "Bảy hội",
      "option2": "Bảy thiên thần",
      "option3": "Bảy vị vua",
      "option4": "Bảy người",
      "answer": 1
    },
    {
      "ques_id": 14,
      "question": "Có thể tìm thấy những lời sau đây ở đâu: nhưng Thiên Chúa đã chọn những điều ngu ngốc ở thế gian để làm xấu hổ những người khôn ngoan?",
      "option1": "Hành động",
      "option2": "Người La Mã",
      "option3": "1 Cô-rinh-tô",
      "option4": "John",
      "answer": 3
    },
    {
      "ques_id": 15,
      "question": " Điều đáng chú ý về người anh song sinh của Jacob, Esau khi mới sinh",
      "option1": "Anh ấy có đôi mắt sâu thẳm",
      "option2": "Anh ấy rất đẹp trai",
      "option3": "Anh ấy đỏ và nhiều lông",
      "option4": "Anh ấy rất đen",
      "answer": 3
    },
    {
      "ques_id": 16,
      "question": ",Ai đã cắt tóc cho Samson?",
      "option1": "Kẻ thù không đội trời chung của anh ta, Hulk",
      "option2": "Delilah",
      "option3": "Người đàn ông khác",
      "option4": "Bạn bè của anh ấy",
      "answer": 2
    },
    {
      "ques_id": 17,
      "question": "Ai đã viết sách về các vị vua thứ nhất và thứ hai?",
      "option1": "Ê-li",
      "option2": "Giê-rê-mi",
      "option3": "Gad",
      "option4": "Nathan",
      "answer": 2
    },
    {
      "ques_id": 18,
      "question": "Phúc âm nào xuất hiện cuối cùng trong Kinh thánh",
      "option1": "Nicôđem",
      "option2": "John",
      "option3": "Andrew",
      "option4": "Đánh dấu",
      "answer": 2
    },
    {
      "ques_id": 19,
      "question": "Điều gì đã xảy ra với người không có tên được ghi trong sổ sự sống?",
      "option1": "Họ được tuyên bố là không xứng đáng được cứu",
      "option2": "Họ đã chết",
      "option3": "Họ đã chết",
      "option4": "Họ bị ném vào hồ lửa",
      "answer": 4
    },
    {
      "ques_id": 20,
      "question": "Ai là người mạnh nhất từng sống?",
      "option1": "Goliath",
      "option2": "Samson",
      "option3": "Chúa Giêsu",
      "option4": "Agag",
      "answer": 2
    }
  ],
  "Huyền thoại": [
    {
      "ques_id": 1,
      "question": "Sách Sáng thế mở đầu bằng từ tiếng Do Thái \"bereshit\", bản dịch của từ này sang tiếng Anh là gì",
      "option1": "Lúc đầu",
      "option2": "Hãy có ánh sáng",
      "option3": "Khi chưa có gì",
      "option4": "Chúa đã phán",
      "answer": 1,
      "8888":"Gn 1:1"
    },
    {
      "ques_id": 2,
      "question": "Sau khi đưa người đàn ông vào giấc ngủ sâu, Chúa đã lấy gì từ anh ta để biến thành một người phụ nữ",
      "option1": "Một chiếc răng",
      "option2": "Một móng tay",
      "option3": "Một cái xương sườn",
      "option4": "Một sợi tóc",
      "answer": 3,
      "8888":"Gn 1:2"
    },
    {
      "ques_id": 3,
      "question": "Chúa đã ban phước cho điều gì đầu tiên bằng câu \"Hãy sinh sôi nảy nở\"?",
      "option1": "Người đàn ông và người phụ nữ đầu tiên",
      "option2": "Các sinh vật biển và chim",
      "option3": "Thực vật",
      "option4": "Động vật trên cạn",
      "answer": 1,
      "8888":"Gn 1:22"
    },
    {
      "ques_id": 4,
      "question": "Ai là thiên thần của Chúa đã báo tin cho Mary rằng nàng sẽ thụ thai và sinh con trai?",
      "option1": "Gabriel",
      "option2": "Michael",
      "option3": "Raphael",
      "option4": "Hải cẩu",
      "answer": 1,
      "8888":"Lk 1:31"
    },
    {
      "ques_id": 5,
      "question": "Mẹ của Thánh John the Baptist tên là gì?",
      "option1": "Salome Zebedee",
      "option2": "Elizabeth xứ Zachariah",
      "option3": "Mary of Cleofas",
      "option4": "Herodias của Philip",
      "answer": 2,
      "8888":"Lk 1:5-6"
    },
    {
      "ques_id": 6,
      "question": "Khi bắt đầu câu chuyện Phục sinh trong Phúc âm Thánh Gioan, ai được nhắc đến là người đến mộ Chúa Giêsu vào sáng sớm và thấy tảng đá được dời đi?",
      "option1": "Mary Magdala",
      "option2": "Thánh John",
      "option3": "Martha",
      "option4": "Một thiên thần",
      "answer": 1,
      "8888":"Jn20:1"
    },
    {
      "ques_id": 7,
      "question": "Trong câu chuyện về sự phục sinh trong phúc âm Thánh John, khi vị chúa phục sinh lần đầu tiên hiện ra với Mary Magdalene, bà đã nhầm ông với ai?",
      "option1": "Người cai ngục",
      "option2": "Đội trưởng",
      "option3": "Người chấm điểm",
      "option4": "Một thiên thần",
      "answer": 3,
      "8888":"Jn 20:15"
    },
    {
      "ques_id": 8,
      "question": "Trong gia phả của Chúa Giêsu trong Tin Mừng Thánh Mathew, có bao nhiêu bộ 14 thế hệ được nhắc đến",
      "option1": "Năm",
      "option2": "Một điểm",
      "option3": "Ba",
      "option4": "Một tá",
      "answer": 3,
      "8888":"Giăng 20:15"

    },
    {
      "ques_id": 9,
      "question": "Tiên tri Isaia có nói rằng đứa trẻ do một trinh nữ sinh ra sẽ được đặt tên này, nghĩa là Thiên Chúa - ở cùng chúng ta?",
      "option1": "Chúa Giêsu",
      "option2": "John",
      "option3": "Emmanuel",
      "option4": "Christos,",
      "answer": 3,
      "8888":"Mt 1:23"
    },
    {
      "ques_id": 10,
      "question": "Trong gia phả của Chúa Giêsu được ghi trong Tin Mừng Thánh Mathew, tập hợp 14 thế hệ đầu tiên được đề cập bắt đầu từ Abraham và kết thúc với ai?",
      "option1": "David",
      "option2": "Moses",
      "option3": "Jacob",
      "option4": "Jesse",
      "answer": 1,
      "8888":"Mt 1:1-6"
    },
    {
      "ques_id": 11,
      "question": "\"Bởi vì cô ấy được lấy ra từ xác thịt của anh ấy\", người đàn ông đầu tiên gọi người phụ nữ đầu tiên là gì?",
      "option1": "Adama",
      "option2": "Đêm giao thừa",
      "option3": "Phụ nữ",
      "option4": "Vợ",
      "answer": 2,
      "8888":"Sáng 1:23"
    },
    {
      "ques_id": 12,
      "question": "Chúa là Đức Chúa Trời đã ban gì để làm thức ăn cho mọi loài thú trên đất và mọi loài chim trời?",
      "option1": "Cây xanh",
      "option2": "Cây mang hạt",
      "option3": "Cây ăn quả có hạt",
      "option4": "Bất cứ thứ gì ăn được",
      "answer": 1,
      "8888":"Gn 1:30"
    },
    {
      "ques_id": 13,
      "question": "Chúa tạo ra mặt trời và mặt trăng vào ngày sáng tạo nào?",
      "option1": "Đầu tiên",
      "option2": "Thứ hai",
      "option3": "Thứ ba",
      "option4": "Thứ tư",
      "answer": 4,
      "8888":"Sáng 1:26-31"
    },
    {
      "ques_id": 14,
      "question": "David bao nhiêu tuổi khi được phong làm vua của Israel?",
      "option1": "50",
      "option2": "20",
      "option3": "35",
      "option4": "30",
      "answer": 4,
      "8888":"2Sa-mu-ên 5:4"
    },
    {
      "ques_id": 15,
      "question": "Còn ai khác ngoài những nhà thông thái đã đến thăm Chúa Giêsu khi Ngài còn nhỏ.",
      "option1": "Cung thủ",
      "option2": "Người chăn cừu",
      "option3": "Thợ săn",
      "option4": "Nông dân",
      "answer": 2
    },
    {
      "ques_id": 16,
      "question": "Goliath cao bao nhiêu?",
      "option1": "6 cubit và một nhịp",
      "option2": " 8 cubit",
      "option3": "10 cubit và một nhịp",
      "option4": "12 cubit",
      "answer": 1,
      "8888":"1 Sa-mu-ên 1:4"
    },
    {
      "ques_id": 17,
      "question": " Paul đã nói gì về việc thực hiện luật pháp?",
      "option1": "Niềm tin",
      "option2": "Cầu nguyện",
      "option3": "Tình yêu",
      "option4": "Hôn nhân",
      "answer": 3,
      "8888":"Rô-ma 13:10"
    },
    {
      "ques_id": 18,
      "question": "Chương ngắn nhất trong kinh thánh là gì",
      "option1": "Thánh vịnh 117",
      "option2": "Thánh vịnh 18",
      "option3": "Đánh dấu 10",
      "option4": "Giăng 4",
      "answer": 1,
      "8888":"Thánh vịnh 117"
    },
    {
      "ques_id": 19,
      "question": " Ai nói: \"Vàng bạc ta không có nhưng thứ ta có thì cho ngươi\"?",
      "option1": "Paul",
      "option2": "James",
      "option3": "Peter",
      "option4": "Timothy",
      "answer": 3,
      "8888":"Công vụ 3:6"
    },
    {
      "ques_id": 20,
      "question": " Moses [năm] bao nhiêu tuổi vào thời điểm ông qua đời",
      "option1": "120",
      "option2": "100",
      "option3": "150",
      "option4": "80",
      "answer": 1,
      "8888":"Phục truyền luật lệ ký 34:7"
    }
  ],
  "Ngoài thế giới này": [
    {
      "ques_id": 1,
      "question": "Ai là người già nhất được ghi lại trong kinh thánh?",
      "option1": "Methuselah",
      "option2": "Adam",
      "option3": "Áp-ra-ham",
      "option4": "Solomon",
      "answer": 1,
      "8888":"Sáng Thế Ký 5:27"
    },
    {
      "ques_id": 2,
      "question": "Người già nhất được ghi lại trong kinh thánh là bao nhiêu tuổi?",
      "option1": "120",
      "option2": "500",
      "option3": "800",
      "option4": "969",
      "answer": 4,
      "8888":"Sáng Thế Ký 5:27"
    },
    {
      "ques_id": 3,
      "question": "Jahwe-Schammmah nghĩa là gì?",
      "option1": "Chúa ở cùng chúng ta",
      "option2": "Chính Chúa",
      "option3": "Chúa Giêsu con Thiên Chúa",
      "option4": "Sự sống vĩnh cửu",
      "answer": 2,
      "8888":"Ê-xê-chi-ên 48:35"
    },
    {
      "ques_id": 4,
      "question": "Chúa đã thêm bao nhiêu năm nữa cho vua Ê-xê-chia để đáp lại lời cầu nguyện của vị vua sắp chết?",
      "option1": "20",
      "option2": "50",
      "option3": "15",
      "option4": "100",
      "answer": 3,
      "8888":"2 Các Vua 20:6"
    },
    {
      "ques_id": 5,
      "question": "Vua Giô-si-a của Giu-đa đã tham khảo những nhà tiên tri nào của Chúa?",
      "option1": "Amos",
      "option2": "Ê-li",
      "option3": "Elisha",
      "option4": "Huldah",
      "answer": 4,
      "8888": "2 Các Vua 22:14-16"
    },
    {
      "ques_id": 6,
      "question": "Vua Josiah đã phục hồi nghi lễ nào mà chưa có vị vua nào trước đây của Israel hay Giu-đa cử hành??",
      "option1": "Lễ Vượt Qua",
      "option2": "Nghi lễ hiến tế",
      "option3": "thờ",
      "option4": "Cắt bao quy đầu",
      "answer": 1,
      "8888":"2 Các Vua 23:21"
    },
    {
      "ques_id": 7,
      "question": "Vua Sau-lơ thuộc chi phái nào của Y-sơ-ra-ên?",
      "option1": "Juda",
      "option2": "Benjamin",
      "option3": "Amonit",
      "option4": "Israel",
      "answer": 2,
      "8888":"1 Sa-mu-ên 9:21"
    },
    {
      "ques_id": 8,
      "question": "Khi chiếc hòm được mang về Israel, Samuel đã dâng của lễ gì cho chúa?",
      "option1": "A-he dê",
      "option2": "Hy sinh con người",
      "option3": "Anh ấy đã hy sinh mùa màng trong vườn",
      "option4": "Cừu con đang bú",
      "answer": 4,
      "8888":"1 Sa-mu-ên 7:9"
    },
    {
      "ques_id": 9,
      "question": "Vợ vua Sau-lơ tên là gì?",
      "option1": "Debora",
      "option2": "Naume",
      "option3": "Ahinoam",
      "option4": "Ruth",
      "answer": 3,
      "8888":"1 Sa-mu-ên 14:50"
    },
    {
      "ques_id": 10,
      "question": "Con người cần điều gì để hiểu được lời Chúa?",
      "option1": "Kiến thức",
      "option2": "Chúa Thánh Thần",
      "option3": "Trí tuệ",
      "option4": "Cầu nguyện",
      "answer": 2,
      "8888":"1 Cô-rinh-tô 2:11"
    },
    {
      "ques_id": 11,
      "question": "Paul nói ai đã phán xét anh ta?",
      "option1": "Chúa",
      "option2": "Terah",
      "option3": "Reuben",
      "option4": "Belshazzar",
      "answer": 1,
      "8888": "1 Cô-rinh-tô 4:4"
    },
    {
      "ques_id": 12,
      "question": "Vào ngày Lễ Ngũ Tuần, có tiếng từ Thiên đường phát ra một tiếng ____ dồn dập?",
      "option1": "Sấm sét",
      "option2": "Mưa",
      "option3": "Gió",
      "option4": "tiếng ồn lớn",
      "answer": 3,
      "8888":"Công vụ 2:2"
    },
    {
      "ques_id": 13,
      "question": "Ai đề nghị trả tiền để ban quyền ban Thánh Thần?",
      "option1": "John",
      "option2": "Xachari",
      "option3": "Simon",
      "option4": "Hê-rốt",
      "answer": 3,
      "8888":"Đoạn 8"
    },
    {
      "ques_id": 14,
      "question": "Khi Chúa Giêsu biến nước thành rượu, Ngài đã biến nước đựng trong chum đá. Những chum đá này thường dùng để làm gì?",
      "option1": "Rửa tội",
      "option2": "Dọn dẹp",
      "option3": "Giao dịch",
      "option4": "Lễ rửa tội",
      "answer": 4,
      "8888":"Giăng 2:6"
    },
    {
      "ques_id": 15,
      "question": "Cha của Nimrod là ai?",
      "option1": "Andrew",
      "option2": "Joshua",
      "option3": "Samson",
      "option4": "Cúi",
      "answer": 4,
      "8888":"1 Sử ký 1:10"
    },
    {
      "ques_id": 16,
      "question": "tên của hai người con trai của Abraham(Theo thứ tự ngày sinh của họ) là gì?",
      "option1": "Isaac và Jacob",
      "option2": "Ishmael và Isaac",
      "option3": "Joseph và Jacob",
      "option4": "Cain và Isaac",
      "answer": 2,
      "8888": "Sáng thế ký 16:1-16, 1 Sử ký 1:28"
    },
    {
      "ques_id": 17,
      "question": "Tên của ba người con trai của Nô-ê theo thứ tự trong danh sách Kinh thánh là gì?",
      "option1": "Ham, Joseph,Japheth",
      "option2": "Japhet, Ham, Isaac",
      "option3": "Sem, Cham và Gia-phết",
      "option4": "Shem,Ham, Joseph",
      "answer": 3,
      "8888":"Sáng thế ký 9:18-19, 1 Sử ký 1:4"
    },
    {
      "ques_id": 18,
      "question": "Chúa đã đổi tên Abraham thành Abraham khi ông 99 tuổi. Trước đó tên ông là gì?",
      "option1": "Adam",
      "option2": "Áp-ram",
      "option3": "Alpha",
      "option4": "Agag",
      "answer": 2,
      "8888": "Sáng Thế Ký 17:1-5"
    },
    {
      "ques_id": 19,
      "question": "Áp-ra-ham bao nhiêu tuổi khi Y-sác được sinh ra?",
      "option1": "103",
      "option2": "90",
      "option3": "100",
      "option4": "50",
      "answer": 3,
      "8888": "Sáng Thế Ký 21:5"
    },
    {
      "ques_id": 20,
      "question": "Có bao nhiêu cuốn sách trong kinh thánh có từ \"John\" trong tựa đề?",
      "option1": "4",
      "option2": "3",
      "option3": "1",
      "option4": "5",
      "answer": 1,
      "8888": "John"
    }
  ]
}