 {

  "Principiante": [

    {

      "ques_id": 1,

      "question": "Chi è il primo uomo che sia mai esistito?",

      "option1": "Matusalemme",

      "option2": "Abramo",

      "option3": "Mosè",

      "option4": "Adamo",

      "answer": 4

    },

    {

      "ques_id": 2,

      "question": "Chi è stato inghiottito da un pesce molto grande?",

      "option1": "Gesù",

      "option2": "Giona",

      "option3": "Sansone",

      "option4": "Pietro",

      "answer": 2

    },

    {

      "ques_id": 3,

      "question": "Chi è la persona che Dio ha usato per condurre gli israeliti fuori dall'Egitto",

      "option1": "Aaron",

      "option2": "Abramo",

      "option3": "Mosè",

      "option4": "Geremia",

      "answer": 3

    },

    {

      "ques_id": 4,

      "question": "Chi era la persona che ha ucciso Golia",

      "option1": "David",

      "option2": "Saulo",

      "option3": "Salomone",

      "option4": "Gionathan",

      "answer":1

    },

    {

      "ques_id": 5,

      "question": "Chi fu il primo re d'Israele?",

      "option1": "David",

      "option2": "Saulo",

      "option3": "Salomone",

      "option4": "Mosè",

      "answer": 2

    },

    {

      "ques_id": 6,

      "question": "Che occupazione aveva Gesù prima del suo ministero",

      "option1": "Creatore di giocattoli",

      "option2": "Pescatore",

      "option3": "Custode di vigna",

      "option4": "Falegname",

      "answer": 4

    },

    {

      "ques_id": 7,

      "question": "Qual è il nome della città in cui nacque Gesù?",

      "option1": "Gerusalemme",

      "option2": "Betlemme",

      "option3": "Galilea",

      "option4": "Nazaret",

      "answer": 2

    },

    {

      "ques_id": 8,

      "question": "Qual è il nome del mare su cui camminava Gesù",

      "option1": "Mare di Galilea",

      "option2": "Mar Morto",

      "option3": "Leggi mare",

      "option4": "Mare Mediterraneo",

      "answer":1

    },

    {

      "ques_id": 9,

      "question": "Qual è il nome del fiume in cui Giovanni Battista battezzò le persone?",

      "option1": "Eufrate",

      "option2": "Nilo",

      "option3": "Giordania",

      "option4": "Tigri",

      "answer": 3

    },

    {

      "ques_id": 10,

      "question": "Come si chiama il fratello di Andrea? (Entrambi erano discepoli)",

      "option1": "Pietro",

      "option2": "Giovanni",

      "option3": "Giacomo",

      "option4": "Adamo",

      "answer":1

    },

    {

      "ques_id": 11,

      "question": "Qual era il nome di Gesù Madre?",

      "option1": "Maria",

      "option2": "Marta",

      "option3": "Zippora",

      "option4": "Sara",

      "answer":1

    },

    {

      "ques_id": 12,

      "question": "Qual era il nome del giardino dove vivevano Adamo ed Eva?",

      "option1": "Terra di Nod",

      "option2": "Giardino dell'Eden",

      "option3": "Betlemme",

      "option4": "Giardino della Valle",

      "answer": 2

    },

    {

      "ques_id": 13,

      "question": "Con quale cibo Gesù ha sfamato 5.000 persone",

      "option1": "Vino",

      "option2": "Pane e vino",

      "option3": "Pane e pesci",

      "option4": "Acqua",

      "answer": 3

    },

    {

      "ques_id": 14,

      "question": "Quale metodo usavano i romani per uccidere Gesù?",

      "option1": "Lapidato",

      "option2": "Cremazione",

      "option3": "Crocifissione",

      "option4": "Impiccato",

      "answer": 3

    },

    {

      "ques_id": 15,

      "question": "Quanti cesti sono rimasti dall'alimentazione dei 5000?",

      "option1": "7",

      "option2": "8",

      "option3": "10",

      "option4": "12",

      "answer":1,

      "reference": "Matteo 15:13"

    },

    {

      "ques_id": 16,

      "question": "Quale discepolo ha trovato una moneta nella bocca di un pesce?",

      "option1": "Andrea",

      "option2": "Paolo",

      "option3": "Pietro",

      "option4": "Timoteo",

      "answer": 3,

      "reference": "Matteo 1:24-27"

    },

    {

      "ques_id": 17,

      "question": "In quale libro della Bibbia leggiamo di Haman",

      "option1": "Esodo",

      "option2": "Ester",

      "option3": "Ruth",

      "option4": "Malachia",

      "answer": 2,

      "reference": "Ester 3"

    },

    {

      "ques_id": 18,

      "question": "Nomina la moglie del re Agrippa, davanti alla quale Paolo fu processato",

      "option1": "Bernince",

      "option2": "Erode",

      "option3": "Agag",

      "option4": "Ciafa",

      "answer":1,

      "reference": "Atti 25:23"

    },

    {

      "ques_id": 19,

      "question": "Quanti anni ebbe Enoc",

      "option1": "400",

      "option2": "350",

      "option3": "230",

      "option4": "365",

      "answer": 4,

      "reference": "Genesi 5:23"

    },

    {

      "ques_id": 20,

      "question": "Quanti anni Dio aggiunse alla vita del re Ezechia in risposta alla preghiera dei re morenti?",

      "option1": "20",

      "option2": "15",

      "option3": "100",

      "option4": "50",

      "answer": 2,

      "reference": "2 Re 20:6"

    }

  ],

  "Appassionato": [

    {

      "ques_id": 1,

      "question": "Chi era il padre di Isacco?",

      "option1": "Abramo",

      "option2": "Giacobbe",

      "option3": "Esaù",

      "option4": "Peleq",

      "answer":1

    },

    {

      "ques_id": 2,

      "question": "Chi era il padre di Roboamo?",

      "option1": "David",

      "option2": "Nimrod",

      "option3": "Abimelech",

      "option4": "Salomone",

      "answer": 4

    },

    {

      "ques_id": 3,

      "question": "Chi era il padre di Matusalemme?",

      "option1": "Elia",

      "option2": "Enock",

      "option3": "Seth",

      "option4": "Jared",

      "answer": 2

    },

    {

      "ques_id": 4,

      "question": "Chi ha ucciso Giovanni Battista?",

      "option1": "Cesare",

      "option2": "Pilato",

      "option3": "Herold",

      "option4": "Caiafa",

      "answer": 3

    },

    {

      "ques_id": 5,

      "question": "Chi fu la prima persona uccisa perché credette in Cristo?",

      "option1": "Pietro",

      "option2": "Giovanni",

      "option3": "Barnaba",

      "option4": "Stefano",

      "answer": 4

    },

    {

      "ques_id": 6,

      "question": "Dove stava andando Saulo quando vide Gesù?",

      "option1": "Damasco",

      "option2": "Grecia",

      "option3": "Roma",

      "option4": "Gerusalemme",

      "answer":1

    },

    {

      "ques_id": 7,

      "question": "Dove trascorse Gesù la maggior parte della sua vita sulla terra?",

      "option1": "Gerusalemme",

      "option2": "Nazaret",

      "option3": "Monte degli Ulivi",

      "option4": "Egitto",

      "answer": 2

    },

    {

      "ques_id": 8,

      "question": "Quale Salmo inizia, 'Il Signore è il mio pastore?'",

      "option1": "Salmo 91",

      "option2": "Salmo 1",

      "option3": "Salmo 104",

      "option4": "Salmo 23",

      "answer": 4

    },

    {

      "ques_id": 9,

      "question": "Qual era l'occupazione di Paolo mentre viaggiava come missionario?",

      "option1": "Pastore",

      "option2": "Venditore di viola",

      "option3": "Creatore di tende",

      "option4": "Scrivi",

      "answer": 3

    },

    {

      "ques_id": 10,

      "question": "Qual è il nome dell'isola su cui visse Barnaba?",

      "option1": "Grecia",

      "option2": "Cipro",

      "option3": "Rodi",

      "option4": "Isola di Pasqua",

      "answer": 2

    },

    {

      "ques_id": 11,

      "question": "Quando fu avvicinato da Gesù, il quale disse: 'Che hai a che fare con me, Gesù, Figlio dell'Iddio altissimo? Ti scongiuro per Dio, non tormentarmi'.?",

      "option1": "Legione",

      "option2": "Tera",

      "option3": "Ruben",

      "option4": "Belshazzar",

      "answer":1

    },

    {

      "ques_id": 12,

      "question": "Quale uccello Gesù dice che abbiamo più valore?",

      "option1": "Aquila",

      "option2": "Avvoltoio",

      "option3": "Passero",

      "option4": "Colomba",

      "answer": 3

    },

    {

      "ques_id": 13,

      "question": "Quali due sorelle hanno sposato Jacob?",

      "option1": "Dorcas e Leah",

      "option2": "Mariam e Rachel",

      "option3": "Rachel e Leah",

      "option4": "Sarai e Hannah",

      "answer": 3

    },

    {

      "ques_id": 14,

      "question": "In quale terra Dio mandò Abramo a sacrificare il suo figlio speciale, Isacco?",

      "option1": "Canano",

      "option2": "Macedonia",

      "option3": "Cipro",

      "option4": "Moria",

      "answer": 4

    },

    {

      "ques_id": 15,

      "question": "Quale profetessa del Signore consultò il re Giosia di Giuda",

      "option1": "Debora",

      "option2": "Huldah",

      "option3": "Naom",

      "option4": "Ruth",

      "answer": 2,

      "reference": "2 Re 22:12-16"

    },

    {

      "ques_id": 16,

      "question": "Nomi il figlio primogenito di Samuele?",

      "option1": "Giosuè",

      "option2": "Gioele",

      "option3": "Gionathan",

      "option4": "Giuseppe",

      "answer": 2,

      "reference": "1 Samnuel 8:2"

    },

    {

      "ques_id": 17,

      "question": "Come si chiamava la moglie del re Saul?",

      "option1": "Boam",

      "option2": "Misericordia",

      "option3": "Ahinoam",

      "option4": "Noam",

      "answer": 3,

      "reference": "1 Samuele 14:50"

    },

    {

      "ques_id": 18,

      "question": "Cosa è necessario perché qualcuno comprenda la parola di Dio?",

      "option1": "Preghiera",

      "option2": "Amore",

      "option3": "Spirito Santo",

      "option4": "Angeli",

      "answer": 3,

      "reference": "1 Corinzi 2:11"

    },

    {

      "ques_id": 19,

      "question": "Chi ha detto Paolo che lo ha giudicato?",

      "option1": "Satana",

      "option2": "Dio",

      "option3": "Amico",

      "option4": "Pietro",

      "answer": 2,

      "reference": "1 Corinzi 4:4"

    },

    {

      "ques_id": 20,

      "question": "________ differito fa ammalare il cuore?",

      "option1": "Fiducia",

      "option2": "Speranza",

      "option3": "Amore",

      "option4": "Preghiere",

      "answer": 2,

      "reference": "Proverbi 13:12"

    }

  ],

  "Intermedio": [

    {

      "ques_id": 1,

      "question": "Chi era la moglie di Mosè?",

      "option1": "Elisabetta",

      "option2": "Rebecca",

      "option3": "Mariam",

      "option4": "Zippora",

      "answer": 4

    },

    {

      "ques_id": 2,

      "question": "Chi fu la seconda moglie di Abramo?",

      "option1": "Ester",

      "option2": "Ketura",

      "option3": "Agar",

      "option4": "Lidia",

      "answer": 2

    },

    {

      "ques_id": 3,

      "question": "Quanti capitoli sono contenuti nel Discorso della Montagna?",

      "option1": "1",

      "option2": "2",

      "option3": "3",

      "option4": "7",

      "answer": 3

    },

    {

      "ques_id": 4,

      "question": "Quante volte Israele ha marciato intorno a Gerico?",

      "option1": "13",

      "option2": "7",

      "option3": "70",

      "option4": "12",

      "answer":1

    },

    {

      "ques_id": 5,

      "question": "Quanto è lungo un cubito?",

      "option1": "circa 12 pollici",

      "option2": "12mm",

      "option3": "circa 18 pollici",

      "option4": "circa 36 pollici",

      "answer": 3

    },

    {

      "ques_id": 6,

      "question": "Dov'è andato Caino dopo aver ucciso Abele?",

      "option1": "Giardino dell'Eden",

      "option2": "Terra di Nod",

      "option3": "Grotte di Qumran",

      "option4": "Mt. Ararat",

      "answer": 2

    },

    {

      "ques_id": 7,

      "question": "Chi era il figlio di Kish?",

      "option1": "Noè",

      "option2": "Apostolo Paolo",

      "option3": "Abramo",

      "option4": "Re Saul",

      "answer": 4

    },

    {

      "ques_id": 8,

      "question": "Dove viveva Raab?",

      "option1": "Gerico",

      "option2": "Gerusalemme",

      "option3": "Nineve",

      "option4": "Ai",

      "answer":1

    },

    {

      "ques_id": 9,

      "question": "Dove viveva Dorcas?",

      "option1": "Betel",

      "option2": "Giappone",

      "option3": "Cesarea",

      "option4": "Antiochia",

      "answer": 2

    },

    {

      "ques_id": 10,

      "question": "Dov'è la 'Strada chiamata Diritta'",

      "option1": "Gerusalemme",

      "option2": "Roma",

      "option3": "Babilonia",

      "option4": "Damasco",

      "answer": 4

    },

    {

      "ques_id": 11,

      "question": "Dopo che fuggì per salvarsi la vita, sotto quale albero dormì Elia",

      "option1": "Quercia",

      "option2": "Pino",

      "option3": "Ginepro",

      "option4": "abete rosso",

      "answer": 3,

      "reference": "1 Re 19:5"

    },

    {

      "ques_id": 12,

      "question": "Giuda tradì Gesù esattamente per quante monete d'argento?",

      "option1": "30",

      "option2": "20",

      "option3": "50",

      "option4": "10",

      "answer":1,

      "reference": "Matteo 26:15"

    },

    {

      "ques_id": 13,

      "question": "Nomina il padre di David",

      "option1": "Oman",

      "option2": "Jesse",

      "option3": "Giosuè",

      "option4": "Salomone",

      "answer": 2,

      "reference": "1Samuele 1:12"

    },

    {

      "ques_id": 14,

      "question": "Dio non è menzionato in 1 solo libro della Bibbia",

      "option1": "Ester",

      "option2": "Ruth",

      "option3": "Malachia",

      "option4": "Esodo",

      "answer":1,

      "reference": "Ester"

    },

    {

      "ques_id": 15,

      "question": "Per quanti pezzi d'argento Giosuè fu venduto dai suoi fratelli agli Ismeeliti",

      "option1": "50",

      "option2": "12",

      "option3": "20",

      "option4": "100",

      "answer": 3,

      "reference": "Genesi 37:28"

    },

    {

      "ques_id": 16,

      "question": "Quanti apostoli scelse Gesù",

      "option1": "12",

      "option2": "14",

      "option3": "10",

      "option4": "08",

      "answer":1,

      "reference": "Luca 6:13"

    },

    {

      "ques_id": 17,

      "question": "L'angelo disse a Maria che Gesù avrebbe regnato sulla casa di cui personaggio dell'Antico Testamento",

      "option1": "David",

      "option2": " Giacobbe",

      "option3": "Abramo",

      "option4": "Mosè",

      "answer":2,

      "reference": "Luca 1:13"

    },

    {

      "ques_id": 18,

      "question": "Quale profeta disse: 'Dall'Egitto ho chiamato mio figlio'?",

      "option1": "Geremia",

      "option2": "Isaia",

      "option3": "Osea",

      "option4": "Ezechiele",

      "answer": 3,

      "reference": "Osea 11:1"

    },

    {

      "ques_id": 19,

      "question": "Che tipo di albero maledisse Gesù?",

      "option1": "Fig",

      "option2": "Vigneto",

      "option3": "Pino",

      "option4": "quercia",

      "answer":1,

      "reference": "Marco 11:12-14"

    },

    {

      "ques_id": 20,

      "question": "Chi ha chiesto a Saul un medium allevato per lui",

      "option1": "Eli",

      "option2": "Nathan",

      "option3": "Samuele",

      "option4": "David",

      "answer": 3,

      "reference": "1 samuele 28:11"

    }

  ],

  "Professionista": [

    {

      "ques_id": 1,

      "question": "Chi ha portato la croce per Cristo?",

      "option1": "Filippo",

      "option2": "Simone di Cirene",

      "option3": "Acab",

      "option4": "Michea",

      "answer": 2

    },

    {

      "ques_id": 2,

      "question": "Quanti compagni diedero i filistei a Sansone alla festa di Timna?",

      "option1": "30",

      "option2": "31",

      "option3": "32",

      "option4": "33",

      "answer":1

    },

    {

      "ques_id": 3,

      "question": "Quanti anni aveva Anna la profetessa quando vide Gesù?",

      "option1": "83",

      "option2": "84",

      "option3": "88",

      "option4": "92",

      "answer": 2

    },

    {

      "ques_id": 4,

      "question": "Cosa diede a Salomone la regina di Saba?",

      "option1": "(124 talenti di) oro, spezie e pietre preziose",

      "option2": "(120 talenti di) oro, spezie e pietre preziose",

      "option3": "(18 talenti di) oro, spezie e pietre preziose",

      "option4": "(221 talenti di) oro, spezie e pietre preziose",

      "answer": 2

    },

    {

      "ques_id": 5,

      "question": "Quanti libri ci sono nell'Antico Testamento?",

      "option1": "37",

      "option2": "38",

      "option3": "39",

      "option4": "40",

      "answer": 3

    },

    {

      "ques_id": 6,

      "question": "In quanti fiumi si è diviso il fiume nell'Eden una volta che ha lasciato il giardino?",

      "option1": "4",

      "option2": "3",

      "option3": "6",

      "option4": "8",

      "answer":1

    },

    {

      "ques_id": 7,

      "question": "Cosa volle fare Giuseppe quando scoprì che Maria era incinta?",

      "option1": "Organizza una festa",

      "option2": "Divorzia da lei",

      "option3": "Scappa",

      "option4": "Nessuno dei precedenti",

      "answer": 2

    },

    {

      "ques_id": 8,

      "question": "Di che colore era la veste del Sommo Sacerdote?",

      "option1": "Blu",

      "option2": "Bianco",

      "option3": "Verde",

      "option4": "Rosso",

      "answer":1

    },

    {

      "ques_id": 9,

      "question": "Cosa ha detto Boaz che Naomi stava vendendo?",

      "option1": "Un appezzamento di terreno",

      "option2": "Oro",

      "option3": "Suo figlio",

      "option4": "Cibo",

      "answer":1

    },

    {

      "ques_id": 10,

      "question": "Nella parabola dei debitori uno doveva 500 denari (pence), ma quanto doveva l'altro",

      "option1": "70",

      "option2": "50",

      "option3": "45",

      "option4": "80",

      "answer": 2

    },

    {

      "ques_id": 11,

      "question": "Quanto dello spirito di Elia ricevette Eliseo?",

      "option1": "Piccolo",

      "option2": "Unica porzione",

      "option3": "Sano",

      "option4": "Doppia porzione",

      "answer": 4

    },

    {

      "ques_id": 12,

      "question": "Cosa c'era di insolito nei 700 soldati benjamiti che potevano lanciare una pietra e colpire il bersaglio ogni volta?",

      "option1": "Erano tutti mancini",

      "option2": "Sembravano tutti uguali",

      "option3": "Non avevano scarpe",

      "option4": "Nessuno dei precedenti",

      "answer":1

    },

    {

      "ques_id": 13,

      "question": "Che rapporto aveva Anna con Caifa?",

      "option1": "Fratello",

      "option2": "Zio",

      "option3": "Cugini",

      "option4": "suocero",

      "answer": 4

    },

    {

      "ques_id": 14,

      "question": "Cosa non dovresti 'gettare davanti ai porci'",

      "option1": "Ciottoli",

      "option2": "Pietre",

      "option3": "Perle",

      "option4": "Stick",

      "answer": 3

    },

    {

      "ques_id": 15,

      "question": "Quando in carcere a che ora Paolo e Sila pregavano e cantavano a Dio?",

      "option1": "Mattina",

      "option2": "Pomeriggio",

      "option3": "Sera",

      "option4": "Mezzanotte",

      "answer": 4

    },

    {

      "ques_id": 16,

      "question": "Cosa mangiarono Daniele e i suoi tre amici invece della carne e delle bevande del re?",

      "option1": "Pane",

      "option2": "Vino e pane",

      "option3": "Impulsi e acqua",

      "option4": "Niente",

      "answer": 3

    },

    {

      "ques_id": 17,

      "question": "Come si chiama il cugino di Gesù, nato sei mesi prima di lui?",

      "option1": "Giovanni",

      "option2": "Pietro",

      "option3": "Paolo",

      "option4": "Michele",

      "answer":1

    },

    {

      "ques_id": 18,

      "question": "In quale città visse il re Erode al tempo della nascita di Gesù?",

      "option1": "Gerusalemme",

      "option2": "Roma",

      "option3": "Babilonia",

      "option4": "Betlemme",

      "answer":1

    },

    {

      "ques_id": 19,

      "question": "Quante piaghe ha mandato Dio sull'Egitto?",

      "option1": "4",

      "option2": "8",

      "option3": "10",

      "option4": "12",

      "answer": 3

    },

    {

      "ques_id": 20,

      "question": "Per quanti pezzi d'argento Giuda tradì Cristo?",

      "option1": "20",

      "option2": "30",

      "option3": "40",

      "option4": "50",

      "answer": 2

    },

    {

      "ques_id": 21,

      "question": "Per quanti giorni Gesù apparve ai suoi discepoli dopo la sua risurrezione?",

      "option1": "30",

      "option2": "7",

      "option3": "40",

      "option4": "11",

      "answer": 3

    },

    {

      "ques_id": 22,

      "question": "Quante chiese dell'Asia Minore erano elencate nell'Apocalisse?",

      "option1": "7",

      "option2": "8",

      "option3": "9",

      "option4": "10",

      "answer":1

    }

  ],

  "Genio": [

    {

      "ques_id": 1,

      "question": "Chi era il figlio di Eleazar, figlio di Aaron?",

      "option1": "Putiel",

      "option2": "Cora",

      "option3": "Phinehas",

      "option4": "Izhar",

      "answer": 3

    },

    {

      "ques_id": 2,

      "question": "Chi era il figlio di Omri, re d'Israele?",

      "option1": "Acab",

      "option2": "Joram",

      "option3": "Zimri",

      "option4": "Ginath",

      "answer":1

    },

    {

      "ques_id": 3,

      "question": "Chi era il marito di Naomi dal libro di Ruth?",

      "option1": "Boaz",

      "option2": "Elcana",

      "option3": "Obed",

      "option4": "Elimelec",

      "answer": 4

    },

    {

      "ques_id": 4,

      "question": "Quante lettere ci sono nel nome più lungo nella Bibbia?",

      "option1": "16",

      "option2": "18",

      "option3": "22",

      "option4": "25",

      "answer": 2

    },

    {

      "ques_id": 5,

      "question": "Chi ha ucciso Sisera?",

      "option1": "David",

      "option2": "Acab",

      "option3": "Saulo",

      "option4": "Jael",

      "answer": 4

    },

    {

      "ques_id": 6,

      "question": "Quanto era larga l'arca di Noè?",

      "option1": "35 cubiti",

      "option2": "50 cubiti",

      "option3": "75 cubiti",

      "option4": "90 cubiti",

      "answer": 2

    },

    {

      "ques_id": 7,

      "question": "Quanto era ampia l'Arca dell'Alleanza?",

      "option1": "1,5 cubiti",

      "option2": "2 cubiti",

      "option3": "3 cubiti",

      "option4": "1 cubito",

      "answer":1

    },

    {

      "ques_id": 8,

      "question": "Qual era il nome del servo di Eliseo?",

      "option1": "Ieoram",

      "option2": "Shaphat",

      "option3": "Gehazi",

      "option4": "Hazael",

      "answer": 3

    },

    {

      "ques_id": 9,

      "question": "Come si chiamava il famoso maestro di Paolo?",

      "option1": "Giusto",

      "option2": "Gamaliele",

      "option3": "Caiafa",

      "option4": "Socrate",

      "answer": 2

    },

    {

      "ques_id": 10,

      "question": "Quale giudice d'Israele è nato a Betlemme?",

      "option1": "David",

      "option2": "Ibzan",

      "option3": "Deborah",

      "option4": "Gideon",

      "answer": 2

    },

    {

      "ques_id": 11,

      "question": "Quando fu avvicinato da Gesù, il quale disse: 'Che hai a che fare con me, Gesù, Figlio dell'Iddio altissimo? Ti scongiuro per Dio, non tormentarmi'.?",

      "option1": "Legione",

      "option2": "Tera",

      "option3": "Ruben",

      "option4": "Belshazzar",

      "answer":1

    },

    {

      "ques_id": 12,

      "question": "Quale uccello Gesù dice che abbiamo più valore?",

      "option1": "Aquila",

      "option2": "Avvoltoio",

      "option3": "Passero",

      "option4": "Colomba",

      "answer": 3

    },

    {

      "ques_id": 13,

      "question": "Quali due sorelle hanno sposato Jacob?",

      "option1": "Dorcas e Leah",

      "option2": "Mariam e Rachel",

      "option3": "Rachel e Leah",

      "option4": "Sarai e Hannah",

      "answer": 3

    },

    {

      "ques_id": 14,

      "question": "In quale terra Dio mandò Abramo a sacrificare il suo figlio speciale, Isacco?",

      "option1": "Canano",

      "option2": "Macedonia",

      "option3": "Cipro",

      "option4": "Moria",

      "answer": 4

    },

    {

      "ques_id": 15,

      "question": "Quale Salmo è il versetto 'Egli mi fa sdraiare in pascoli verdi, mi conduce presso acque tranquille,' da?",

      "option1": "25",

      "option2": "22",

      "option3": "30",

      "option4": "23",

      "answer": 4,

      "reference": "Salmi 23;2"

    },

    {

      "ques_id": 16,

      "question": "Il timore del signore è l'inizio di ........",

      "option1": "Conoscenza",

      "option2": "Saggezza",

      "option3": "Denaro",

      "option4": "Amore",

      "answer":1,

      "reference": ""

    },

    {

      "ques_id": 17,

      "question": "Su quale città il Signore disse a Giona di predicare?",

      "option1": "Gerusalemme",

      "option2": "Nineve",

      "option3": "Babilonia",

      "option4": "Giuda",

      "answer": 2,

      "reference": "Giona 1:2"

    },

    {

      "ques_id": 18,

      "question": "Quale di questi libri [Filippesi, Colossesi, Galati o Efesini] viene prima nella Bibbia",

      "option1": "Colossesi",

      "option2": "Galati",

      "option3": "Efesini",

      "option4": "Filippesi",

      "answer": 2,

      "reference": "Nuovo testamento, lettere di Paolo"

    },

    {

      "ques_id": 19,

      "question": "Quanti capitoli ha il Libro Ebrei?",

      "option1": "13",

      "option2": "15",

      "option3": "10",

      "option4": "16",

      "answer":1,

      "reference": "Ebrei 1-13"

    },

    {

      "ques_id": 20,

      "question": "Qual è il nome dei venti di tempesta che possono colpire Creta?",

      "option1": "Moonoon",

      "option2": "Euroklydon",

      "option3": "Overflow",

      "option4": "Nessuno dei precedenti",

      "answer": 2,

      "reference": "Atti 2:14"

    }

  ],

  "Esperto": [

    {

      "ques_id": 1,

      "question": "Chi di questi non era un re d'Israele o di Giuda",

      "option1": "Sennacherib",

      "option2": "Ioiachim",

      "option3": "Sedecia",

      "option4": "David",

      "answer":1

    },

    {

      "ques_id": 2,

      "question": "Chi persuase Sansone a rivelare il segreto della grande forza",

      "option1": "Dina",

      "option2": "Ruth",

      "option3": "Delia",

      "option4": "Marta",

      "answer": 3

    },

    {

      "ques_id": 3,

      "question": "E il tuo cielo che è sopra la tua testa sarà_____, e la terra che è sotto di te sarà di ferro",

      "option1": "Ottone",

      "option2": "Acciaio",

      "option3": "Argento",

      "option4": "Oro",

      "answer":1

    },

    {

      "ques_id": 4,

      "question": "Dove si possono trovare le parole: Confida in Geova con tutto il tuo cuore e non appoggiarti sul tuo stesso intendimento",

      "option1": "Proverbi 3:5",

      "option2": "Proverbi 5:3",

      "option3": "Proverbi 35:3",

      "option4": "Proverbi 4:3",

      "answer":1

    },

    {

      "ques_id": 5,

      "question": "quale discepolo rinnegò Gesù tre volte",

      "option1": "Pietro",

      "option2": "Andrea",

      "option3": "Giovanni",

      "option4": "Giuda",

      "answer":1

    },

    {

      "ques_id": 6,

      "question": "La memoria del giusto è benedetta: ma il nome degli empi sarà",

      "option1": "Vinci",

      "option2": "Rot",

      "option3": "Fioritura",

      "option4": "fiorire",

      "answer": 2

    },

    {

      "ques_id": 7,

      "question": "Prima che Gesù iniziasse a predicare, che lavoro faceva?",

      "option1": "falegname",

      "option2": "studioso",

      "option3": "Dottore",

      "option4": "Insegnante",

      "answer":1

    },

    {

      "ques_id": 8,

      "question": "Zoan è stato usato nella Bibbia come parallelo per quale nazione'",

      "option1": "Egitto",

      "option2": "Assiria",

      "option3": "Babilonia",

      "option4": "Sinai",

      "answer":1

    },

    {

      "ques_id": 9,

      "question": "Quale personaggio dell'Antico Testamento ha mostrato la sua fede essendo disposto a offrire suo figlio su un altare a Dio",

      "option1": "Noè",

      "option2": "Abramo",

      "option3": "shealtiel",

      "option4": "Mosè",

      "answer": 2

    },

    {

      "ques_id": 10,

      "question": "Cosa facevano i marinai della nave Jonah per aumentare le loro possibilità di sopravvivenza",

      "option1": "Hanno navigato verso nord",

      "option2": "Ha gettato il carico in mare",

      "option3": "Chiedi perdono a Dio",

      "option4": "Nessuno dei precedenti",

      "answer": 2

    },

    {

      "ques_id": 11,

      "question": "Cosa stava facendo Esaù mentre Giacobbe gli rubava la benedizione?",

      "option1": "Caccia",

      "option2": "Agricoltura",

      "option3": "PESCA",

      "option4": "In viaggio",

      "answer":1

    },

    {

      "ques_id": 12,

      "question": "Chi corse dal monte Carmelo a Samaria più velocemente di quanto Achab potesse guidare il suo carro?",

      "option1": "Eliseo",

      "option2": "Gehazi",

      "option3": "Elia",

      "option4": "Amos",

      "answer": 3

    },

    {

      "ques_id": 13,

      "question": "Cosa fece Dio il settimo giorno, dopo?",

      "option1": "Riposato",

      "option2": "Umani creati",

      "option3": "Ha incaricato l'uomo di prendersi cura delle sue creazioni",

      "option4": "Uccelli creati",

      "answer":1

    },

    {

      "ques_id": 14,

      "question": "Chi ha affermato che il vitello d'oro è uscito semplicemente dal fuoco?",

      "option1": "Giosuè",

      "option2": "Aaron",

      "option3": "Miriam",

      "option4": "Debora",

      "answer": 42

    },

    {

      "ques_id": 15,

      "question": "Che cosa chiese il re Salomone quando Dio gli apparve in sogno",

      "option1": "Lunga vita e conoscenza",

      "option2": "Saggezza [per giudicare tra il bene e il male]",

      "option3": "Ricchezza",

      "option4": "Denaro",

      "answer": 2

    },

    {

      "ques_id": 16,

      "question": "Completa il proverbiale detto; Chi è sciocco, quando tace è considerato -------?",

      "option1": "Tranquillo",

      "option2": "Stupido",

      "option3": "Saggio",

      "option4": "Arrogante",

      "answer": 3

    },

    {

      "ques_id": 17,

      "question": "Come si dovrebbe ricevere il regno di Dio?",

      "option1": "Con motivi nascosti",

      "option2": "Come un bambino",

      "option3": "Con orgoglio",

      "option4": "Tramite agenti",

      "answer": 2

    },

    {

      "ques_id": 18,

      "question": "Qual era il nome della prima moglie di Abramo",

      "option1": "Sara",

      "option2": "Miriam",

      "option3": "Roda",

      "option4": "Ruth",

      "answer":1

    },

    {

      "ques_id": 19,

      "question": "Il re Saul disobbedì al comando di Geova e risparmiò la vita a quel re amelechita",

      "option1": "Balak",

      "option2": "Dagon",

      "option3": "Agag",

      "option4": "Nathan",

      "answer": 3

    },

    {

      "ques_id": 20,

      "question": "Su cosa erano scritti i Dieci comandamenti. ",

      "option1": "Due pergamene",

      "option2": "Due tavole di pietra",

      "option3": "Le mura di Gerico",

      "option4": "Due libri",

      "answer":1

    }

  ],

  "Maestro": [

    {

      "ques_id": 1,

      "question": "Di chi è stato registrato che 'tutti ragionavano nei loro cuori;' Può forse essere il Cristo?",

      "option1": "Elia",

      "option2": "Giovanni",

      "option3": "Malachia",

      "option4": "Pietro",

      "answer": 2

    },

    {

      "ques_id": 2,

      "question": "Quali sono i nomi dei genitori di Giuseppe",

      "option1": "Giacobbe e Rebecca",

      "option2": "Giacobbe e Lia",

      "option3": "Giacobbe e Rachele",

      "option4": "Giacobbe e Rut",

      "answer": 3

    },

    {

      "ques_id": 3,

      "question": "Di tutte le persone menzionate nella Bibbia, quale visse più a lungo?",

      "option1": "Matusalemme",

      "option2": "JJared",

      "option3": "Abramo",

      "option4": "Adamo",

      "answer":1

    },

    {

      "ques_id": 4,

      "question": "Che cosa disse Gesù a coloro che accusavano l'adultera?",

      "option1": "Ecco, non c'è nessun giusto",

      "option2": "Chi è senza peccato scagli prima la pietra",

      "option3": "Guai a te che accusi questa donna",

      "option4": "uccidila",

      "answer": 2

    },

    {

      "ques_id": 5,

      "question": "In quale città andranno un giorno tutte le nazioni ad adorare Dio?",

      "option1": "Damasco",

      "option2": "Gerusalemme",

      "option3": "Cilicia",

      "option4": "Giuda",

      "answer": 2

    },

    {

      "ques_id": 6,

      "question": "Quale dei discendenti di Davide regnerà per sempre",

      "option1": "Roboamo",

      "option2": "Gesù",

      "option3": "Salomone",

      "option4": "Geroboamo",

      "answer": 2

    },

    {

      "ques_id": 7,

      "question": "Chi era la devota madre di Timoteo",

      "option1": "Lois",

      "option2": "Febe",

      "option3": "Eunice",

      "option4": "Maddala",

      "answer": 3

    },

    {

      "ques_id": 8,

      "question": "Perché il re Salomone si è allontanato da Dio quando era vecchio",

      "option1": "Le sue mogli straniere hanno rivolto il suo cuore ad altri dei",

      "option2": "Divenne orgoglioso",

      "option3": "Amava le donne più di Dio",

      "option4": "Adorò gli idoli",

      "answer":1

    },

    {

      "ques_id": 9,

      "question": "Chi è fuggito alla tenda di Geova per sicurezza, ma è stato comunque ucciso lì?",

      "option1": "Gioab",

      "option2": "Saulo",

      "option3": "Ammon",

      "option4": "Esaù",

      "answer":1

    },

    {

      "ques_id": 10,

      "question": "Quale re ha sognato una grande statua di un uomo fatta di metalli diversi",

      "option1": "Acab",

      "option2": "David",

      "option3": "malacca",

      "option4": "Nabucodonosor",

      "answer": 4

    },

    {

      "ques_id": 11,

      "question": "Dov'è il 'posto migliore per pregare'?",

      "option1": "Nel tuo armadio con la porta chiusa",

      "option2": "In chiesa",

      "option3": "In un posto tranquillo",

      "option4": "In arrivo",

      "answer":1

    },

    {

      "ques_id": 12,

      "question": "Dove si possono trovare le parole: Confida in Geova con tutto il tuo cuore e non appoggiarti alla tua stessa comprensione?",

      "option1": "Proverbi 3:5",

      "option2": "Proverbi 35:3",

      "option3": "Proverbi 5:3",

      "option4": "Proverbi 6:4",

      "answer":1

    },

    {

      "ques_id": 13,

      "question": "Quando Gesù era nel tuo deserto, cosa fu tentato di trasformarsi in pani?",

      "option1": "tumuli",

      "option2": "Rocce",

      "option3": "Pietre",

      "option4": "Suolo",

      "answer": 3

    },

    {

      "ques_id": 14,

      "question": "Cosa c'era di speciale in Ehud [un giudice su Israele che uccise Elgon, re di Moab",

      "option1": "Era molto giovane",

      "option2": "Era mancino",

      "option3": "Era cieco",

      "option4": "Era molto vecchio",

      "answer": 2

    },

    {

      "ques_id": 15,

      "question": "Cosa accadde alla città di Gerico dopo che il sacerdote suonò le trombe",

      "option1": "La gente è fuggita in un'altra terra",

      "option2": "Gli animali sono morti",

      "option3": "I muri sono crollati",

      "option4": "Persone migrate",

      "answer": 3

    },

    {

      "ques_id": 16,

      "question": "Secondo Giovanni 1:1, cosa c'era in principio presso Dio",

      "option1": "La Parola",

      "option2": "Un angelo",

      "option3": "Gesù",

      "option4": "Giovanni",

      "answer":1

    },

    {

      "ques_id": 17,

      "question": "Quanti Salmi ci sono nel libro dei Salmi?",

      "option1": "150",

      "option2": "170",

      "option3": "120",

      "option4": "190",

      "answer":1

    },

    {

      "ques_id": 18,

      "question": "Non chiunque mi dice 'Signore, Signore', entrerà nel regno dei cieli. Chi allora entrerà nel suo regno",

      "option1": "Chi fa la volontà di Dio",

      "option2": "Colui che fa miracoli",

      "option3": "Colui che si battezza",

      "option4": "Colui che annunzia la parola di Dio",

      "answer":1

    },

    {

      "ques_id": 19,

      "question": "Chi fu il primo re delle 10 tribù d'Israele?",

      "option1": "Geroboamo",

      "option2": "Rehoboth",

      "option3": "Gioab",

      "option4": "Roboamo",

      "answer":1

    },

    {

      "ques_id": 20,

      "question": "Secondo Geremia, per quanti anni la nazione di Israele rimase prigioniera sotto il re di Babilonia?",

      "option1": "120 anni",

      "option2": "40 anni",

      "option3": "70 anni",

      "option4": "80 anni",

      "answer": 3

    }

  ],

  "Grande maestro": [

    {

      "ques_id": 1,

      "question": "In quale fiume è stato detto a Naaman di lavarsi per liberarsi dalla lebbra?",

      "option1": "Nilo",

      "option2": "Giordania",

      "option3": "Galilea",

      "option4": "La Bibbia non dice",

      "answer": 2

    },

    {

      "ques_id": 2,

      "question": "Chi era il padre di Roboamo?",

      "option1": "David",

      "option2": "Nimrod",

      "option3": "Abimelech",

      "option4": "Salomone",

      "answer": 4

    },

    {

      "ques_id": 3,

      "question": "Per quanto tempo regnò Davide come re?",

      "option1": "Trent'anni",

      "option2": "Quaranta anni",

      "option3": "Venticinque anni",

      "option4": "Ottanta anni",

      "answer": 2

    },

    {

      "ques_id": 4,

      "question": "Nella spiegazione di Gesù della parabola del seminatore. cosa è rappresentato dal seme",

      "option1": "Fede",

      "option2": "La parola di Dio",

      "option3": "Gesù",

      "option4": "Amore",

      "answer": 2

    },

    {

      "ques_id": 5,

      "question": "Quale pianta è 'l'ultimo di tutti i semi, ma quando è cresciuto, è il più grande tra le erbe?",

      "option1": "Oliva",

      "option2": "Senape",

      "option3": "Quercia",

      "option4": "Uva",

      "answer": 2

    },

    {

      "ques_id": 6,

      "question": "Come si chiamava il fratello di Mosè?",

      "option1": "Alfeo",

      "option2": "Giovanni",

      "option3": "Aaron",

      "option4": "Giosuè",

      "answer": 3

    },

    {

      "ques_id": 7,

      "question": "Da quale parte del corpo di Adamo Dio creò Eva?",

      "option1": "Cuore",

      "option2": "Cervello",

      "option3": "Costa",

      "option4": "Testa",

      "answer": 3

    },

    {

      "ques_id": 8,

      "question": "Un angelo disse a Zaccaria ed Elisabetta che avrebbero avuto un figlio, come doveva chiamarsi'",

      "option1": "Elia",

      "option2": "Gesù",

      "option3": "Giovanni",

      "option4": "Giacomo",

      "answer": 3

    },

    {

      "ques_id": 9,

      "question": "Quale evento significativo è registrato in Genesi capitoli 1 e 2",

      "option1": "Trasporto",

      "option2": "Creazione",

      "option3": "Purificazione",

      "option4": "Sacrificio",

      "answer": 2

    },

    {

      "ques_id": 10,

      "question": "Qual era il rapporto tra Mosè e Korah",

      "option1": "Erano entrambi della tribù di Giuda",

      "option2": "Erano fratelli",

      "option3": "Erano cugini",

      "option4": "Erano amici",

      "answer": 3

    },

    {

      "ques_id": 11,

      "question": "Come disse Naomi alla gente di Betlemme di chiamarla",

      "option1": "Mara",

      "option2": "Naama",

      "option3": "Bassabea",

      "option4": "Maria",

      "answer":1

    },

    {

      "ques_id": 12,

      "question": "Nomina la fanciulla ebrea che sposò un re persiano?",

      "option1": "Naomi",

      "option2": "Deborah",

      "option3": "Ester",

      "option4": "Giuda",

      "answer": 3

    },

    {

      "ques_id": 13,

      "question": "Che cosa simboleggiano i sette candelabri d'oro di Apocalisse 1:20?",

      "option1": "Sette congregazioni",

      "option2": "Sette angeli",

      "option3": "Sette re",

      "option4": "Sette persone",

      "answer":1

    },

    {

      "ques_id": 14,

      "question": "Dove si possono trovare le seguenti parole: 'ma Dio ha scelto le cose stolte del mondo, per confondere i sapienti?",

      "option1": "Atti",

      "option2": "Romani",

      "option3": "1 Corinzi",

      "option4": "Giovanni",

      "answer": 3

    },

    {

      "ques_id": 15,

      "question": "Cosa si notava del fratello gemello di Giacobbe, Esaù alla nascita",

      "option1": "Aveva occhi profondi e intensi",

      "option2": "Era molto bello",

      "option3": "Era rosso e peloso",

      "option4": "Era molto nero",

      "answer": 3

    },

    {

      "ques_id": 16,

      "question": ",Chi ha tagliato i capelli a Sansone?",

      "option1": "Il suo acerrimo nemico, Hulk",

      "option2": "Delia",

      "option3": "Un altro uomo",

      "option4": "I suoi amici",

      "answer": 2

    },

    {

      "ques_id": 17,

      "question": "Chi ha scritto i libri del 1° e 2° Re?",

      "option1": "Elia",

      "option2": "Geremia",

      "option3": "Gad",

      "option4": "Nathan",

      "answer": 2

    },

    {

      "ques_id": 18,

      "question": "Quale dei vangeli appare per ultimo nella Bibbia",

      "option1": "Nicodemo",

      "option2": "Giovanni",

      "option3": "Andrea",

      "option4": "Segna",

      "answer": 2

    },

    {

      "ques_id": 19,

      "question": "Cosa è successo a qualcuno il cui nome non è stato trovato scritto nel libro della vita?",

      "option1": "Sono stati dichiarati non degni di salvezza",

      "option2": "Sono morti",

      "option3": "Sono morti",

      "option4": "Furono gettati nello stagno di fuoco",

      "answer": 4

    },

    {

      "ques_id": 20,

      "question": "Chi era l'uomo più forte che sia mai esistito?",

      "option1": "Golia",

      "option2": "Sansone",

      "option3": "Gesù",

      "option4": "Agag",

      "answer": 2

    }

  ],

  "Leggenda": [

    {

      "ques_id": 1,

      "question": "Il libro della Genesi si apre con la parola ebraica 'bereshit', qual è la traduzione di questa parola in inglese",

      "option1": "All'inizio",

      "option2": "Sia la luce",

      "option3": "Quando ancora non c'era niente",

      "option4": "Il Signore Dio disse",

      "answer":1,

      "reference":"Gn 1,1"

    },

    {

      "ques_id": 2,

      "question": "Dopo aver addormentato profondamente l'uomo che cosa gli ha preso il Signore Dio per farne una donna",

      "option1": "Un dente",

      "option2": "Un'unghia",

      "option3": "Una costola",

      "option4": "Una ciocca di capelli",

      "answer": 3,

      "reference":"Gn 1:2"

    },

    {

      "ques_id": 3,

      "question": "Che cosa prima benedisse il Signore Dio con le parole 'Siate fecondi e moltiplicatevi'?",

      "option1": "Il primo uomo e la prima donna",

      "option2": "Le creature marine e gli uccelli",

      "option3": "Le piante",

      "option4": "Gli animali della terra",

      "answer":1,

      "reference":"Gn 1,22"

    },

    {

      "ques_id": 4,

      "question": "Chi era l'angelo del Signore che annunciò a Maria che avrebbe concepito e partorito un figlio?",

      "option1": "Gabriele",

      "option2": "Michele",

      "option3": "Raffaello",

      "option4": "Sealtiel",

      "answer":1,

      "reference":"Lc 1,31"

    },

    {

      "ques_id": 5,

      "question": "Qual è il nome della madre di San Giovanni Battista?",

      "option1": "Salomè di Zebedeo",

      "option2": "Elisabetta di Zaccaria",

      "option3": "Maria di Cleofas",

      "option4": "Erodiade di Filippo",

      "answer": 2,

      "reference":"Lc 1,5-6"

    },

    {

      "ques_id": 6,

      "question": "All'inizio del racconto della Resurrezione nel vangelo di san Giovanni, chi è stato menzionato mentre si recava al sepolcro di Gesù la mattina presto e vedeva la pietra rimossa?",

      "option1": "Maria di Magdala",

      "option2": "San Giovanni",

      "option3": "Marta",

      "option4": "Un angelo",

      "answer":1,

      "reference":"Gv 20:1"

    },

    {

      "ques_id": 7,

      "question": "Nel racconto della risurrezione nel vangelo di san giovanni, quando il signore risorto apparve per la prima volta a Maria Maddalena, lei lo scambiò per chi?",

      "option1": "Il carceriere",

      "option2": "Il centurione",

      "option3": "Il selezionatore",

      "option4": "Un angelo",

      "answer": 3,

      "reference":"Gv 20,15"

    },

    {

      "ques_id": 8,

      "question": "Nella genealogia di Gesù data nel Vangelo di san Matteo, quanti gruppi di 14 generazioni sono stati menzionati",

      "option1": "Cinque",

      "option2": "Un punteggio",

      "option3": "Tre",

      "option4": "Una dozzina",

      "answer": 3,

      "reference": "Giovanni 20:15"



    },

    {

      "ques_id": 9,

      "question": "Nel profeta Isaia si dice che al fanciullo che nascerà dalla vergine sarà dato questo nome che significa Dio - con- noi?",

      "option1": "Gesù",

      "option2": "Giovanni",

      "option3": "Emmanuele",

      "option4": "Cristo,",

      "answer": 3,

      "reference":"Mt 1 :23"

    },

    {

      "ques_id": 10,

      "question": "Nella geneologia di Gesù data nel Vangelo di San Matteo, il primo insieme di 14 generazioni menzionate è iniziato con Abramo e si è concluso con chi?",

      "option1": "David",

      "option2": "Mosè",

      "option3": "Giacobbe",

      "option4": "Jesse",

      "answer":1,

      "reference":"Mt 1,1-6"

    },

    {

      "ques_id": 11,

      "question": "'Perché è stata tolta dalla sua carne', come chiamò il primo uomo la prima donna?",

      "option1": "Adama",

      "option2": "Eva",

      "option3": "Donna",

      "option4": "Moglie",

      "answer": 2,

      "reference":"Gen 1:23"

    },

    {

      "ques_id": 12,

      "question": "Che cosa diede il Signore Dio per servire di cibo a tutti gli animali della terra ea tutti gli uccelli del cielo?",

      "option1": "Le piante verdi",

      "option2": "Piante da seme",

      "option3": "Alberi da frutto da seme",

      "option4": "Qualsiasi cosa commestibile",

      "answer":1,

      "reference":"Gn 1,30"

    },

    {

      "ques_id": 13,

      "question": "In quale giorno della creazione Dio creò il sole e la luna?",

      "option1": "Primo",

      "option2": "Secondo",

      "option3": "Terzo",

      "option4": "Quarto",

      "answer": 4,

      "reference":"Gen 1,26-31"

    },

    {

      "ques_id": 14,

      "question": "Quanti anni aveva Davide quando fu unto re d'Israele?",

      "option1": "50",

      "option2": "20",

      "option3": "35",

      "option4": "30",

      "answer": 4,

      "reference":"2Samuele 5:4"

    },

    {

      "ques_id": 15,

      "question": "Chi altro, a parte i Magi, venne a visitare Gesù quand'era bambino.",

      "option1": "Arcieri",

      "option2": "Pastori",

      "option3": "Cacciatori",

      "option4": "Agricoltori",

      "answer": 2

    },

    {

      "ques_id": 16,

      "question": "Quanto era alto Golia?",

      "option1": "6 cubiti e una campata",

      "option2": " 8 cubiti",

      "option3": "10 cubiti e una campata",

      "option4": "12 cubiti",

      "answer":1,

      "reference":"1 Samuele 1:4"

    },

    {

      "ques_id": 17,

      "question": "Che cosa disse Paolo era l'adempimento della legge?",

      "option1": "Fede",

      "option2": "Preghiera",

      "option3": "Amore",

      "option4": "Matrimonio",

      "answer": 3,

      "reference": "Romani 13:10"

    },

    {

      "ques_id": 18,

      "question": "Qual è il capitolo più breve della Bibbia",

      "option1": "Salmi 117",

      "option2": "Salmi 18",

      "option3": "Punto 10",

      "option4": "Giovanni 4",

      "answer":1,

      "reference": "Salmi 117"

    },

    {

      "ques_id": 19,

      "question": "Chi ha detto, 'Argento e oro non ne ho; ma come ho te lo do'?",

      "option1": "Paolo",

      "option2": "Giacomo",

      "option3": "Pietro",

      "option4": "Timoteo",

      "answer": 3,

      "reference": "Atti 3:6"

    },

    {

      "ques_id": 20,

      "question": "Qual era l'età di Mosè [anni] al momento della sua morte",

      "option1": "120",

      "option2": "100",

      "option3": "150",

      "option4": "80",

      "answer":1,

      "reference": "Deuteronomio 34:7"

    }

  ],

  "Fuori dal mondo": [

    {

      "ques_id": 1,

      "question": "Chi era la persona più anziana registrata nella Bibbia?",

      "option1": "Matusalemme",

      "option2": "Adamo",

      "option3": "Abramo",

      "option4": "Salomone",

      "answer":1,

      "reference": "Genesi 5:27"

    },

    {

      "ques_id": 2,

      "question": "Quanti anni aveva la persona più anziana registrata nella Bibbia?",

      "option1": "120",

      "option2": "500",

      "option3": "800",

      "option4": "969",

      "answer": 4,

      "reference": "Genesi 5:27"

    },

    {

      "ques_id": 3,

      "question": "Cosa significa Jahwe-Schammmah?",

      "option1": "Dio con noi",

      "option2": "Dio stesso",

      "option3": "Gesù figlio di Dio",

      "option4": "Vita eterna",

      "answer": 2,

      "reference": "Ezechiele 48:35"

    },

    {

      "ques_id": 4,

      "question": "Quanti anni Dio ha aggiunto alla vita del re Ezechia in risposta alla preghiera del re morente?",

      "option1": "20",

      "option2": "50",

      "option3": "15",

      "option4": "100",

      "answer": 3,

      "reference": "2 Re 20:6"

    },

    {

      "ques_id": 5,

      "question": "Quali profeti del signore consultò il re Giosia di Giuda?",

      "option1": "Amos",

      "option2": "Elia",

      "option3": "Eliseo",

      "option4": "Huldah",

      "answer": 4,

      "reference":" 2 Re 22:14-16"

    },

    {

      "ques_id": 6,

      "question": "Quale cerimonia ristabilì re Giosia che non era stata celebrata da nessuno dei precedenti re d'Israele o di Giuda??",

      "option1": "Pasqua",

      "option2": "Rituale di sacrificio",

      "option3": "adorazione",

      "option4": "Circoncisione",

      "answer":1,

      "reference": "2 Re 23:21"

    },

    {

      "ques_id": 7,

      "question": "Di quale tribù d'Israele era il re Saul?",

      "option1": "Giuda",

      "option2": "Benjamin",

      "option3": "Amoniti",

      "option4": "Israele",

      "answer": 2,

      "reference": "1 Samuele 9:21"

    },

    {

      "ques_id": 8,

      "question": "Al ritorno dell'arca in Israele, quale sacrificio offrì Samuele al signore?",

      "option1": "A-he capra",

      "option2": "Sacrificio umano",

      "option3": "Ha sacrificato i raccolti dell'orto",

      "option4": "Agnello da latte",

      "answer": 4,

      "reference": "1 Samuele 7:9"

    },

    {

      "ques_id": 9,

      "question": "Come si chiamava la moglie del re Saul?",

      "option1": "Debora",

      "option2": "Naume",

      "option3": "Ahinoam",

      "option4": "Ruth",

      "answer": 3,

      "reference": "1 Samuele 14:50"

    },

    {

      "ques_id": 10,

      "question": "Di cosa ha bisogno uno per comprendere la parola di Dio?",

      "option1": "Conoscenza",

      "option2": "Spirito Santo",

      "option3": "Saggezza",

      "option4": "Preghiere",

      "answer": 2,

      "reference": "1 Corinzi 2:11"

    },

    {

      "ques_id": 11,

      "question": "Chi ha detto Paolo che lo ha giudicato?",

      "option1": "Dio",

      "option2": "Tera",

      "option3": "Ruben",

      "option4": "Belshazzar",

      "answer":1,

      "reference":" 1 Corinzi 4:4"

    },

    {

      "ques_id": 12,

      "question": "Nel giorno di Pentecoste, giunse dal Cielo il suono di una corsa ____?",

      "option1": "Tuono",

      "option2": "Pioggia",

      "option3": "Vento",

      "option4": "rumore forte",

      "answer": 3,

      "reference": "Atti 2:2"

    },

    {

      "ques_id": 13,

      "question": "Chi si è offerto di pagare per il potere di donare lo Spirito Santo?",

      "option1": "Giovanni",

      "option2": "Zaccaria",

      "option3": "Simone",

      "option4": " Erode",

      "answer": 3,

      "reference": "Atti 8"

    },

    {

      "ques_id": 14,

      "question": "Quando Gesù trasformò l'acqua in vino, trasformò l'acqua che era nelle giare di pietra. A cosa servivano normalmente queste giare di pietra?",

      "option1": "Battezzare",

      "option2": "Pulizia",

      "option3": "Commercio",

      "option4": "Lavaggio cerimoniale",

      "answer": 4,

      "reference": "Giovanni 2:6"

    },

    {

      "ques_id": 15,

      "question": "Chi era il padre di Nimrod?",

      "option1": "Andrea",

      "option2": "Giosuè",

      "option3": " Sansone",

      "option4": "Chiudi",

      "answer": 4,

      "reference": "1 Cronache 1:10"

    },

    {

      "ques_id": 16,

      "question": "quali erano i nomi dei due figli di Abramo (in ordine di nascita)?",

      "option1": "Isacco e Giacobbe",

      "option2": "Ismaele e Isacco",

      "option3": "Giuseppe e Giacobbe",

      "option4": "Caino e Isacco",

      "answer": 2,

      "reference": "Genesi 16:1-16, 1 Cronache 1:28"

    },

    {

      "ques_id": 17,

      "question": "Quali erano i nomi dei tre figli di Noè nell'ordine delle liste bibliche in cui si trovano?",

      "option1": "Prosciutto, Giuseppe, Iafet",

      "option2": "Iafet, Cam, Isacco",

      "option3": "Sem, Cam e Jafet",

      "option4": "Shem, Ham, Joseph",

      "answer": 3,

      "reference": "Genesi 9:18-19, 1 Cronache 1:4"

    },

    {

      "ques_id": 18,

      "question": "Il signore cambiò il nome di Abramo in Abramo quando aveva 99 anni. come si chiamava prima?",

      "option1": "Adamo",

      "option2": "Abramo",

      "option3": "Alfa",

      "option4": "Agag",

      "answer": 2,

      "reference": "Genesi 17:1-5"

    },

    {

      "ques_id": 19,

      "question": "Quanti anni aveva Abramo quando nacque Isacco?",

      "option1": "103",

      "option2": "90",

      "option3": "100",

      "option4": "50",

      "answer": 3,

      "reference": "Genesi 21:5"

    },

    {

      "ques_id": 20,

      "question": "Quanti libri nella Bibbia hanno la parola 'Giovanni' nel titolo?",

      "option1": "4",

      "option2": "3",

      "option3": "1",

      "option4": "5",

      "answer":1,

      "reference": "Giovanni"

    }

  ]

} 