{
  "Novinec": [
    {
      "ques_id": 1,
      "question": "Kdo je prvi človek, ki je kdaj živel?",
      "option1": "Metuzalem",
      "option2": "Abraham",
      "option3": "Mojzes",
      "option4": "Adam",
      "answer": 4
    },
    {
      "ques_id": 2,
      "question": "Koga je pogoltnila zelo velika riba?",
      "option1": "Jezus",
      "option2": "Jona",
      "option3": "Samson",
      "option4": "Peter",
      "answer": 2
    },
    {
      "ques_id": 3,
      "question": "Kdo je oseba, s katero je Bog vodil Izraelce iz Egipta",
      "option1": "Aron",
      "option2": "Abraham",
      "option3": "Mojzes",
      "option4": "Jeremija",
      "answer": 3
    },
    {
      "ques_id": 4,
      "question": "Kdo je bila oseba, ki je ubila Goljata",
      "option1": "David",
      "option2": "Saul",
      "option3": "Salomon",
      "option4": "Jonatan",
      "answer": 1
    },
    {
      "ques_id": 5,
      "question": "Kdo je bil prvi kralj Izraela?",
      "option1": "David",
      "option2": "Saul",
      "option3": "Salomon",
      "option4": "Mojzes",
      "answer": 2
    },
    {
      "ques_id": 6,
      "question": "Kakšen poklic je imel Jezus pred svojo službo",
      "option1": "Izdelovalec igrač",
      "option2": "Ribiča",
      "option3": "Čuvar vinograda",
      "option4": "Mizar",
      "answer": 4
    },
    {
      "ques_id": 7,
      "question": "Kako se imenuje mesto, v katerem se je rodil Jezus?",
      "option1": "Jeruzalem",
      "option2": "Betlehem",
      "option3": "Galileja",
      "option4": "Nazaret",
      "answer": 2
    },
    {
      "ques_id": 8,
      "question": "Kako se imenuje morje, po katerem je hodil Jezus",
      "option1": "Galilejsko morje",
      "option2": "Mrtvo morje",
      "option3": "Preberi morje",
      "option4": "Sredozemsko morje",
      "answer": 1
    },
    {
      "ques_id": 9,
      "question": "Kako se imenuje reka, v kateri je Janez Krstnik krstil ljudi?",
      "option1": "Evfrat",
      "option2": "Nil",
      "option3": "Jordanija",
      "option4": "Tigris",
      "answer": 3
    },
    {
      "ques_id": 10,
      "question": "Kako je ime Andrejevemu bratu? (Oba sta bila učenca)",
      "option1": "Peter",
      "option2": "Janez",
      "option3": "James",
      "option4": "Adam",
      "answer": 1
    },
    {
      "ques_id": 11,
      "question": "Kako je bilo ime Jezusovi materi?",
      "option1": "Marija",
      "option2": "Marta",
      "option3": "zipora",
      "option4": "Sara",
      "answer": 1
    },
    {
      "ques_id": 12,
      "question": "Kako se je imenoval vrt, kjer sta živela Adam in Eva?",
      "option1": "Dežela Nod",
      "option2": "Rajski vrt",
      "option3": "Betlehem",
      "option4": "Vrt doline",
      "answer": 2
    },
    {
      "ques_id": 13,
      "question": "S kakšno hrano je Jezus nahranil 5000 ljudi",
      "option1": "Vino",
      "option2": "Štruce kruha in vina",
      "option3": "Štruce kruha in ribe",
      "option4": "Voda",
      "answer": 3
    },
    {
      "ques_id": 14,
      "question": "Kakšno metodo so Rimljani uporabili za umor Jezusa?",
      "option1": "Skamenjen",
      "option2": "Upepelitev",
      "option3": "Križanje",
      "option4": "Obešen",
      "answer": 3
    },
    {
      "ques_id": 15,
      "question": "Koliko košar je ostalo od hranjenja 5000?",
      "option1": "7",
      "option2": "8",
      "option3": "10",
      "option4": "12",
      "answer": 1,
      " reference": "Matej 15:13"
    },
    {
      "ques_id": 16,
      "question": "Kateri učenec je našel kovanec v ustih ribe?",
      "option1": "Andrej",
      "option2": "Pavel",
      "option3": "Peter",
      "option4": "Timotej",
      "answer": 3,
      " reference": "Matevž 1:24-27"
    },
    {
      "ques_id": 17,
      "question": "V kateri knjigi Svetega pisma beremo o Hamanu",
      "option1": "Izhod",
      "option2": "Ester",
      "option3": "Rut",
      "option4": "Malachi",
      "answer": 2,
      " reference": "Ester 3"
    },
    {
      "ques_id": 18,
      "question": "Navedite ženo kralja Agripa, pred katero je Pavel stal na sodišču",
      "option1": "Bernice",
      "option2": "Herod",
      "option3": "Agag",
      "option4": "Kajfa",
      "answer": 1,
      " reference": "Apostolska dela 25:23"
    },
    {
      "ques_id": 19,
      "question": "Koliko star je postal Enoh",
      "option1": "400",
      "option2": "350",
      "option3": "230",
      "option4": "365",
      "answer": 4,
      " reference": "Genesis 5:23"
    },
    {
      "ques_id": 20,
      "question": "Koliko še let je Bog dodal življenju kralja Ezekija kot odgovor na molitev umirajočih kraljev?",
      "option1": "20",
      "option2": "15",
      "option3": "100",
      "option4": "50",
      "answer": 2,
      " reference": "2 Kralji 20:6"
    }
  ],
  "Navdušenec": [
    {
      "ques_id": 1,
      "question": "Kdo je bil Izakov oče?",
      "option1": "Abraham",
      "option2": "Jakob",
      "option3": "Ezav",
      "option4": "Peleq",
      "answer": 1
    },
    {
      "ques_id": 2,
      "question": "Kdo je bil Roboamov oče?",
      "option1": "David",
      "option2": "Nimrod",
      "option3": "Abimelek",
      "option4": "Salomon",
      "answer": 4
    },
    {
      "ques_id": 3,
      "question": "Kdo je bil Metuzalemov oče?",
      "option1": "Elija",
      "option2": "Enock",
      "option3": "Seth",
      "option4": "Jared",
      "answer": 2
    },
    {
      "ques_id": 4,
      "question": "Kdo je ubil Janeza Krstnika?",
      "option1": "Cezar",
      "option2": "Pilat",
      "option3": "Herold",
      "option4": "Kajfa",
      "answer": 3
    },
    {
      "ques_id": 5,
      "question": "Kdo je bil prvi umorjen, ker je veroval v Kristusa?",
      "option1": "Peter",
      "option2": "Janez",
      "option3": "Barnabas",
      "option4": "Štefan",
      "answer": 4
    },
    {
      "ques_id": 6,
      "question": "Kam je Savel šel, ko je videl Jezusa?",
      "option1": "Damask",
      "option2": "Grčija",
      "option3": "Rim",
      "option4": "Jeruzalem",
      "answer": 1
    },
    {
      "ques_id": 7,
      "question": "Kje je Jezus preživel večino svojega življenja na zemlji?",
      "option1": "Jeruzalem",
      "option2": "Nazaret",
      "option3": "Oljčna gora",
      "option4": "Egipt",
      "answer": 2
    },
    {
      "ques_id": 8,
      "question": "Kateri psalm se začne z \"Gospod je moj pastir?\"",
      "option1": "Psalm 91",
      "option2": "Psalm 1",
      "option3": "Psalm 104",
      "option4": "Psalm 23",
      "answer": 4
    },
    {
      "ques_id": 9,
      "question": "Kaj je bil Pavel poklic, ko je potoval kot misijonar?",
      "option1": "Pastir",
      "option2": "Prodajalec vijolične",
      "option3": "Izdelovalec šotorov",
      "option4": "Pisar",
      "answer": 3
    },
    {
      "ques_id": 10,
      "question": "Kako se imenuje otok, na katerem je živel Barnabas?",
      "option1": "Grčija",
      "option2": "Ciper",
      "option3": "Rhodes",
      "option4": "Velikonočni otok",
      "answer": 2
    },
    {
      "ques_id": 11,
      "question": "Ko se mu je približal Jezus in rekel: \"Kaj imaš z mano, Jezus, Sin Najvišjega Boga? Zaklinjam te pri Bogu, ne muči me\".?",
      "option1": "Legija",
      "option2": "Tera",
      "option3": "Ruben",
      "option4": "Belsazar",
      "answer": 1
    },
    {
      "ques_id": 12,
      "question": "Od katere ptice Jezus pravi, da imamo večjo vrednost?",
      "option1": "Orel",
      "option2": "jastreb",
      "option3": "Vrabček",
      "option4": "golob",
      "answer": 3
    },
    {
      "ques_id": 13,
      "question": "Kateri dve sestri sta se poročili z Jakobom?",
      "option1": "Dorcas in Leah",
      "option2": "Mariam in Rachel",
      "option3": "Rachel in Leah",
      "option4": "Sarai in Hannah",
      "answer": 3
    },
    {
      "ques_id": 14,
      "question": "V katero deželo je Bog poslal Abrahama, da žrtvuje svojega posebnega sina, Izaka?",
      "option1": "Canan",
      "option2": "Makedonija",
      "option3": "Ciper",
      "option4": "Morija",
      "answer": 4
    },
    {
      "ques_id": 15,
      "question": "S katero Gospodovo prerokinjo se je posvetoval Judov kralj Josija",
      "option1": "Debora",
      "option2": "Huldah",
      "option3": "Naom",
      "option4": "Rut",
      "answer": 2,
      " reference": "2 Kraljevi 22:12-16"
    },
    {
      "ques_id": 16,
      "question": "Ime Samuelovega prvorojenega sina?",
      "option1": "Jozue",
      "option2": "Joel",
      "option3": "Jonatan",
      "option4": "Jožef",
      "answer": 2,
      " reference": "1 Samuelova 8:2"
    },
    {
      "ques_id": 17,
      "question": "Kako je bilo ime ženi kralja Savla?",
      "option1": "Boam",
      "option2": "Mercy",
      "option3": "Ahinoam",
      "option4": "Noam",
      "answer": 3,
      " reference": "1 Samuelova 14:50"
    },
    {
      "ques_id": 18,
      "question": "Kaj je potrebno, da kdorkoli razume Božjo besedo?",
      "option1": "Molitev",
      "option2": "Ljubezen",
      "option3": "Sveti duh",
      "option4": "Angeli",
      "answer": 3,
      " reference": "1 Korinčanom 2:11"
    },
    {
      "ques_id": 19,
      "question": "Kdo je rekel Pavel, da mu je sodil?",
      "option1": "Satan",
      "option2": "Bog",
      "option3": "Prijatelj",
      "option4": "Peter",
      "answer": 2,
      " reference": "1 Korinčanom 4:4"
    },
    {
      "ques_id": 20,
      "question": "________ odloženo naredi srce bolno?",
      "option1": "Zaupanje",
      "option2": "Upanje",
      "option3": "Ljubezen",
      "option4": "Molitve",
      "answer": 2,
      " reference": "Pregovori 13:12"
    }
  ],
  "Srednje usposobljen": [
    {
      "ques_id": 1,
      "question": "Kdo je bila Mojzesova žena??",
      "option1": "Elišeba",
      "option2": "Rebecca",
      "option3": "Mariam",
      "option4": "zipora",
      "answer": 4
    },
    {
      "ques_id": 2,
      "question": "Kdo je bila druga Abrahamova žena?",
      "option1": "Ester",
      "option2": "Keturah",
      "option3": "Hagar",
      "option4": "Lidija",
      "answer": 2
    },
    {
      "ques_id": 3,
      "question": "Koliko poglavij vsebuje Govor na gori?",
      "option1": "1",
      "option2": "2",
      "option3": "3",
      "option4": "7",
      "answer": 3
    },
    {
      "ques_id": 4,
      "question": "Kolikokrat je Izrael korakal okoli Jerihe?",
      "option1": "13",
      "option2": "7",
      "option3": "70",
      "option4": "12",
      "answer": 1
    },
    {
      "ques_id": 5,
      "question": "Kako dolg je komolec?",
      "option1": "približno 12 palcev",
      "option2": "12 mm",
      "option3": "približno 18 palcev",
      "option4": "približno 36 palcev",
      "answer": 3
    },
    {
      "ques_id": 6,
      "question": "Kam je šel Kajn, potem ko je ubil Abela?",
      "option1": "Rajski vrt",
      "option2": "Dežela Nod",
      "option3": "Kumranske jame",
      "option4": "Gora Ararat",
      "answer": 2
    },
    {
      "ques_id": 7,
      "question": "Kdo je bil Kišov sin?",
      "option1": "Noe",
      "option2": "Apostol Pavel",
      "option3": "Abraham",
      "option4": "Kralj Saul",
      "answer": 4
    },
    {
      "ques_id": 8,
      "question": "Kje je Rahab živela?",
      "option1": "Jericho",
      "option2": "Jeruzalem",
      "option3": "Ninive",
      "option4": "Ai",
      "answer": 1
    },
    {
      "ques_id": 9,
      "question": "Kje je živela Dorcas?",
      "option1": "Betel",
      "option2": "Jopa",
      "option3": "Cezareja",
      "option4": "Antiohija",
      "answer": 2
    },
    {
      "ques_id": 10,
      "question": "Kje je \"Ulica z imenom Straight\"",
      "option1": "Jeruzalem",
      "option2": "Rim",
      "option3": "Babilon",
      "option4": "Damask",
      "answer": 4
    },
    {
      "ques_id": 11,
      "question": "Ko je pobegnil, da reši svoje življenje, pod katerim drevesom je Elija spal",
      "option1": "hrast",
      "option2": "bor",
      "option3": "Brina",
      "option4": "Smreka",
      "answer": 3,
      " reference": "1 Kraljevi 19:5"
    },
    {
      "ques_id": 12,
      "question": "Juda je izdal Jezusa za točno koliko srebrnikov?",
      "option1": "30",
      "option2": "20",
      "option3": "50",
      "option4": "10",
      "answer": 1,
      " reference": "Matevž 26:15"
    },
    {
      "ques_id": 13,
      "question": "Ime Davidovega očeta",
      "option1": "Oman",
      "option2": "Jesse",
      "option3": "Jozue",
      "option4": "Salomon",
      "answer": 2,
      " reference": "1 Samuelova 1:12"
    },
    {
      "ques_id": 14,
      "question": "Bog ni omenjen samo v eni knjigi Svetega pisma",
      "option1": "Ester",
      "option2": "Rut",
      "option3": "Malachi",
      "option4": "Izhod",
      "answer": 1,
      " reference": "Ester"
    },
    {
      "ques_id": 15,
      "question": "Za koliko srebrnikov so Jozueta njegovi bratje prodali Izmeelcem",
      "option1": "50",
      "option2": "12",
      "option3": "20",
      "option4": "100",
      "answer": 3,
      " reference": "Genesis 37:28"
    },
    {
      "ques_id": 16,
      "question": "Koliko apostolov je izbral Jezus",
      "option1": "12",
      "option2": "14",
      "option3": "10",
      "option4": "08",
      "answer": 1,
      " reference": "Luka 6:13"
    },
    {
      "ques_id": 17,
      "question": "Angel je rekel Mariji, da bo Jezus kraljeval nad hišo tega starozaveznega lika",
      "option1": "David",
      "option2": "Jakob",
      "option3": "Abraham",
      "option4": "Mojzes",
      "answer": 2,
      " reference": "Luka 1:13"
    },
    {
      "ques_id": 18,
      "question": "Kateri prerok je rekel: \"Iz Egipta sem poklical svojega sina\"?",
      "option1": "Jeremija",
      "option2": "Izaija",
      "option3": "Ozej",
      "option4": "Ezekiel",
      "answer": 3,
      " reference": "Ozej 11:1"
    },
    {
      "ques_id": 19,
      "question": "Kakšno drevo je preklel Jezus?",
      "option1": "Slika",
      "option2": "Vinograd",
      "option3": "bor",
      "option4": "hrast",
      "answer": 1,
      " reference": "Marko 11:12-14"
    },
    {
      "ques_id": 20,
      "question": "Koga je Savel zahteval, da mu vzgojijo medija",
      "option1": "Eli",
      "option2": "Natan",
      "option3": "Samuel",
      "option4": "David",
      "answer": 3,
      " reference": "1 Samuel 28:11"
    }
  ],
  "Profesionalec": [
    {
      "ques_id": 1,
      "question": "Kdo je nosil križ za Kristusa?",
      "option1": "Filip",
      "option2": "Simon iz Cirene",
      "option3": "Ahab",
      "option4": "Mihaj",
      "answer": 2
    },
    {
      "ques_id": 2,
      "question": "Koliko spremljevalcev so Filistejci dali Samsonu na pojedini v Timni?",
      "option1": "30",
      "option2": "31",
      "option3": "32",
      "option4": "33",
      "answer": 1
    },
    {
      "ques_id": 3,
      "question": "Koliko je bila stara prerokinja Ana, ko je videla Jezusa?",
      "option1": "83",
      "option2": "84",
      "option3": "88",
      "option4": "92",
      "answer": 2
    },
    {
      "ques_id": 4,
      "question": "Kaj je kraljica iz Sabe dala Salomonu?",
      "option1": "(124 talentov) zlata, začimb in dragih kamnov",
      "option2": "(120 talentov) zlata, začimb in dragih kamnov",
      "option3": "(18 talentov) zlata, začimb in dragih kamnov",
      "option4": "(221 talentov) zlata, začimb in dragih kamnov",
      "answer": 2
    },
    {
      "ques_id": 5,
      "question": "Koliko knjig je v Stari zavezi?",
      "option1": "37",
      "option2": "38",
      "option3": "39",
      "option4": "40",
      "answer": 3
    },
    {
      "ques_id": 6,
      "question": "Na koliko rek se je razdelila reka v Edenu, ko je zapustila vrt?",
      "option1": "4",
      "option2": "3",
      "option3": "6",
      "option4": "8",
      "answer": 1
    },
    {
      "ques_id": 7,
      "question": "Kaj je Jožef želel storiti, ko je izvedel, da je Marija noseča?",
      "option1": "Priredi zabavo",
      "option2": "Loči se od nje",
      "option3": "Pobeži",
      "option4": "Nič od naštetega",
      "answer": 2
    },
    {
      "ques_id": 8,
      "question": "Kakšne barve je bila obleka velikega duhovnika?",
      "option1": "modra",
      "option2": "bela",
      "option3": "zelena",
      "option4": "Rdeča",
      "answer": 1
    },
    {
      "ques_id": 9,
      "question": "Kaj je Boaz rekel, da Naomi prodaja?",
      "option1": "Zemljišče",
      "option2": "Zlato",
      "option3": "Njen otrok",
      "option4": "Hrana",
      "answer": 1
    },
    {
      "ques_id": 10,
      "question": "V prispodobi o dolžnikih je bil eden dolžan 500 denarijev (penijev), koliko pa je bil dolžan drugi",
      "option1": "70",
      "option2": "50",
      "option3": "45",
      "option4": "80",
      "answer": 2
    },
    {
      "ques_id": 11,
      "question": "Koliko Elijevega duha je prejel Elizej?",
      "option1": "Malo",
      "option2": "Ena porcija",
      "option3": "zdravo",
      "option4": "Dvojna porcija",
      "answer": 4
    },
    {
      "ques_id": 12,
      "question": "Kaj je bilo nenavadnega pri 700 Benjamitovih vojakih, ki so lahko vrgli kamen in vsakič zadeli tarčo?",
      "option1": "Vsi so bili levičarji",
      "option2": "Vsi so bili podobni",
      "option3": "Niso imeli čevljev",
      "option4": "Nič od naštetega",
      "answer": 1
    },
    {
      "ques_id": 13,
      "question": "V kakšnem sorodu je bil Ana s Kajfom?",
      "option1": "Brat",
      "option2": "stric",
      "option3": "Bratranci",
      "option4": "Tast",
      "answer": 4
    },
    {
      "ques_id": 14,
      "question": "Česa ne smete \"metati pred prašiče\"",
      "option1": "Kamenčki",
      "option2": "Kamni",
      "option3": "Biseri",
      "option4": "Palica",
      "answer": 3
    },
    {
      "ques_id": 15,
      "question": "Kdaj sta Pavel in Sila v zaporu molila in pela Bogu?",
      "option1": "Jutro",
      "option2": "Popoldne",
      "option3": "Večer",
      "option4": "Popolnoč",
      "answer": 4
    },
    {
      "ques_id": 16,
      "question": "Kaj so Daniel in njegovi trije prijatelji jedli namesto kraljevega mesa in pili?",
      "option1": "Kruh",
      "option2": "Vino in kruh",
      "option3": "Stročnice in voda",
      "option4": "Nič",
      "answer": 3
    },
    {
      "ques_id": 17,
      "question": "Kako je ime Jezusovemu bratrancu, ki se je rodil šest mesecev pred njim?",
      "option1": "Janez",
      "option2": "Peter",
      "option3": "Pavel",
      "option4": "Mihael",
      "answer": 1
    },
    {
      "ques_id": 18,
      "question": "V katerem mestu je kralj Herod živel v času Jezusovega rojstva?",
      "option1": "Jeruzalem",
      "option2": "Rim",
      "option3": "Babilon",
      "option4": "Betlehem",
      "answer": 1
    },
    {
      "ques_id": 19,
      "question": "Koliko nadlog je Bog poslal na Egipt?",
      "option1": "4",
      "option2": "8",
      "option3": "10",
      "option4": "12",
      "answer": 3
    },
    {
      "ques_id": 20,
      "question": "Za koliko srebrnikov je Juda izdal Kristusa?",
      "option1": "20",
      "option2": "30",
      "option3": "40",
      "option4": "50",
      "answer": 2
    },
    {
      "ques_id": 21,
      "question": "Koliko dni se je Jezus prikazoval svojim učencem po svojem vstajenju?",
      "option1": "30",
      "option2": "7",
      "option3": "40",
      "option4": "11",
      "answer": 3
    },
    {
      "ques_id": 22,
      "question": "Koliko cerkva v Mali Aziji je bilo navedenih v Razodetju?",
      "option1": "7",
      "option2": "8",
      "option3": "9",
      "option4": "10",
      "answer": 1
    }
  ],
  "Genij": [
    {
      "ques_id": 1,
      "question": "Kdo je bil sin Eleazarja, Aronovega sina?",
      "option1": "Putiel",
      "option2": "Korah",
      "option3": "Phinehas",
      "option4": "Izhar",
      "answer": 3
    },
    {
      "ques_id": 2,
      "question": "Kdo je bil Omrijev sin, izraelski kralj?",
      "option1": "Ahab",
      "option2": "Joram",
      "option3": "Zimri",
      "option4": "Ginath",
      "answer": 1
    },
    {
      "ques_id": 3,
      "question": "Kdo je bil Naomin mož iz Rutine knjige?",
      "option1": "Boaz",
      "option2": "Elkana",
      "option3": "Obed",
      "option4": "Elimeleh",
      "answer": 4
    },
    {
      "ques_id": 4,
      "question": "Koliko črk ima najdaljše ime v Svetem pismu?",
      "option1": "16",
      "option2": "18",
      "option3": "22",
      "option4": "25",
      "answer": 2
    },
    {
      "ques_id": 5,
      "question": "Kdo je ubil Sisera?",
      "option1": "David",
      "option2": "Ahab",
      "option3": "Saul",
      "option4": "Jael",
      "answer": 4
    },
    {
      "ques_id": 6,
      "question": "Kako široka je bila Noetova barka?",
      "option1": "35 komolcev",
      "option2": "50 komolcev",
      "option3": "75 komolcev",
      "option4": "90 komolcev",
      "answer": 2
    },
    {
      "ques_id": 7,
      "question": "Kako široka je bila skrinja zaveze?",
      "option1": "1,5 komolca",
      "option2": "2 komolca",
      "option3": "3 komolci",
      "option4": "1 komolec",
      "answer": 1
    },
    {
      "ques_id": 8,
      "question": "Kako je bilo ime Elizejevemu služabniku?",
      "option1": "Jehoram",
      "option2": "Šafat",
      "option3": "Gehazi",
      "option4": "Hazael",
      "answer": 3
    },
    {
      "ques_id": 9,
      "question": "Kako je bilo ime Paulovemu slavnemu učitelju?",
      "option1": "Justus",
      "option2": "Gamaliel",
      "option3": "Kajfa",
      "option4": "Sokrat",
      "answer": 2
    },
    {
      "ques_id": 10,
      "question": "Kateri izraelski sodnik je bil rojen v Betlehemu?",
      "option1": "David",
      "option2": "Ibzan",
      "option3": "Deborah",
      "option4": "Gideon",
      "answer": 2
    },
    {
      "ques_id": 11,
      "question": "Ko se mu je približal Jezus in rekel: \"Kaj imaš z mano, Jezus, Sin Najvišjega Boga? Zaklinjam te pri Bogu, ne muči me\".?",
      "option1": "Legija",
      "option2": "Tera",
      "option3": "Ruben",
      "option4": "Belsazar",
      "answer": 1
    },
    {
      "ques_id": 12,
      "question": "Od katere ptice Jezus pravi, da imamo večjo vrednost?",
      "option1": "Orel",
      "option2": "jastreb",
      "option3": "Vrabček",
      "option4": "golob",
      "answer": 3
    },
    {
      "ques_id": 13,
      "question": "Kateri dve sestri sta se poročili z Jakobom?",
      "option1": "Dorcas in Leah",
      "option2": "Mariam in Rachel",
      "option3": "Rachel in Leah",
      "option4": "Sarai in Hannah",
      "answer": 3
    },
    {
      "ques_id": 14,
      "question": "V katero deželo je Bog poslal Abrahama, da žrtvuje svojega posebnega sina, Izaka?",
      "option1": "Canan",
      "option2": "Makedonija",
      "option3": "Ciper",
      "option4": "Morija",
      "answer": 4
    },
    {
      "ques_id": 15,
      "question": "Iz katerega psalma je verz \"On me položi na zelene pašnike, on me vodi ob tihih vodah,\"?",
      "option1": "25",
      "option2": "22",
      "option3": "30",
      "option4": "23",
      "answer": 4,
      " reference": "Psalmi 23; 2"
    },
    {
      "ques_id": 16,
      "question": "Strah Gospodov je začetek ........ ",
      "option1": "Znanje",
      "option2": "Modrost",
      "option3": "Denar",
      "option4": "Ljubezen",
      "answer": 1,
      " reference": ""
    },
    {
      "ques_id": 17,
      "question": "Proti kateremu mestu je Gospod rekel Jonu, naj pridiga?",
      "option1": "Jeruzalem",
      "option2": "Ninive",
      "option3": "Babilon",
      "option4": "Juda",
      "answer": 2,
      " reference": "Jona 1:2"
    },
    {
      "ques_id": 18,
      "question": "Katera od teh knjig [Filipljanom, Kološanom, Galačanom ali Efežanom] je prva v Svetem pismu",
      "option1": "Kološani",
      "option2": "Galačanom",
      "option3": "Efežanom",
      "option4": "Filipljanom",
      "answer": 2,
      " reference": "Nova zaveza, Pavlova pisma"
    },
    {
      "ques_id": 19,
      "question": "Koliko poglavij ima Hebrejcem?",
      "option1": "13",
      "option2": "15",
      "option3": "10",
      "option4": "16",
      "answer": 1,
      " reference": "Hebrejcem 1-13"
    },
    {
      "ques_id": 20,
      "question": "Kako se imenuje nevihtni veter, ki lahko zadene Kreto?",
      "option1": "Mesečin dan",
      "option2": "Evroklidon",
      "option3": "Prelivanje",
      "option4": "Nič od naštetega",
      "answer": 2,
      " reference": "Apostolska dela 2:14"
    }
  ],
  "Strokovnjak": [
    {
      "ques_id": 1,
      "question": "Kateri od teh ni bil izraelski ali judejski kralj",
      "option1": "Senaherib",
      "option2": "Jojahim",
      "option3": "Zedekija",
      "option4": "David",
      "answer": 1
    },
    {
      "ques_id": 2,
      "question": "Kdo je prepričal Samsona, da je razkril skrivnost velike moči",
      "option1": "Dina",
      "option2": "Rut",
      "option3": "Delila",
      "option4": "Marta",
      "answer": 3
    },
    {
      "ques_id": 3,
      "question": "In tvoje nebo, ki je nad tvojo glavo, bo _____ in zemlja, ki je pod teboj, bo železo",
      "option1": "medenina",
      "option2": "Jeklo",
      "option3": "Srebrna",
      "option4": "zlato",
      "answer": 1
    },
    {
      "ques_id": 4,
      "question": "Kje lahko najdemo besede: Zaupaj v Jehova z vsem svojim srcem in ne zanašaj se na svoj razum",
      "option1": "Pregovori 3:5",
      "option2": "Pregovori 5:3",
      "option3": "Pregovori 35:3",
      "option4": "Pregovori 4:3",
      "answer": 1
    },
    {
      "ques_id": 5,
      "question": "kateri učenec je trikrat zatajil Jezusa",
      "option1": "Peter",
      "option2": "Andrej",
      "option3": "Janez",
      "option4": "Juda",
      "answer": 1
    },
    {
      "ques_id": 6,
      "question": "Spomin pravičnih je blagoslovljen, a ime krivičnih bo",
      "option1": "Zmaga",
      "option2": "Gniloba",
      "option3": "Bloom",
      "option4": "razcvet",
      "answer": 2
    },
    {
      "ques_id": 7,
      "question": "Kaj je bilo njegovo delo, preden je Jezus začel pridigati?",
      "option1": "mizar",
      "option2": "učenjak",
      "option3": "Zdravnik",
      "option4": "Učitelj",
      "answer": 1
    },
    {
      "ques_id": 8,
      "question": "Zoan je bil v bibliji uporabljen kot vzporednica za kateri narod\"",
      "option1": "Egipt",
      "option2": "Asirija",
      "option3": "Babilon",
      "option4": "Sinaj",
      "answer": 1
    },
    {
      "ques_id": 9,
      "question": "Kateri lik iz Stare zaveze je pokazal svojo vero s tem, da je bil pripravljen svojega sina darovati Bogu kot alternativo",
      "option1": "Noe",
      "option2": "Abraham",
      "option3": "shealtiel",
      "option4": "Mojzes",
      "answer": 2
    },
    {
      "ques_id": 10,
      "question": "Kaj so naredili mornarji ladje Jonah, da bi povečali svoje možnosti za preživetje",
      "option1": "Odpluli so proti severu",
      "option2": "Tovor je vrgel čez krov",
      "option3": "Prosil Boga za odpuščanje",
      "option4": "Nič od naštetega",
      "answer": 2
    },
    {
      "ques_id": 11,
      "question": "Kaj je počel Ezav, medtem ko mu je Jakob ukradel blagoslov?",
      "option1": "Lov",
      "option2": "Kmetovanje",
      "option3": "ribolov",
      "option4": "Potovanje",
      "answer": 1
    },
    {
      "ques_id": 12,
      "question": "Kdo je tekel od gore Karmel do Samarije hitreje kot Ahab, ki je lahko vozil svoj voz?",
      "option1": "Elizej",
      "option2": "Gehazi",
      "option3": "Elija",
      "option4": "Amos",
      "answer": 3
    },
    {
      "ques_id": 13,
      "question": "Kaj je Bog naredil sedmi dan, po?",
      "option1": "Počit",
      "option2": "Ustvarjeni ljudje",
      "option3": "Človeku je dodelil skrb za njegove stvaritve",
      "option4": "Ustvarjene ptice",
      "answer": 1
    },
    {
      "ques_id": 14,
      "question": "Kdo je trdil, da je zlato tele preprosto prišlo iz ognja?",
      "option1": "Jozue",
      "option2": "Aron",
      "option3": "Miriam",
      "option4": "Debora",
      "answer": 42
    },
    {
      "ques_id": 15,
      "question": "Kaj je prosil kralj Salomon, ko se mu je Bog prikazal v sanjah",
      "option1": "Dolgo življenje in znanje",
      "option2": "Modrost [soditi med dobrim in zlim]",
      "option3": "Bogastvo",
      "option4": "Denar",
      "answer": 2
    },
    {
      "ques_id": 16,
      "question": "Dokončaj pregovor; Kdor je neumen, ko molči, velja za -------?",
      "option1": "Mirno",
      "option2": "Neumen",
      "option3": "Modro",
      "option4": "Arogantno",
      "answer": 3
    },
    {
      "ques_id": 17,
      "question": "Kako naj nekdo sprejme Božje kraljestvo?",
      "option1": "S skritimi motivi",
      "option2": "Kot otrok",
      "option3": "S ponosom",
      "option4": "Prek agentov",
      "answer": 2
    },
    {
      "ques_id": 18,
      "question": "Kako je bilo ime Abrahamovi prvi ženi",
      "option1": "Sara",
      "option2": "Miriam",
      "option3": "Roda",
      "option4": "Rut",
      "answer": 1
    },
    {
      "ques_id": 19,
      "question": "Kralj Savel ni ubogal Jehovovega ukaza in prizanesel življenju tistemu, kar je bil Amelekov kralj",
      "option1": "Balak",
      "option2": "Dagon",
      "option3": "Agag",
      "option4": "Nathan",
      "answer": 3
    },
    {
      "ques_id": 20,
      "question": "O čem je bilo napisanih deset zapovedi. ",
      "option1": "Dva zvitka",
      "option2": "Dve kamniti plošči",
      "option3": "Zidovi Jerihe",
      "option4": "Dve knjigi",
      "answer": 1
    }
  ],
  "Mojster": [
    {
      "ques_id": 1,
      "question": "O kom je bilo zapisano, da \"vsi premišljujejo v svojih srcih;\" Ali je morda on Kristus?",
      "option1": "Elija",
      "option2": "Janez",
      "option3": "Malachi",
      "option4": "Peter",
      "answer": 2
    },
    {
      "ques_id": 2,
      "question": "Kakšna so imena Josephovih staršev",
      "option1": "Jacob in Rebeka",
      "option2": "Jakob in Lea",
      "option3": "Jakob in Rahela",
      "option4": "Jakob in Ruta",
      "answer": 3
    },
    {
      "ques_id": 3,
      "question": "Od vseh ljudi, omenjenih v bibliji, kateri je živel najdlje?",
      "option1": "Metuzalem",
      "option2": "JJared",
      "option3": "Abraham",
      "option4": "Adam",
      "answer": 1
    },
    {
      "ques_id": 4,
      "question": "Kaj je Jezus rekel tistim, ki so obtožili prešuštnico?",
      "option1": "Glej, ni pravičnega",
      "option2": "Kdor je brez greha, naj prvi vrže kamen",
      "option3": "Gorje vam, ki obtožujete to žensko",
      "option4": "ubij jo",
      "answer": 2
    },
    {
      "ques_id": 5,
      "question": "V katero mesto bodo nekega dne šli vsi narodi častit Boga?",
      "option1": "Damask",
      "option2": "Jeruzalem",
      "option3": "Cilicija",
      "option4": "Juda",
      "answer": 2
    },
    {
      "ques_id": 6,
      "question": "Kateri od Davidovih potomcev bo kraljeval večno",
      "option1": "Roboam",
      "option2": "Jezus",
      "option3": "Salomon",
      "option4": "Jeroboam",
      "answer": 2
    },
    {
      "ques_id": 7,
      "question": "Kdo je bila Timotejeva pobožna mati",
      "option1": "Lois",
      "option2": "Phoebe",
      "option3": "Eunice",
      "option4": "Magdalena",
      "answer": 3
    },
    {
      "ques_id": 8,
      "question": "Zakaj se je kralj Salomon odvrnil od Boga, ko je bil star",
      "option1": "Njegove tuje žene so obrnile njegovo srce za drugimi bogovi",
      "option2": "Postal je ponosen",
      "option3": "Ljubil je ženske bolj kot Boga",
      "option4": "Častil je idole",
      "answer": 1
    },
    {
      "ques_id": 9,
      "question": "Kdo je zaradi varnosti pobegnil v Jehovov šotor, a je bil tam vseeno ubit?",
      "option1": "Joab",
      "option2": "Saul",
      "option3": "Amon",
      "option4": "Ezav",
      "answer": 1
    },
    {
      "ques_id": 10,
      "question": "Kateri kralj je sanjal o velikem kipu človeka iz različnih kovin",
      "option1": "Ahab",
      "option2": "David",
      "option3": "malah",
      "option4": "Nebukadnezar",
      "answer": 4
    },
    {
      "ques_id": 11,
      "question": "Kje je \"najboljši kraj za molitev\"?",
      "option1": "V vaši omari z zaprtimi vrati",
      "option2": "V cerkvi",
      "option3": "Na mirnem mestu",
      "option4": "Na poti",
      "answer": 1
    },
    {
      "ques_id": 12,
      "question": "Kje lahko najdemo besede: Zaupaj v Jehova z vsem svojim srcem in se ne zanašaj na svoj razum?",
      "option1": "Pregovori 3:5",
      "option2": "Pregovori 35:3",
      "option3": "Pregovori 5:3",
      "option4": "Pregovori 6:4",
      "answer": 1
    },
    {
      "ques_id": 13,
      "question": "Ko je bil Jezus v tvoji puščavi, kaj ga je mikalo, da bi spremenil v hlebce kruha?",
      "option1": "Gomile",
      "option2": "Skale",
      "option3": "Kamni",
      "option4": "Tla",
      "answer": 3
    },
    {
      "ques_id": 14,
      "question": "Kaj je bilo posebnega pri Ehudu [sodniku nad Izraelom, ki je ubil Elgona, moabskega kralja",
      "option1": "Bil je zelo mlad",
      "option2": "Bil je levičar",
      "option3": "Bil je slep",
      "option4": "Bil je zelo star",
      "answer": 2
    },
    {
      "ques_id": 15,
      "question": "Kaj se je zgodilo z mestom Jeriho, potem ko je duhovnik zatrobil na trobente",
      "option1": "Ljudje so zbežali v drugo deželo",
      "option2": "Živali so umrle",
      "option3": "Zidovi so padli",
      "option4": "Ljudje so se preselili",
      "answer": 3
    },
    {
      "ques_id": 16,
      "question": "Po Janezu 1:1, kaj je bilo na začetku pri Bogu",
      "option1": "Beseda",
      "option2": "Angel",
      "option3": "Jezus",
      "option4": "Janez",
      "answer": 1
    },
    {
      "ques_id": 17,
      "question": "Koliko psalmov je v knjigi psalmov?",
      "option1": "150",
      "option2": "170",
      "option3": "120",
      "option4": "190",
      "answer": 1
    },
    {
      "ques_id": 18,
      "question": " Ne pride vsakdo, ki mi pravi \"Gospod, Gospod,\" v nebeško kraljestvo. Kdo torej pride v njegovo kraljestvo",
      "option1": "Kdor izpolnjuje Božjo voljo",
      "option2": "Tisti, ki dela čudeže",
      "option3": "Kdor se krsti",
      "option4": "Tisti, ki oznanja Božjo besedo",
      "answer": 1
    },
    {
      "ques_id": 19,
      "question": "Kdo je bil prvi kralj desetih izraelskih plemen?",
      "option1": "Jeroboam",
      "option2": "Rehoboth",
      "option3": "Joab",
      "option4": "Roboam",
      "answer": 1
    },
    {
      "ques_id": 20,
      "question": "Koliko let naj bi bil izraelski narod po Jeremiju ostal ujetnik pod babilonskim kraljem?",
      "option1": "120 let",
      "option2": "40 let",
      "option3": "70 let",
      "option4": "80 let",
      "answer": 3
    }
  ],
  "Velik mojster": [
    {
      "ques_id": 1,
      "question": "V kateri reki je bilo Naamanu rečeno, naj se spere, da se znebi gobavosti?",
      "option1": "Nil",
      "option2": "Jordanija",
      "option3": "Galileja",
      "option4": "Biblija ne pravi",
      "answer": 2
    },
    {
      "ques_id": 2,
      "question": "Kdo je bil Roboamov oče?",
      "option1": "David",
      "option2": "Nimrod",
      "option3": "Abimelek",
      "option4": "Salomon",
      "answer": 4
    },
    {
      "ques_id": 3,
      "question": "Kako dolgo je David vladal kot kralj?",
      "option1": "Trideset let",
      "option2": "Štirideset let",
      "option3": "Petindvajset let",
      "option4": "Osemdeset let",
      "answer": 2
    },
    {
      "ques_id": 4,
      "question": "V Jezusovi razlagi prilike o sejalcu. kaj predstavlja seme",
      "option1": "Vera",
      "option2": "Božja beseda",
      "option3": "Jezus",
      "option4": "Ljubezen",
      "answer": 2
    },
    {
      "ques_id": 5,
      "question": "Katera rastlina je \"najmanj semen, ko pa zraste, je največja med zelišči?\"",
      "option1": "Olivno",
      "option2": "Gorčica",
      "option3": "hrast",
      "option4": "Grozdje",
      "answer": 2
    },
    {
      "ques_id": 6,
      "question": "Kako je bilo ime bratu Mojzesu?",
      "option1": "Alfej",
      "option2": "Janez",
      "option3": "Aron",
      "option4": "Jozue",
      "answer": 3
    },
    {
      "ques_id": 7,
      "question": "Iz katerega dela Adamovega telesa je Bog ustvaril Evo?",
      "option1": "Srce",
      "option2": "Možgani",
      "option3": "rebro",
      "option4": "Glava",
      "answer": 3
    },
    {
      "ques_id": 8,
      "question": "Zahariju in Elizabeti je angel povedal, da bosta imela sina, kako naj se imenuje",
      "option1": "Elija",
      "option2": "Jezus",
      "option3": "Janez",
      "option4": "James",
      "answer": 3
    },
    {
      "ques_id": 9,
      "question": "Kateri pomemben dogodek je zapisan v 1. in 2. poglavju Geneze",
      "option1": "Prevoz",
      "option2": "Ustvarjanje",
      "option3": "Čiščenje",
      "option4": "Žrtvovanje",
      "answer": 2
    },
    {
      "ques_id": 10,
      "question": "Kakšno je bilo razmerje med Mojzesom in Korahom",
      "option1": "Oba sta bila iz Judovega plemena",
      "option2": "Bila sta brata",
      "option3": "Bili so bratranci",
      "option4": "Bila sta prijatelja",
      "answer": 3
    },
    {
      "ques_id": 11,
      "question": "Kako je Naomi povedala ljudem v Betlehemu, naj jo kličejo",
      "option1": "Mara",
      "option2": "Naama",
      "option3": "Batšeba",
      "option4": "Marija",
      "answer": 1
    },
    {
      "ques_id": 12,
      "question": "Poimenujte judovsko dekle, ki se je poročila s perzijskim kraljem?",
      "option1": "Naomi",
      "option2": "Deborah",
      "option3": "Ester",
      "option4": "Jude",
      "answer": 3
    },
    {
      "ques_id": 13,
      "question": "Kaj simbolizira sedem zlatih svečnikov iz Razodetja 1:20?",
      "option1": "Sedem občin",
      "option2": "Sedem angelov",
      "option3": "Sedem kraljev",
      "option4": "Sedem ljudi",
      "answer": 1
    },
    {
      "ques_id": 14,
      "question": "Kje je mogoče najti naslednje besede: Bog pa je izbral nespametne stvari sveta, da bi osramotil modre?",
      "option1": "Dejanja",
      "option2": "Rimljani",
      "option3": "1 Korinčanom",
      "option4": "Janez",
      "answer": 3
    },
    {
      "ques_id": 15,
      "question": "Kaj je bilo opazno pri Jakobovem bratu dvojčku Ezavu ob rojstvu",
      "option1": "Imel je globoke intenzivne oči",
      "option2": "Bil je zelo čeden",
      "option3": "Bil je rdeč in dlakav",
      "option4": "Bil je zelo črn",
      "answer": 3
    },
    {
      "ques_id": 16,
      "question": ",Kdo je Samsonu odrezal lase?",
      "option1": "Njegov glavni sovražnik, Hulk",
      "option2": "Delila",
      "option3": "Drugi moški",
      "option4": "Njegovi prijatelji",
      "answer": 2
    },
    {
      "ques_id": 17,
      "question": "Kdo je napisal 1. in 2. kraljevo knjigo?",
      "option1": "Elija",
      "option2": "Jeremija",
      "option3": "Gad",
      "option4": "Nathan",
      "answer": 2
    },
    {
      "ques_id": 18,
      "question": "Kateri od evangelijev se pojavi zadnji v Svetem pismu",
      "option1": "Nikodem",
      "option2": "Janez",
      "option3": "Andrews",
      "option4": "Oznaka",
      "answer": 2
    },
    {
      "ques_id": 19,
      "question": "Kaj se je zgodilo komurkoli, čigar ime ni bilo zapisano v knjigi življenja?",
      "option1": "Razglašeni so bili za nevredne odrešenja",
      "option2": "Umrli so",
      "option3": "Umrli so",
      "option4": "Vrženi so bili v ognjeno jezero",
      "answer": 4
    },
    {
      "ques_id": 20,
      "question": "Kdo je bil najmočnejši človek, kar jih je kdaj živelo?",
      "option1": "Goljat",
      "option2": "Samson",
      "option3": "Jezus",
      "option4": "Agag",
      "answer": 2
    }
  ],
  "Legenda": [
    {
      "ques_id": 1,
      "question": "Knjiga Geneze se začne s hebrejsko besedo \"bereshit\", kakšen je prevod te besede v angleščino",
      "option1": "Na začetku",
      "option2": "Naj bo luč",
      "option3": "Ko še ni bilo ničesar",
      "option4": "Gospod Bog je rekel",
      "answer": 1,
      " reference": "Gn 1:1"
    },
    {
      "ques_id": 2,
      "question": "Po tem, ko je človeka uspaval, kaj mu je vzel gospod Bog, da bi zgradil žensko",
      "option1": "Zob",
      "option2": "noht",
      "option3": "rebro",
      "option4": "pramen las",
      "answer": 3,
      " reference": "Gn 1:2"
    },
    {
      "ques_id": 3,
      "question": "Kaj je gospod Bog najprej blagoslovil z besedami \"Bodite rodovitni in množite\"?",
      "option1": "Prvi moški in ženska",
      "option2": "Morska bitja in ptice",
      "option3": "Rastline",
      "option4": "Kopenske živali",
      "answer": 1,
      " reference": "Gn 1:22"
    },
    {
      "ques_id": 4,
      "question": "Kdo je bil Gospodov angel, ki je oznanil Mariji, da bo spočela in rodila sina?",
      "option1": "Gabrijela",
      "option2": "Mihael",
      "option3": "Rafael",
      "option4": "Sealtiel",
      "answer": 1,
      " reference": "Lk 1:31"
    },
    {
      "ques_id": 5,
      "question": "Kako je ime materi sv. Janeza Krstnika?",
      "option1": "Saloma Zebedejeva",
      "option2": "Elizabeta iz Zaharije",
      "option3": "Marija Kleofova",
      "option4": "Herodiada Filipova",
      "answer": 2,
      " reference": "Lk 1:5-6"
    },
    {
      "ques_id": 6,
      "question": "Na začetku pripovedi o vstajenju v Janezovem evangeliju je bilo omenjeno, da je šel zgodaj zjutraj do Jezusovega groba in videl, da je kamen odstranjen?",
      "option1": "Marija iz Magdale",
      "option2": "Sv. Janez",
      "option3": "Marta",
      "option4": "Angel",
      "answer": 1,
      " reference": "Jn20:1"
    },
    {
      "ques_id": 7,
      "question": "V pripovedi o vstajenju v Janezovem evangeliju, ko se je vstali gospod prvič prikazal Mariji Magdaleni, ga je zamenjala za koga?",
      "option1": "Ječar",
      "option2": "Stotnik",
      "option3": "Razrednik",
      "option4": "Angel",
      "answer": 3,
      " reference": "Jn 20:15"
    },
    {
      "ques_id": 8,
      "question": "V Jezusovem rodovniku, podanem v evangeliju sv. Mateja, je bilo omenjenih koliko skupin 14 generacij",
      "option1": "Pet",
      "option2": "Ocena",
      "option3": "Tri",
      "option4": "ducat",
      "answer": 3,
      " reference": "Janez 20:15"

    },
    {
      "ques_id": 9,
      "question": "V preroku Izaiju je rečeno, da bo deček, ki ga bo rodila devica, dobil to ime, ki pomeni Bog - z nami?",
      "option1": "Jezus",
      "option2": "Janez",
      "option3": "Emanuel",
      "option4": "Kristos,",
      "answer": 3,
      " reference": "Mt 1:23"
    },
    {
      "ques_id": 10,
      "question": "V Jezusovem rodovniku, podanem v evangeliju sv. Mateja, se je prvi sklop 14 omenjenih generacij začel z Abrahamom in končal s kom?",
      "option1": "David",
      "option2": "Mojzes",
      "option3": "Jakob",
      "option4": "Jesse",
      "answer": 1,
      " reference": "Mt 1,1-6"
    },
    {
      "ques_id": 11,
      "question": "\"Ker je bila vzeta iz njegovega mesa\", kako je prvi moški imenoval prvo žensko?",
      "option1": "Adama",
      "option2": "Eva",
      "option3": "Ženska",
      "option4": "Žena",
      "answer": 2,
      " reference": "Gen 1:23"
    },
    {
      "ques_id": 12,
      "question": "Kaj je dal Gospod Bog v hrano vsem živalim na zemlji in vsem pticam v nebu?",
      "option1": "Zelene rastline",
      "option2": "Rastline, ki dajejo seme",
      "option3": "Sadno drevje s semeni",
      "option4": "Vse, kar je užitno",
      "answer": 1,
      " reference": "Gn 1:30"
    },
    {
      "ques_id": 13,
      "question": "Na kateri dan stvarjenja je Bog ustvaril sonce in luno?",
      "option1": "Prvi",
      "option2": "Drugi",
      "option3": "Tretji",
      "option4": "Četrti",
      "answer": 4,
      " reference": "1 Mz 1:26-31"
    },
    {
      "ques_id": 14,
      "question": "Koliko je bil star David, ko je bil maziljen za kralja Izraela?",
      "option1": "50",
      "option2": "20",
      "option3": "35",
      "option4": "30",
      "answer": 4,
      " reference": "2 Samuel 5:4"
    },
    {
      "ques_id": 15,
      "question": "Kdo drug razen modrih je prišel obiskat Jezusa, ko je bil še majhen otrok.",
      "option1": "Lokostrelci",
      "option2": "Pastirji",
      "option3": "Lovci",
      "option4": "Kmetje",
      "answer": 2
    },
    {
      "ques_id": 16,
      "question": "Kako visok je bil Goljat?",
      "option1": "6 komolcev in ped",
      "option2": "8 komolcev",
      "option3": "10 komolcev in ped",
      "option4": "12 komolcev",
      "answer": 1,
      " reference": "1 Samuelova 1:4"
    },
    {
      "ques_id": 17,
      "question": "Kaj je Pavel rekel, da je izpolnitev postave?",
      "option1": "Vera",
      "option2": "Molitev",
      "option3": "Ljubezen",
      "option4": "Poroka",
      "answer": 3,
      " reference": "Rimljanom 13:10"
    },
    {
      "ques_id": 18,
      "question": "Katero je najkrajše poglavje v Svetem pismu",
      "option1": "Psalmi 117",
      "option2": "Psalmi 18",
      "option3": "Oznaka 10",
      "option4": "Janez 4",
      "answer": 1,
      " reference": "Psalmi 117"
    },
    {
      "ques_id": 19,
      "question": " Kdo je rekel, \"Srebra in zlata nimam; toda kar imam, ti dam\"?",
      "option1": "Pavel",
      "option2": "James",
      "option3": "Peter",
      "option4": "Timotej",
      "answer": 3,
      " reference": "Apostolska dela 3:6"
    },
    {
      "ques_id": 20,
      "question": "Koliko je bil star Mojzes [leta] v času njegove smrti",
      "option1": "120",
      "option2": "100",
      "option3": "150",
      "option4": "80",
      "answer": 1,
      " reference": "Ponovni zakon 34:7"
    }
  ],
  "Izven tega sveta": [
    {
      "ques_id": 1,
      "question": "Kdo je bil najstarejši človek, zapisan v bibliji?",
      "option1": "Metuzalem",
      "option2": "Adam",
      "option3": "Abraham",
      "option4": "Salomon",
      "answer": 1,
      " reference": "Genesis 5:27"
    },
    {
      "ques_id": 2,
      "question": "Koliko je bila stara najstarejša oseba, zapisana v Svetem pismu?",
      "option1": "120",
      "option2": "500",
      "option3": "800",
      "option4": "969",
      "answer": 4,
      " reference": "Genesis 5:27"
    },
    {
      "ques_id": 3,
      "question": "Kaj pomeni Jahwe-Schammmah?",
      "option1": "Bog z nami",
      "option2": "Bog sam",
      "option3": "Jezus božji sin",
      "option4": "Večno življenje",
      "answer": 2,
      " reference": "Ezekiel 48:35"
    },
    {
      "ques_id": 4,
      "question": "Koliko še let je Bog dodal življenju kralja Ezekija kot odgovor na molitev umirajočega kralja?",
      "option1": "20",
      "option2": "50",
      "option3": "15",
      "option4": "100",
      "answer": 3,
      " reference": "2 Kralji 20:6"
    },
    {
      "ques_id": 5,
      "question": "S katerimi Gospodovimi preroki se je posvetoval Judov kralj Josija?",
      "option1": "Amos",
      "option2": "Elija",
      "option3": "Elizej",
      "option4": "Huldah",
      "answer": 4,
      " reference": "2 Kraljevi 22:14-16"
    },
    {
      "ques_id": 6,
      "question": "Katero slovesnost je ponovno uvedel kralj Josija, ki je ni praznoval noben prejšnji kralj Izraela ali Juda??",
      "option1": "pasha",
      "option2": "Ritual žrtvovanja",
      "option3": "čaščenje",
      "option4": "Obrezovanje",
      "answer": 1,
      " reference": "2 Kralji 23:21"
    },
    {
      "ques_id": 7,
      "question": "Iz katerega izraelskega plemena je bil kralj Savel?",
      "option1": "Juda",
      "option2": "Benjamin",
      "option3": "Amoniti",
      "option4": "Izrael",
      "answer": 2,
      " reference": "1 Samuelova 9:21"
    },
    {
      "ques_id": 8,
      "question": "Katero žrtev je Samuel daroval Gospodu ob vrnitvi skrinje v Izrael?",
      "option1": "A-koza",
      "option2": "Človeška žrtev",
      "option3": "Žrtvoval je letino na vrtu",
      "option4": "Sesna jagnjetina",
      "answer": 4,
      " reference": "1 Samuelova 7:9"
    },
    {
      "ques_id": 9,
      "question": "Kako je bilo ime ženi kralja Savla?",
      "option1": "Debora",
      "option2": "Ime",
      "option3": "Ahinoam",
      "option4": "Rut",
      "answer": 3,
      " reference": "1 Samuelova 14:50"
    },
    {
      "ques_id": 10,
      "question": "Kaj kdo potrebuje, da bi razumel Božjo besedo?",
      "option1": "Znanje",
      "option2": "Sveti Duh",
      "option3": "Modrost",
      "option4": "Molitve",
      "answer": 2,
      " reference": "1 Korinčanom 2:11"
    },
    {
      "ques_id": 11,
      "question": "Kdo je rekel Pavel, kdo mu je sodil?",
      "option1": "Bog",
      "option2": "Tera",
      "option3": "Ruben",
      "option4": "Belsazar",
      "answer": 1,
      " reference": "1 Korinčanom 4:4"
    },
    {
      "ques_id": 12,
      "question": "Na binkoštni dan je iz nebes prišel zvok hitenja____?",
      "option1": "Grom",
      "option2": "Dež",
      "option3": "Veter",
      "option4": "glasen hrup",
      "answer": 3,
      " reference": "Apostolska dela 2:2"
    },
    {
      "ques_id": 13,
      "question": "Kdo je ponudil denar za moč dajanja svetega duha?",
      "option1": "Janez",
      "option2": "Zaharija",
      "option3": "Simon",
      "option4": "Herod",
      "answer": 3,
      " reference": "Apostolska dela 8"
    },
    {
      "ques_id": 14,
      "question": "Ko je Jezus spremenil vodo v vino, je spremenil vodo, ki je bila v kamnitih vrčih. Za kaj so bili ti kamniti vrči običajno uporabljeni?",
      "option1": "Krst",
      "option2": "Čiščenje",
      "option3": "Trgovanje",
      "option4": "Obredno pranje",
      "answer": 4,
      " reference": "Janez 2:6"
    },
    {
      "ques_id": 15,
      "question": "Kdo je bil Nimrodov oče?",
      "option1": "Andrej",
      "option2": "Jozue",
      "option3": "Samson",
      "option4": "Cush",
      "answer": 4,
      " reference": "1. kronike 1:10"
    },
    {
      "ques_id": 16,
      "question": "kako sta bili imeni Abrahamovih sinov (po vrstnem redu rojstva)?",
      "option1": "Izak in Jakob",
      "option2": "Izmael in Izak",
      "option3": "Jožef in Jakob",
      "option4": "Kain in Izak",
      "answer": 2,
      " reference": "Genesis 16:1-16, 1 Chronicles 1:28"
    },
    {
      "ques_id": 17,
      "question": "Kakšna so bila imena treh Noetovih sinov po vrstnem redu biblijskih seznamov, na katerih so?",
      "option1": "Ham, Jožef, Jafet",
      "option2": "Jafet, Ham, Izak",
      "option3": "Šem, Ham in Jafet",
      "option4": "Šem, Ham, Jožef",
      "answer": 3,
      " reference": "Genesis 9:18-19, 1 Chronicles 1:4"
    },
    {
      "ques_id": 18,
      "question": "Gospod je Abrahamu spremenil ime v Abraham, ko je bil star 99 let. Kako mu je bilo ime pred tem?",
      "option1": "Adam",
      "option2": "Abram",
      "option3": "Alfa",
      "option4": "Agag",
      "answer": 2,
      " reference": "Genesis 17:1-5"
    },
    {
      "ques_id": 19,
      "question": "Koliko je bil star Abraham, ko se je rodil Izak?",
      "option1": "103",
      "option2": "90",
      "option3": "100",
      "option4": "50",
      "answer": 3,
      " reference": "Genesis 21:5"
    },
    {
      "ques_id": 20,
      "question": "Koliko knjig v Svetem pismu ima v naslovu besedo \"Janez\"?",
      "option1": "4",
      "option2": "3",
      "option3": "1",
      "option4": "5",
      "answer": 1,
      " reference": "Janez"
    }
  ]
}