{
  "Principiant": [
    {
      "ques_id": 1,
      "question": "Qui és El primer home que va viure?",
      "option1": "Matusalem",
      "option2": "Abraham",
      "option3": "Moisès",
      "option4":"Adam",
      "answer": 4
    },
    {
      "ques_id": 2,
      "question": "Qui va ser empassat per un peix molt gran?",
      "option1":"Jesús",
      "option2": "Jonàs",
      "option3": "Samsó",
      "option4":"Pere",
      "answer": 2
    },
    {
      "ques_id": 3,
      "question": "Qui És La persona que Déu va utilitzar Per treure Els Israelites d'Egipte",
      "option1": "Aaron",
      "option2": "Abraham",
      "option3": "Moisès",
      "option4":"Jeremies",
      "answer": 3
    },
    {
      "ques_id": 4,
      "question": "Qui va ser la persona que Va matar Goliat",
      "option1":"David",
      "option2": "Saül",
      "option3":"Salomó",
      "option4": "Jonathan",
      "answer": 1
    },
    {
      "ques_id": 5,
      "question": "Qui va ser el Primer Rei d'Israel?",
      "option1":"David",
      "option2": "Saül",
      "option3":"Salomó",
      "option4": "Moisès",
      "answer": 2
    },
    {
      "ques_id": 6,
      "question": "Quina ocupació Tenia Jesús abans del seu ministeri",
      "option1": "Fabricant De Joguines",
      "option2": "Pescador",
      "option3": "vinyater",
      "option4": "Fuster",
      "answer": 4
    },
    {
      "ques_id": 7,
      "question":"com es diu La ciutat on Va néixer Jesús?",
      "option1":"Jerusalem",
      "option2": "Betlem",
      "option3":"Galilea",
      "option4": "Natzaret",
      "answer": 2
    },
    {
      "ques_id": 8,
      "question": "com es diu el mar sobre el qual va caminar jesús",
      "option1": "Mar De Galilea",
      "option2": "mar Mort",
      "option3": "Llegir mar",
      "option4":"mar Mediterrani",
      "answer": 1
    },
    {
      "ques_id": 9,
      "question": "com es diu El riu en què Joan baptista va batejar la gent?",
      "option1": "Eufrates",
      "option2": "Nil",
      "option3": "Jordània",
      "option4":"Tigris",
      "answer": 3
    },
    {
      "ques_id": 10,
      "question": "Com es diu el germà D'Andreu? (Tots dos eren deixebles)",
      "option1":"Pere",
      "option2":"Joan",
      "option3":"James",
      "option4":"Adam",
      "answer": 1
    },
    {
      "ques_id": 11,
      "question": "com es deia La Mare De Jesús?",
      "option1":"Maria",
      "option2": "Marta",
      "option3": "Séfora",
      "option4":"Sarah",
      "answer": 1
    },
    {
      "ques_id": 12,
      "question": "com es deia el jardí on vivien Adam i Eva?",
      "option1": "Terra de Nod",
      "option2": "Jardí De L'Edèn",
      "option3": "Betlem",
      "option4": "Jardí De La Vall",
      "answer": 2
    },
    {
      "ques_id": 13,
      "question": "amb quin menjar va alimentar jesús 5.000 persones",
      "option1":"Vi",
      "option2": "Barres de pa i vi",
      "option3": "Barres de pa i peixos",
      "option4": "Aigua",
      "answer": 3
    },
    {
      "ques_id": 14,
      "question": "Quin mètode van utilitzar els romans per matar jesús?",
      "option1": "Apedregat",
      "option2": "Cremació",
      "option3": "Crucifixió",
      "option4": "Penjat",
      "answer": 3
    },
    {
      "ques_id": 15,
      "question": "quantes cistelles van sobrar de l'alimentació dels 5000?",
      "option1": "7",
      "option2": "8",
      "option3": "10",
      "option4": "12",
      "answer": 1,
      "referència": "Mateu 15: 13"
    },
    {
      "ques_id": 16,
      "question": "Quin deixeble va trobar una moneda a la boca d'un peix?",
      "option1": "Andreu",
      "option2": "Pau",
      "option3":"Pere",
      "option4":"Timoteu",
      "answer": 3,
      "referència": "Mateu 1: 24-27"
    },
    {
      "ques_id": 17,
      "question": "en quin llibre de la bíblia llegim Sobre Aman",
      "option1": "Èxode",
      "option2": "Esther",
      "option3": "Ruth",
      "option4":"Malàquies",
      "answer": 2,
      "referència":"Esther 3"
    },
    {
      "ques_id": 18,
      "question": "Nomena l'esposa Del rei Agripa, que Pau es va situar abans de judici",
      "option1": "Bernice",
      "option2": "Herodes",
      "option3": "Agag",
      "option4": "Caifàs",
      "answer": 1,
      "referència": "Fets 25: 23"
    },
    {
      "ques_id": 19,
      "question" :" quants anys va tenir Enoc",
      "option1": "400",
      "option2": "350",
      "option3": "230",
      "option4": "365",
      "answer": 4,
      "referència": "Gènesi 5: 23"
    },
    {
      "ques_id": 20,
      "question":"quants anys Més va afegir Déu A La vida del Rei Ezequies en resposta a la pregària dels reis moribunds?",
      "option1": "20",
      "option2": "15",
      "option3": "100",
      "option4": "50",
      "answer": 2,
      "referència": "2 Reis 20: 6"
    }
  ],
  "Entusiasta": [
    {
      "ques_id": 1,
      "question": "Qui va ser el pare D'Isaac?",
      "option1": "Abraham",
      "option2":"Jacob",
      "option3": "Esaú",
      "option4":"Peleq",
      "answer": 1
    },
    {
      "ques_id": 2,
      "question": "Qui va ser el pare De Roboam?",
      "option1":"David",
      "option2": "Nimrod",
      "option3": "Abimèlec",
      "option4":"Salomó",
      "answer": 4
    },
    {
      "ques_id": 3,
      "question": "Qui va ser el pare De Matusalem?",
      "option1": "Elies",
      "option2": "Enoc",
      "option3": "Seth",
      "option4": "Jared",
      "answer": 2
    },
    {
      "ques_id": 4,
      "question": "Qui va matar Joan Baptista?",
      "option1": "Cèsar",
      "option2": "Pilat",
      "option3": "Herold",
      "option4": "Caifàs",
      "answer": 3
    },
    {
      "ques_id": 5,
      "question": "Qui va ser la primera persona assassinada perquè creia en Crist?",
      "option1":"Pere",
      "option2":"Joan",
      "option3": "Bernabé",
      "option4": "Esteve",
      "answer": 4
    },
    {
      "ques_id": 6,
      "question": "On anava Saule quan va veure Jesús?",
      "option1":"Damasc",
      "option2": "Grècia",
      "option3":"Roma",
      "option4":"Jerusalem",
      "answer": 1
    },
    {
      "ques_id": 7,
      "question": "On Va passar Jesús la major part de La seva vida a La terra?",
      "option1":"Jerusalem",
      "option2": "Natzaret",
      "option3": "Muntanya de Les Oliveres",
      "option4":"Egipte",
      "answer": 2
    },
    {
      "ques_id": 8,
      "question": "Què comença El Salm : 'El Senyor és el meu pastor?'",
      "option1":"Salm 91",
      "option2": "Salm 1",
      "option3": "Salm 104",
      "option4": "Salm 23",
      "answer": 4
    },
    {
      "ques_id": 9,
      "question": "Quina era L'ocupació De Pau mentre viatjava com a missioner?",
      "option1": "Pastor",
      "option2": "Venedor De Porpra",
      "option3": "fabricant De Tendes",
      "option4": "Escriba",
      "answer": 3
    },
    {
      "ques_id": 10,
      "question": "com es diu L'Illa on Va viure Bernabé?",
      "option1": "Grècia",
      "option2": "Xipre",
      "option3": "Rodes",
      "option4": "Illa De Pasqua",
      "answer": 2
    },
    {
      "ques_id": 11,
      "question": "Quan Jesús se li va acostar, que li va dir: Què tens a veure amb mi, Jesús, Fill del Déu Altíssim? T'adoro Per Déu, no em turmentis'.?",
      "option1":"Legió",
      "option2": "Terah",
      "option3": "Rubén",
      "option4": "Belssasar",
      "answer": 1
    },
    {
      "ques_id": 12,
      "question": "Quin ocell Diu Jesús que tenim més valor que?",
      "option1": "Àguila",
      "option2": "Voltor",
      "option3": "Pardal",
      "option4": "Colom",
      "answer": 3
    },
    {
      "ques_id": 13,
      "question": "Quines dues germanes es van casar Amb Jacob?",
      "option1": "Dorcas i Leah",
      "option2": "Mariam i Raquel",
      "option3": "Raquel i Lia",
      "option4": "Sarai i Hannah",
      "answer": 3
    },
    {
      "ques_id": 14,
      "question": "A quina terra Va enviar Déu Abraham a sacrificar El seu fill especial, Isaac?",
      "option1": "Canan",
      "option2":"Macedònia",
      "option3": "Xipre",
      "option4": "Moriah",
      "answer": 4
    },
    {
      "ques_id": 15,
      "question": "Quina profetessa Del Senyor va consultar El Rei Josies de Judà",
      "option1":"Debora",
      "option2": "Huldah",
      "option3": "Naom",
      "option4": "Ruth",
      "answer": 2,
      "referència": "2 Reis 22: 12-16"
    },
    {
      "ques_id": 16,
      "question": "Nom del fill primogènit De Samuel?",
      "option1":"Josuè",
      "option2":"Joel",
      "option3": "Jonathan",
      "option4": "Josep",
      "answer": 2,
      "referència" :" 1 Samuel 8:2"
    },
    {
      "ques_id": 17,
      "question": "com es deia la dona del rei Saül?",
      "option1": "Boam",
      "option2": "Misericòrdia",
      "option3": "Ahinoam",
      "option4": "Noam",
      "answer": 3,
      "referència" :" 1 Samuel 14: 50"
    },
    {
      "ques_id": 18,
      "question": "Què es requereix perquè algú entengui la paraula De Déu?",
      "option1": "Oració",
      "option2": "Amor",
      "option3": "esperit Sant",
      "option4": "Àngels",
      "answer": 3,
      "referència" :" 1 Corintis 2: 11"
    },
    {
      "ques_id": 19,
      "question": "Qui Va dir Pau Que el Va Jutjar?",
      "option1": "Satanàs",
      "option2":"Déu",
      "option3": "Amic",
      "option4":"Pere",
      "answer": 2,
      "referència" :" 1 corintis 4: 4"
    },
    {
      "ques_id": 20,
      "question": "________ diferit fa malalt el cor?",
      "option1": "Confiança",
      "option2": "Esperança",
      "option3": "Amor",
      "option4": "Oracions",
      "answer": 2,
      "referència": "Proverbis 13: 12"
    }
  ],
  "Intermedi": [
    {
      "ques_id": 1,
      "question": "Qui era l'esposa de Moisès??",
      "option1": "Elisheba",
      "option2":"Rebecca",
      "option3": "Mariam",
      "option4": "Séfora",
      "answer": 4
    },
    {
      "ques_id": 2,
      "question": "Qui va ser la segona esposa d'Abraham?",
      "option1": "Esther",
      "option2": "Quetura",
      "option3": "Agar",
      "option4": "Lídia",
      "answer": 2
    },
    {
      "ques_id": 3,
      "question": "quants capítols hi ha al Sermó de La Muntanya?",
      "option1": "1",
      "option2": "2",
      "option3": "3",
      "option4": "7",
      "answer": 3
    },
    {
      "ques_id": 4,
      "question": "quantes vegades Va marxar Israel al Voltant De Jericó?",
      "option1": "13",
      "option2": "7",
      "option3": "70",
      "option4": "12",
      "answer": 1
    },
    {
      "ques_id": 5,
      "question": "Quant dura una colzada?",
      "option1": "aprox. 12 polzades",
      "option2":"12mm",
      "option3": "aprox. 18 polzades",
      "option4": "aprox. 36 polzades",
      "answer": 3
    },
    {
      "ques_id": 6,
      "question":"On va anar Caín després d'haver matat Abel?",
      "option1": "Jardí De L'Edèn",
      "option2": "Terra de Nod",
      "option3": "Coves De Qumran",
      "option4": "Mt. Ararat",
      "answer": 2
    },
    {
      "ques_id": 7,
      "question": "Qui era el fill De Quix?",
      "option1": "Noè",
      "option2": "Apòstol Pau",
      "option3": "Abraham",
      "option4": "Rei Saül",
      "answer": 4
    },
    {
      "ques_id": 8,
      "question": "On vivia Rahab?",
      "option1":"Jericó",
      "option2":"Jerusalem",
      "option3": "Nínive",
      "option4": "Ia",
      "answer": 1
    },
    {
      "ques_id": 9,
      "question": "On vivia Dorcas?",
      "option1": "Betel",
      "option2":"Joppa",
      "option3": "Cesarea",
      "option4":"Antioquia",
      "answer": 2
    },
    {
      "ques_id": 10,
      "question": "On és el ' Carrer Anomenat Recte'",
      "option1":"Jerusalem",
      "option2":"Roma",
      "option3": "Babilònia",
      "option4":"Damasc",
      "answer": 4
    },
    {
      "ques_id": 11,
      "question": "Després de fugir per la seva vida, sota quin arbre va dormir Elies",
      "option1": "Roure",
      "option2": "Pi",
      "option3": "Ginebre",
      "option4": "Avet",
      "answer": 3,
      "referència": "1 Reis 19: 5"
    },
    {
      "ques_id": 12,
      "question": "Judes va trair Jesús exactament per quantes monedes de plata?",
      "option1": "30",
      "option2": "20",
      "option3": "50",
      "option4": "10",
      "answer": 1,
      "referència": "Mateu 26: 15"
    },
    {
      "ques_id": 13,
      "question": "Nom del pare De David",
      "option1":"Oman",
      "option2": "Jesse",
      "option3":"Josuè",
      "option4":"Salomó",
      "answer": 2,
      "referència": "1Samuel 1: 12"
    },
    {
      "ques_id": 14,
      "question": "Déu no s'esmenta només en 1 llibre De La Bíblia",
      "option1": "Esther",
      "option2": "Ruth",
      "option3":"Malàquies",
      "option4": "Èxode",
      "answer": 1,
      "referència": "Esther"
    },
    {
      "ques_id": 15,
      "question":"per quantes peces De plata Va vendre Josuè pels seus germans als Ismeelites",
      "option1": "50",
      "option2": "12",
      "option3": "20",
      "option4": "100",
      "answer": 3,
      "referència": "Gènesi 37: 28"
    },
    {
      "ques_id": 16,
      "question": "quants apòstols Va triar Jesús",
      "option1": "12",
      "option2": "14",
      "option3": "10",
      "option4": "08",
      "answer": 1,
      "referència": "Lluc 6: 13"
    },
    {
      "ques_id": 17,
      "question": "L'àngel va dir A Maria que Jesús regnaria sobre la casa de la qual el personatge de l'antic Testament",
      "option1":"David",
      "option2":"Jacob",
      "option3": "Abraham",
      "option4": "Moisès",
      "answer":2,
      "referència": "Lluc 1: 13"
    },
    {
      "ques_id": 18,
      "question":"Quin profeta va dir:' d'Egipte he cridat el meu fill' ?",
      "option1":"Jeremies",
      "option2": "Isaïes",
      "option3": "Osees",
      "option4": "Ezequiel",
      "answer": 3,
      "referència": "Osees 11: 1"
    },
    {
      "ques_id": 19,
      "question": "Quin tipus D'arbre Va maleir Jesús?",
      "option1": "Fig",
      "option2": "Vinya",
      "option3": "Pi",
      "option4": "roure",
      "answer": 1,
      "referència": "Marc 11: 12-14"
    },
    {
      "ques_id": 20,
      "question": "Qui Va demanar Saule que li criés un mèdium",
      "option1": "Elí",
      "option2": "Nathan",
      "option3": "Samuel",
      "option4":"David",
      "answer": 3,
      "referència" :" 1 samuel 28: 11"
    }
  ],
  "Pro": [
    {
      "ques_id": 1,
      "question": "Qui va portar La creu Per Crist?",
      "option1": "Felip",
      "option2": "Simó De Cirene",
      "option3": "Acab",
      "option4": "Miquees",
      "answer": 2
    },
    {
      "ques_id": 2,
      "question":"quants companys van donar Els Filisteus a Samsó a La festa de Timnà?",
      "option1": "30",
      "option2": "31",
      "option3": "32",
      "option4": "33",
      "answer": 1
    },
    {
      "ques_id": 3,
      "question": "Quants anys tenia La profetessa Anna quan Va veure Jesús?",
      "option1": "83",
      "option2": "84",
      "option3": "88",
      "option4": "92",
      "answer": 2
    },
    {
      "ques_id": 4,
      "question": "Què va donar La Reina de Saba a Salomó?",
      "option1": "(124 talents de) or, espècies i pedres precioses",
      "option2": "(120 talents de) or, espècies i pedres precioses",
      "option3": "(18 talents de) or, espècies i pedres precioses",
      "option4": "(221 talents de) or, espècies i pedres precioses",
      "answer": 2
    },
    {
      "ques_id": 5,
      "question": "quants llibres hi ha a l'Antic Testament?",
      "option1": "37",
      "option2": "38",
      "option3": "39",
      "option4": "40",
      "answer": 3
    },
    {
      "ques_id": 6,
      "question": "En quants rius es va dividir el riu A L'Edèn un cop va sortir del jardí?",
      "option1": "4",
      "option2": "3",
      "option3": "6",
      "option4": "8",
      "answer": 1
    },
    {
      "ques_id": 7,
      "question": "Què volia Fer Josep quan va descobrir Que Maria estava embarassada?",
      "option1": "Fes una festa",
      "option2": "Divorci d'ella",
      "option3": "Fugir",
      "option4": "Cap dels anteriors",
      "answer": 2
    },
    {
      "ques_id": 8,
      "question": "de Quin color era la túnica del Gran Sacerdot?",
      "option1":"Blau",
      "option2":"Blanc",
      "option3": "Verd",
      "option4":"Vermell",
      "answer": 1
    },
    {
      "ques_id": 9,
      "question": "Què Va dir Booz Que Venia Noemí?",
      "option1": "un tros de terra",
      "option2":"Or",
      "option3": "El seu fill",
      "option4": "Menjar",
      "answer": 1
    },
    {
      "ques_id": 10,
      "question": "a la paràbola dels deutors, un devia 500 denaris (penics), però quant devia l'altre",
      "option1": "70",
      "option2": "50",
      "option3": "45",
      "option4": "80",
      "answer": 2
    },
    {
      "ques_id": 11,
      "question":"quant de l'esperit D'Elies va rebre Eliseu?",
      "option1": "Petit",
      "option2": "porció Única",
      "option3": "Saludable",
      "option4":"doble porció",
      "answer": 4
    },
    {
      "ques_id": 12,
      "question": "Què era inusual dels 700 soldats Benjamites que podien llançar una pedra i colpejar el seu objectiu cada vegada?",
      "option1": "tots eren esquerrans",
      "option2": "tots s'assemblaven",
      "option3": "No tenien sabates",
      "option4": "Cap dels anteriors",
      "answer": 1
    },
    {
      "ques_id": 13,
      "question": "Quina relació tenia Annàs amb Caifàs?",
      "option1": "Germà",
      "option2": "Oncle",
      "option3": "Cosins",
      "option4": "Sogre",
      "answer": 4
    },
    {
      "ques_id": 14,
      "question": "Què no has de \" tirar davant dels porcs\"",
      "option1": "Còdols",
      "option2":"Pedres",
      "option3":"Perles",
      "option4": "Pal",
      "answer": 3
    },
    {
      "ques_id": 15,
      "question": "Quan a la presó a quina hora Van pregar I cantar Pau I Silas A Déu?",
      "option1":"Matí",
      "option2":"Tarda",
      "option3":"Vespre",
      "option4":"Mitjanit",
      "answer": 4
    },
    {
      "ques_id": 16,
      "question": "Què menjaven I bevien Daniel i els seus tres amics en lloc de la carn i la beguda del rei?",
      "option1":"Pa",
      "option2": "Vi i pa",
      "option3": "Llegums i aigua",
      "option4": "Res",
      "answer": 3
    },
    {
      "ques_id": 17,
      "question": "com es diu el cosí De Jesús, nascut sis mesos abans que ell?",
      "option1":"Joan",
      "option2":"Pere",
      "option3": "Pau",
      "option4": "Michael",
      "answer": 1
    },
    {
      "ques_id": 18,
      "question":"a quina ciutat vivia El Rei Herodes en el moment del naixement de Jesús?",
      "option1":"Jerusalem",
      "option2":"Roma",
      "option3": "Babilònia",
      "option4": "Betlem",
      "answer": 1
    },
    {
      "ques_id": 19,
      "question":"quantes plagues Va enviar Déu sobre Egipte?",
      "option1": "4",
      "option2": "8",
      "option3": "10",
      "option4": "12",
      "answer": 3
    },
    {
      "ques_id": 20,
      "question": "Per quantes peces de plata Va trair Judes A Crist?",
      "option1": "20",
      "option2": "30",
      "option3": "40",
      "option4": "50",
      "answer": 2
    },
    {
      "ques_id": 21,
      "question":"durant quants dies Es va aparèixer Jesús als seus deixebles després de la seva resurrecció?",
      "option1": "30",
      "option2": "7",
      "option3": "40",
      "option4": "11",
      "answer": 3
    },
    {
      "ques_id": 22,
      "question": "quantes esglésies D'Àsia Menor figuraven a L'Apocalipsi?",
      "option1": "7",
      "option2": "8",
      "option3": "9",
      "option4": "10",
      "answer": 1
    }
  ],
  "Genial": [
    {
      "ques_id": 1,
      "question":"Qui era fill D'Eleazar, fill d'Aaron?",
      "option1":"Putiel",
      "option2": "Corè",
      "option3": "Finees",
      "option4": "Izhar",
      "answer": 3
    },
    {
      "ques_id": 2,
      "question":"Qui era fill D'Omrí, el rei d'Israel?",
      "option1": "Acab",
      "option2": "Joram",
      "option3":"Zimri",
      "option4":"Ginath",
      "answer": 1
    },
    {
      "ques_id": 3,
      "question":"Qui era el marit De Noemí del llibre de Rut?",
      "option1":"Boaz",
      "option2": "Elcanà",
      "option3": "Obed",
      "option4":"Elimelech",
      "answer": 4
    },
    {
      "ques_id": 4,
      "question": "quantes lletres hi ha al nom més llarg de La Bíblia?",
      "option1": "16",
      "option2": "18",
      "option3": "22",
      "option4": "25",
      "answer": 2
    },
    {
      "ques_id": 5,
      "question": "Qui va matar Sisera?",
      "option1":"David",
      "option2": "Acab",
      "option3": "Saül",
      "option4":"Jael",
      "answer": 4
    },
    {
      "ques_id": 6,
      "question": "quina amplada tenia l'arca de noè?",
      "option1": "35 colzades",
      "option2": "50 colzades",
      "option3": "75 colzades",
      "option4":"90 colzades",
      "answer": 2
    },
    {
      "ques_id": 7,
      "question":"quina amplada tenia l'Arca de l'Aliança?",
      "option1": "1,5 colzades",
      "option2": "2 colzades",
      "option3": "3 colzades",
      "option4": "1 colzada",
      "answer": 1
    },
    {
      "ques_id": 8,
      "question": "com es deia el servent D'Eliseu?",
      "option1": "Jehoram",
      "option2": "Shaphat",
      "option3": "Guehazi",
      "option4": "Hazael",
      "answer": 3
    },
    {
      "ques_id": 9,
      "question": "com es deia El famós professor De Pau?",
      "option1": "Just",
      "option2": "Gamaliel",
      "option3": "Caifàs",
      "option4": "Sòcrates",
      "answer": 2
    },
    {
      "ques_id": 10,
      "question":"quin jutge D'Israel va néixer a Betlem?",
      "option1":"David",
      "option2":"Ibzan",
      "option3": "Deborah",
      "option4": "Gedeó",
      "answer": 2
    },
    {
      "ques_id": 11,
      "question": "Quan Jesús se li va acostar, que li va dir: Què tens a veure amb mi, Jesús, Fill del Déu Altíssim? T'adoro Per Déu, no em turmentis'.?",
      "option1":"Legió",
      "option2": "Terah",
      "option3": "Rubén",
      "option4": "Belssasar",
      "answer": 1
    },
    {
      "ques_id": 12,
      "question": "Quin ocell Diu Jesús que tenim més valor que?",
      "option1": "Àguila",
      "option2": "Voltor",
      "option3": "Pardal",
      "option4": "Colom",
      "answer": 3
    },
    {
      "ques_id": 13,
      "question": "Quines dues germanes es van casar Amb Jacob?",
      "option1": "Dorcas i Leah",
      "option2": "Mariam i Raquel",
      "option3": "Raquel i Lia",
      "option4": "Sarai i Hannah",
      "answer": 3
    },
    {
      "ques_id": 14,
      "question": "A quina terra Va enviar Déu Abraham a sacrificar El seu fill especial, Isaac?",
      "option1": "Canan",
      "option2":"Macedònia",
      "option3": "Xipre",
      "option4": "Moriah",
      "answer": 4
    },
    {
      "ques_id": 15,
      "question": "De Quin Salm és el vers\" H e em fa estirar en pastures verdes, em porta al costat d'aigües tranquils\", de?",
      "option1": "25",
      "option2": "22",
      "option3": "30",
      "option4": "23",
      "answer": 4,
      "referència": "Salms 23; 2"
    },
    {
      "ques_id": 16,
      "question": "el temor del senyor és el començament de ........ ",
      "option1": "Coneixement",
      "option2": "Saviesa",
      "option3":"Diners",
      "option4":"Amor",
      "answer": 1,
      "referència":""
    },
    {
      "ques_id": 17,
      "question":"contra quina ciutat va dir el Senyor a Jonàs que predicés ?",
      "option1":"Jerusalem",
      "option2": "Nínive",
      "option3": "Babilònia",
      "option4": "Judà",
      "answer": 2,
      "referència": "Jonàs 1: 2"
    },
    {
      "ques_id": 18,
      "question": "Quin d'aquests llibres [Filipencs,Colossencs,Gàlates o Efesis ] és el primer a la bíblia",
      "option1":"Colossencs",
      "option2": "Gàlates",
      "option3": "Efesis",
      "option4": "Filipencs",
      "answer": 2,
      "referència": "Nou testament, cartes De Pau"
    },
    {
      "ques_id": 19,
      "question": "quants capítols té El Llibre hebreus?",
      "option1": "13",
      "option2": "15",
      "option3": "10",
      "option4": "16",
      "answer": 1,
      "referència": "Hebreus 1-13"
    },
    {
      "ques_id": 20,
      "question": "com es diuen els vents de tempesta que poden colpejar creta?",
      "option1":"Lluna",
      "option2": "Euroclydon",
      "option3": "Desbordament",
      "option4": "Cap dels anteriors",
      "answer": 2,
      "referència": "Fets 2: 14"
    }
  ],
  "Expert": [
    {
      "ques_id": 1,
      "question":"Quin d'aquests no era rei d'israel o de judà",
      "option1": "Senaquerib",
      "option2": "Joiaquim",
      "option3": "Sedequies",
      "option4":"David",
      "answer": 1
    },
    {
      "ques_id": 2,
      "question": "Qui va convèncer Samsó perquè revelés el secret de la gran força",
      "option1": "Dinah",
      "option2": "Ruth",
      "option3": "Dalila",
      "option4": "Marta",
      "answer": 3
    },
    {
      "ques_id": 3,
      "question": "I el teu cel que està sobre el teu cap serà_____, i la terra que està sota teu serà de ferro",
      "option1": "Llautó",
      "option2":"Acer",
      "option3":"Plata",
      "option4":"Or",
      "answer": 1
    },
    {
      "ques_id": 4,
      "question": "On es poden trobar les paraules: Confieu En Jehovà amb tot el cor i no us recolzeu en el vostre propi enteniment ",
      "option1": "Proverbis 3: 5",
      "option2": "Proverbis 5:3",
      "option3": "Proverbis 35:3",
      "option4": "Proverbis 4:3",
      "answer": 1
    },
    {
      "ques_id": 5,
      "question": "quin deixeble va negar jesús tres vegades",
      "option1":"Pere",
      "option2": "Andreu",
      "option3":"Joan",
      "option4":"Judes",
      "answer": 1
    },
    {
      "ques_id": 6,
      "question": "la memòria del just és beneïda; però el nom del malvat serà",
      "option1": "Guanyar",
      "option2": "Podridura",
      "option3": "Bloom",
      "option4": "florir",
      "answer": 2
    },
    {
      "ques_id": 7,
      "question":"Abans que jesús comencés a predicar, quina era la seva feina?",
      "option1": "fuster",
      "option2": "erudit",
      "option3": "Doctor",
      "option4": "Professor",
      "answer": 1
    },
    {
      "ques_id": 8,
      "question": "Zoan va ser utilitzat en la bíblia com un paral lel per a quina nació'",
      "option1":"Egipte",
      "option2":"Assíria",
      "option3": "Babilònia",
      "option4":"Sinaí",
      "answer": 1
    },
    {
      "ques_id": 9,
      "question": "quin personatge De L'Antic Testament va mostrar la seva fe en estar disposat a oferir el seu fill en un altar A Déu ",
      "option1": "Noè",
      "option2": "Abraham",
      "option3":"shealtiel",
      "option4": "Moisès",
      "answer": 2
    },
    {
      "ques_id": 10,
      "question": "Què van fer Els mariners del vaixell jonàs per augmentar les seves possibilitats de supervivència",
      "option1": "van navegar cap al nord",
      "option2": "Va Llançar la càrrega per la borda",
      "option3": "Va Suplicar A Déu el perdó",
      "option4": "Cap dels anteriors",
      "answer": 2
    },
    {
      "ques_id": 11,
      "question":"Què feia Esaú mentre jacob li robava la benedicció?",
      "option1": "Caça",
      "option2": "Agricultura",
      "option3":"Pesca",
      "option4": "Viatjar",
      "answer": 1
    },
    {
      "ques_id": 12,
      "question": "Qui va córrer des del Mont carmel fins A Samaria més ràpid que Acab podia conduir el seu carro?",
      "option1": "Eliseu",
      "option2": "Guehazi",
      "option3": "Elies",
      "option4":"Amos",
      "answer": 3
    },
    {
      "ques_id": 13,
      "question": "Què Va Fer Déu El setè dia, després ?",
      "option1": "Descansat",
      "option2": "Humans Creats",
      "option3": "Va assignar l'home per tenir cura de les seves creacions",
      "option4": "ocells Creats",
      "answer": 1
    },
    {
      "ques_id": 14,
      "question": "Qui va afirmar que el vedell d'or simplement va sortir del foc?",
      "option1":"Josuè",
      "option2": "Aaron",
      "option3": "Miriam",
      "option4":"Debora",
      "answer": 42
    },
    {
      "ques_id": 15,
      "question": "Què va demanar el rei Salomó quan Déu se li va aparèixer en somni ",
      "option1": "Llarga vida i coneixement",
      "option2": "Saviesa [per jutjar entre el bé i el mal]",
      "option3": "Riquesa",
      "option4":"Diners",
      "answer": 2
    },
    {
      "ques_id": 16,
      "question": "Completa la dita proverbial; Qualsevol insensat, quan calla es considera que és -------?",
      "option1": "Pacífic",
      "option2": "Estúpid",
      "option3": "Savi",
      "option4": "Arrogant",
      "answer": 3
    },
    {
      "ques_id": 17,
      "question": "com s'ha de rebre el regne de Déu?",
      "option1": "Amb motius ocults",
      "option2": "Com un nen",
      "option3": "Amb orgull",
      "option4": "A través d'agents",
      "answer": 2
    },
    {
      "ques_id": 18,
      "question": "com es deia la primera esposa d'Abraham",
      "option1": "Sarah",
      "option2": "Miriam",
      "option3": "Roda",
      "option4": "Ruth",
      "answer": 1
    },
    {
      "ques_id": 19,
      "question": "El Rei Saül va desobeir l'ordre de Jehovà i va salvar la vida del rei Amelequita",
      "option1": "Balac",
      "option2": "Dagon",
      "option3": "Agag",
      "option4": "Nathan",
      "answer": 3
    },
    {
      "ques_id": 20,
      "question": "sobre quins eren els Deu manaments escrits. ",
      "option1": "Dos rotlles",
      "option2": "Dues taules de pedra",
      "option3": "les muralles De Jericó",
      "option4": "Dos llibres",
      "answer": 1
    }
  ],
  "Mestre": [
    {
      "ques_id": 1,
      "question": "sobre qui es va registrar que \" tots raonaven en el seu cor\"; Potser ell sigui el crist?",
      "option1": "Elies",
      "option2":"Joan",
      "option3":"Malàquies",
      "option4":"Pere",
      "answer": 2
    },
    {
      "ques_id": 2,
      "question": "Quins són els noms dels pares De Josep",
      "option1": "Jacob I Rebeca",
      "option2": "Jacob I Lia",
      "option3": "Jacob i Raquel",
      "option4": "Jacob i Rut",
      "answer": 3
    },
    {
      "ques_id": 3,
      "question": "de totes les persones esmentades a la bíblia ,quina va viure més temps?",
      "option1": "Matusalem",
      "option2": "JJared",
      "option3": "Abraham",
      "option4":"Adam",
      "answer": 1
    },
    {
      "ques_id": 4,
      "question": "Què va dir Jesús Als qui acusaven l'adúltera?",
      "option1": "Heus aquí, no hi ha cap just",
      "option2": "qui no tingui pecat, que primer llanci una pedra",
      "option3": "Ai de tu que acusa aquesta dona",
      "option4": "matar-la",
      "answer": 2
    },
    {
      "ques_id": 5,
      "question":"a quina ciutat aniran tots els pobles algun dia per adorar Déu?",
      "option1":"Damasc",
      "option2":"Jerusalem",
      "option3": "Cilícia",
      "option4": "Judà",
      "answer": 2
    },
    {
      "ques_id": 6,
      "question": "Quin dels descendents De David regnarà per sempre",
      "option1": "Roboam",
      "option2": "Jesús",
      "option3":"Salomó",
      "option4": "Jeroboam",
      "answer": 2
    },
    {
      "ques_id": 7,
      "question": "Qui va ser la mare devota De Timoteu",
      "option1": "Lois",
      "option2": "Phoebe",
      "option3": "Eunice",
      "option4":"Magdalena",
      "answer": 3
    },
    {
      "ques_id": 8,
      "question": "per Què El rei Salomó es va apartar De Déu quan era vell",
      "option1": "Les seves dones estrangeres van girar el cor darrere d'altres déus",
      "option2": "Es va sentir orgullós ",
      "option3": "estimava més les dones que Déu",
      "option4": "va adorar els idols",
      "answer": 1
    },
    {
      "ques_id": 9,
      "question": "Qui va fugir a la tenda de Jehovà per seguretat, però va ser assassinat allà igualment?",
      "option1":"Joab",
      "option2": "Saül",
      "option3":"Ammon",
      "option4": "Esaú",
      "answer": 1
    },
    {
      "ques_id": 10,
      "question": "Quin rei va somiar amb una gran estàtua d'un home feta de diferents metalls",
      "option1": "Acab",
      "option2": "David",
      "option3":"malach",
      "option4": "Nabucodonosor",
      "answer": 4
    },
    {
      "ques_id": 11,
      "question": "On és el \" millor lloc per pregar\"?",
      "option1": "Al teu armari amb la porta tancada",
      "option2": "a l'església",
      "option3": "En un lloc tranquil",
      "option4": "en camí",
      "answer": 1
    },
    {
      "ques_id": 12,
      "question": "On es poden trobar les paraules : Confieu en jehovà amb tot el cor i no us recolzeu en el vostre propi enteniment?",
      "option1": "Proverbis 3: 5",
      "option2": "Proverbis 35:3",
      "option3": "Proverbis 5:3",
      "option4": "Proverbis 6:4",
      "answer": 1
    },
    {
      "ques_id": 13,
      "question": "Quan Jesús era al teu desert, què va ser temptat de convertir-se en barres de pa?",
      "option1": "Monticles",
      "option2": "Roques",
      "option3":"Pedres",
      "option4": "Sòl",
      "answer": 3
    },
    {
      "ques_id": 14,
      "question": "Què tenia d'especial Ehud [un jutge d'Israel que va matar Elgon, rei De Moab",
      "option1": "era molt jove",
      "option2": "era esquerrà",
      "option3": "era cec",
      "option4": "era molt vell",
      "answer": 2
    },
    {
      "ques_id": 15,
      "question": "Què va passar amb La ciutat De Jericó després que el sacerdot toqués les trompetes",
      "option1": "la gent va fugir a una altra terra",
      "option2": "els animals van morir",
      "option3": "Les Parets van caure",
      "option4": "La Gent va emigrar",
      "answer": 3
    },
    {
      "ques_id": 16,
      "question": "Segons Joan 1: 1, què hi havia al principi amb Déu",
      "option1": "La Paraula",
      "option2": "un àngel",
      "option3":"Jesús",
      "option4":"Joan",
      "answer": 1
    },
    {
      "ques_id": 17,
      "question": "quants Salms hi ha al llibre dels Salms?",
      "option1": "150",
      "option2": "170",
      "option3": "120",
      "option4": "190",
      "answer": 1
    },
    {
      "ques_id": 18,
      "question":"no tothom qui em digui' Senyor, Senyor ' entrarà al regne Del Cel. Qui entrarà en el seu regne",
      "option1": "Qui fa La voluntat De Déu",
      "option2": "El que fa miracles",
      "option3": "Qui es bateja",
      "option4": "El qui predica La paraula De Déu",
      "answer": 1
    },
    {
      "ques_id": 19,
      "question": "Qui va ser El primer rei de les 10 tribus d'israel?",
      "option1": "Jeroboam",
      "option2": "Rehobot",
      "option3": "Joab",
      "option4": "Roboam",
      "answer": 1
    },
    {
      "ques_id": 20,
      "question": "Segons Jeremies, quants anys va estar la nació d'israel per romandre captiva sota El Rei de Babilònia?",
      "option1": "120 anys",
      "option2": "40 anys",
      "option3": "70 anys",
      "option4": "80 anys",
      "answer": 3
    }
  ],
  "Gran mestre": [
    {
      "ques_id": 1,
      "question": "A Quin riu Se Li va dir A Naaman que es rentés per desfer-se de la lepra?",
      "option1": "Nil",
      "option2": "Jordània",
      "option3":"Galilea",
      "option4": "La Bíblia no diu",
      "answer": 2
    },
    {
      "ques_id": 2,
      "question": "Qui va ser el pare De Roboam?",
      "option1":"David",
      "option2": "Nimrod",
      "option3": "Abimèlec",
      "option4":"Salomó",
      "answer": 4
    },
    {
      "ques_id": 3,
      "question":"quant De Temps Va governar David com a rei?",
      "option1": "Trenta anys",
      "option2": "Quaranta anys",
      "option3": "Vint-i-cinc anys",
      "option4": "Vuitanta anys",
      "answer": 2
    },
    {
      "ques_id": 4,
      "question":"En L'explicació De Jesús de La paràbola del sembrador. què representa la llavor",
      "option1": "Fe",
      "option2": "la paraula De Déu",
      "option3":"Jesús",
      "option4":"Amor",
      "answer": 2
    },
    {
      "ques_id": 5,
      "question": "Quina planta és \"la menor de totes les llavors, però quan es cultiva, és la més gran entre les herbes?",
      "option1":"Oliva",
      "option2": "Mostassa",
      "option3": "Roure",
      "option4": "Raïm",
      "answer": 2
    },
    {
      "ques_id": 6,
      "question": "com es deia el germà de Moisès?",
      "option1": "Alfeu",
      "option2":"Joan",
      "option3": "Aaron",
      "option4":"Josuè",
      "answer": 3
    },
    {
      "ques_id": 7,
      "question": "de quina part Del cos D'Adam Va crear Déu Eva ?",
      "option1": "Cor",
      "option2": "Cervell",
      "option3": "Costella",
      "option4": "Cap",
      "answer": 3
    },
    {
      "ques_id": 8,
      "question": "Un àngel va dir A Zacaries I Elisabet que tindrien un fill, com s'havia de dir'",
      "option1": "Elies",
      "option2": "Jesús",
      "option3":"Joan",
      "option4":"James",
      "answer": 3
    },
    {
      "ques_id": 9,
      "question": "quin esdeveniment significatiu es registra al Capítol 1 I 2 Del Gènesi",
      "option1": "Transport",
      "option2": "Creació",
      "option3": "Purificació",
      "option4": "Sacrifici",
      "answer": 2
    },
    {
      "ques_id": 10,
      "question": "Quina relació hi havia Entre Moisès i Corè",
      "option1": "tots dos eren de La tribu de Judà",
      "option2": "eren germans",
      "option3": "eren cosins",
      "option4": "eren amics",
      "answer": 3
    },
    {
      "ques_id": 11,
      "question": "Com va dir Noemí a la gent de Betlem que l'anomenessin",
      "option1": "Mara",
      "option2":"Naama",
      "option3": "Betsabé",
      "option4":"Maria",
      "answer": 1
    },
    {
      "ques_id": 12,
      "question": "Anomena La donzella Jueva que es va casar amb un rei persa ?",
      "option1": "Noemí",
      "option2": "Deborah",
      "option3": "Esther",
      "option4": "Judes",
      "answer": 3
    },
    {
      "ques_id": 13,
      "question": "Què simbolitzen els set lampadaris d'or De L'Apocalipsi 1:20?",
      "option1":"Set congregació",
      "option2":"Set àngels",
      "option3":"Set reis",
      "option4": "Set persones",
      "answer": 1
    },
    {
      "ques_id": 14,
      "question":"On es poden trobar les paraules següents:\" Però Déu va escollir Les necieses del món per avergonyir els savis\"?",
      "option1":"Actes",
      "option2":"Romans",
      "option3" :" 1 Corintis",
      "option4":"Joan",
      "answer": 3
    },
    {
      "ques_id": 15,
      "question": "Què es notava del germà bessó De Jacob, Esaú en néixer",
      "option1": "tenia ulls profunds i intensos",
      "option2": "era molt maco",
      "option3": "era vermell i pelut",
      "option4": "era molt negre",
      "answer": 3
    },
    {
      "ques_id": 16,
      "question":", Qui va tallar els cabells De Samsó ?",
      "option1": "El Seu arc enemic, el Casc",
      "option2": "Dalila",
      "option3": "Un altre home",
      "option4": "els seus amics",
      "answer": 2
    },
    {
      "ques_id": 17,
      "question": "Qui va escriure els llibres de 1r i 2n Reis?",
      "option1": "Elies",
      "option2": "Jeremies",
      "option3": "Gad",
      "option4": "Nathan",
      "answer": 2
    },
    {
      "ques_id": 18,
      "question": "Quin dels evangelis apareix l'últim a La Bíblia",
      "option1": "Nicodem",
      "option2": "Joan",
      "option3": "Andreu",
      "option4": "Marca",
      "answer": 2
    },
    {
      "ques_id": 19,
      "question": "Què li va passar a aquell el nom del qual no es va trobar escrit al llibre de la vida?",
      "option1": "van ser declarats dignes de salvació",
      "option2": "Van morir",
      "option3": "van morir",
      "option4": "van ser llançats al llac de foc",
      "answer": 4
    },
    {
      "ques_id": 20,
      "question": "Qui va ser l'home més fort que hagi viscut mai?",
      "option1": "Goliat",
      "option2": "Samsó",
      "option3":"Jesús",
      "option4": "Agag",
      "answer": 2
    }
  ],
  "Llegenda": [
    {
      "ques_id": 1,
      "question": "el llibre Del Gènesi s'obre amb la paraula hebrea 'bereshit', quina és la traducció d'aquesta paraula a l'anglès",
      "option1": "al principi ",
      "option2": "Que hi hagi llum",
      "option3": "Quan encara no hi havia res",
      "option4": "el senyor Déu va dir",
      "answer": 1,
      "referència":" gn 1: 1"
    },
    {
      "ques_id": 2,
      "question": "Després de dormir profundament l'home, què li va prendre el senyor Déu per convertir-lo en dona",
      "option1": "una dent",
      "option2": "una ungla",
      "option3": "una costella",
      "option4": "un fil de cabell",
      "answer": 3,
      "referència":" gn 1: 2"
    },
    {
      "ques_id": 3,
      "question": "Què va beneir primer El senyor Déu amb les paraules 'Sigues fèrtil i multiplica'?",
      "option1": "el primer home i dona",
      "option2": "les criatures marines i els ocells",
      "option3":"les plantes",
      "option4": "els animals terrestres",
      "answer": 1,
      "referència":" gn 1: 22"
    },
    {
      "ques_id": 4,
      "question":"Qui va ser l'àngel del senyor que va anunciar a Maria que concebrà i tindria un fill?",
      "option1": "Gabriel",
      "option2": "Michael",
      "option3": "Rafael",
      "option4": "Sealtiel",
      "answer": 1,
      "referència": "Lc 1: 31"
    },
    {
      "ques_id": 5,
      "question": "Quin és el nom de la mare De St.Joan Baptista?",
      "option1": "Salomé De Zebedeu",
      "option2": "Isabel De Zacaries",
      "option3": "Maria de cleofàs",
      "option4": "Herodies De Felip",
      "answer": 2,
      "referència": "Lc 1: 5-6"
    },
    {
      "ques_id": 6,
      "question": "al començament de la narració De La Resurrecció a l'evangeli De Sant Joan, qui es va esmentar que anava a la tomba de jesús a primera hora del matí i veia la pedra retirada?",
      "option1": "Maria De Magdala",
      "option2": "Sant Joan",
      "option3": "Marta",
      "option4": "un àngel",
      "answer": 1,
      "referència": "Jn20: 1"
    },
    {
      "ques_id": 7,
      "question": "en la narració de la resurrecció a St. l'evangeli de joan, quan el senyor ressuscitat es va aparèixer per Primera vegada A Maria Magdalena, el va confondre amb qui?",
      "option1": "el carceller",
      "option2": "el centurió",
      "option3": "El graduador",
      "option4": "un àngel",
      "answer": 3,
      "referència": "Jn 20: 15"
    },
    {
      "ques_id": 8,
      "question": "en la genealogia De Jesús donada a l'Evangeli De St. Mateu, quants conjunts de 14 generacions es van esmentar",
      "option1":"Cinc",
      "option2": "una partitura",
      "option3":"Tres",
      "option4": "una dotzena",
      "answer": 3,
      "referència": "Joan 20: 15"

    },
    {
      "ques_id": 9,
      "question": "En El profeta Isaïes, es diu que el nen que naixerà de la verge rebrà aquest nom que significa Déu - amb - nosaltres?",
      "option1":"Jesús",
      "option2":"Joan",
      "option3": "Emmanuel",
      "option4": "Christos",
      "answer": 3,
      "referència": "Mt 1: 23"
    },
    {
      "ques_id": 10,
      "question": "en la geneologia De Jesús donada a l'Evangeli De Sant Mateu, el primer conjunt de 14 generacions esmentades va començar Amb Abraham i va acabar amb qui?",
      "option1":"David",
      "option2": "Moisès",
      "option3":"Jacob",
      "option4": "Jesse",
      "answer": 1,
      "referència": "Mt 1: 1-6"
    },
    {
      "ques_id": 11,
      "question": "Perquè va ser presa de la seva carn, com va anomenar el primer home la primera dona?",
      "option1":"Adama",
      "option2": "Eva",
      "option3": "Dona",
      "option4": "Esposa",
      "answer": 2,
      "referència": "Gn 1: 23"
    },
    {
      "ques_id": 12,
      "question": "Què va donar El senyor Déu per servir d'aliment a tots els animals de la terra i a tots els ocells del cel?",
      "option1": "les plantes verdes",
      "option2": "plantes que porten Llavors",
      "option3": "arbres fruiters Que porten Llavors",
      "option4": "Qualsevol Cosa comestible",
      "answer": 1,
      "referència":" gn 1: 30"
    },
    {
      "ques_id": 13,
      "question": "en quin dia de la creació Va crear Déu El sol i la lluna?",
      "option1": "Primer",
      "option2":"Segon",
      "option3":"Tercer",
      "option4":"Quart",
      "answer": 4,
      "referència": "Gn 1: 26-31"
    },
    {
      "ques_id": 14,
      "question":"Quants anys tenia David quan e va ser ungit rei d'Israel?",
      "option1": "50",
      "option2": "20",
      "option3": "35",
      "option4": "30",
      "answer": 4,
      "referència": "2Samuel 5:4"
    },
    {
      "ques_id": 15,
      "question": "Qui més, a part dels savis, va venir a visitar jesús quan era petit.",
      "option1":"Arquers",
      "option2": "Pastors",
      "option3": "Caçadors",
      "option4": "Agricultors",
      "answer": 2
    },
    {
      "ques_id": 16,
      "question": "Quina alçada feia Goliat?",
      "option1": "6 colzades i un pal",
      "option2":"8 colzades",
      "option3": "10 colzades i un pal",
      "option4": "12 colzades",
      "answer": 1,
      "referència":" 1 Samuel 1:4"
    },
    {
      "ques_id": 17,
      "question": "Què va dir Pau va ser el compliment de la llei?",
      "option1": "Fe",
      "option2": "Oració",
      "option3": "Amor",
      "option4":"Matrimoni",
      "answer": 3,
      "referència": "Romans 13: 10"
    },
    {
      "ques_id": 18,
      "question": "quin és el capítol més curt de la bíblia",
      "option1": "Salms 117",
      "option2": "Salms 18",
      "option3": "Marca 10",
      "option4":"Joan 4",
      "answer": 1,
      "referència": "Salms 117"
    },
    {
      "ques_id": 19,
      "question": "Qui va dir: \" No tinc Plata ni or; però tal com tinc et dono\"?",
      "option1": "Pau",
      "option2":"James",
      "option3":"Pere",
      "option4":"Timoteu",
      "answer": 3,
      "referència": "Fets 3: 6"
    },
    {
      "ques_id": 20,
      "question": "Quina era L'edat de Moisès[anys] en el moment de la seva desaparició",
      "option1": "120",
      "option2": "100",
      "option3": "150",
      "option4": "80",
      "answer": 1,
      "referència": "deuteronomi 34: 7"
    }
  ],
  "Fora d'aquest món": [
    {
      "ques_id": 1,
      "question": "Qui era la persona més gran registrada a la bíblia?",
      "option1": "Matusalem",
      "option2":"Adam",
      "option3": "Abraham",
      "option4":"Salomó",
      "answer": 1,
      "referència": "Gènesi 5: 27"
    },
    {
      "ques_id": 2,
      "question": "quants anys tenia la persona més gran registrada a la bíblia?",
      "option1": "120",
      "option2": "500",
      "option3": "800",
      "option4": "969",
      "answer": 4,
      "referència": "Gènesi 5: 27"
    },
    {
      "ques_id": 3,
      "question": "Què vol dir Jahve-Schammmah?",
      "option1": "Déu amb nosaltres",
      "option2":"Déu mateix",
      "option3": "Jesús fill De Déu",
      "option4": "vida Eterna",
      "answer": 2,
      "referència": "Ezequiel 48: 35"
    },
    {
      "ques_id": 4,
      "question": "quants anys Més Va afegir Déu A La vida del rei Ezequies en resposta a la pregària del rei moribund?",
      "option1": "20",
      "option2": "50",
      "option3": "15",
      "option4": "100",
      "answer": 3,
      "referència": "2 Reis 20: 6"
    },
    {
      "ques_id": 5,
      "question": "Quins profetes del senyor va consultar El rei Josies de Judà?",
      "option1":"Amos",
      "option2": "Elies",
      "option3": "Eliseu",
      "option4": "Huldah",
      "answer": 4,
      "referència": "2 Reis 22: 14-16"
    },
    {
      "ques_id": 6,
      "question":"Quina cerimònia va restablir El rei Josies que no havia estat celebrada per cap dels reis anteriors d'Israel o De Judà??",
      "option1":"Pasqua",
      "option2": "Ritual De Sacrifici",
      "option3": "adoració",
      "option4":"Circumcisió",
      "answer": 1,
      "referència": "2 Reis 23: 21"
    },
    {
      "ques_id": 7,
      "question":"de quina tribu D'Israel era El Rei Saül?",
      "option1":"Juda",
      "option2":"Benjamí",
      "option3": "Amonites",
      "option4":"Israel",
      "answer": 2,
      "referència":" 1 Samuel 9: 21"
    },
    {
      "ques_id": 8,
      "question": "en tornar L'arca A Israel, quin sacrifici Va oferir Samuel al senyor?",
      "option1": "A-he cabra",
      "option2": "sacrifici Humà",
      "option3": "va sacrificar collites de jardí",
      "option4": "xai De Llet",
      "answer": 4,
      "referència":" 1 Samuel 7:9"
    },
    {
      "ques_id": 9,
      "question": "com es deia la dona del Rei Saül?",
      "option1":"Debora",
      "option2":"Naume",
      "option3": "Ahinoam",
      "option4": "Ruth",
      "answer": 3,
      "referència":" 1 Samuel 14: 50"
    },
    {
      "ques_id": 10,
      "question": "Què necessita algú per entendre La paraula De Déu?",
      "option1": "Coneixement",
      "option2": "Esperit Sant",
      "option3": "Saviesa",
      "option4": "Oracions",
      "answer": 2,
      "referència":" 1 Corintis 2: 11"
    },
    {
      "ques_id": 11,
      "question": "Qui Va dir Pau que el va jutjar?",
      "option1":"Déu",
      "option2": "Terah",
      "option3": "Rubén",
      "option4": "Belssasar",
      "answer": 1,
      "referència": "1 Corintis 4: 4"
    },
    {
      "ques_id": 12,
      "question": "el Dia De Pentecosta, va sorgir un so Del Cel d'un corrent____?",
      "option1": "Tro",
      "option2":"Pluja",
      "option3": "Vent",
      "option4": "soroll fort",
      "answer": 3,
      "referència": "Fets 2: 2"
    },
    {
      "ques_id": 13,
      "question": "Qui es va oferir a pagar diners pel poder de donar l'esperit Sant?",
      "option1":"Joan",
      "option2": "Zacaries",
      "option3":"Simó",
      "option4": "Herodes",
      "answer": 3,
      "referència": "Actes 8"
    },
    {
      "ques_id": 14,
      "question": "Quan Jesús va convertir l'aigua en vi, va convertir l'aigua que hi havia en pots de pedra. Per a què s'utilitzaven normalment aquests pots de pedra?",
      "option1": "Batejant",
      "option2": "Neteja",
      "option3": "Comerç",
      "option4": "rentat Cerimonial",
      "answer": 4,
      "referència": "Joan 2: 6"
    },
    {
      "ques_id": 15,
      "question": "Qui era el pare De Nimrod?",
      "option1": "Andreu",
      "option2": "Josuè",
      "option3": "Samsó",
      "option4": "Cuix",
      "answer": 4,
      "referència":" 1 Cròniques 1: 10"
    },
    {
      "ques_id": 16,
      "question" :" com es deien els dos fills d'Abraham(per ordre del seu naixement)?",
      "option1": "Isaac I Jacob",
      "option2": "Ismael I Isaac",
      "option3": "Josep i Jacob",
      "option4": "Caín I Isaac",
      "answer": 2,
      "referència": "Gènesi 16: 1-16, 1 Cròniques 1: 28"
    },
    {
      "ques_id": 17,
      "question": "Com es deien els tres fills de Noè en l'ordre de les llistes Bíbliques en què es troben?",
      "option1": "Pernil, Josep, Jafet",
      "option2": "Japhet, Pernil, Isaac",
      "option3": "Sem, Cam i Jafet",
      "option4": "Sem, Pernil, Josep",
      "answer": 3,
      "referència": "Gènesi 9: 18-19, 1 Cròniques 1: 4"
    },
    {
      "ques_id": 18,
      "question": "el senyor va canviar El nom d'Abraham per Abraham quan tenia 99 anys. com es deia abans?",
      "option1":"Adam",
      "option2": "Abram",
      "option3":"Alfa",
      "option4": "Agag",
      "answer": 2,
      "referència": "Gènesi 17: 1-5"
    },
    {
      "ques_id": 19,
      "question": "Quants anys tenia Abraham quan Va néixer Isaac?",
      "option1": "103",
      "option2": "90",
      "option3": "100",
      "option4": "50",
      "answer": 3,
      "referència": "Gènesi 21: 5"
    },
    {
      "ques_id": 20,
      "question":"quants llibres de la bíblia tenen La paraula \"Joan\" al títol?",
      "option1": "4",
      "option2": "3",
      "option3": "1",
      "option4": "5",
      "answer": 1,
      "referència":"John"
    }
  ]
}