{
  "Začátečník": [
    {
      "ques_id": 1,
      "question": "Kdo je první člověk, který kdy žil?",
      "option1": "Metuzalém",
      "option2": "Abraham",
      "option3": "Mojžíš",
      "option4": "Adam",
      "answer": 4
    },
    {
      "ques_id": 2,
      "question": "Koho spolkla velmi velká ryba?",
      "option1": "Ježíši",
      "option2": "Jonáš",
      "option3": "Samson",
      "option4": "Petr",
      "answer": 2
    },
    {
      "ques_id": 3,
      "question": "Kdo je osoba, kterou Bůh použil, aby vyvedl Izraelity z Egypta",
      "option1": "Aaron",
      "option2": "Abraham",
      "option3": "Mojžíš",
      "option4": "Jeremiáš",
      "answer": 3
    },
    {
      "ques_id": 4,
      "question": "Kdo byl ten, kdo zabil Goliáše",
      "option1": "David",
      "option2": "Saul",
      "option3": "Šalamoun",
      "option4": "Jonathan",
      "answer": 1
    },
    {
      "ques_id": 5,
      "question": "Kdo byl prvním králem Izraele?",
      "option1": "David",
      "option2": "Saul",
      "option3": "Šalamoun",
      "option4": "Mojžíš",
      "answer": 2
    },
    {
      "ques_id": 6,
      "question": "Jaké zaměstnání měl Ježíš před svou službou",
      "option1": "ToyMaker",
      "option2": "Rybář",
      "option3": "Správce vinic",
      "option4": "Tesař",
      "answer": 4
    },
    {
      "ques_id": 7,
      "question": "Jak se jmenuje město, ve kterém se narodil Ježíš?",
      "option1": "Jeruzalém",
      "option2": "Betlém",
      "option3": "Galilee",
      "option4": "Nazaret",
      "answer": 2
    },
    {
      "ques_id": 8,
      "question": "Jak se jmenuje moře, po kterém kráčel Ježíš",
      "option1": "Galilejské moře",
      "option2": "Mrtvé moře",
      "option3": "Číst moře",
      "option4": "Středozemní moře",
      "answer": 1
    },
    {
      "ques_id": 9,
      "question": "Jak se jmenuje řeka, ve které Jan Křtitel křtil lidi?",
      "option1": "Eufrat",
      "option2": "Nil",
      "option3": "Jordánsko",
      "option4": "Tigri",
      "answer": 3
    },
    {
      "ques_id": 10,
      "question": "Jak se jmenuje Ondřejův bratr? (Oba byli učedníci)",
      "option1": "Petr",
      "option2": "Jan",
      "option3": "James",
      "option4": "Adam",
      "answer": 1
    },
    {
      "ques_id": 11,
      "question": "Jak se jmenovala Ježíšova matka?",
      "option1": "Marie",
      "option2": "Martha",
      "option3": "Zipporah",
      "option4": "Sára",
      "answer": 1
    },
    {
      "ques_id": 12,
      "question": "Jak se jmenovala zahrada, kde žili Adam a Eva?",
      "option1": "Země Nod",
      "option2": "Rajská zahrada",
      "option3": "Betlém",
      "option4": "Zahrada údolí",
      "answer": 2
    },
    {
      "ques_id": 13,
      "question": "Jakým jídlem nakrmil Ježíš 5 000 lidí",
      "option1": "Víno",
      "option2": "Bochníky chleba a vína",
      "option3": "Bochníky chleba a ryby",
      "option4": "Voda",
      "answer": 3
    },
    {
      "ques_id": 14,
      "question": "Jakou metodu použili Římané k zabití Ježíše?",
      "option1": "Ukamenováno",
      "option2": "Kremace",
      "option3": "Ukřižování",
      "option4": "Oběšen",
      "answer": 3
    },
    {
      "ques_id": 15,
      "question": "Kolik košů zbylo z krmení 5000?",
      "option1": "7",
      "option2": "8",
      "option3": "10",
      "option4": "12",
      "answer": 1,
      "odkaz": "Matouš 15:13"
    },
    {
      "ques_id": 16,
      "question": "Který žák našel minci v ústech ryby?",
      "option1": "Andrew",
      "option2": "Pavel",
      "option3": "Petr",
      "option4": "Timotej",
      "answer": 3,
      "odkaz": "Matouš 1:24-27"
    },
    {
      "ques_id": 17,
      "question": "Ve které knize bible čteme o Hamanovi",
      "option1": "Exodus",
      "option2": "Ester",
      "option3": "Ruth",
      "option4": "Malachi",
      "answer": 2,
      "reference": "Esther 3"
    },
    {
      "ques_id": 18,
      "question": "Jmenujte manželku krále Agrippy, před kterou Pavel stál před soudem",
      "option1": "Bernice",
      "option2": "Herodes",
      "option3": "Agag",
      "option4": "Kaifáš",
      "answer": 1,
      "odkaz": "Skutky 25:23"
    },
    {
      "ques_id": 19,
      "question": "Jak starý se stal Enoch",
      "option1": "400",
      "option2": "350",
      "option3": "230",
      "option4": "365",
      "answer": 4,
      "odkaz": "Genesis 5:23"
    },
    {
      "ques_id": 20,
      "question": "Kolik dalších let přidal Bůh králi Ezechiášovi do života v reakci na modlitbu umírajících králů?",
      "option1": "20",
      "option2": "15",
      "option3": "100",
      "option4": "50",
      "answer": 2,
      "odkaz": "2 králové 20:6"
    }
  ],
  "Nadšenec": [
    {
      "ques_id": 1,
      "question": "Kdo byl otcem Izáka?",
      "option1": "Abraham",
      "option2": "Jacob",
      "option3": "Ezau",
      "option4": "Peleq",
      "answer": 1
    },
    {
      "ques_id": 2,
      "question": "Kdo byl otcem Rechoboáma?",
      "option1": "David",
      "option2": "Nimrod",
      "option3": "Abimelech",
      "option4": "Šalamoun",
      "answer": 4
    },
    {
      "ques_id": 3,
      "question": "Kdo byl otcem Metuzaléma?",
      "option1": "Eliáš",
      "option2": "Enock",
      "option3": "Seth",
      "option4": "Jared",
      "answer": 2
    },
    {
      "ques_id": 4,
      "question": "Kdo zabil Jana Křtitele?",
      "option1": "Caesar",
      "option2": "Pilát",
      "option3": "Herold",
      "option4": "Kaifáš",
      "answer": 3
    },
    {
      "ques_id": 5,
      "question": "Kdo byl první zabit, protože uvěřil v Krista?",
      "option1": "Petr",
      "option2": "Jan",
      "option3": "Barnabáš",
      "option4": "Stephen",
      "answer": 4
    },
    {
      "ques_id": 6,
      "question": "Kam šel Saul, když viděl Ježíše?",
      "option1": "Damašek",
      "option2": "Řecko",
      "option3": "Řím",
      "option4": "Jeruzalém",
      "answer": 1
    },
    {
      "ques_id": 7,
      "question": "Kde strávil Ježíš většinu svého života na zemi?",
      "option1": "Jeruzalém",
      "option2": "Nazaret",
      "option3": "Olivová hora",
      "option4": "Egypt",
      "answer": 2
    },
    {
      "ques_id": 8,
      "question": "Jaký žalm začíná, 'Hospodin je můj pastýř?'",
      "option1": "Žalm 91",
      "option2": "Žalm 1",
      "option3": "Žalm 104",
      "option4": "Žalm 23",
      "answer": 4
    },
    {
      "ques_id": 9,
      "question": "Jaké bylo Paulovo povolání, když cestoval jako misionář?",
      "option1": "Pastýř",
      "option2": "Prodejce Purple",
      "option3": "Výrobce stanu",
      "option4": "Psař",
      "answer": 3
    },
    {
      "ques_id": 10,
      "question": "Jak se jmenuje ostrov, na kterém žil Barnabáš?",
      "option1": "Řecko",
      "option2": "Kypr",
      "option3": "Rhodos",
      "option4": "Velikonoční ostrov",
      "answer": 2
    },
    {
      "ques_id": 11,
      "question": "Když k němu přistoupil Ježíš a řekl: 'Co je ti do mě, Ježíši, Synu Boha Nejvyššího? Zapřísahám tě při Bohu, netrap mě'.",
      "option1": "Legie",
      "option2": "Terah",
      "option3": "Ruben",
      "option4": "Belshazzar",
      "answer": 1
    },
    {
      "ques_id": 12,
      "question": "O kterém ptákovi říká Ježíš, že máme větší hodnotu než?",
      "option1": "Orel",
      "option2": "Sup",
      "option3": "Vrabec",
      "option4": "Holubice",
      "answer": 3
    },
    {
      "ques_id": 13,
      "question": "Které dvě sestry si vzaly Jacoba?",
      "option1": "Dorcas a Leah",
      "option2": "Mariam a Rachel",
      "option3": "Rachel a Leah",
      "option4": "Sarai a Hannah",
      "answer": 3
    },
    {
      "ques_id": 14,
      "question": "Do které země poslal Bůh Abrahama, aby obětoval svého zvláštního syna Izáka?",
      "option1": "Canan",
      "option2": "Makedonie",
      "option3": "Kypr",
      "option4": "Moriah",
      "answer": 4
    },
    {
      "ques_id": 15,
      "question": "S jakou prorokyní Páně se radil judský král Josijáš",
      "option1": "Debora",
      "option2": "Hulda",
      "option3": "Naom",
      "option4": "Ruth",
      "answer": 2,
      "odkaz": "2 králi 22:12-16"
    },
    {
      "ques_id": 16,
      "question": "Jmenujete Samuelova prvorozeného syna?",
      "option1": "Joshua",
      "option2": "Joel",
      "option3": "Jonathan",
      "option4": "Joseph",
      "answer": 2,
      "odkaz": "1. Samuelova 8:2"
    },
    {
      "ques_id": 17,
      "question": "Jak se jmenovala manželka krále Saula?",
      "option1": "Boam",
      "option2": "Milosrdenství",
      "option3": "Ahinoam",
      "option4": "Noam",
      "answer": 3,
      "odkaz": "1. Samuelova 14:50"
    },
    {
      "ques_id": 18,
      "question": "Co je potřeba, aby někdo porozuměl Božímu slovu?",
      "option1": "Modlitba",
      "option2": "Láska",
      "option3": "Duch svatý",
      "option4": "Andělé",
      "answer": 3,
      "odkaz": "1. Korinťanům 2:11"
    },
    {
      "ques_id": 19,
      "question": "Kdo řekl Pavel, že ho soudil?",
      "option1": "Satan",
      "option2": "Bůh",
      "option3": "Přítel",
      "option4": "Petr",
      "answer": 2,
      "odkaz": "1 Korintským 4:4"
    },
    {
      "ques_id": 20,
      "question": "________ odložené dělá nemocné srdce?",
      "option1": "Důvěra",
      "option2": "Naděje",
      "option3": "Láska",
      "option4": "Modlitby",
      "answer": 2,
      "odkaz": "Přísloví 13:12"
    }
  ],
  "Středně pokročilý": [
    {
      "ques_id": 1,
      "question": "Kdo byla Mojžíšova manželka?",
      "option1": "Elisheba",
      "option2": "Rebecca",
      "option3": "Mariam",
      "option4": "Zipporah",
      "answer": 4
    },
    {
      "ques_id": 2,
      "question": "Kdo byla Abrahamova druhá manželka?",
      "option1": "Ester",
      "option2": "Ketura",
      "option3": "Hagar",
      "option4": "Lydia",
      "answer": 2
    },
    {
      "ques_id": 3,
      "question": "Kolik kapitol obsahuje Kázání na hoře?",
      "option1": "1",
      "option2": "2",
      "option3": "3",
      "option4": "7",
      "answer": 3
    },
    {
      "ques_id": 4,
      "question": "Kolikrát Izrael pochodoval kolem Jericha?",
      "option1": "13",
      "option2": "7",
      "option3": "70",
      "option4": "12",
      "answer": 1
    },
    {
      "ques_id": 5,
      "question": "Jak dlouhý je loket?",
      "option1": "přibližně 12 palců",
      "option2": "12 mm",
      "option3": "přibližně 18 palců",
      "option4": "přibližně 36 palců",
      "answer": 3
    },
    {
      "ques_id": 6,
      "question": "Kam šel Kain poté, co zabil Ábela?",
      "option1": "Rajská zahrada",
      "option2": "Země Nod",
      "option3": "Jeskyně Kumránu",
      "option4": "Mt. Ararat",
      "answer": 2
    },
    {
      "ques_id": 7,
      "question": "Kdo byl Kišův syn?",
      "option1": "Noe",
      "option2": "Apoštol Pavel",
      "option3": "Abraham",
      "option4": "Král Saul",
      "answer": 4
    },
    {
      "ques_id": 8,
      "question": "Kde žila Rahab?",
      "option1": "Jericho",
      "option2": "Jeruzalém",
      "option3": "Ninive",
      "option4": "Ai",
      "answer": 1
    },
    {
      "ques_id": 9,
      "question": "Kde žila Dorcas?",
      "option1": "Bethel",
      "option2": "Joppa",
      "option3": "Cesarea",
      "option4": "Antiochie",
      "answer": 2
    },
    {
      "ques_id": 10,
      "question": "Kde je 'Ulice zvaná Přímá'",
      "option1": "Jeruzalém",
      "option2": "Řím",
      "option3": "Babylon",
      "option4": "Damašek",
      "answer": 4
    },
    {
      "ques_id": 11,
      "question": "Po tom, co utekl o život, pod kterým stromem spal Eliáš",
      "option1": "Dub",
      "option2": "Borovice",
      "option3": "Jalovec",
      "option4": "Smrk",
      "answer": 3,
      "odkaz": "1 král 19:5"
    },
    {
      "ques_id": 12,
      "question": "Jidáš zradil Ježíše přesně za kolik stříbrných?",
      "option1": "30",
      "option2": "20",
      "option3": "50",
      "option4": "10",
      "answer": 1,
      "odkaz": "Matouš 26:15"
    },
    {
      "ques_id": 13,
      "question": "Jmenujte Davidova otce",
      "option1": "Omán",
      "option2": "Jesse",
      "option3": "Joshua",
      "option4": "Šalamoun",
      "answer": 2,
      "reference": "1Samuel 1:12"
    },
    {
      "ques_id": 14,
      "question": "Bůh není zmíněn pouze v 1 knize Bible",
      "option1": "Ester",
      "option2": "Ruth",
      "option3": "Malachi",
      "option4": "Exodus",
      "answer": 1,
      "reference": "Ester"
    },
    {
      "ques_id": 15,
      "question": "Za kolik stříbrných prodal Jozue jeho bratři Izmeelitům",
      "option1": "50",
      "option2": "12",
      "option3": "20",
      "option4": "100",
      "answer": 3,
      "odkaz": "Genesis 37:28"
    },
    {
      "ques_id": 16,
      "question": "Kolik apoštolů vyvolil Ježíš",
      "option1": "12",
      "option2": "14",
      "option3": "10",
      "option4": "08",
      "answer": 1,
      "odkaz": "Lukáš 6:13"
    },
    {
      "ques_id": 17,
      "question": "Anděl řekl Marii, že Ježíš bude vládnout nad domem, jehož starozákonní postava",
      "option1": "David",
      "option2": "Jakub",
      "option3": "Abraham",
      "option4": "Mojžíš",
      "answer":2,
      "odkaz": "Lukáš 1:13"
    },
    {
      "ques_id": 18,
      "question": "Který prorok řekl: 'Z Egypta jsem povolal svého syna'?",
      "option1": "Jeremiáš",
      "option2": "Izajáš",
      "option3": "Ozeáš",
      "option4": "Ezekiel",
      "answer": 3,
      "odkaz": "Ozeáš 11:1"
    },
    {
      "ques_id": 19,
      "question": "Jaký druh stromu Ježíš proklel?",
      "option1": "obr",
      "option2": "Vinice",
      "option3": "Borovice",
      "option4": "dub",
      "answer": 1,
      "reference": "Marek 11:12-14"
    },
    {
      "ques_id": 20,
      "question": "Koho si Saul vyžádal, aby mu vychoval médium",
      "option1": "Eli",
      "option2": "Nathan",
      "option3": "Samuel",
      "option4": "David",
      "answer": 3,
      "reference": "1 Samuel 28:11"
    }
  ],
  "Profesionál": [
    {
      "ques_id": 1,
      "question": "Kdo nesl kříž pro Krista?",
      "option1": "Filip",
      "option2": "Šimon z Kyrény",
      "option3": "Achab",
      "option4": "Micah",
      "answer": 2
    },
    {
      "ques_id": 2,
      "question": "Kolik společníků dali Pelištejci Samsonovi na hostinu v Timnah?",
      "option1": "30",
      "option2": "31",
      "option3": "32",
      "option4": "33",
      "answer": 1
    },
    {
      "ques_id": 3,
      "question": "Jak stará byla Anna prorokyně, když uviděla Ježíše?",
      "option1": "83",
      "option2": "84",
      "option3": "88",
      "option4": "92",
      "answer": 2
    },
    {
      "ques_id": 4,
      "question": "Co dala královna ze Sáby Šalomounovi?",
      "option1": "(124 talentů) zlata, koření a drahých kamenů",
      "option2": "(120 talentů) zlata, koření a drahých kamenů",
      "option3": "(18 talentů) zlata, koření a drahých kamenů",
      "option4": "(221 talentů) zlata, koření a drahých kamenů",
      "answer": 2
    },
    {
      "ques_id": 5,
      "question": "Kolik knih je ve Starém zákoně?",
      "option1": "37",
      "option2": "38",
      "option3": "39",
      "option4": "40",
      "answer": 3
    },
    {
      "ques_id": 6,
      "question": "Na kolik řek se řeka v Edenu rozdělila, když opustila zahradu?",
      "option1": "4",
      "option2": "3",
      "option3": "6",
      "option4": "8",
      "answer": 1
    },
    {
      "ques_id": 7,
      "question": "Co chtěl Josef udělat, když zjistil, že je Marie těhotná?",
      "option1": "Uspořádejte večírek",
      "option2": "Rozvést se s ní",
      "option3": "Utéct",
      "option4": "Nic z výše uvedeného",
      "answer": 2
    },
    {
      "ques_id": 8,
      "question": "Jakou barvu mělo roucho velekněze?",
      "option1": "Modrá",
      "option2": "Bílá",
      "option3": "Zelená",
      "option4": "Červená",
      "answer": 1
    },
    {
      "ques_id": 9,
      "question": "Co říkal Boaz, že Noemi prodává?",
      "option1": "Pozemek",
      "option2": "Zlato",
      "option3": "Její dítě",
      "option4": "Jídlo",
      "answer": 1
    },
    {
      "ques_id": 10,
      "question": "V podobenství o dlužníkech jeden dlužil 500 denárů (pencí), ale kolik dlužil druhý",
      "option1": "70",
      "option2": "50",
      "option3": "45",
      "option4": "80",
      "answer": 2
    },
    {
      "ques_id": 11,
      "question": "Kolik Eliášova ducha obdržel Elizeus?",
      "option1": "Malý",
      "option2": "Jedna porce",
      "option3": "Zdravý",
      "option4": "Dvojitá porce",
      "answer": 4
    },
    {
      "ques_id": 12,
      "question": "Co bylo neobvyklého na 700 benjamitských vojácích, kteří dokázali hodit kámen a pokaždé zasáhnout svůj cíl?",
      "option1": "Všichni byli leváci",
      "option2": "Všichni vypadali stejně",
      "option3": "Neměli boty",
      "option4": "Nic z výše uvedeného",
      "answer": 1
    },
    {
      "ques_id": 13,
      "question": "Jaký vztah měl Annáš ke Kaifášovi?",
      "option1": "Bratře",
      "option2": "Strýček",
      "option3": "bratranci",
      "option4": "Tchán",
      "answer": 4
    },
    {
      "ques_id": 14,
      "question": "Co byste neměli 'házet před svině'",
      "option1": "Oblázky",
      "option2": "Kameny",
      "option3": "Perly",
      "option4": "Hůl",
      "answer": 3
    },
    {
      "ques_id": 15,
      "question": "Kdy ve vězení, v kolik hodin se Pavel a Silas modlili a zpívali Bohu?",
      "option1": "Ráno",
      "option2": "Odpoledne",
      "option3": "Večer",
      "option4": "Půlnoc",
      "answer": 4
    },
    {
      "ques_id": 16,
      "question": "Co jedli Daniel a jeho tři přátelé místo králova masa a pití?",
      "option1": "Chléb",
      "option2": "Víno a chléb",
      "option3": "Luštěniny a voda",
      "option4": "Nic",
      "answer": 3
    },
    {
      "ques_id": 17,
      "question": "Jak se jmenuje Ježíšův bratranec, který se narodil šest měsíců před ním?",
      "option1": "Jan",
      "option2": "Petr",
      "option3": "Pavel",
      "option4": "Michael",
      "answer": 1
    },
    {
      "ques_id": 18,
      "question": "Ve kterém městě žil král Herodes v době Ježíšova narození?",
      "option1": "Jeruzalém",
      "option2": "Řím",
      "option3": "Babylon",
      "option4": "Betlém",
      "answer": 1
    },
    {
      "ques_id": 19,
      "question": "Kolik ran seslal Bůh na Egypt?",
      "option1": "4",
      "option2": "8",
      "option3": "10",
      "option4": "12",
      "answer": 3
    },
    {
      "ques_id": 20,
      "question": "Za kolik stříbrných zradil Jidáš Krista?",
      "option1": "20",
      "option2": "30",
      "option3": "40",
      "option4": "50",
      "answer": 2
    },
    {
      "ques_id": 21,
      "question": "Kolik dní se Ježíš zjevoval svým učedníkům po svém vzkříšení?",
      "option1": "30",
      "option2": "7",
      "option3": "40",
      "option4": "11",
      "answer": 3
    },
    {
      "ques_id": 22,
      "question": "Kolik kostelů v Malé Asii bylo uvedeno ve Zjevení?",
      "option1": "7",
      "option2": "8",
      "option3": "9",
      "option4": "10",
      "answer": 1
    }
  ],
  "Génius": [
    {
      "ques_id": 1,
      "question": "Kdo byl synem Eleazara, syna Áronova?",
      "option1": "Putiel",
      "option2": "Korah",
      "option3": "Phinehas",
      "option4": "Izhar",
      "answer": 3
    },
    {
      "ques_id": 2,
      "question": "Kdo byl synem Omriho, krále Izraele?",
      "option1": "Achab",
      "option2": "Joram",
      "option3": "Zimri",
      "option4": "Ginath",
      "answer": 1
    },
    {
      "ques_id": 3,
      "question": "Kdo byl manželem Noemi z knihy Ruth?",
      "option1": "Boaz",
      "option2": "Elkanah",
      "option3": "Obed",
      "option4": "Elimelech",
      "answer": 4
    },
    {
      "ques_id": 4,
      "question": "Kolik písmen je v nejdelším jménu v Bibli?",
      "option1": "16",
      "option2": "18",
      "option3": "22",
      "option4": "25",
      "answer": 2
    },
    {
      "ques_id": 5,
      "question": "Kdo zabil Siseru?",
      "option1": "David",
      "option2": "Achab",
      "option3": "Saul",
      "option4": "Jael",
      "answer": 4
    },
    {
      "ques_id": 6,
      "question": "Jak široká byla Noemova archa?",
      "option1": "35 loket",
      "option2": "50 loket",
      "option3": "75 loket",
      "option4": "90 loket",
      "answer": 2
    },
    {
      "ques_id": 7,
      "question": "Jak široká byla Archa úmluvy?",
      "option1": "1,5 lokte",
      "option2": "2 lokte",
      "option3": "3 lokte",
      "option4": "1 loket",
      "answer": 1
    },
    {
      "ques_id": 8,
      "question": "Jak se jmenoval Elíšův služebník?",
      "option1": "Jehoram",
      "option2": "Shaphat",
      "option3": "Gehazi",
      "option4": "Hazael",
      "answer": 3
    },
    {
      "ques_id": 9,
      "question": "Jak se jmenoval Paulův slavný učitel?",
      "option1": "Justus",
      "option2": "Gamaliel",
      "option3": "Kaifáš",
      "option4": "Sokrates",
      "answer": 2
    },
    {
      "ques_id": 10,
      "question": "Který soudce Izraele se narodil v Betlémě?",
      "option1": "David",
      "option2": "Ibzan",
      "option3": "Deborah",
      "option4": "Gideon",
      "answer": 2
    },
    {
      "ques_id": 11,
      "question": "Když k němu přistoupil Ježíš a řekl: 'Co je ti do mě, Ježíši, Synu Boha Nejvyššího? Zapřísahám tě při Bohu, netrap mě'.",
      "option1": "Legie",
      "option2": "Terah",
      "option3": "Ruben",
      "option4": "Belshazzar",
      "answer": 1
    },
    {
      "ques_id": 12,
      "question": "O kterém ptákovi říká Ježíš, že máme větší hodnotu než?",
      "option1": "Orel",
      "option2": "Sup",
      "option3": "Vrabec",
      "option4": "Holubice",
      "answer": 3
    },
    {
      "ques_id": 13,
      "question": "Které dvě sestry si vzaly Jacoba?",
      "option1": "Dorcas a Leah",
      "option2": "Mariam a Rachel",
      "option3": "Rachel a Leah",
      "option4": "Sarai a Hannah",
      "answer": 3
    },
    {
      "ques_id": 14,
      "question": "Do které země poslal Bůh Abrahama, aby obětoval svého zvláštního syna Izáka?",
      "option1": "Canan",
      "option2": "Makedonie",
      "option3": "Kypr",
      "option4": "Moriah",
      "answer": 4
    },
    {
      "ques_id": 15,
      "question": "Z jakého žalmu je verš 'Nechává mě uléhat na zelené pastviny, vede mě k tichým vodám'?",
      "option1": "25",
      "option2": "22",
      "option3": "30",
      "option4": "23",
      "answer": 4,
      "odkaz": "Žalmy 23;2"
    },
    {
      "ques_id": 16,
      "question": "Strach z pána je začátek ........ ",
      "option1": "Znalosti",
      "option2": "Moudrost",
      "option3": "Peníze",
      "option4": "Láska",
      "answer": 1,
      "reference": ""
    },
    {
      "ques_id": 17,
      "question": "Jakému městu řekl Hospodin Jonášovi, aby kázal?",
      "option1": "Jeruzalém",
      "option2": "Ninive",
      "option3": "Babylon",
      "option4": "Judsko",
      "answer": 2,
      "odkaz": "Jonáš 1:2"
    },
    {
      "ques_id": 18,
      "question": "Která z těchto knih [Filipským, Koloským, Galaťanům nebo Efezským ] je v Bibli na prvním místě",
      "option1": "Kolosané",
      "option2": "Galaťané",
      "option3": "Efezským",
      "option4": "Filipané",
      "answer": 2,
      "reference": "Nový zákon, Pavlovy listy"
    },
    {
      "ques_id": 19,
      "question": "Kolik kapitol má kniha Židům?",
      "option1": "13",
      "option2": "15",
      "option3": "10",
      "option4": "16",
      "answer": 1,
      "reference": "Hebrejcům 1–13"
    },
    {
      "ques_id": 20,
      "question": "Jak se jmenují bouřkové větry, které mohou zasáhnout Krétu?",
      "option1": "Měsíc",
      "option2": "Euroklydon",
      "option3": "Přetečení",
      "option4": "Nic z výše uvedeného",
      "answer": 2,
      "odkaz": "Skutky 2:14"
    }
  ],
  "Expert": [
    {
      "ques_id": 1,
      "question": "Kdo z nich nebyl izraelským nebo judským králem",
      "option1": "Sennacherib",
      "option2": "Jehoiachim",
      "option3": "Zedekiáš",
      "option4": "David",
      "answer": 1
    },
    {
      "ques_id": 2,
      "question": "Kdo přesvědčil Samsona, aby odhalil tajemství velké síly",
      "option1": "Dinah",
      "option2": "Ruth",
      "option3": "Delilah",
      "option4": "Martha",
      "answer": 3
    },
    {
      "ques_id": 3,
      "question": "A tvé nebe, které je nad tvou hlavou, bude_____ a země, která je pod tebou, bude železná",
      "option1": "Mosaz",
      "option2": "Ocel",
      "option3": "Stříbro",
      "option4": "Zlato",
      "answer": 1
    },
    {
      "ques_id": 4,
      "question": "Kde lze najít slova: Důvěřuj Jehovovi celým svým srdcem a nespoléhej se na své vlastní porozumění ",
      "option1": "Přísloví 3:5",
      "option2": "Přísloví 5:3",
      "option3": "Přísloví 35:3",
      "option4": "Přísloví 4:3",
      "answer": 1
    },
    {
      "ques_id": 5,
      "question": "který učedník třikrát zapřel Ježíše",
      "option1": "Petr",
      "option2": "Andrew",
      "option3": "Jan",
      "option4": "Jidáš",
      "answer": 1
    },
    {
      "ques_id": 6,
      "question": "Památka spravedlivých je požehnaná, ale jméno bezbožných bude",
      "option1": "Vyhrát",
      "option2": "Hniloba",
      "option3": "Bloom",
      "option4": "vzkvétat",
      "answer": 2
    },
    {
      "ques_id": 7,
      "question": "Než Ježíš začal kázat, jakou měl práci?",
      "option1": "tesař",
      "option2": "učenec",
      "option3": "Doktor",
      "option4": "Učitel",
      "answer": 1
    },
    {
      "ques_id": 8,
      "question": "Zoan byl použit v bibli jako paralela pro jaký národ",
      "option1": "Egypt",
      "option2": "Asýrie",
      "option3": "Babylon",
      "option4": "Sinai",
      "answer": 1
    },
    {
      "ques_id": 9,
      "question": "Která starozákonní postava projevila svou víru tím, že byla ochotna obětovat svého syna na změnu Bohu",
      "option1": "Noe",
      "option2": "Abraham",
      "option3": "shealtiel",
      "option4": "Mojžíš",
      "answer": 2
    },
    {
      "ques_id": 10,
      "question":"Co udělali námořníci z lodi Jonah, aby zvýšili své šance na přežití",
      "option1": "Pluli na sever",
      "option2": "Hoď náklad přes palubu",
      "option3": "Prosil Boha o odpuštění",
      "option4": "Nic z výše uvedeného",
      "answer": 2
    },
    {
      "ques_id": 11,
      "question": "Co dělal Ezau, když mu Jakub ukradl požehnání?",
      "option1": "Lov",
      "option2": "Zemědělství",
      "option3": "Rybaření",
      "option4": "Cestování",
      "answer": 1
    },
    {
      "ques_id": 12,
      "question": "Kdo běžel z hory Karmel do Samaří rychleji, než mohl Achab řídit svůj vůz?",
      "option1": "Elisha",
      "option2": "Gehazi",
      "option3": "Eliáš",
      "option4": "Amos",
      "answer": 3
    },
    {
      "ques_id": 13,
      "question": "Co udělal Bůh sedmého dne po?",
      "option1": "Odpočinutý",
      "option2": "Stvoření lidé",
      "option3": "Pověřil člověka, aby se staral o jeho výtvory",
      "option4": "Vytvoření ptáci",
      "answer": 1
    },
    {
      "ques_id": 14,
      "question": "Kdo tvrdil, že zlaté tele prostě vzešlo z ohně?",
      "option1": "Joshua",
      "option2": "Aaron",
      "option3": "Miriam",
      "option4": "Debora",
      "answer": 42
    },
    {
      "ques_id": 15,
      "question": "O co žádal král Šalomoun, když se mu Bůh zjevil ve snu",
      "option1": "Dlouhý život a znalosti",
      "option2": "Moudrost [soudit mezi dobrem a zlem]",
      "option3": "Bohatství",
      "option4": "Peníze",
      "answer": 2
    },
    {
      "ques_id": 16,
      "question": "Dokonči ono příslovečné úsloví: Každý, kdo je pošetilý, když mlčet, je považován za -------?",
      "option1": "Pokojný",
      "option2": "Hloupý",
      "option3": "Moudrý",
      "option4": "Arogantní",
      "answer": 3
    },
    {
      "ques_id": 17,
      "question": "Jak má člověk přijmout království Boží?",
      "option1": "Se skrytými motivy",
      "option2": "Jako dítě",
      "option3": "S hrdostí",
      "option4": "Prostřednictvím agentů",
      "answer": 2
    },
    {
      "ques_id": 18,
      "question": "Jak se jmenovala Abrahamova první žena",
      "option1": "Sarah",
      "option2": "Miriam",
      "option3": "Roda",
      "option4": "Ruth",
      "answer": 1
    },
    {
      "ques_id": 19,
      "question": "Král Saul neuposlechl Jehovův příkaz a ušetřil život amelekitskému králi",
      "option1": "Balak",
      "option2": "Dagon",
      "option3": "Agag",
      "option4": "Nathan",
      "answer": 3
    },
    {
      "ques_id": 20,
      "question": "O čem bylo napsáno Desatero.",
      "option1": "Dva svitky",
      "option2": "Dvě kamenné tablety",
      "option3": "Zdi Jericha",
      "option4": "Dvě knihy",
      "answer": 1
    }
  ],
  "Mistr": [
    {
      "ques_id": 1,
      "question": "O kom bylo zaznamenáno, že ‚všichni přemýšleli ve svých srdcích;' Může to být snad Kristus?",
      "option1": "Eliáš",
      "option2": "Jan",
      "option3": "Malachi",
      "option4": "Petr",
      "answer": 2
    },
    {
      "ques_id": 2,
      "question": "Jak se jmenují Josefovi rodiče",
      "option1": "Jacob a Rebeka",
      "option2": "Jacob a Leah",
      "option3": "Jacob a Rachel",
      "option4": "Jacob a Ruth",
      "answer": 3
    },
    {
      "ques_id": 3,
      "question": "Který ze všech lidí zmíněných v Bibli žil nejdéle?",
      "option1": "Metuzalém",
      "option2": "JJared",
      "option3": "Abraham",
      "option4": "Adam",
      "answer": 1
    },
    {
      "ques_id": 4,
      "question": "Co řekl Ježíš těm, kteří obvinili cizoložnici?",
      "option1": "Hle, nikdo není spravedlivý",
      "option2": "Kdo je bez hříchu, nechť nejprve hodí kamenem",
      "option3": "Běda vám, kdo obviňuje tuto ženu",
      "option4": "zabij ji",
      "answer": 2
    },
    {
      "ques_id": 5,
      "question": "Do kterého města půjdou jednoho dne všechny národy uctívat Boha?",
      "option1": "Damašek",
      "option2": "Jeruzalém",
      "option3": "Kilicie",
      "option4": "Judsko",
      "answer": 2
    },
    {
      "ques_id": 6,
      "question": "Kdo z Davidových potomků bude vládnout navždy",
      "option1": "Rehoboam",
      "option2": "Ježíši",
      "option3": "Šalamoun",
      "option4": "Jeroboam",
      "answer": 2
    },
    {
      "ques_id": 7,
      "question": "Kdo byla Timothyho zbožná matka",
      "option1": "Lois",
      "option2": "Phoebe",
      "option3": "Eunice",
      "option4": "Magdaléna",
      "answer": 3
    },
    {
      "ques_id": 8,
      "question": "Proč se král Šalomoun odvrátil od Boha, když byl starý",
      "option1": "Jeho cizí manželky obrátily jeho srdce k jiným bohům",
      "option2": "Stal se hrdým",
      "option3": "Miloval ženy víc než Boha",
      "option4": "Uctíval modly",
      "answer": 1
    },
    {
      "ques_id": 9,
      "question": "Kdo uprchl do Jehovova stanu pro bezpečí, ale přesto tam byl zabit?",
      "option1": "Joab",
      "option2": "Saul",
      "option3": "Amon",
      "option4": "Ezau",
      "answer": 1
    },
    {
      "ques_id": 10,
      "question": "Který král snil o velké soše muže vyrobené z různých kovů",
      "option1": "Achab",
      "option2": "David",
      "option3": "malach",
      "option4": "Nabuchodonozor",
      "answer": 4
    },
    {
      "ques_id": 11,
      "question": "Kde je 'nejlepší místo k modlitbě'?",
      "option1": "Ve vaší skříni se zavřenými dveřmi",
      "option2": "V kostele",
      "option3": "Na klidném místě",
      "option4": "Na cestě",
      "answer": 1
    },
    {
      "ques_id": 12,
      "question": "Kde lze najít slova: Důvěřuj Jehovovi celým svým srdcem a nespoléhej se na své vlastní porozumění?",
      "option1": "Přísloví 3:5",
      "option2": "Přísloví 35:3",
      "option3": "Přísloví 5:3",
      "option4": "Přísloví 6:4",
      "answer": 1
    },
    {
      "ques_id": 13,
      "question": "Když byl Ježíš v tobě na poušti, co byl v pokušení proměnit v bochníky chleba?",
      "option1": "Mohyly",
      "option2": "Skály",
      "option3": "Kameny",
      "option4": "Půda",
      "answer": 3
    },
    {
      "ques_id": 14,
      "question": "Co bylo zvláštního na Ehudovi [soudci nad Izraelem, který zabil Elgona, moábského krále",
      "option1": "Byl velmi mladý",
      "option2": "Byl levák",
      "option3": "Byl slepý",
      "option4": "Byl velmi starý",
      "answer": 2
    },
    {
      "ques_id": 15,
      "question": "Co se stalo s městem Jericho poté, co kněz zatroubil na trubky",
      "option1": "Lidé uprchli do jiné země",
      "option2": "Zvířata zemřela",
      "option3": "Stěny spadly",
      "option4": "Lidé migrovali",
      "answer": 3
    },
    {
      "ques_id": 16,
      "question": "Podle Jana 1:1, co bylo na počátku u Boha",
      "option1": "Slovo",
      "option2": "Anděl",
      "option3": "Ježíši",
      "option4": "Jan",
      "answer": 1
    },
    {
      "ques_id": 17,
      "question": "Kolik žalmů je v knize žalmů?",
      "option1": "150",
      "option2": "170",
      "option3": "120",
      "option4": "190",
      "answer": 1
    },
    {
      "ques_id": 18,
      "question": "Ne každý, kdo mi říká 'Pane, Pane', vejde do království nebeského. Kdo pak vejde do jeho království",
      "option1": "Ten, kdo činí vůli Boží",
      "option2": "Ten, kdo dělá zázraky",
      "option3": "Kdo se nechá pokřtít",
      "option4": "Ten, kdo káže slovo Boží",
      "answer": 1
    },
    {
      "ques_id": 19,
      "question": "Kdo byl prvním králem z 10-ti izraelských kmenů?",
      "option1": "Jeroboam",
      "option2": "Rehoboth",
      "option3": "Joab",
      "option4": "Rehoboam",
      "answer": 1
    },
    {
      "ques_id": 20,
      "question": "Kolik let měl podle Jeremiáše zůstat izraelský národ v zajetí babylonského krále?",
      "option1": "120 let",
      "option2": "40 let",
      "option3": "70 let",
      "option4": "80 let",
      "answer": 3
    }
  ],
  "Velmistr": [
    {
      "ques_id": 1,
      "question": "Kterou řeku měl Naaman umýt, aby se zbavil malomocenství?",
      "option1": "Nil",
      "option2": "Jordánsko",
      "option3": "Galilee",
      "option4": "Bible neříká",
      "answer": 2
    },
    {
      "ques_id": 2,
      "question": "Kdo byl otcem Rechoboáma?",
      "option1": "David",
      "option2": "Nimrod",
      "option3": "Abimelech",
      "option4": "Šalamoun",
      "answer": 4
    },
    {
      "ques_id": 3,
      "question": "Jak dlouho vládl David jako král?",
      "option1": "Třicet let",
      "option2": "Čtyřicet let",
      "option3": "Dvacet pět let",
      "option4": "Osmdesát let",
      "answer": 2
    },
    {
      "ques_id": 4,
      "question": "V Ježíšově vysvětlení podobenství o rozsévači. co představuje semeno",
      "option1": "Víra",
      "option2": "Slovo Boží",
      "option3": "Ježíši",
      "option4": "Láska",
      "answer": 2
    },
    {
      "ques_id": 5,
      "question": "Která rostlina je 'nejmenší ze všech semen, ale když se vypěstuje, je největší mezi bylinami?",
      "option1": "Olivový",
      "option2": "hořčice",
      "option3": "Dub",
      "option4": "Hroznová",
      "answer": 2
    },
    {
      "ques_id": 6,
      "question": "Jak se jmenoval Mojžíšův bratr?",
      "option1": "Alphaeus",
      "option2": "Jan",
      "option3": "Aaron",
      "option4": "Joshua",
      "answer": 3
    },
    {
      "ques_id": 7,
      "question": "Z které části Adamova těla stvořil Bůh Evu?",
      "option1": "Srdce",
      "option2": "Mozek",
      "option3": "Žebro",
      "option4": "Hlava",
      "answer": 3
    },
    {
      "ques_id": 8,
      "question": "Anděl řekl Zachariášovi a Alžbětě, že budou mít syna, jak se bude jmenovat",
      "option1": "Eliáš",
      "option2": "Ježíši",
      "option3": "Jan",
      "option4": "James",
      "answer": 3
    },
    {
      "ques_id": 9,
      "question": "Jaká významná událost je zaznamenána v 1. a 2. kapitole Genesis",
      "option1": "Doprava",
      "option2": "Stvoření",
      "option3": "Očištění",
      "option4": "Oběť",
      "answer": 2
    },
    {
      "ques_id": 10,
      "question": "Jaký byl vztah mezi Mojžíšem a Korahem",
      "option1": "Oba byli z kmene Juda",
      "option2": "Byli to bratři",
      "option3": "Byli to bratranci",
      "option4": "Byli přátelé",
      "answer": 3
    },
    {
      "ques_id": 11,
      "question": "Jak Naomi řekla lidem v Betlémě, aby jí říkali",
      "option1": "Mara",
      "option2": "Naama",
      "option3": "Bathsheba",
      "option4": "Marie",
      "answer": 1
    },
    {
      "ques_id": 12,
      "question": "Jmenujte židovskou dívku, která se provdala za perského krále?",
      "option1": "Naomi",
      "option2": "Deborah",
      "option3": "Ester",
      "option4": "Jude",
      "answer": 3
    },
    {
      "ques_id": 13,
      "question": "Co symbolizuje sedm zlatých svícnů ze Zjevení 1:20?",
      "option1": "Sedm shromáždění",
      "option2": "Sedm andělů",
      "option3": "Sedm králů",
      "option4": "Sedm lidí",
      "answer": 1
    },
    {
      "ques_id": 14,
      "question": "Kde lze nalézt tato slova:\"Bůh si však vyvolil bláznovství světa, aby zahanbil moudré?",
      "option1": "Skutky",
      "option2": "Římané",
      "option3": "1 Korinťanům",
      "option4": "Jan",
      "answer": 3
    },
    {
      "ques_id": 15,
      "question": "Co bylo nápadného na Jákobově dvojčeti, Ezau při narození",
      "option1": "Měl hluboké intenzivní oči",
      "option2": "Byl velmi hezký",
      "option3": "Byl červený a chlupatý",
      "option4": "Byl velmi černý",
      "answer": 3
    },
    {
      "ques_id": 16,
      "question": "Kdo uřízl Samsonovi vlasy?",
      "option1": "Jeho úhlavní nepřítel Hulk",
      "option2": "Delilah",
      "option3": "Další muž",
      "option4": "Jeho přátelé",
      "answer": 2
    },
    {
      "ques_id": 17,
      "question": "Kdo napsal knihy 1. a 2. králů?",
      "option1": "Eliáš",
      "option2": "Jeremiáš",
      "option3": "Gad",
      "option4": "Nathan",
      "answer": 2
    },
    {
      "ques_id": 18,
      "question": "Které z evangelií se v Bibli objevuje jako poslední",
      "option1": "Nicodemus",
      "option2": "Jan",
      "option3": "Andrews",
      "option4": "Označit",
      "answer": 2
    },
    {
      "ques_id": 19,
      "question": "Co se stalo každému, jehož jméno nebylo nalezeno zapsané v knize života?",
      "option1": "Byli prohlášeni za nehodné spasení",
      "option2": "Zahynuli",
      "option3": "Zemřeli",
      "option4": "Byli uvrženi do ohnivého jezera",
      "answer": 4
    },
    {
      "ques_id": 20,
      "question": "Kdo byl nejsilnější muž, který kdy žil?",
      "option1": "Goliáš",
      "option2": "Samson",
      "option3": "Ježíši",
      "option4": "Agag",
      "answer": 2
    }
  ],
  "Legenda": [
    {
      "ques_id": 1,
      "question": "Kniha Genesis se otevírá hebrejským slovem 'bereshit', jaký je překlad tohoto slova do angličtiny",
      "option1": "Na začátku",
      "option2": "Buď světlo",
      "option3": "Když ještě nic nebylo",
      "option4": "Pán Bůh řekl",
      "answer": 1,
      "reference":"Gn 1:1"
    },
    {
      "ques_id": 2,
      "question": "Po uspání muže, co mu Pán Bůh vzal, aby se vybudoval v ženu",
      "option1": "Zub",
      "option2": "Nehet",
      "option3": "Žebro",
      "option4": "Pramen vlasů",
      "answer": 3,
      "reference":"Gn 1:2"
    },
    {
      "ques_id": 3,
      "question": "Čemu pán Bůh jako první požehnal slovy 'Buďte plodní a množte se'?",
      "option1": "První muž a žena",
      "option2": "Mořská stvoření a ptáci",
      "option3": "Rostliny",
      "option4": "Pozemní zvířata",
      "answer": 1,
      "reference":"Gn 1:22"
    },
    {
      "ques_id": 4,
      "question": "Kdo byl anděl pána, který oznámil Marii, že počne a porodí syna?",
      "option1": "Gabriel",
      "option2": "Michael",
      "option3": "Raphael",
      "option4": "Sealtiel",
      "answer": 1,
      "odkaz":"Lk 1:31"
    },
    {
      "ques_id": 5,
      "question": "Jak se jmenuje matka svatého Jana Křtitele?",
      "option1": "Salome of Zebedee",
      "option2": "Alžběta ze Zachariáše",
      "option3": "Marie z Kleofas",
      "option4": "Herodias Filipova",
      "answer": 2,
      "odkaz":"Lk 1:5-6"
    },
    {
      "ques_id": 6,
      "question": "Na začátku vyprávění o vzkříšení v evangeliu svatého Jana, kdo byl zmíněn, že šel časně ráno k Ježíšově hrobu a viděl odstraněný kámen?",
      "option1": "Marie z Magdaly",
      "option2": "Svatý Jan",
      "option3": "Martha",
      "option4": "Anděl",
      "answer": 1,
      "reference":"Jn20:1"
    },
    {
      "ques_id": 7,
      "question": "Ve vyprávění o vzkříšení v evangeliu svatého Jana, když se vzkříšený pán poprvé zjevil Marii Magdaleně, spletla si ho s kým?",
      "option1": "žalářník",
      "option2": "setník",
      "option3": "Srovnávač",
      "option4": "Anděl",
      "answer": 3,
      "odkaz":"J 20:15"
    },
    {
      "ques_id": 8,
      "question": "Kolik souborů 14 generací bylo uvedeno v rodokmenu Ježíše uvedeném v evangeliu sv. Matouše",
      "option1": "Pět",
      "option2": "Skóre",
      "option3": "Tři",
      "option4": "Tucet",
      "answer": 3,
      "reference":"Jan 20:15"

    },
    {
      "ques_id": 9,
      "question": "V proroku Izajášovi je řečeno, že chlapec, který se má narodit z panny, dostane toto jméno, které znamená Bůh - s námi?",
      "option1": "Ježíši",
      "option2": "Jan",
      "option3": "Emmanuel",
      "option4": "Christos,",
      "answer": 3,
      "reference":"Mt 1:23"
    },
    {
      "ques_id": 10,
      "question": "V geneologii Ježíše uvedené v evangeliu sv. Matouše první soubor 14 zmíněných generací začal Abrahamem a skončil u koho?",
      "option1": "David",
      "option2": "Mojžíš",
      "option3": "Jacob",
      "option4": "Jesse",
      "answer": 1,
      "odkaz":"Mt 1:1-6"
    },
    {
      "ques_id": 11,
      "question": "'Protože byla vzata z jeho těla', jak nazval první muž první ženu?",
      "option1": "Adama",
      "option2": "Eva",
      "option3": "Žena",
      "option4": "Manželka",
      "answer": 2,
      "odkaz":"Gen 1:23"
    },
    {
      "ques_id": 12,
      "question": "Co dal Pán Bůh, aby sloužila za potravu všem zvířatům země a všemu nebeskému ptactvu?",
      "option1": "Zelené rostliny",
      "option2": "Rostliny nesoucí semeno",
      "option3": "Ovocné stromy nesoucí semena",
      "option4": "Cokoli jedlého",
      "answer": 1,
      "reference":"Gn 1:30"
    },
    {
      "ques_id": 13,
      "question": "Ve kterém dni stvoření Bůh stvořil slunce a měsíc?",
      "option1": "První",
      "option2": "Druhá",
      "option3": "Třetí",
      "option4": "Čtvrtý",
      "answer": 4,
      "odkaz":"Gen 1:26-31"
    },
    {
      "ques_id": 14,
      "question": "Jak starý byl David, když byl pomazán za krále Izraele?",
      "option1": "50",
      "option2": "20",
      "option3": "35",
      "option4": "30",
      "answer": 4,
      "reference":"2Samuel 5:4"
    },
    {
      "ques_id": 15,
      "question": "Kdo jiný kromě mudrců přišel navštívit Ježíše, když byl malé dítě.",
      "option1": "Lukostřelci",
      "option2": "Pastýři",
      "option3": "Lovci",
      "option4": "Farmáři",
      "answer": 2
    },
    {
      "ques_id": 16,
      "question": "Jak vysoký byl Goliáš?",
      "option1": "6 loket a rozpětí",
      "option2": "8 loket",
      "option3": "10 loket a rozpětí",
      "option4": "12 loket",
      "answer": 1,
      "reference":"1 Samuel 1:4"
    },
    {
      "ques_id": 17,
      "question": "Co řekl Pavel, že bylo naplnění zákona te?",
      "option1": "Víra",
      "option2": "Modlitba",
      "option3": "Láska",
      "option4": "Manželství",
      "answer": 3,
      "reference":"Římanům 13:10"
    },
    {
      "ques_id": 18,
      "question": "Jaká je nejkratší kapitola v bibli",
      "option1": "Žalmy 117",
      "option2": "Žalmy 18",
      "option3": "Mark 10",
      "option4": "Jan 4",
      "answer": 1,
      "reference":"Žalmy 117"
    },
    {
      "ques_id": 19,
      "question": "Kdo řekl: \"Stříbro a zlato nemám, ale takové, které mám, dám tobě\"?",
      "option1": "Pavel",
      "option2": "James",
      "option3": "Petr",
      "option4": "Timotej",
      "answer": 3,
      "reference":"Skutky 3:6"
    },
    {
      "ques_id": 20,
      "question": "Jaký byl Mojžíš [let] v době jeho skonu",
      "option1": "120",
      "option2": "100",
      "option3": "150",
      "option4": "80",
      "answer": 1,
      "reference":"Deuteronomium 34:7"
    }
  ],
  "Z jiného světa": [
    {
      "ques_id": 1,
      "question": "Kdo byl nejstarší osobou zaznamenanou v bibli?",
      "option1": "Metuzalém",
      "option2": "Adam",
      "option3": "Abraham",
      "option4": "Šalamoun",
      "answer": 1,
      "reference":"Genesis 5:27"
    },
    {
      "ques_id": 2,
      "question": "Jak starý byl nejstarší člověk zaznamenaný v bibli?",
      "option1": "120",
      "option2": "500",
      "option3": "800",
      "option4": "969",
      "answer": 4,
      "reference":"Genesis 5:27"
    },
    {
      "ques_id": 3,
      "question": "Co znamená Jahwe-Schammmah?",
      "option1": "Bůh s námi",
      "option2": "Sám Bůh",
      "option3": "Ježíš syn Boží",
      "option4": "Věčný život",
      "answer": 2,
      "reference":"Ezechiel 48:35"
    },
    {
      "ques_id": 4,
      "question": "Kolik dalších let přidal Bůh králi Ezechiášovi do života v reakci na modlitbu umírajícího krále?",
      "option1": "20",
      "option2": "50",
      "option3": "15",
      "option4": "100",
      "answer": 3,
      "odkaz":"2 králi 20:6"
    },
    {
      "ques_id": 5,
      "question": "S jakými proroky pána se radil judský král Josijáš?",
      "option1": "Amos",
      "option2": "Eliáš",
      "option3": "Elisha",
      "option4": "Hulda",
      "answer": 4,
      "odkaz":" 2. Královská 22:14-16"
    },
    {
      "ques_id": 6,
      "question": "Jaký obřad král Josiah obnovil, který neslavil žádný z předchozích králů Izraele nebo Judy?",
      "option1": "Pesach",
      "option2": "Obětní rituál",
      "option3": "uctívání",
      "option4": "Obřízka",
      "answer": 1,
      "odkaz":"2 králi 23:21"
    },
    {
      "ques_id": 7,
      "question": "Z jakého izraelského kmene byl král Saul?",
      "option1": "Juda",
      "option2": "Benjamin",
      "option3": "Amonité",
      "option4": "Izrael",
      "answer": 2,
      "reference":"1 Samuel 9:21"
    },
    {
      "ques_id": 8,
      "question": "Jakou oběť přinesl Samuel pánu po návratu archy do Izraele?",
      "option1": "Koza",
      "option2": "Lidská oběť",
      "option3": "Obětoval zahradní sklizně",
      "option4": "Kojící jehně",
      "answer": 4,
      "reference":"1 Samuel 7:9"
    },
    {
      "ques_id": 9,
      "question": "Jak se jmenovala manželka krále Saula?",
      "option1": "Debora",
      "option2": "Naume",
      "option3": "Ahinoam",
      "option4": "Ruth",
      "answer": 3,
      "reference":"1 Samuel 14:50"
    },
    {
      "ques_id": 10,
      "question": "Co kdo potřebuje, aby pochopil Boží slovo?",
      "option1": "Znalosti",
      "option2": "Duch svatý",
      "option3": "Moudrost",
      "option4": "Modlitby",
      "answer": 2,
      "odkaz":"1 Korintským 2:11"
    },
    {
      "ques_id": 11,
      "question": "Kdo řekl, že ho Pavel soudil?",
      "option1": "Bůh",
      "option2": "Terah",
      "option3": "Ruben",
      "option4": "Belshazzar",
      "answer": 1,
      "odkaz":" 1. Korinťanům 4:4"
    },
    {
      "ques_id": 12,
      "question": "V den letnic zazněl z nebe zvuk spěchajícího____?",
      "option1": "Hrom",
      "option2": "Déšť",
      "option3": "Vítr",
      "option4": "hlasitý hluk",
      "answer": 3,
      "reference":"Skutky 2:2"
    },
    {
      "ques_id": 13,
      "question": "Kdo nabídl, že zaplatí peníze za moc dávat Ducha svatého?",
      "option1": "Jan",
      "option2": "Zachariáš",
      "option3": "Simon",
      "option4": "Herodes",
      "answer": 3,
      "reference":"Skutky 8"
    },
    {
      "ques_id": 14,
      "question": "Když Ježíš proměnil vodu ve víno, proměnil vodu, která byla v kamenných nádobách. K čemu se tyto kamenné nádoby běžně používaly?",
      "option1": "Křest",
      "option2": "Čištění",
      "option3": "Obchodování",
      "option4": "Slavnostní mytí",
      "answer": 4,
      "odkaz":"Jan 2:6"
    },
    {
      "ques_id": 15,
      "question": "Kdo byl Nimrodův otec?",
      "option1": "Andrew",
      "option2": "Joshua",
      "option3": "Samson",
      "option4": "Cush",
      "answer": 4,
      "reference":"1 Paralipomenon 1:10"
    },
    {
      "ques_id": 16,
      "question": "jak se jmenovali Abrahamovi dva synové (v pořadí jejich narození)?",
      "option1": "Izák a Jákob",
      "option2": "Izmael a Izák",
      "option3": "Joseph a Jacob",
      "option4": "Kain a Izák",
      "answer": 2,
      "odkaz": "Genesis 16:1–16, 1. Paralipomenon 1:28"
    },
    {
      "ques_id": 17,
      "question": "Jaká byla jména tří synů Noemových v pořadí podle biblických seznamů, ve kterých jsou?",
      "option1": "Ham, Joseph, Japheth",
      "option2": "Japhet, Ham, Isaac",
      "option3": "Shem, Ham a Japheth",
      "option4": "Shem, Ham, Joseph",
      "answer": 3,
      "odkaz":"Genesis 9:18-19, 1. Paralipomenon 1:4"
    },
    {
      "ques_id": 18,
      "question": "Pán změnil Abrahamovo jméno na Abraham, když mu bylo 99 let. jak se jmenoval před tím?",
      "option1": "Adam",
      "option2": "Abram",
      "option3": "Alfa",
      "option4": "Agag",
      "answer": 2,
      "odkaz": "Genesis 17:1-5"
    },
    {
      "ques_id": 19,
      "question": "Jak starý byl Abraham, když se narodil Izák?",
      "option1": "103",
      "option2": "90",
      "option3": "100",
      "option4": "50",
      "answer": 3,
      "odkaz": "Genesis 21:5"
    },
    {
      "ques_id": 20,
      "question": "Kolik knih v Bibli má v názvu slovo 'Jan'?",
      "option1": "4",
      "option2": "3",
      "option3": "1",
      "option4": "5",
      "answer": 1,
      "reference": "John"
    }
  ]
}