 {

  "Beginner": [

    {

      "ques_id": 1,

      "question": "Wie is de eerste man die ooit heeft geleefd?",

      "option1": "Methusalem",

      "option2": "Abraham",

      "option3": "Mozes",

      "option4": "Adam",

      "answer": 4

    },

    {

      "ques_id": 2,

      "question": "Wie werd opgeslokt door een hele grote vis?",

      "option1": "Jezus",

      "option2": "Jona",

      "option3": "Samson",

      "option4": "Peter",

      "answer": 2

    },

    {

      "ques_id": 3,

      "question": "Wie is de persoon die God gebruikte om de Israëlieten uit Egypte te leiden",

      "option1": "Aaron",

      "option2": "Abraham",

      "option3": "Mozes",

      "option4": "Jeremia",

      "answer": 3

    },

    {

      "ques_id": 4,

      "question": "Wie was de persoon die Goliath heeft vermoord",

      "option1": "David",

      "option2": "Saul",

      "option3": "Salomo",

      "option4": "Jonathan",

      "answer":1

    },

    {

      "ques_id": 5,

      "question": "Wie was de eerste koning van Israël?",

      "option1": "David",

      "option2": "Saul",

      "option3": "Salomo",

      "option4": "Mozes",

      "answer": 2

    },

    {

      "ques_id": 6,

      "question": "Welk beroep had Jezus voorafgaand aan zijn bediening",

      "option1": "Speelgoedmaker",

      "option2": "Visser",

      "option3": "Wijngaardhouder",

      "option4": "Timmerman",

      "answer": 4

    },

    {

      "ques_id": 7,

      "question": "Wat is de naam van de stad waarin Jezus werd geboren?",

      "option1": "Jeruzalem",

      "option2": "Bethlehem",

      "option3": "Galilea",

      "option4": "Nazareth",

      "answer": 2

    },

    {

      "ques_id": 8,

      "question": "Wat is de naam van de zee waarop Jezus liep",

      "option1": "Zee van Galilea",

      "option2": "Dode zee",

      "option3": "Lees zee",

      "option4": "Middellandse Zee",

      "answer":1

    },

    {

      "ques_id": 9,

      "question": "Wat is de naam van de rivier waarin Johannes de Doper mensen doopte?",

      "option1": "Eufraat",

      "option2": "Nijl",

      "option3": "Jordanië",

      "option4": "Tigris",

      "answer": 3

    },

    {

      "ques_id": 10,

      "question": "Wat is de naam van de broer van Andreas? (Beiden waren discipelen)",

      "option1": "Peter",

      "option2": "Jan",

      "option3": "James",

      "option4": "Adam",

      "answer":1

    },

    {

      "ques_id": 11,

      "question": "Wat was de naam van Jezus Moeder?",

      "option1": "Maria",

      "option2": "Martha",

      "option3": "Zipora",

      "option4": "Sarah",

      "answer":1

    },

    {

      "ques_id": 12,

      "question": "Wat was de naam van de tuin waar Adam en Eva woonden?",

      "option1": "Land van Nod",

      "option2": "Tuin van Eden",

      "option3": "Bethlehem",

      "option4": "Tuin van de Vallei",

      "answer": 2

    },

    {

      "ques_id": 13,

      "question": "Met welk voedsel voedde Jezus 5.000 mensen",

      "option1": "Wijn",

      "option2": "Brood en wijn",

      "option3": "Brood en vis",

      "option4": "Water",

      "answer": 3

    },

    {

      "ques_id": 14,

      "question": "Welke methode gebruikten de Romeinen om Jezus te doden?",

      "option1": "Gestenigd",

      "option2": "Crematie",

      "option3": "Kruisiging",

      "option4": "Opgehangen",

      "answer": 3

    },

    {

      "ques_id": 15,

      "question": "Hoeveel manden waren er over van het voeren van de 5000?",

      "option1": "7",

      "option2": "8",

      "option3": "10",

      "option4": "12",

      "answer":1,

      "reference": "Matheüs 15:13"

    },

    {

      "ques_id": 16,

      "question": "Welke discipel vond een munt in de mond van een vis?",

      "option1": "Andries",

      "option2": "Paul",

      "option3": "Peter",

      "option4": "Timotheüs",

      "answer": 3,

      "reference": "Matheüs 1:24-27"

    },

    {

      "ques_id": 17,

      "question": "In welk bijbelboek lezen we over Haman",

      "option1": "Exodus",

      "option2": "Esther",

      "option3": "Ruth",

      "option4": "Maleachi",

      "answer": 2,

      "reference": "Esther 3"

    },

    {

      "ques_id": 18,

      "question": "Noem de vrouw van koning Agrippa, die Paulus eerder voor de rechter stond",

      "option1": "Bernince",

      "option2": "Herodes",

      "option3": "Agag",

      "option4": "Ciaphas",

      "answer":1,

      "reference": "Handelingen 25:23"

    },

    {

      "ques_id": 19,

      "question": "Hoe oud werd Henoch",

      "option1": "400",

      "option2": "350",

      "option3": "230",

      "option4": "365",

      "answer": 4,

      "reference": "Genesis 5:23"

    },

    {

      "ques_id": 20,

      "question": "Hoeveel jaren heeft God toegevoegd aan het leven van koning Hizkia in antwoord op het gebed van de stervende koningen?",

      "option1": "20",

      "option2": "15",

      "option3": "100",

      "option4": "50",

      "answer": 2,

      "reference": "2 Koningen 20:6"

    }

  ],

  "Enthousiasteling": [

    {

      "ques_id": 1,

      "question": "Wie was de vader van Isaac?",

      "option1": "Abraham",

      "option2": "Jacob",

      "option3": "Ezau",

      "option4": "Peleq",

      "answer":1

    },

    {

      "ques_id": 2,

      "question": "Wie was de vader van Rehabeam?",

      "option1": "David",

      "option2": "Nimrod",

      "option3": "Abimelech",

      "option4": "Solomon",

      "answer": 4

    },

    {

      "ques_id": 3,

      "question": "Wie was de vader van Methusalem?",

      "option1": "Elia",

      "option2": "Enock",

      "option3": "Seth",

      "option4": "Jared",

      "answer": 2

    },

    {

      "ques_id": 4,

      "question": "Wie heeft Johannes de Doper vermoord?",

      "option1": "Caesar",

      "option2": "Pilate",

      "option3": "Herold",

      "option4": "Kajafas",

      "answer": 3

    },

    {

      "ques_id": 5,

      "question": "Wie was de eerste persoon die werd gedood omdat hij in Christus geloofde?",

      "option1": "Peter",

      "option2": "Jan",

      "option3": "Barnabas",

      "option4": "Stephan",

      "answer": 4

    },

    {

      "ques_id": 6,

      "question": "Waar ging Saulus heen toen hij Jezus zag?",

      "option1": "Damascus",

      "option2": "Griekenland",

      "option3": "Rome",

      "option4": "Jeruzalem",

      "answer":1

    },

    {

      "ques_id": 7,

      "question": "Waar bracht Jezus het grootste deel van zijn leven door op aarde?",

      "option1": "Jeruzalem",

      "option2": "Nazareth",

      "option3": "Olijfberg",

      "option4": "Egypte",

      "answer": 2

    },

    {

      "ques_id": 8,

      "question": "Welke Psalm begint, 'De Heer is mijn herder?'",

      "option1": "Psalm 91",

      "option2": "Psalm 1",

      "option3": "Psalm 104",

      "option4": "Psalm 23",

      "answer": 4

    },

    {

      "ques_id": 9,

      "question": "Wat was het beroep van Paulus toen hij als missionaris reisde?",

      "option1": "Herder",

      "option2": "Verkoper van Paars",

      "option3": "Tentmaker",

      "option4": "Schrijf",

      "answer": 3

    },

    {

      "ques_id": 10,

      "question": "Wat is de naam van het eiland waarop Barnabas leefde?",

      "option1": "Griekenland",

      "option2": "Cyprus",

      "option3": "Rhodos",

      "option4": "Paaseiland",

      "answer": 2

    },

    {

      "ques_id": 11,

      "question": "Toen hij werd benaderd door Jezus, die zei: 'Wat heb je met mij te maken, Jezus, Zoon van de Allerhoogste God? Ik bezweer je bij God, kwel me niet'.?",

      "option1": "Legioen",

      "option2": "Terah",

      "option3": "Ruben",

      "option4": "Belsazar",

      "answer":1

    },

    {

      "ques_id": 12,

      "question": "Welke vogel zegt Jezus dat we meer waard zijn dan?",

      "option1": "Adelaar",

      "option2": "Gier",

      "option3": "Mus",

      "option4": "Duif",

      "answer": 3

    },

    {

      "ques_id": 13,

      "question": "Welke twee zussen trouwden met Jacob?",

      "option1": "Dorcas en Leah",

      "option2": "Mariam en Rachel",

      "option3": "Rachel en Leah",

      "option4": "Sarai en Hannah",

      "answer": 3

    },

    {

      "ques_id": 14,

      "question": "Naar welk land zond God Abraham om zijn speciale zoon Isaak te offeren?",

      "option1": "Canaan",

      "option2": "Macedonië",

      "option3": "Cyprus",

      "option4": "Moria",

      "answer": 4

    },

    {

      "ques_id": 15,

      "question": "Welke profetes van de Heer heeft koning Josia van Juda geraadpleegd",

      "option1": "Debora",

      "option2": "Hoera",

      "option3": "Naom",

      "option4": "Ruth",

      "answer": 2,

      "reference": "2 Koningen 22:12-16"

    },

    {

      "ques_id": 16,

      "question": "Noem de eerstgeboren zoon van Samuel?",

      "option1": "Jozua",

      "option2": "Joël",

      "option3": "Jonathan",

      "option4": "Jozef",

      "answer": 2,

      "reference": "1 Samnuel 8:2"

    },

    {

      "ques_id": 17,

      "question": "Wat was de naam van de vrouw van koning Saul?",

      "option1": "Boam",

      "option2": "Genade",

      "option3": "Ahinoam",

      "option4": "Noam",

      "answer": 3,

      "reference": "1 Samuël 14:50"

    },

    {

      "ques_id": 18,

      "question": "Wat is er nodig voor iemand om Gods woord te begrijpen?",

      "option1": "Gebed",

      "option2": "Liefde",

      "option3": "Heilige geest",

      "option4": "Engelen",

      "answer": 3,

      "reference": "1 Korintiërs 2:11"

    },

    {

      "ques_id": 19,

      "question": "Wie heeft volgens Paulus hem geoordeeld?",

      "option1": "Satan",

      "option2": "God",

      "option3": "Vriend",

      "option4": "Peter",

      "answer": 2,

      "reference": "1 Korintiërs 4:4"

    },

    {

      "ques_id": 20,

      "question": "________ uitgesteld maakt het hart ziek?",

      "option1": "Vertrouwen",

      "option2": "Hoop",

      "option3": "Liefde",

      "option4": "Gebeden",

      "answer": 2,

      "reference": "Spreuken 13:12"

    }

  ],

  "Gevorderde": [

    {

      "ques_id": 1,

      "question": "Wie was de vrouw van Mozes??",

      "option1": "Elisheba",

      "option2": "Rebecca",

      "option3": "Mariam",

      "option4": "Zipora",

      "answer": 4

    },

    {

      "ques_id": 2,

      "question": "Wie was de tweede vrouw van Abraham?",

      "option1": "Esther",

      "option2": "Keturah",

      "option3": "Hagar",

      "option4": "Lydia",

      "answer": 2

    },

    {

      "ques_id": 3,

      "question": "Hoeveel hoofdstukken bevat de Bergrede?",

      "option1": "1",

      "option2": "2",

      "option3": "3",

      "option4": "7",

      "answer": 3

    },

    {

      "ques_id": 4,

      "question": "Hoe vaak marcheerde Israël om Jericho?",

      "option1": "13",

      "option2": "7",

      "option3": "70",

      "option4": "12",

      "answer":1

    },

    {

      "ques_id": 5,

      "question": "Hoe lang is een el?",

      "option1": "ongeveer 12 inch",

      "option2": "12 mm",

      "option3": "ongeveer 18 inch",

      "option4": "ongeveer 36 inch",

      "answer": 3

    },

    {

      "ques_id": 6,

      "question": "Waar ging Kaïn heen nadat hij Abel had vermoord?",

      "option1": "Tuin van Eden",

      "option2": "Land van Nod",

      "option3": "Grotten van Qumran",

      "option4": "Mt. Ararat",

      "answer": 2

    },

    {

      "ques_id": 7,

      "question": "Wie was de zoon van Kish?",

      "option1": "Noach",

      "option2": "Apostel Paulus",

      "option3": "Abraham",

      "option4": "Koning Saul",

      "answer": 4

    },

    {

      "ques_id": 8,

      "question": "Waar woonde Rachab?",

      "option1": "Jericho",

      "option2": "Jeruzalem",

      "option3": "Nineve",

      "option4": "Ai",

      "answer":1

    },

    {

      "ques_id": 9,

      "question": "Waar woonde Dorcas?",

      "option1": "Bethel",

      "option2": "Joppe",

      "option3": "Caesarea",

      "option4": "Antiochië",

      "answer": 2

    },

    {

      "ques_id": 10,

      "question": "Waar is de 'Straat genaamd Rechte'",

      "option1": "Jeruzalem",

      "option2": "Rome",

      "option3": "Babylon",

      "option4": "Damascus",

      "answer": 4

    },

    {

      "ques_id": 11,

      "question": "Nadat hij voor zijn leven was gevlucht, onder welke boom sliep Elia",

      "option1": "Eik",

      "option2": "Dennenboom",

      "option3": "Jeneverbes",

      "option4": "Vuren",

      "answer": 3,

      "reference": "1 Koningen 19:5"

    },

    {

      "ques_id": 12,

      "question": "Judas heeft Jezus verraden voor precies hoeveel zilverstukken?",

      "option1": "30",

      "option2": "20",

      "option3": "50",

      "option4": "10",

      "answer":1,

      "reference": "Mathew 26:15"

    },

    {

      "ques_id": 13,

      "question": "Naam Davids vader",

      "option1": "Oman",

      "option2": "Jesse",

      "option3": "Jozua",

      "option4": "Solomon",

      "answer": 2,

      "reference": "1Samuel 1:12"

    },

    {

      "ques_id": 14,

      "question": "God wordt niet genoemd in slechts 1 boek van de Bijbel",

      "option1": "Esther",

      "option2": "Ruth",

      "option3": "Maleachi",

      "option4": "Exodus",

      "answer":1,

      "reference": "Esther"

    },

    {

      "ques_id": 15,

      "question": "Voor hoeveel zilverstukken werden Jozua door zijn broers aan de Ismeelieten verkocht",

      "option1": "50",

      "option2": "12",

      "option3": "20",

      "option4": "100",

      "answer": 3,

      "reference": "Genesis 37:28"

    },

    {

      "ques_id": 16,

      "question": "Hoeveel apostelen heeft Jezus gekozen",

      "option1": "12",

      "option2": "14",

      "option3": "10",

      "option4": "08",

      "answer":1,

      "reference": "Lucas 6:13"

    },

    {

      "ques_id": 17,

      "question": "De engel zei tegen Maria dat Jezus zou heersen over het huis waarvan het karakter uit het Oude Testament",

      "option1": "David",

      "option2": "Jacob",

      "option3": "Abraham",

      "option4": "Mozes",

      "answer":2,

      "reference": "Lucas 1:13"

    },

    {

      "ques_id": 18,

      "question": "Welke profeet zei: 'Uit Egypte heb ik mijn zoon geroepen'?",

      "option1": "Jeremia",

      "option2": "Jesaja",

      "option3": "Hosea",

      "option4": "Ezechiël",

      "answer": 3,

      "reference": "Hosea 11:1"

    },

    {

      "ques_id": 19,

      "question": "Welk type boom vervloekte Jezus?",

      "option1": "Afb",

      "option2": "Wijngaard",

      "option3": "Dennenboom",

      "option4": "eiken",

      "answer":1,

      "reference": "Markus 11:12-14"

    },

    {

      "ques_id": 20,

      "question": "Wie heeft Saul een medium voor hem gequestiond",

      "option1": "Eli",

      "option2": "Nathan",

      "option3": "Samuel",

      "option4": "David",

      "answer": 3,

      "reference": "1 samuel 28:11"

    }

  ],

  "Professioneel": [

    {

      "ques_id": 1,

      "question": "Wie droeg het kruis voor Christus?",

      "option1": "Philip",

      "option2": "Simon van Cyrene",

      "option3": "Achab",

      "option4": "Micha",

      "answer": 2

    },

    {

      "ques_id": 2,

      "question": "Hoeveel metgezellen gaven de Filistijnen aan Simson op het feest in Timna?",

      "option1": "30",

      "option2": "31",

      "option3": "32",

      "option4": "33",

      "answer":1

    },

    {

      "ques_id": 3,

      "question": "Hoe oud was Anna de profetes toen ze Jezus zag?",

      "option1": "83",

      "option2": "84",

      "option3": "88",

      "option4": "92",

      "answer": 2

    },

    {

      "ques_id": 4,

      "question": "Wat gaf de koningin van Sheba aan Salomo?",

      "option1": "(124 talenten) goud, specerijen en edelstenen",

      "option2": "(120 talenten) goud, specerijen en edelstenen",

      "option3": "(18 talenten) goud, specerijen en edelstenen",

      "option4": "(221 talenten) goud, specerijen en edelstenen",

      "answer": 2

    },

    {

      "ques_id": 5,

      "question": "Hoeveel boeken zijn er in het Oude Testament?",

      "option1": "37",

      "option2": "38",

      "option3": "39",

      "option4": "40",

      "answer": 3

    },

    {

      "ques_id": 6,

      "question": "In hoeveel rivieren splitste de rivier in Eden zich toen ze de tuin verliet?",

      "option1": "4",

      "option2": "3",

      "option3": "6",

      "option4": "8",

      "answer":1

    },

    {

      "ques_id": 7,

      "question": "Wat wilde Jozef doen toen hij ontdekte dat Maria zwanger was?",

      "option1": "Gooi een feestje",

      "option2": "Van haar scheiden",

      "option3": "Rennen",

      "option4": "Geen van bovenstaande",

      "answer": 2

    },

    {

      "ques_id": 8,

      "question": "Welke kleur had het kleed van de Hogepriester?",

      "option1": "Blauw",

      "option2": "Wit",

      "option3": "Groen",

      "option4": "Rood",

      "answer":1

    },

    {

      "ques_id": 9,

      "question": "Wat zei Boaz dat Naomi verkocht?",

      "option1": "Een perceel grond",

      "option2": "Goud",

      "option3": "Haar kind",

      "option4": "Voedsel",

      "answer":1

    },

    {

      "ques_id": 10,

      "question": "In de gelijkenis van de schuldenaars was de een 500 denarii (pence) schuldig, maar hoeveel was de ander schuldig",

      "option1": "70",

      "option2": "50",

      "option3": "45",

      "option4": "80",

      "answer": 2

    },

    {

      "ques_id": 11,

      "question": "Hoeveel van Elia's geest ontving Elisa?",

      "option1": "Weinig",

      "option2": "Enkele portie",

      "option3": "Gezond",

      "option4": "Dubbele portie",

      "answer": 4

    },

    {

      "ques_id": 12,

      "question": "Wat was er ongewoon aan de 700 Benjaminieten die elke keer een steen konden slingeren en hun doel konden raken?",

      "option1": "Ze waren allemaal linkshandig",

      "option2": "Ze leken allemaal op elkaar",

      "option3": "Ze hadden geen schoenen",

      "option4": "Geen van bovenstaande",

      "answer":1

    },

    {

      "ques_id": 13,

      "question": "Welke relatie was Annas met Kajafas?",

      "option1": "Broer",

      "option2": "Oom",

      "option3": "Neven",

      "option4": "Schoonvader",

      "answer": 4

    },

    {

      "ques_id": 14,

      "question": "Wat moet je niet 'voor de zwijnen gooien'",

      "option1": "Kiezels",

      "option2": "Stenen",

      "option3": "Parels",

      "option4": "Plak",

      "answer": 3

    },

    {

      "ques_id": 15,

      "question": "Wanneer in de gevangenis, hoe laat baden en zongen Paulus en Silas voor God?",

      "option1": "Ochtend",

      "option2": "Middag",

      "option3": "Avond",

      "option4": "Middernacht",

      "answer": 4

    },

    {

      "ques_id": 16,

      "question": "Wat aten Daniël en zijn drie vrienden in plaats van het vlees en de drank van de koning?",

      "option1": "Brood",

      "option2": "Wijn en brood",

      "option3": "Pulsen en water",

      "option4": "Niets",

      "answer": 3

    },

    {

      "ques_id": 17,

      "question": "Wat is de naam van de neef van Jezus, zes maanden voor hem geboren?",

      "option1": "Jan",

      "option2": "Peter",

      "option3": "Paul",

      "option4": "Michael",

      "answer":1

    },

    {

      "ques_id": 18,

      "question": "In welke stad woonde koning Herodes ten tijde van Jezus' geboorte?",

      "option1": "Jeruzalem",

      "option2": "Rome",

      "option3": "Babylon",

      "option4": "Bethlehem",

      "answer":1

    },

    {

      "ques_id": 19,

      "question": "Hoeveel plagen zond God over Egypte?",

      "option1": "4",

      "option2": "8",

      "option3": "10",

      "option4": "12",

      "answer": 3

    },

    {

      "ques_id": 20,

      "question": "Voor hoeveel zilverstukken heeft Judas Christus verraden?",

      "option1": "20",

      "option2": "30",

      "option3": "40",

      "option4": "50",

      "answer": 2

    },

    {

      "ques_id": 21,

      "question": "Hoeveel dagen verscheen Jezus aan zijn discipelen na zijn opstanding?",

      "option1": "30",

      "option2": "7",

      "option3": "40",

      "option4": "11",

      "answer": 3

    },

    {

      "ques_id": 22,

      "question": "Hoeveel kerken van Klein-Azië werden vermeld in Openbaring?",

      "option1": "7",

      "option2": "8",

      "option3": "9",

      "option4": "10",

      "answer":1

    }

  ],

  "Genie": [

    {

      "ques_id": 1,

      "question": "Wie was de zoon van Eleazar, de zoon van Aaron?",

      "option1": "Putiel",

      "option2": "Korah",

      "option3": "Phinehas",

      "option4": "Izhar",

      "answer": 3

    },

    {

      "ques_id": 2,

      "question": "Wie was de zoon van Omri, de koning van Israël?",

      "option1": "Achab",

      "option2": "Joram",

      "option3": "Zimri",

      "option4": "Ginath",

      "answer":1

    },

    {

      "ques_id": 3,

      "question": "Wie was de echtgenoot van Naomi uit het boek Ruth?",

      "option1": "Boaz",

      "option2": "Elkanah",

      "option3": "Obed",

      "option4": "Elimelech",

      "answer": 4

    },

    {

      "ques_id": 4,

      "question": "Hoeveel letters heeft de langste naam in de Bijbel?",

      "option1": "16",

      "option2": "18",

      "option3": "22",

      "option4": "25",

      "answer": 2

    },

    {

      "ques_id": 5,

      "question": "Wie heeft Sisera vermoord?",

      "option1": "David",

      "option2": "Achab",

      "option3": "Saul",

      "option4": "Jaël",

      "answer": 4

    },

    {

      "ques_id": 6,

      "question": "Hoe breed was de ark van Noach?",

      "option1": "35 el",

      "option2": "50 el",

      "option3": "75 el",

      "option4": "90 el",

      "answer": 2

    },

    {

      "ques_id": 7,

      "question": "Hoe breed was de Ark des Verbonds?",

      "option1": "1,5 el",

      "option2": "2 el",

      "option3": "3 el",

      "option4": "1 el",

      "answer":1

    },

    {

      "ques_id": 8,

      "question": "Wat was de naam van Elisa's dienaar?",

      "option1": "Jehoram",

      "option2": "Shaphat",

      "option3": "Gehazi",

      "option4": "Hazael",

      "answer": 3

    },

    {

      "ques_id": 9,

      "question": "Wat was de naam van de beroemde leraar van Paul?",

      "option1": "Justus",

      "option2": "Gamaliël",

      "option3": "Kajafas",

      "option4": "Socrates",

      "answer": 2

    },

    {

      "ques_id": 10,

      "question": "Welke rechter van Israël is geboren in Bethlehem?",

      "option1": "David",

      "option2": "Ibzan",

      "option3": "Deborah",

      "option4": "Gideon",

      "answer": 2

    },

    {

      "ques_id": 11,

      "question": "Toen hij werd benaderd door Jezus, die zei: 'Wat heb je met mij te maken, Jezus, Zoon van de Allerhoogste God? Ik bezweer je bij God, kwel me niet'.?",

      "option1": "Legioen",

      "option2": "Terah",

      "option3": "Ruben",

      "option4": "Belsazar",

      "answer":1

    },

    {

      "ques_id": 12,

      "question": "Welke vogel zegt Jezus dat we meer waard zijn dan?",

      "option1": "Adelaar",

      "option2": "Gier",

      "option3": "Mus",

      "option4": "Duif",

      "answer": 3

    },

    {

      "ques_id": 13,

      "question": "Welke twee zussen trouwden met Jacob?",

      "option1": "Dorcas en Leah",

      "option2": "Mariam en Rachel",

      "option3": "Rachel en Leah",

      "option4": "Sarai en Hannah",

      "answer": 3

    },

    {

      "ques_id": 14,

      "question": "Naar welk land zond God Abraham om zijn speciale zoon Isaak te offeren?",

      "option1": "Canaan",

      "option2": "Macedonië",

      "option3": "Cyprus",

      "option4": "Moria",

      "answer": 4

    },

    {

      "ques_id": 15,

      "question": "Van welke Psalm is het vers 'Hij laat me neerliggen in groene weiden, hij leidt me langs stille wateren',' van?",

      "option1": "25",

      "option2": "22",

      "option3": "30",

      "option4": "23",

      "answer": 4,

      "reference": "Psalm 23;2"

    },

    {

      "ques_id": 16,

      "question": "De angst voor de heer is het begin van ........ ",

      "option1": "Kennis",

      "option2": "Wijsheid",

      "option3": "Geld",

      "option4": "Liefde",

      "answer":1,

      "reference": ""

    },

    {

      "ques_id": 17,

      "question": "Tegen welke stad zei de Heer tegen Jona te prediken?",

      "option1": "Jeruzalem",

      "option2": "Nineve",

      "option3": "Babylon",

      "option4": "Juda",

      "answer": 2,

      "reference": "Jona 1:2"

    },

    {

      "ques_id": 18,

      "question": "Welke van deze boeken [Filippenzen, Kolossenzen, Galaten of Efeziërs] komt eerst in de bijbel",

      "option1": "Kolossenzen",

      "option2": "Galaten",

      "option3": "Efeziërs",

      "option4": "Filipijnen",

      "answer": 2,

      "reference": "Nieuwe testament, brieven van Paulus"

    },

    {

      "ques_id": 19,

      "question": "Hoeveel hoofdstukken heeft het boek Hebreeën?",

      "option1": "13",

      "option2": "15",

      "option3": "10",

      "option4": "16",

      "answer":1,

      "reference": "Hebreeën 1-13"

    },

    {

      "ques_id": 20,

      "question": "Wat is de naam van de stormwinden die Kreta kunnen raken?",

      "option1": "Moonsoon",

      "option2": "Euroklydon",

      "option3": "Overloop",

      "option4": "Geen van bovenstaande",

      "answer": 2,

      "reference": "Handelingen 2:14"

    }

  ],

  "Expert": [

    {

      "ques_id": 1,

      "question": "Wie van hen was geen koning van Israël of Juda",

      "option1": "Sennacherib",

      "option2": "Jojachim",

      "option3": "Zedekia",

      "option4": "David",

      "answer":1

    },

    {

      "ques_id": 2,

      "question": "Wie heeft Simson overgehaald om het geheim van de grote kracht te onthullen",

      "option1": "Dinah",

      "option2": "Ruth",

      "option3": "Delilah",

      "option4": "Martha",

      "answer": 3

    },

    {

      "ques_id": 3,

      "question": "En uw hemel, die boven uw hoofd is, zal _____ zijn, en de aarde die onder u is, zal van ijzer zijn",

      "option1": "Messing",

      "option2": "Staal",

      "option3": "Zilver",

      "option4": "Goud",

      "answer":1

    },

    {

      "ques_id": 4,

      "question": "Waar kan men de woorden vinden: Vertrouw op Jehovah met heel je hart en steun niet op je eigen inzicht ",

      "option1": "Spreuken 3:5",

      "option2": "Spreuken 5:3",

      "option3": "Spreuken 35:3",

      "option4": "Spreuken 4:3",

      "answer":1

    },

    {

      "ques_id": 5,

      "question": "welke discipel heeft Jezus drie keer verloochend",

      "option1": "Peter",

      "option2": "Andries",

      "option3": "Jan",

      "option4": "Judas",

      "answer":1

    },

    {

      "ques_id": 6,

      "question": "De herinnering aan de rechtvaardige is gezegend: maar de naam van de goddeloze zal",

      "option1": "Winnen",

      "option2": "Rot",

      "option3": "Bloei",

      "option4": "bloeien",

      "answer": 2

    },

    {

      "ques_id": 7,

      "question": "Voordat Jezus begon te prediken, wat was zijn taak?",

      "option1": "timmerman",

      "option2": "geleerde",

      "option3": "Dokter",

      "option4": "Leraar",

      "answer":1

    },

    {

      "ques_id": 8,

      "question": "Zoan werd in de bijbel gebruikt als parallel voor welk volk'",

      "option1": "Egypte",

      "option2": "Assyrië",

      "option3": "Babylon",

      "option4": "Sinaï",

      "answer":1

    },

    {

      "ques_id": 9,

      "question": "Welk karakter uit het Oude Testament toonde zijn geloof door bereid te zijn zijn zoon op een altaar aan God aan te bieden",

      "option1": "Noach",

      "option2": "Abraham",

      "option3": "shealtiel",

      "option4": "Mozes",

      "answer": 2

    },

    {

      "ques_id": 10,

      "question":"Wat deden de matrozen van het schip Jonah om hun overlevingskansen te vergroten",

      "option1": "Ze zeilden naar het noorden",

      "option2": "De lading overboord gegooid",

      "option3": "Smekte God om vergiffenis",

      "option4": "Geen van bovenstaande",

      "answer": 2

    },

    {

      "ques_id": 11,

      "question": "Wat deed Esau terwijl Jacob zijn zegen stal?",

      "option1": "Jagen",

      "option2": "Landbouw",

      "option3": "Vissen",

      "option4": "Reizen",

      "answer":1

    },

    {

      "ques_id": 12,

      "question": "Wie liep sneller van de berg Karmel naar Samaria dan Achab zijn wagen kon besturen?",

      "option1": "Elisa",

      "option2": "Gehazi",

      "option3": "Elia",

      "option4": "Amos",

      "answer": 3

    },

    {

      "ques_id": 13,

      "question": "Wat deed God op de zevende dag, na ?",

      "option1": "Gerust",

      "option2": "Gemaakte mensen",

      "option3": "Hij wees de mens toe om voor zijn creaties te zorgen",

      "option4": "Gemaakte vogels",

      "answer":1

    },

    {

      "ques_id": 14,

      "question": "Wie beweerde dat het gouden kalf gewoon uit het vuur kwam?",

      "option1": "Jozua",

      "option2": "Aaron",

      "option3": "Miriam",

      "option4": "Debora",

      "answer": 42

    },

    {

      "ques_id": 15,

      "question": "Waar vroeg koning Salomo om toen God in een droom aan hem verscheen ",

      "option1": "Lange levensduur en kennis",

      "option2": "Wijsheid [te oordelen tussen goed en kwaad]",

      "option3": "Rijkdom",

      "option4": "Geld",

      "answer": 2

    },

    {

      "ques_id": 16,

      "question": "Maak het spreekwoordelijke gezegde af; Iedereen die dwaas is, wordt wanneer zwijgen wordt beschouwd als -------?",

      "option1": "Vredig",

      "option2": "Stom",

      "option3": "Verstandig",

      "option4": "Arrogant",

      "answer": 3

    },

    {

      "ques_id": 17,

      "question": "Hoe moet men het koninkrijk van God ontvangen?",

      "option1": "Met verborgen motieven",

      "option2": "Als een kind",

      "option3": "Met trots",

      "option4": "Via agenten",

      "answer": 2

    },

    {

      "ques_id": 18,

      "question": "Wat was de naam van Abrahams eerste vrouw",

      "option1": "Sarah",

      "option2": "Miriam",

      "option3": "Roda",

      "option4": "Ruth",

      "answer":1

    },

    {

      "ques_id": 19,

      "question": "Koning Saul was ongehoorzaam aan Jehovah's bevel en spaarde het leven van wat de Amelekiese koning was",

      "option1": "Balak",

      "option2": "Dagon",

      "option3": "Agag",

      "option4": "Nathan",

      "answer": 3

    },

    {

      "ques_id": 20,

      "question": "Waarop werden de Tien Geboden geschreven. ",

      "option1": "Twee rollen",

      "option2": "Twee stenen tabletten",

      "option3": "De muren van Jericho",

      "option4": "Twee boeken",

      "answer":1

    }

  ],

  "Meester": [

    {

      "ques_id": 1,

      "question": "Over wie werd opgetekend dat 'allen in hun hart redeneerden'; Mag hij misschien de christus zijn?",

      "option1": "Elia",

      "option2": "Jan",

      "option3": "Maleachi",

      "option4": "Peter",

      "answer": 2

    },

    {

      "ques_id": 2,

      "question": "Wat zijn de namen van de ouders van Jozef",

      "option1": "Jacob en Rebeka",

      "option2": "Jacob en Leah",

      "option3": "Jacob en Rachel",

      "option4": "Jacob en Ruth",

      "answer": 3

    },

    {

      "ques_id": 3,

      "question": "Van alle mensen die in de bijbel worden genoemd, welke leefde het langst?",

      "option1": "Methusalem",

      "option2": "JJared",

      "option3": "Abraham",

      "option4": "Adam",

      "answer":1

    },

    {

      "ques_id": 4,

      "question": "Wat zei Jezus tegen degenen die de overspelige vrouw beschuldigden?",

      "option1": "Zie, er is niemand rechtvaardig",

      "option2": "Wie zonder zonde is, werpe eerst een steen",

      "option3": "Wee u die deze vrouw beschuldigt",

      "option4": "dood haar",

      "answer": 2

    },

    {

      "ques_id": 5,

      "question": "Naar welke stad zullen alle naties op een dag gaan om God te aanbidden?",

      "option1": "Damascus",

      "option2": "Jeruzalem",

      "option3": "Cilicia",

      "option4": "Juda",

      "answer": 2

    },

    {

      "ques_id": 6,

      "question": "Wie van Davids nakomelingen zal voor altijd regeren",

      "option1": "Rehoboam",

      "option2": "Jezus",

      "option3": "Salomo",

      "option4": "Jerobeam",

      "answer": 2

    },

    {

      "ques_id": 7,

      "question": "Wie was Timothy's vrome moeder",

      "option1": "Loïs",

      "option2": "Phoebe",

      "option3": "Eunice",

      "option4": "Magdalena",

      "answer": 3

    },

    {

      "ques_id": 8,

      "question": "Waarom keerde koning Salomo zich van God af toen hij oud was",

      "option1": "Zijn buitenlandse vrouwen keerden zijn hart naar andere goden",

      "option2": "Hij werd trots",

      "option3": "Hij hield meer van vrouwen dan van God",

      "option4": "Hij aanbad afgoden",

      "answer":1

    },

    {

      "ques_id": 9,

      "question": "Wie vluchtte naar de tent van Jehovah voor veiligheid, maar werd daar toch vermoord?",

      "option1": "Joab",

      "option2": "Saul",

      "option3": "Ammon",

      "option4": "Ezau",

      "answer":1

    },

    {

      "ques_id": 10,

      "question": "Welke koning droomde van een groot standbeeld van een man gemaakt van verschillende metalen",

      "option1": "Achab",

      "option2": "David",

      "option3": "malach",

      "option4": "Nebukadnessar",

      "answer": 4

    },

    {

      "ques_id": 11,

      "question": "Waar is de 'beste plaats om te bidden'?",

      "option1": "In je kast met de deur dicht",

      "option2": "In de kerk",

      "option3": "Op een rustige plek",

      "option4": "Onderweg",

      "answer":1

    },

    {

      "ques_id": 12,

      "question": "Waar kan men de woorden vinden: Vertrouw op Jehova met heel je hart en steun niet op je eigen inzicht?",

      "option1": "Spreuken 3:5",

      "option2": "Spreuken 35:3",

      "option3": "Spreuken 5:3",

      "option4": "Spreuken 6:4",

      "answer":1

    },

    {

      "ques_id": 13,

      "question": "Toen Jezus in de woestijn was, wat kwam hij in de verleiding om in broden te veranderen?",

      "option1": "Heuvels",

      "option2": "Rotsen",

      "option3": "Stenen",

      "option4": "Bodem",

      "answer": 3

    },

    {

      "ques_id": 14,

      "question": "Wat was er speciaal aan Ehud [een rechter over Israël die Elgon de koning van Moab vermoordde",

      "option1": "Hij was erg jong",

      "option2": "Hij was linkshandig",

      "option3": "Hij was blind",

      "option4": "Hij was erg oud",

      "answer": 2

    },

    {

      "ques_id": 15,

      "question": "Wat gebeurde er met de stad Jericho nadat de priester op hun trompetten blies",

      "option1": "De mensen vluchtten naar een ander land",

      "option2": "De dieren stierven",

      "option3": "Muren vielen naar beneden",

      "option4": "Mensen zijn gemigreerd",

      "answer": 3

    },

    {

      "ques_id": 16,

      "question": "Volgens Johannes 1:1, wat was er in het begin bij God",

      "option1": "Het Woord",

      "option2": "Een engel",

      "option3": "Jezus",

      "option4": "Jan",

      "answer":1

    },

    {

      "ques_id": 17,

      "question": "Hoeveel Psalmen staan ​​er in het boek der Psalmen?",

      "option1": "150",

      "option2": "170",

      "option3": "120",

      "option4": "190",

      "answer":1

    },

    {

      "ques_id": 18,

      "question": "Niet iedereen die tegen mij zegt 'Heer, Heer', zal het koninkrijk der hemelen binnengaan. Wie zal dan zijn koninkrijk binnengaan",

      "option1": "Hij die de wil van God doet",

      "option2": "Hij die wonderen verricht",

      "option3": "Hij die zich laat dopen",

      "option4": "Hij die het woord van God predikt",

      "answer":1

    },

    {

      "ques_id": 19,

      "question": "Wie was de eerste koning van de 10 stammen van Israël?",

      "option1": "Jerobeam",

      "option2": "Rehoboth",

      "option3": "Joab",

      "option4": "Rehaboam",

      "answer":1

    },

    {

      "ques_id": 20,

      "question": "Volgens Jeremia, hoeveel jaar moest de natie Israël onder de koning van Babylon gevangen blijven?",

      "option1": "120 jaar",

      "option2": "40 jaar",

      "option3": "70 jaar",

      "option4": "80 jaar",

      "answer": 3

    }

  ],

  "Grootmeester": [

    {

      "ques_id": 1,

      "question": "In welke rivier moest Naäman zich wassen om van melaatsheid af te komen?",

      "option1": "Nijl",

      "option2": "Jordanië",

      "option3": "Galilea",

      "option4": "Bijbel zegt niet",

      "answer": 2

    },

    {

      "ques_id": 2,

      "question": "Wie was de vader van Rehabeam?",

      "option1": "David",

      "option2": "Nimrod",

      "option3": "Abimelech",

      "option4": "Solomon",

      "answer": 4

    },

    {

      "ques_id": 3,

      "question": "Hoe lang regeerde David als koning?",

      "option1": "Dertig jaar",

      "option2": "Veertig jaar",

      "option3": "Vijfentwintig jaar",

      "option4": "Tachtig jaar",

      "answer": 2

    },

    {

      "ques_id": 4,

      "question": "In Jezus' uitleg van de gelijkenis van de zaaier wat wordt voorgesteld door het zaad",

      "option1": "Geloof",

      "option2": "Het woord van God",

      "option3": "Jezus",

      "option4": "Liefde",

      "answer": 2

    },

    {

      "ques_id": 5,

      "question": "Welke plant is 'de minste van alle zaden, maar als hij wordt gekweekt, is hij de grootste onder de kruiden?",

      "option1": "Olijf",

      "option2": "Mosterd",

      "option3": "Eik",

      "option4": "Druif",

      "answer": 2

    },

    {

      "ques_id": 6,

      "question": "Wat was de naam van de broer van Mozes?",

      "option1": "Alphaeus",

      "option2": "Jan",

      "option3": "Aaron",

      "option4": "Jozua",

      "answer": 3

    },

    {

      "ques_id": 7,

      "question": "Uit welk deel van Adams lichaam schiep God Eva?",

      "option1": "Hart",

      "option2": "Hersenen",

      "option3": "Rib",

      "option4": "Hoofd",

      "answer": 3

    },

    {

      "ques_id": 8,

      "question": "Zacharias en Elizabeth kregen van een engel te horen dat ze een zoon zouden krijgen, hoe zou hij genoemd worden'",

      "option1": "Elia",

      "option2": "Jezus",

      "option3": "Jan",

      "option4": "James",

      "answer": 3

    },

    {

      "ques_id": 9,

      "question": "Welke belangrijke gebeurtenis is opgetekend in Genesis hoofdstuk 1 en 2",

      "option1": "Vervoer",

      "option2": "Creatie",

      "option3": "Zuivering",

      "option4": "Opoffering",

      "answer": 2

    },

    {

      "ques_id": 10,

      "question": "Wat was de relatie tussen Mozes en Korah",

      "option1": "Ze kwamen allebei uit de stam Juda",

      "option2": "Het waren broers",

      "option3": "Ze waren neven",

      "option4": "Ze waren vrienden",

      "answer": 3

    },

    {

      "ques_id": 11,

      "question": "Wat zei Naomi tegen de mensen in Bethlehem om haar te noemen",

      "option1": "Mara",

      "option2": "Naama",

      "option3": "Bathseba",

      "option4": "Maria",

      "answer":1

    },

    {

      "ques_id": 12,

      "question": "Noem het Joodse meisje dat met een Perzische koning trouwde?",

      "option1": "Naomi",

      "option2": "Deborah",

      "option3": "Esther",

      "option4": "Jude",

      "answer": 3

    },

    {

      "ques_id": 13,

      "question": "Wat symboliseren de zeven gouden kandelaars van Openbaring 1:20?",

      "option1": "Zeven gemeente",

      "option2": "Zeven engelen",

      "option3": "Zeven koningen",

      "option4": "Zeven personen",

      "answer":1

    },

    {

      "ques_id": 14,

      "question": "Waar kunnen de volgende woorden worden gevonden: 'maar God heeft de dwaze dingen van de wereld uitverkoren, om de wijzen te schande te maken?",

      "option1": "Handelingen",

      "option2": "Romeinen",

      "option3": "1 Korintiërs",

      "option4": "Jan",

      "answer": 3

    },

    {

      "ques_id": 15,

      "question": "Wat viel er bij de geboorte op aan Jacobs tweelingbroer Esau",

      "option1": "Hij had diepe, intense ogen",

      "option2": "Hij was erg knap",

      "option3": "Hij was rood en harig",

      "option4": "Hij was erg zwart",

      "answer": 3

    },

    {

      "ques_id": 16,

      "question": "Wie heeft Simsons haar afgeknipt?",

      "option1": "Zijn aartsvijand, de Hulk",

      "option2": "Delilah",

      "option3": "Een andere man",

      "option4": "Zijn vrienden",

      "answer": 2

    },

    {

      "ques_id": 17,

      "question": "Wie schreef de boeken van 1e en 2e Koningen?",

      "option1": "Elia",

      "option2": "Jeremia",

      "option3": "Gad",

      "option4": "Nathan",

      "answer": 2

    },

    {

      "ques_id": 18,

      "question": "Welke van de evangeliën komt als laatste in de Bijbel voor",

      "option1": "Nicodemus",

      "option2": "Jan",

      "option3": "Andries",

      "option4": "Mark",

      "answer": 2

    },

    {

      "ques_id": 19,

      "question": "Wat is er gebeurd met iemand wiens naam niet is gevonden in het boek des levens?",

      "option1": "Ze werden onwaardig verklaard",

      "option2": "Ze kwamen om",

      "option3": "Ze stierven",

      "option4": "Ze werden in de poel des vuurs geworpen",

      "answer": 4

    },

    {

      "ques_id": 20,

      "question": "Wie was de sterkste man die ooit heeft geleefd?",

      "option1": "Goliath",

      "option2": "Samson",

      "option3": "Jezus",

      "option4": "Agag",

      "answer": 2

    }

  ],

  "Legende": [

    {

      "ques_id": 1,

      "question": "Het boek Genesis begint met het Hebreeuwse woord 'bereshit', wat is de vertaling van dit woord in het Engels",

      "option1": "In het begin",

      "option2": "Laat er licht zijn",

      "option3": "Toen er nog niets was",

      "option4": "De heer God zei",

      "answer":1,

      "reference":"Gn 1:1"

    },

    {

      "ques_id": 2,

      "question": "Na de man in een diepe slaap te hebben gebracht, wat nam de heer God van hem om in een vrouw te bouwen",

      "option1": "Een tand",

      "option2": "Een vingernagel",

      "option3": "Een rib",

      "option4": "Een haarlok",

      "answer": 3,

      "reference":"Gn 1:2"

    },

    {

      "ques_id": 3,

      "question": "Wat zegende de heer God eerst met de woorden 'Wees vruchtbaar en vermenigvuldig u'?",

      "option1": "De eerste man en vrouw",

      "option2": "De zeedieren en vogels",

      "option3": "De planten",

      "option4": "De landdieren",

      "answer":1,

      "reference":"Gn 1:22"

    },

    {

      "ques_id": 4,

      "question": "Wie was de engel van de heer die aan Maria aankondigde dat ze zwanger zou worden en een zoon zou baren?",

      "option1": "Gabriël",

      "option2": "Michael",

      "option3": "Raphaël",

      "option4": "Zegel",

      "answer":1,

      "reference":"Lk 1:31"

    },

    {

      "ques_id": 5,

      "question": "Wat is de naam van de moeder van St. Johannes de Doper?",

      "option1": "Salome van Zebedeüs",

      "option2": "Elizabeth van Zacharia",

      "option3": "Maria van Cleofas",

      "option4": "Herodias van Philip",

      "answer": 2,

      "reference":"Lk 1:5-6"

    },

    {

      "ques_id": 6,

      "question": "Aan het begin van het opstandingsverhaal in het Johannesevangelie, van wie werd gezegd dat hij 's morgens vroeg naar het graf van Jezus ging en de steen zag verwijderd?",

      "option1": "Maria van Magdala",

      "option2": "St. Jan",

      "option3": "Martha",

      "option4": "Een engel",

      "answer":1,

      "reference": "Jn20:1"

    },

    {

      "ques_id": 7,

      "question": "In het opstandingsverhaal in het Johannesevangelie, toen de verrezen heer voor het eerst verscheen aan Maria Magdalena, zag ze hem aan voor wie?",

      "option1": "De cipier",

      "option2": "De centurio",

      "option3": "De tuinder",

      "option4": "Een engel",

      "answer": 3,

      "reference": "Joh 20:15"

    },

    {

      "ques_id": 8,

      "question": "In de genealogie van Jezus in het Evangelie van St. Mathew, hoeveel sets van 14 generaties werden genoemd",

      "option1": "Vijf",

      "option2": "Een score",

      "option3": "Drie",

      "option4": "Een dozijn",

      "answer": 3,

      "reference": "Johannes 20:15"



    },

    {

      "ques_id": 9,

      "question": "In de profeet Jesaja wordt gezegd dat de jongen die uit de maagd geboren zal worden deze naam zal krijgen, wat God betekent - met ons?",

      "option1": "Jezus",

      "option2": "Jan",

      "option3": "Emmanuël",

      "option4": "Christos,",

      "answer": 3,

      "reference":"Mt 1:23"

    },

    {

      "ques_id": 10,

      "question": "In de geneologie van Jezus gegeven in het Evangelie van St. Mathew, begon de eerste reeks van 14 genoemde generaties met Abraham en eindigde met wie?",

      "option1": "David",

      "option2": "Mozes",

      "option3": "Jacob",

      "option4": "Jesse",

      "answer":1,

      "reference": "Mt 1:1-6"

    },

    {

      "ques_id": 11,

      "question": "'Omdat ze uit zijn vlees is genomen', hoe noemde de eerste man de eerste vrouw?",

      "option1": "Adama",

      "option2": "Eva",

      "option3": "Vrouw",

      "option4": "Vrouw",

      "answer": 2,

      "reference":"Gen 1:23"

    },

    {

      "ques_id": 12,

      "question": "Wat heeft de heer God gegeven om als voedsel te dienen voor alle dieren van het land en alle vogels in de lucht?",

      "option1": "De groene planten",

      "option2": "Zaaddragende planten",

      "option3": "Zaaddragende fruitbomen",

      "option4": "Alles wat eetbaar is",

      "answer":1,

      "reference":"Gn 1:30"

    },

    {

      "ques_id": 13,

      "question": "In welke dag van de schepping schiep God de zon en de maan?",

      "option1": "Eerste",

      "option2": "Tweede",

      "option3": "Derde",

      "option4": "Vierde",

      "answer": 4,

      "reference": "Gen 1:26-31"

    },

    {

      "ques_id": 14,

      "question": "Hoe oud was David toen hij tot koning van Israël werd gezalfd?",

      "option1": "50",

      "option2": "20",

      "option3": "35",

      "option4": "30",

      "answer": 4,

      "reference":"2Samuel 5:4"

    },

    {

      "ques_id": 15,

      "question": "Wie anders dan de wijzen kwamen om Jezus te bezoeken toen hij een klein kind was.",

      "option1": "Boogschutters",

      "option2": "Herders",

      "option3": "Jagers",

      "option4": "Boeren",

      "answer": 2

    },

    {

      "ques_id": 16,

      "question": "Hoe lang was Goliath?",

      "option1": "6 el en een span",

      "option2": " 8 el",

      "option3": "10 el en een span",

      "option4": "12 el",

      "answer":1,

      "reference": "1 Samuël 1:4"

    },

    {

      "ques_id": 17,

      "question": "Wat was volgens Paulus de vervulling van de wet?",

      "option1": "Geloof",

      "option2": "Gebed",

      "option3": "Liefde",

      "option4": "Huwelijk",

      "answer": 3,

      "reference":"Romeinen 13:10"

    },

    {

      "ques_id": 18,

      "question": "Wat is het kortste hoofdstuk in de bijbel",

      "option1": "Psalm 117",

      "option2": "Psalm 18",

      "option3": "Mark 10",

      "option4": "Jan 4",

      "answer":1,

      "reference":"Psalmen 117"

    },

    {

      "ques_id": 19,

      "question": "Wie zei: 'Zilver en goud heb ik niet, maar wat ik heb geef ik u'?",

      "option1": "Paul",

      "option2": "James",

      "option3": "Peter",

      "option4": "Timotheüs",

      "answer": 3,

      "reference":"Handelingen 3:6"

    },

    {

      "ques_id": 20,

      "question": "Wat was de leeftijd van Mozes [jaren] ten tijde van zijn overlijden",

      "option1": "120",

      "option2": "100",

      "option3": "150",

      "option4": "80",

      "answer":1,

      "reference":"Deuteronomium 34:7"

    }

  ],

  "Buitenaards": [

    {

      "ques_id": 1,

      "question": "Wie was de oudste persoon die in de bijbel staat vermeld?",

      "option1": "Methusalem",

      "option2": "Adam",

      "option3": "Abraham",

      "option4": "Solomon",

      "answer":1,

      "reference": "Genesis 5:27"

    },

    {

      "ques_id": 2,

      "question": "Hoe oud was de oudste persoon die in de bijbel staat vermeld?",

      "option1": "120",

      "option2": "500",

      "option3": "800",

      "option4": "969",

      "answer": 4,

      "reference": "Genesis 5:27"

    },

    {

      "ques_id": 3,

      "question": "Wat betekent Jahwe-Schammmah?",

      "option1": "God met ons",

      "option2": "God zelf",

      "option3": "Jezus zoon van God",

      "option4": "Eeuwig leven",

      "answer": 2,

      "reference":"Ezechiël 48:35"

    },

    {

      "ques_id": 4,

      "question": "Hoeveel jaren heeft God toegevoegd aan het leven van koning Hizkia als antwoord op het gebed van de stervende koning?",

      "option1": "20",

      "option2": "50",

      "option3": "15",

      "option4": "100",

      "answer": 3,

      "reference":"2 Koningen 20:6"

    },

    {

      "ques_id": 5,

      "question": "Welke profeten van de heer heeft koning Josia van Juda geraadpleegd?",

      "option1": "Amos",

      "option2": "Elia",

      "option3": "Elisa",

      "option4": "Hoera",

      "answer": 4,

      "reference":" 2 Koningen 22:14-16"

    },

    {

      "ques_id": 6,

      "question": "Welke ceremonie herstelde koning Josia die niet was gevierd door een van de vorige koningen van Israël of Juda??",

      "option1": "Pascha",

      "option2": "Opofferingsritueel",

      "option3": "aanbidding",

      "option4": "Besnijdenis",

      "answer":1,

      "reference":"2 Koningen 23:21"

    },

    {

      "ques_id": 7,

      "question": "Van welke stam van Israël was koning Saul?",

      "option1": "Juda",

      "option2": "Benjamin",

      "option3": "Amonieten",

      "option4": "Israël",

      "answer": 2,

      "reference": "1 Samuël 9:21"

    },

    {

      "ques_id": 8,

      "question": "Welk offer bracht Samuël aan de heer bij de terugkeer van de ark naar Israël?",

      "option1": "A-hij geit",

      "option2": "Menselijk offer",

      "option3": "Hij offerde tuinoogsten",

      "option4": "speenlam",

      "answer": 4,

      "reference": "1 Samuël 7:9"

    },

    {

      "ques_id": 9,

      "question": "Wat was de naam van de vrouw van koning Saul?",

      "option1": "Debora",

      "option2": "Naume",

      "option3": "Ahinoam",

      "option4": "Ruth",

      "answer": 3,

      "reference": "1 Samuël 14:50"

    },

    {

      "ques_id": 10,

      "question": "Wat heeft iemand nodig om Gods woord te begrijpen?",

      "option1": "Kennis",

      "option2": "Heilige Geest",

      "option3": "Wijsheid",

      "option4": "Gebeden",

      "answer": 2,

      "reference":"1 Korintiërs 2:11"

    },

    {

      "ques_id": 11,

      "question": "Wie oordeelde Paulus volgens hem?",

      "option1": "God",

      "option2": "Terah",

      "option3": "Ruben",

      "option4": "Belsazar",

      "answer":1,

      "reference":" 1 Korintiërs 4:4"

    },

    {

      "ques_id": 12,

      "question": "Op de Pinksterdag kwam er een geluid uit de hemel van een ruisende____?",

      "option1": "Donder",

      "option2": "Regen",

      "option3": "Wind",

      "option4": "hard geluid",

      "answer": 3,

      "reference":"Handelingen 2:2"

    },

    {

      "ques_id": 13,

      "question": "Wie bood aan om geld te betalen voor de kracht om de Heilige Geest te geven?",

      "option1": "Jan",

      "option2": "Zacharia",

      "option3": "Simon",

      "option4": " Herodes",

      "answer": 3,

      "reference":"Handelingen 8"

    },

    {

      "ques_id": 14,

      "question": "Toen Jezus water in wijn veranderde, veranderde hij water dat in stenen kruiken was. Waar werden deze stenen kruiken normaal voor gebruikt?",

      "option1": "Doop",

      "option2": "Reinigen",

      "option3": "Handelen",

      "option4": "Ceremoniële wassing",

      "answer": 4,

      "reference":"Johannes 2:6"

    },

    {

      "ques_id": 15,

      "question": "Wie was de vader van Nimrod?",

      "option1": "Andries",

      "option2": "Jozua",

      "option3": "Samson",

      "option4": "Cush",

      "answer": 4,

      "reference":"1 Kronieken 1:10"

    },

    {

      "ques_id": 16,

      "question": "wat waren de namen van de twee zonen van Abraham (in volgorde van hun geboorte)?",

      "option1": "Isaak en Jacob",

      "option2": "Ismaël en Isaak",

      "option3": "Jozef en Jacob",

      "option4": "Kaïn en Isaak",

      "answer": 2,

      "reference": "Genesis 16:1-16, 1 Kronieken 1:28"

    },

    {

      "ques_id": 17,

      "question": "Wat waren de namen van de drie zonen van Noach in de volgorde van de bijbelse lijsten waarin ze voorkomen?",

      "option1": "Ham, Jozef, Jafeth",

      "option2": "Japhet, Ham, Isaac",

      "option3": "Sem, Ham en Jafeth",

      "option4": "Sem,Ham, Joseph",

      "answer": 3,

      "reference":"Genesis 9:18-19, 1 Kronieken 1:4"

    },

    {

      "ques_id": 18,

      "question": "De heer veranderde de naam van Abraham in Abraham toen hij 99 jaar was. wat was zijn naam daarvoor?",

      "option1": "Adam",

      "option2": "Abram",

      "option3": "Alfa",

      "option4": "Agag",

      "answer": 2,

      "reference": "Genesis 17:1-5"

    },

    {

      "ques_id": 19,

      "question": "Hoe oud was Abraham toen Isaak werd geboren?",

      "option1": "103",

      "option2": "90",

      "option3": "100",

      "option4": "50",

      "answer": 3,

      "reference": "Genesis 21:5"

    },

    {

      "ques_id": 20,

      "question": "Hoeveel boeken in de bijbel hebben het woord 'John' in hun titel?",

      "option1": "4",

      "option2": "3",

      "option3": "1",

      "option4": "5",

      "answer":1,

      "reference": "Jan"

    }

  ]

}