{
  "Nybörjare": [
    {
      "ques_id": 1,
      "question": "Vem är den första mannen som någonsin levt?",
      "option1": "Metusalem",
      "option2": "Abraham",
      "option3": "Moses",
      "option4": "Adam",
      "answer": 4
    },
    {
      "ques_id": 2,
      "question": "Vem svaldes av en mycket stor fisk?",
      "option1": "Jesus",
      "option2": "Jona",
      "option3": "Samson",
      "option4": "Peter",
      "answer": 2
    },
    {
      "ques_id": 3,
      "question": "Vem är den person som Gud använde för att leda israeliterna ut ur Egypten",
      "option1": "Aaron",
      "option2": "Abraham",
      "option3": "Moses",
      "option4": "Jeremia",
      "answer": 3
    },
    {
      "ques_id": 4,
      "question": "Vem var personen som dödade Goliat",
      "option1": "David",
      "option2": "Saul",
      "option3": "Salomon",
      "option4": "Jonathan",
      "answer": 1
    },
    {
      "ques_id": 5,
      "question": "Vem var den första kungen av Israel?",
      "option1": "David",
      "option2": "Saul",
      "option3": "Salomon",
      "option4": "Moses",
      "answer": 2
    },
    {
      "ques_id": 6,
      "question": "Vilken sysselsättning hade Jesus före sin tjänst",
      "option1": "ToyMaker",
      "option2": "Fiske",
      "option3": "Vingårdsskötare",
      "option4": "Snickare",
      "answer": 4
    },
    {
      "ques_id": 7,
      "question": "Vad heter staden där Jesus föddes?",
      "option1": "Jerusalem",
      "option2": "Bethlehem",
      "option3": "Galilee",
      "option4": "Nasaret",
      "answer": 2
    },
    {
      "ques_id": 8,
      "question": "Vad heter havet som Jesus gick på",
      "option1": "Galileiska sjön",
      "option2": "Döda havet",
      "option3": "Läs havet",
      "option4": "Medelhavet",
      "answer": 1
    },
    {
      "ques_id": 9,
      "question": "Vad heter floden där Johannes döparen döpte människor?",
      "option1": "Eufrat",
      "option2": "Nil",
      "option3": "Jordanien",
      "option4": "Tigris",
      "answer": 3
    },
    {
      "ques_id": 10,
      "question": "Vad heter Andreas bror? (Båda var lärjungar)",
      "option1": "Peter",
      "option2": "John",
      "option3": "James",
      "option4": "Adam",
      "answer": 1
    },
    {
      "ques_id": 11,
      "question": "Vad hette Jesus mamma?",
      "option1": "Mary",
      "option2": "Martha",
      "option3": "Zipporah",
      "option4": "Sarah",
      "answer": 1
    },
    {
      "ques_id": 12,
      "question": "Vad hette trädgården där Adam och Eva bodde?",
      "option1": "Land of Nod",
      "option2": "Edens trädgård",
      "option3": "Bethlehem",
      "option4": "Garden of Valley",
      "answer": 2
    },
    {
      "ques_id": 13,
      "question": "Med vilken mat matade Jesus 5 000 människor",
      "option1": "Vin",
      "option2": "Bröd och vin",
      "option3": "Bröd och fiskar",
      "option4": "Vatten",
      "answer": 3
    },
    {
      "ques_id": 14,
      "question": "Vilken metod använde romarna för att döda Jesus?",
      "option1": "Stenad",
      "option2": "Kremering",
      "option3": "Korsfästelse",
      "option4": "Hängd",
      "answer": 3
    },
    {
      "ques_id": 15,
      "question": "Hur många korgar blev över från matningen av de 5000?",
      "option1": "7",
      "option2": "8",
      "option3": "10",
      "option4": "12",
      "answer": 1,
      "8888": "Matteus 15:13"
    },
    {
      "ques_id": 16,
      "question": "Vilken lärjunge hittade ett mynt i munnen på en fisk?",
      "option1": "Andrew",
      "option2": "Paul",
      "option3": "Peter",
      "option4": "Timothy",
      "answer": 3,
      "8888": "Matteus 1:24-27"
    },
    {
      "ques_id": 17,
      "question": "I vilken bibelbok läser vi om Haman",
      "option1": "Exodus",
      "option2": "Ester",
      "option3": "Ruth",
      "option4": "Malachi",
      "answer": 2,
      "8888": "Esther 3"
    },
    {
      "ques_id": 18,
      "question": "Nämn hustru till kung Agrippa, som Paulus ställde inför rätta",
      "option1": "Bernice",
      "option2": "Herodes",
      "option3": "Agag",
      "option4": "Kaifas",
      "answer": 1,
      "8888": "Apg 25:23"
    },
    {
      "ques_id": 19,
      "question": "Hur gammal blev Enok",
      "option1": "400",
      "option2": "350",
      "option3": "230",
      "option4": "365",
      "answer": 4,
      "8888": "1 Mosebok 5:23"
    },
    {
      "ques_id": 20,
      "question": "Hur många år till lade Gud till kung Hiskias liv som svar på de döende kungarnas bön?",
      "option1": "20",
      "option2": "15",
      "option3": "100",
      "option4": "50",
      "answer": 2,
      "8888": "2 Kungaboken 20:6"
    }
  ],
  "Entusiast": [
    {
      "ques_id": 1,
      "question": "Vem var far till Isaac?",
      "option1": "Abraham",
      "option2": "Jacob",
      "option3": "Esau",
      "option4": "Peleq",
      "answer": 1
    },
    {
      "ques_id": 2,
      "question": "Vem var far till Rehabeam?",
      "option1": "David",
      "option2": "Nimrod",
      "option3": "Abimelek",
      "option4": "Salomon",
      "answer": 4
    },
    {
      "ques_id": 3,
      "question": "Vem var Metusalems far?",
      "option1": "Elijah",
      "option2": "Enock",
      "option3": "Seth",
      "option4": "Jared",
      "answer": 2
    },
    {
      "ques_id": 4,
      "question": "Vem dödade Johannes Döparen?",
      "option1": "Caesar",
      "option2": "Pilate",
      "option3": "Herold",
      "option4": "Kaifas",
      "answer": 3
    },
    {
      "ques_id": 5,
      "question": "Vem var den första som dödades för att han trodde på Kristus?",
      "option1": "Peter",
      "option2": "John",
      "option3": "Barnabas",
      "option4": "Stephen",
      "answer": 4
    },
    {
      "ques_id": 6,
      "question": "Vart var Saul på väg när han såg Jesus?",
      "option1": "Damaskus",
      "option2": "Grekland",
      "option3": "Rom",
      "option4": "Jerusalem",
      "answer": 1
    },
    {
      "ques_id": 7,
      "question": "Var tillbringade Jesus större delen av sitt liv på jorden?",
      "option1": "Jerusalem",
      "option2": "Nasaret",
      "option3": "Olivberget",
      "option4": "Egypten",
      "answer": 2
    },
    {
      "ques_id": 8,
      "question": "Vilken psalm börjar, \"Herren är min herde?\"",
      "option1": "Psalm 91",
      "option2": "Psalm 1",
      "option3": "Psalm 104",
      "option4": "Psalm 23",
      "answer": 4
    },
    {
      "ques_id": 9,
      "question": "Vad hade Paulus för sysselsättning när han reste som missionär?",
      "option1": "Herde",
      "option2": "Säljare av Purple",
      "option3": "Tälttillverkare",
      "option4": "Skrivare",
      "answer": 3
    },
    {
      "ques_id": 10,
      "question": "Vad heter ön där Barnabas bodde?",
      "option1": "Grekland",
      "option2": "Cypern",
      "option3": "Rhodos",
      "option4": "Påskön",
      "answer": 2
    },
    {
      "ques_id": 11,
      "question": "När Jesus kom fram till honom, som sade: \"Vad har du med mig att göra, Jesus, den Högste Guds Son? Jag besvär dig vid Gud, plåga mig inte\".?",
      "option1": "Legion",
      "option2": "Terah",
      "option3": "Reuben",
      "option4": "Belsassar",
      "answer": 1
    },
    {
      "ques_id": 12,
      "question": "Vilken fågel säger Jesus att vi har mer värde än?",
      "option1": "Örn",
      "option2": "Vulture",
      "option3": "Sparrow",
      "option4": "Duva",
      "answer": 3
    },
    {
      "ques_id": 13,
      "question": "Vilka två systrar gifte sig med Jacob?",
      "option1": "Dorcas och Leah",
      "option2": "Mariam och Rachel",
      "option3": "Rachel och Lea",
      "option4": "Sarai och Hannah",
      "answer": 3
    },
    {
      "ques_id": 14,
      "question": "Till vilket land sände Gud Abraham för att offra sin speciella son, Isak?",
      "option1": "Canan",
      "option2": "Makedonien",
      "option3": "Cypern",
      "option4": "Moriah",
      "answer": 4
    },
    {
      "ques_id": 15,
      "question": "Vilken Herrens profet rådfrågade kung Josia av Juda",
      "option1": "Debora",
      "option2": "Huldah",
      "option3": "Naom",
      "option4": "Ruth",
      "answer": 2,
      "8888": "2 Kungaboken 22:12-16"
    },
    {
      "ques_id": 16,
      "question": "Namn Samuels förstfödde son?",
      "option1": "Joshua",
      "option2": "Joel",
      "option3": "Jonathan",
      "option4": "Joseph",
      "answer": 2,
      "8888": "1 Samuel 8:2"
    },
    {
      "ques_id": 17,
      "question": "Vad hette kung Sauls hustru?",
      "option1": "Boam",
      "option2": "Nåd",
      "option3": "Ahinoam",
      "option4": "Noam",
      "answer": 3,
      "8888": "1 Samuel 14:50"
    },
    {
      "ques_id": 18,
      "question": "Vad krävs för att någon ska förstå Guds ord?",
      "option1": "Bön",
      "option2": "Kärlek",
      "option3": "Helig ande",
      "option4": "Änglar",
      "answer": 3,
      "8888": "1 Korintierbrevet 2:11"
    },
    {
      "ques_id": 19,
      "question": "Vem sa Paulus som dömde honom?",
      "option1": "Satan",
      "option2": "Gud",
      "option3": "Vän",
      "option4": "Peter",
      "answer": 2,
      "8888": "1 Korintierbrevet 4:4"
    },
    {
      "ques_id": 20,
      "question": "_______ uppskjuten gör hjärtat sjukt?",
      "option1": "Förtroende",
      "option2": "Hoppas",
      "option3": "Kärlek",
      "option4": "Böner",
      "answer": 2,
      "8888": "Ordspråksboken 13:12"
    }
  ],
  "Mellanliggande": [
    {
      "ques_id": 1,
      "question": "Vem var Moses hustru?",
      "option1": "Elisheba",
      "option2": "Rebecca",
      "option3": "Mariam",
      "option4": "Zipporah",
      "answer": 4
    },
    {
      "ques_id": 2,
      "question": "Vem var Abrahams andra hustru?",
      "option1": "Ester",
      "option2": "Keturah",
      "option3": "Hagar",
      "option4": "Lydia",
      "answer": 2
    },
    {
      "ques_id": 3,
      "question": "Hur många kapitel finns i bergspredikan?",
      "option1": "1",
      "option2": "2",
      "option3": "3",
      "option4": "7",
      "answer": 3
    },
    {
      "ques_id": 4,
      "question": "Hur många gånger marscherade Israel runt Jeriko?",
      "option1": "13",
      "option2": "7",
      "option3": "70",
      "option4": "12",
      "answer": 1
    },
    {
      "ques_id": 5,
      "question": "Hur lång är en aln?",
      "option1": "ca 12 tum",
      "option2": "12mm",
      "option3": "ca 18 tum",
      "option4": "ca 36 tum",
      "answer": 3
    },
    {
      "ques_id": 6,
      "question": "Vart tog Kain vägen efter att han hade dödat Abel?",
      "option1": "Edens trädgård",
      "option2": "Land of Nod",
      "option3": "Grottorna i Qumran",
      "option4": "Mt. Ararat",
      "answer": 2
    },
    {
      "ques_id": 7,
      "question": "Vem var Kishs son?",
      "option1": "Noah",
      "option2": "Apostel Paulus",
      "option3": "Abraham",
      "option4": "Kung Saul",
      "answer": 4
    },
    {
      "ques_id": 8,
      "question": "Var bodde Rahab?",
      "option1": "Jeriko",
      "option2": "Jerusalem",
      "option3": "Nineveh",
      "option4": "Ai",
      "answer": 1
    },
    {
      "ques_id": 9,
      "question": "Var bodde Dorcas?",
      "option1": "Betel",
      "option2": "Joppa",
      "option3": "Caesarea",
      "option4": "Antiochia",
      "answer": 2
    },
    {
      "ques_id": 10,
      "question": "Var är \"gatan som heter Straight\"",
      "option1": "Jerusalem",
      "option2": "Rom",
      "option3": "Babylon",
      "option4": "Damaskus",
      "answer": 4
    },
    {
      "ques_id": 11,
      "question": "Efter att han flydde för sitt liv, vilket träd sov Elia under",
      "option1": "Ek",
      "option2": "Tall",
      "option3": "Enebär",
      "option4": "Gran",
      "answer": 3,
      "8888": "1 Kungaboken 19:5"
    },
    {
      "ques_id": 12,
      "question": "Judas förrådde Jesus för exakt hur många silvermynt?",
      "option1": "30",
      "option2": "20",
      "option3": "50",
      "option4": "10",
      "answer": 1,
      "8888": "Mathew 26:15"
    },
    {
      "ques_id": 13,
      "question": "Nämn Davids far",
      "option1": "Oman",
      "option2": "Jesse",
      "option3": "Joshua",
      "option4": "Salomon",
      "answer": 2,
      "8888": "1Samuel 1:12"
    },
    {
      "ques_id": 14,
      "question": "Gud nämns inte bara i en bok i Bibeln",
      "option1": "Ester",
      "option2": "Ruth",
      "option3": "Malachi",
      "option4": "Exodus",
      "answer": 1,
      "8888": "Ester"
    },
    {
      "ques_id": 15,
      "question": "Ty hur många silverpengar såldes Josua av hans bröder till ismeeliterna",
      "option1": "50",
      "option2": "12",
      "option3": "20",
      "option4": "100",
      "answer": 3,
      "8888": "1 Mosebok 37:28"
    },
    {
      "ques_id": 16,
      "question": "Hur många apostlar valde Jesus",
      "option1": "12",
      "option2": "14",
      "option3": "10",
      "option4": "08",
      "answer": 1,
      "8888": "Lukas 6:13"
    },
    {
      "ques_id": 17,
      "question": "Ängeln sa till Maria att Jesus skulle regera över huset av vilken Gamla Testamentets karaktär",
      "option1": "David",
      "option2": " Jacob",
      "option3": "Abraham",
      "option4": "Moses",
      "answer":2,
      "8888": "Lukas 1:13"
    },
    {
      "ques_id": 18,
      "question": "Vilken profet sa: \"Ur Egypten har jag kallat min son\"?",
      "option1": "Jeremia",
      "option2": "Jesaja",
      "option3": "Hosea",
      "option4": "Hesekiel",
      "answer": 3,
      "8888": "Hosea 11:1"
    },
    {
      "ques_id": 19,
      "question": "Vilken typ av träd förbannade Jesus?",
      "option1": "Fig",
      "option2": "Vingård",
      "option3": "Tall",
      "option4": "ek",
      "answer": 1,
      "8888": "Mark 11:12-14"
    },
    {
      "ques_id": 20,
      "question": "Vem bad Saul att ett medium tog upp för honom",
      "option1": "Eli",
      "option2": "Nathan",
      "option3": "Samuel",
      "option4": "David",
      "answer": 3,
      "8888": "1 samuel 28:11"
    }
  ],
  "Proffs": [
    {
      "ques_id": 1,
      "question": "Vem bar korset för Kristus?",
      "option1": "Philip",
      "option2": "Simon från Cyrene",
      "option3": "Ahab",
      "option4": "Mika",
      "answer": 2
    },
    {
      "ques_id": 2,
      "question": "Hur många följeslagare gav filistéerna till Simson vid högtiden i Timna?",
      "option1": "30",
      "option2": "31",
      "option3": "32",
      "option4": "33",
      "answer": 1
    },
    {
      "ques_id": 3,
      "question": "Hur gammal var profetinnan Anna när hon såg Jesus?",
      "option1": "83",
      "option2": "84",
      "option3": "88",
      "option4": "92",
      "answer": 2
    },
    {
      "ques_id": 4,
      "question": "Vad gav drottningen av Saba till Salomo?",
      "option1": "(124 talenter) guld, kryddor och ädelstenar",
      "option2": "(120 talenter) guld, kryddor och ädelstenar",
      "option3": "(18 talenter) guld, kryddor och ädelstenar",
      "option4": "(221 talenter) guld, kryddor och ädelstenar",
      "answer": 2
    },
    {
      "ques_id": 5,
      "question": "Hur många böcker finns det i Gamla testamentet?",
      "option1": "37",
      "option2": "38",
      "option3": "39",
      "option4": "40",
      "answer": 3
    },
    {
      "ques_id": 6,
      "question": "Hur många floder delades floden i Eden upp i när den lämnade trädgården?",
      "option1": "4",
      "option2": "3",
      "option3": "6",
      "option4": "8",
      "answer": 1
    },
    {
      "ques_id": 7,
      "question": "Vad ville Josef göra när han upptäckte att Maria var gravid?",
      "option1": "Arrangera en fest",
      "option2": "Skilj dig från henne",
      "option3": "Rym iväg",
      "option4": "Inget av ovanstående",
      "answer": 2
    },
    {
      "ques_id": 8,
      "question": "Vilken färg hade översteprästens dräkt?",
      "option1": "Blå",
      "option2": "Vit",
      "option3": "Grön",
      "option4": "Röd",
      "answer": 1
    },
    {
      "ques_id": 9,
      "question": "Vad sa Boas att Naomi sålde?",
      "option1": "Ett jordskifte",
      "option2": "Guld",
      "option3": "Hennes barn",
      "option4": "Mat",
      "answer": 1
    },
    {
      "ques_id": 10,
      "question": "I liknelsen om gäldenärerna var den ene skyldig 500 denarer (pence), men hur mycket var den andre skyldig",
      "option1": "70",
      "option2": "50",
      "option3": "45",
      "option4": "80",
      "answer": 2
    },
    {
      "ques_id": 11,
      "question": "Hur mycket av Elias ande fick Elisa?",
      "option1": "Lilla",
      "option2": "Enstaka portion",
      "option3": "Hälsosam",
      "option4": "Dubbel portion",
      "answer": 4
    },
    {
      "ques_id": 12,
      "question": "Vad var ovanligt med de 700 benjamitiska soldaterna som kunde slänga en sten och träffa sitt mål varje gång?",
      "option1": "De var alla vänsterhänta",
      "option2": "De såg alla lika ut",
      "option3": "De hade inga skor",
      "option4": "Inget av ovanstående",
      "answer": 1
    },
    {
      "ques_id": 13,
      "question": "Vilket förhållande hade Annas till Kaifas?",
      "option1": "Bror",
      "option2": "Farbror",
      "option3": "Kusiner",
      "option4": "Svärfar",
      "answer": 4
    },
    {
      "ques_id": 14,
      "question": "Vad ska du inte \"kasta före svin\"",
      "option1": "Sten",
      "option2": "Stenar",
      "option3": "Pärlor",
      "option4": "Stick",
      "answer": 3
    },
    {
      "ques_id": 15,
      "question": "När i fängelset vid vilken tid bad och sjöng Paulus och Silas till Gud?",
      "option1": "Morgon",
      "option2": "Eftermiddag",
      "option3": "Kväll",
      "option4": "Midnatt",
      "answer": 4
    },
    {
      "ques_id": 16,
      "question": "Vad åt Daniel och hans tre vänner istället för kungens kött och dryck?",
      "option1": "Bröd",
      "option2": "Vin och bröd",
      "option3": "Illväxter och vatten",
      "option4": "Ingenting",
      "answer": 3
    },
    {
      "ques_id": 17,
      "question": "Vad heter Jesu kusin, född sex månader före honom?",
      "option1": "John",
      "option2": "Peter",
      "option3": "Paul",
      "option4": "Michael",
      "answer": 1
    },
    {
      "ques_id": 18,
      "question": "I vilken stad bodde kung Herodes vid tiden för Jesu födelse?",
      "option1": "Jerusalem",
      "option2": "Rom",
      "option3": "Babylon",
      "option4": "Bethlehem",
      "answer": 1
    },
    {
      "ques_id": 19,
      "question": "Hur många plågor sände Gud över Egypten?",
      "option1": "4",
      "option2": "8",
      "option3": "10",
      "option4": "12",
      "answer": 3
    },
    {
      "ques_id": 20,
      "question": "För hur många silverpengar förrådde Judas Kristus?",
      "option1": "20",
      "option2": "30",
      "option3": "40",
      "option4": "50",
      "answer": 2
    },
    {
      "ques_id": 21,
      "question": "Under hur många dagar visade sig Jesus för sina lärjungar efter sin uppståndelse?",
      "option1": "30",
      "option2": "7",
      "option3": "40",
      "option4": "11",
      "answer": 3
    },
    {
      "ques_id": 22,
      "question": "Hur många kyrkor i Mindre Asien fanns med i Uppenbarelseboken?",
      "option1": "7",
      "option2": "8",
      "option3": "9",
      "option4": "10",
      "answer": 1
    }
  ],
  "Geni": [
    {
      "ques_id": 1,
      "question": "Vem var son till Eleasar, son till Aron?",
      "option1": "Putiel",
      "option2": "Korah",
      "option3": "Phinehas",
      "option4": "Izhar",
      "answer": 3
    },
    {
      "ques_id": 2,
      "question": "Vem var son till Omri, Israels kung?",
      "option1": "Ahab",
      "option2": "Joram",
      "option3": "Zimri",
      "option4": "Ginath",
      "answer": 1
    },
    {
      "ques_id": 3,
      "question": "Vem var Naomis man från Ruts bok?",
      "option1": "Boas",
      "option2": "Elkanah",
      "option3": "Obedd",
      "option4": "Elimelech",
      "answer": 4
    },
    {
      "ques_id": 4,
      "question": "Hur många bokstäver finns i det längsta namnet i Bibeln?",
      "option1": "16",
      "option2": "18",
      "option3": "22",
      "option4": "25",
      "answer": 2
    },
    {
      "ques_id": 5,
      "question": "Vem dödade Sisera?",
      "option1": "David",
      "option2": "Ahab",
      "option3": "Saul",
      "option4": "Jael",
      "answer": 4
    },
    {
      "ques_id": 6,
      "question": "Hur bred var Noas ark?",
      "option1": "35 alnar",
      "option2": "50 alnar",
      "option3": "75 alnar",
      "option4": "90 alnar",
      "answer": 2
    },
    {
      "ques_id": 7,
      "question": "Hur bred var förbundsarken?",
      "option1": "1,5 alnar",
      "option2": "2 alnar",
      "option3": "3 alnar",
      "option4": "1 aln",
      "answer": 1
    },
    {
      "ques_id": 8,
      "question": "Vad hette Elishas tjänare?",
      "option1": "Jehoram",
      "option2": "Shaphat",
      "option3": "Gehazi",
      "option4": "Hazael",
      "answer": 3
    },
    {
      "ques_id": 9,
      "question": "Vad hette Pauls berömda lärare?",
      "option1": "Jusus",
      "option2": "Gamaliel",
      "option3": "Kaifas",
      "option4": "Sokrates",
      "answer": 2
    },
    {
      "ques_id": 10,
      "question": "Vilken domare i Israel föddes i Betlehem?",
      "option1": "David",
      "option2": "Ibzan",
      "option3": "Deborah",
      "option4": "Gideon",
      "answer": 2
    },
    {
      "ques_id": 11,
      "question": "När Jesus kom fram till honom, som sade: \"Vad har du med mig att göra, Jesus, den Högste Guds Son? Jag besvär dig vid Gud, plåga mig inte\".?",
      "option1": "Legion",
      "option2": "Terah",
      "option3": "Reuben",
      "option4": "Belsassar",
      "answer": 1
    },
    {
      "ques_id": 12,
      "question": "Vilken fågel säger Jesus att vi har mer värde än?",
      "option1": "Örn",
      "option2": "Vulture",
      "option3": "Sparrow",
      "option4": "Duva",
      "answer": 3
    },
    {
      "ques_id": 13,
      "question": "Vilka två systrar gifte sig med Jacob?",
      "option1": "Dorcas och Leah",
      "option2": "Mariam och Rachel",
      "option3": "Rachel och Lea",
      "option4": "Sarai och Hannah",
      "answer": 3
    },
    {
      "ques_id": 14,
      "question": "Till vilket land sände Gud Abraham för att offra sin speciella son, Isak?",
      "option1": "Canan",
      "option2": "Makedonien",
      "option3": "Cypern",
      "option4": "Moriah",
      "answer": 4
    },
    {
      "ques_id": 15,
      "question": "Vilken psalm är versen \"han får mig att ligga ner i gröna hagar, han leder mig vid stilla vatten,\" från?",
      "option1": "25",
      "option2": "22",
      "option3": "30",
      "option4": "23",
      "answer": 4,
      "8888": "Psalm 23;2"
    },
    {
      "ques_id": 16,
      "question": "Rädslan för Herren är början på ........ ",
      "option1": "Kunskap",
      "option2": "Visdom",
      "option3": "Pengar",
      "option4": "Kärlek",
      "answer": 1,
      "8888": ""
    },
    {
      "ques_id": 17,
      "question": "Vilken stad sa Herren åt Jona att predika mot?",
      "option1": "Jerusalem",
      "option2": "Nineveh",
      "option3": "Babylon",
      "option4": "Juda",
      "answer": 2,
      "8888": "Jonah 1:2"
    },
    {
      "ques_id": 18,
      "question": "Vilken av dessa böcker [Filipperbrevet, Kolosserna, Galaterbrevet eller Efesierbrevet] kommer först i bibeln",
      "option1": "Kolosserna",
      "option2": "Galaterna",
      "option3": "Efesierbrevet",
      "option4": "Filipperna",
      "answer": 2,
      "8888": "Nya testamentet, Paulus brev"
    },
    {
      "ques_id": 19,
      "question": "Hur många kapitel har Hebreerboken?",
      "option1": "13",
      "option2": "15",
      "option3": "10",
      "option4": "16",
      "answer": 1,
      "8888": "Hebréerna 1-13"
    },
    {
      "ques_id": 20,
      "question": "Vad heter stormvindarna som kan träffa Kreta?",
      "option1": "Moonsoon",
      "option2": "Euroklydon",
      "option3": "Brädda över",
      "option4": "Inget av ovanstående",
      "answer": 2,
      "8888": "Apg 2:14"
    }
  ],
  "Expert": [
    {
      "ques_id": 1,
      "question": "Vilken av dessa var inte en kung av Israel eller Juda",
      "option1": "Senherib",
      "option2": "Jehojakim",
      "option3": "Sidekiah",
      "option4": "David",
      "answer": 1
    },
    {
      "ques_id": 2,
      "question": "Vem övertalade Simson att avslöja hemligheten bakom den stora styrkan",
      "option1": "Dinah",
      "option2": "Ruth",
      "option3": "Delilah",
      "option4": "Martha",
      "answer": 3
    },
    {
      "ques_id": 3,
      "question": "Och din himmel som är över ditt huvud skall vara_____, och jorden som är under dig skall vara järn",
      "option1": "Mässing",
      "option2": "Stål",
      "option3": "Silver",
      "option4": "Guld",
      "answer": 1
    },
    {
      "ques_id": 4,
      "question": "Var kan man hitta orden: Lita på Jehova av hela ditt hjärta och lita inte på ditt eget förstånd",
      "option1": "Ordspråksboken 3:5",
      "option2": "Ordspråksboken 5:3",
      "option3": "Ordspråksboken 35:3",
      "option4": "Ordspråksboken 4:3",
      "answer": 1
    },
    {
      "ques_id": 5,
      "question": "vilken lärjunge förnekade Jesus tre gånger",
      "option1": "Peter",
      "option2": "Andrew",
      "option3": "John",
      "option4": "Judas",
      "answer": 1
    },
    {
      "ques_id": 6,
      "question": "De rättfärdigas minne är välsignat, men de ogudaktigas namn skall",
      "option1": "Vinn",
      "option2": "Röta",
      "option3": "Bloom",
      "option4": "blomstra",
      "answer": 2
    },
    {
      "ques_id": 7,
      "question": "Vad var hans jobb innan Jesus började predika?",
      "option1": "snickare",
      "option2": "forskare",
      "option3": "Läkare",
      "option4": "Lärare",
      "answer": 1
    },
    {
      "ques_id": 8,
      "question": "Zoan användes i bibeln som en parallell till vilken nation\"",
      "option1": "Egypten",
      "option2": "Assyrien",
      "option3": "Babylon",
      "option4": "Sinai",
      "answer": 1
    },
    {
      "ques_id": 9,
      "question": "Vilken Gamla testamentets karaktär visade sin tro genom att vara villig att offra sin son som ett alter till Gud",
      "option1": "Noah",
      "option2": "Abraham",
      "option3": "shealtiel",
      "option4": "Moses",
      "answer": 2
    },
    {
      "ques_id": 10,
      "question":"Vad gjorde sjömännen på fartyget jonah för att öka sina chanser att överleva",
      "option1": "De seglade norrut",
      "option2": "Kastade lasten överbord",
      "option3": "Bagde Gud om förlåtelse",
      "option4": "Inget av ovanstående",
      "answer": 2
    },
    {
      "ques_id": 11,
      "question": "Vad gjorde Esau när jacob stal hans välsignelse?",
      "option1": "Jakt",
      "option2": "Jordbruk",
      "option3": "Fiske",
      "option4": "Resa",
      "answer": 1
    },
    {
      "ques_id": 12,
      "question": "Vem sprang från berget Karmel till Samaria snabbare än Ahab kunde köra sin vagn?",
      "option1": "Elisha",
      "option2": "Gehazi",
      "option3": "Elijah",
      "option4": "Amos",
      "answer": 3
    },
    {
      "ques_id": 13,
      "question": "Vad gjorde Gud på den sjunde dagen, efter?",
      "option1": "Vila",
      "option2": "Skapade människor",
      "option3": "Han gav människan i uppdrag att ta hand om sina skapelser",
      "option4": "Skapade fåglar",
      "answer": 1
    },
    {
      "ques_id": 14,
      "question": "Vem påstod att guldkalven helt enkelt kom ut ur elden?",
      "option1": "Joshua",
      "option2": "Aaron",
      "option3": "Miriam",
      "option4": "Debora",
      "answer": 42
    },
    {
      "ques_id": 15,
      "question": "Vad bad kung Salomo om när Gud visade sig för honom i en dröm",
      "option1": "Långt liv och kunskap",
      "option2": "Visdom [att döma mellan gott och ont]",
      "option3": "Rikdom",
      "option4": "Pengar",
      "answer": 2
    },
    {
      "ques_id": 16,
      "question": "Slutför det ökända ordspråket; Den som är dum, när man håller tyst anses vara -------?",
      "option1": "Fredlig",
      "option2": "Dum",
      "option3": "Klok",
      "option4": "Arrogant",
      "answer": 3
    },
    {
      "ques_id": 17,
      "question": "Hur ska man ta emot Guds rike?",
      "option1": "Med dolda motiv",
      "option2": "Som ett barn",
      "option3": "Med stolthet",
      "option4": "Genom agenter",
      "answer": 2
    },
    {
      "ques_id": 18,
      "question": "Vad hette Abrahams första fru",
      "option1": "Sarah",
      "option2": "Miriam",
      "option3": "Roda",
      "option4": "Ruth",
      "answer": 1
    },
    {
      "ques_id": 19,
      "question": "Kung Saul olydde Jehovas befallning och skonade livet på den amelekitiske kungen",
      "option1": "Balak",
      "option2": "Dagon",
      "option3": "Agag",
      "option4": "Nathan",
      "answer": 3
    },
    {
      "ques_id": 20,
      "question": "Vad skrevs de tio budorden på. ",
      "option1": "Två rullar",
      "option2": "Två stentavlor",
      "option3": "Jerikos murar",
      "option4": "Två böcker",
      "answer": 1
    }
  ],
  "Mästare": [
    {
      "ques_id": 1,
      "question": "Vem skrevs det om att \"alla resonerade i sina hjärtan;\" Må han kanske vara Kristus?",
      "option1": "Elijah",
      "option2": "John",
      "option3": "Malachi",
      "option4": "Peter",
      "answer": 2
    },
    {
      "ques_id": 2,
      "question": "Vad heter Josefs föräldrar",
      "option1": "Jacob och Rebeka",
      "option2": "Jacob och Lea",
      "option3": "Jacob och Rachel",
      "option4": "Jacob och Rut",
      "answer": 3
    },
    {
      "ques_id": 3,
      "question": "Vilken levde längst av alla människor som nämns i bibeln?",
      "option1": "Metusalem",
      "option2": "JJared",
      "option3": "Abraham",
      "option4": "Adam",
      "answer": 1
    },
    {
      "ques_id": 4,
      "question": "Vad sa Jesus till dem som anklagade äktenskapsbrytaren?",
      "option1": "Se, det finns ingen rättfärdig",
      "option2": "Den som är utan synd, låt honom först kasta en sten",
      "option3": "Ve dig som anklagar denna kvinna",
      "option4": " döda henne",
      "answer": 2
    },
    {
      "ques_id": 5,
      "question": "Till vilken stad kommer alla nationer en dag att åka för att tillbe Gud?",
      "option1": "Damaskus",
      "option2": "Jerusalem",
      "option3": "Cilicia",
      "option4": "Juda",
      "answer": 2
    },
    {
      "ques_id": 6,
      "question": "Vem av Davids ättlingar kommer att regera för evigt",
      "option1": "Rehabeam",
      "option2": "Jesus",
      "option3": "Salomon",
      "option4": "Jerobeam",
      "answer": 2
    },
    {
      "ques_id": 7,
      "question": "Vem var Timothys hängivna mor",
      "option1": "Lois",
      "option2": "Phoebe",
      "option3": "Eunice",
      "option4": "Magdalena",
      "answer": 3
    },
    {
      "ques_id": 8,
      "question": "Varför vände sig kung Salomo bort från Gud när han var gammal",
      "option1": "Hans utländska fruar vände hans hjärta efter andra gudar",
      "option2": "Han blev stolt",
      "option3": "Han älskade kvinnor mer än Gud",
      "option4": "Han dyrkade idoler",
      "answer": 1
    },
    {
      "ques_id": 9,
      "question": "Vem flydde till Jehovas tält i säkerhet, men blev ändå dödad där?",
      "option1": "Joab",
      "option2": "Saul",
      "option3": "Ammon",
      "option4": "Esau",
      "answer": 1
    },
    {
      "ques_id": 10,
      "question": "Vilken kung drömde om en stor staty av en man gjord av olika metaller",
      "option1": "Ahab",
      "option2": "David",
      "option3": "malach",
      "option4": "Nebukadnessar",
      "answer": 4
    },
    {
      "ques_id": 11,
      "question": "Var är \"bästa stället att be\"?",
      "option1": "I din garderob med stängd dörr",
      "option2": "I kyrkan",
      "option3": "På en lugn plats",
      "option4": "På väg",
      "answer": 1
    },
    {
      "ques_id": 12,
      "question": "Var kan man hitta orden: Lita på Jehova av hela ditt hjärta och lita inte på ditt eget förstånd?",
      "option1": "Ordspråksboken 3:5",
      "option2": "Ordspråksboken 35:3",
      "option3": "Ordspråksboken 5:3",
      "option4": "Ordspråksboken 6:4",
      "answer": 1
    },
    {
      "ques_id": 13,
      "question": "När Jesus var i din vildmark, vad var han då frestad att förvandla till bröd?",
      "option1": "Mounds",
      "option2": "Stenar",
      "option3": "Stenar",
      "option4": "Jord",
      "answer": 3
    },
    {
      "ques_id": 14,
      "question": "Vad var speciellt med Ehud [en domare över Israel som dödade Elgon, kungen av Moab",
      "option1": "Han var väldigt ung",
      "option2": "Han var vänsterhänt",
      "option3": "Han var blind",
      "option4": "Han var väldigt gammal",
      "answer": 2
    },
    {
      "ques_id": 15,
      "question": "Vad hände med staden Jeriko efter att prästen blåste i deras trumpeter",
      "option1": "Folket flydde till ett annat land",
      "option2": "Djuren dog",
      "option3": "Väggar föll ner",
      "option4": "Människor migrerade",
      "answer": 3
    },
    {
      "ques_id": 16,
      "question": "Enligt Johannes 1:1, vad var i begynnelsen hos Gud",
      "option1": "Ordet",
      "option2": "En ängel",
      "option3": "Jesus",
      "option4": "John",
      "answer": 1
    },
    {
      "ques_id": 17,
      "question": "Hur många psalmer finns det i psalmboken?",
      "option1": "150",
      "option2": "170",
      "option3": "120",
      "option4": "190",
      "answer": 1
    },
    {
      "ques_id": 18,
      "question": " Inte alla som säger till mig \"Herre, Herre,\" skall komma in i himlens rike. Vem kommer då in i sitt rike",
      "option1": "Den som gör Guds vilja",
      "option2": "Den som utför mirakel",
      "option3": "Den som blir döpt",
      "option4": "Den som predikar Guds ord",
      "answer": 1
    },
    {
      "ques_id": 19,
      "question": "Vem var den första kungen av Israels 10 stammar?",
      "option1": "Jerobeam",
      "option2": "Rehoboth",
      "option3": "Joab",
      "option4": "Rehabeam",
      "answer": 1
    },
    {
      "ques_id": 20,
      "question": "Hur många år fick Israels nation enligt Jeremia att förbli fången under Babylons kung?",
      "option1": "120 år",
      "option2": "40 år",
      "option3": "70 år",
      "option4": "80 år",
      "answer": 3
    }
  ],
  "Stormästare": [
    {
      "ques_id": 1,
      "question": "Vilken flod blev Naaman tillsagd att skölja i för att bli av med spetälska?",
      "option1": "Nilen",
      "option2": "Jordanien",
      "option3": "Galilee",
      "option4": "Bibeln säger inte",
      "answer": 2
    },
    {
      "ques_id": 2,
      "question": "Vem var far till Rehabeam?",
      "option1": "David",
      "option2": "Nimrod",
      "option3": "Abimelek",
      "option4": "Salomon",
      "answer": 4
    },
    {
      "ques_id": 3,
      "question": "Hur länge regerade David som kung?",
      "option1": "Trettio år",
      "option2": "Fyrtio år",
      "option3": "Tjugofem år",
      "option4": "Åttio år",
      "answer": 2
    },
    {
      "ques_id": 4,
      "question": "I Jesu förklaring av liknelsen om såningsmannen. vad representeras av fröet",
      "option1": "Tro",
      "option2": "Guds ord",
      "option3": "Jesus",
      "option4": "Kärlek",
      "answer": 2
    },
    {
      "ques_id": 5,
      "question": "Vilken växt är \"minst av alla frön, men när den odlas är den störst bland örter?",
      "option1": "Oliv",
      "option2": "Senap",
      "option3": "Ek",
      "option4": "Druva",
      "answer": 2
    },
    {
      "ques_id": 6,
      "question": "Vad hette Moses' bror?",
      "option1": "Alphaeus",
      "option2": "John",
      "option3": "Aaron",
      "option4": "Joshua",
      "answer": 3
    },
    {
      "ques_id": 7,
      "question": "Från vilken del av Adams kropp skapade Gud Eva?",
      "option1": "Hjärta",
      "option2": "Hjärna",
      "option3": "Revben",
      "option4": "Huvud",
      "answer": 3
    },
    {
      "ques_id": 8,
      "question": "Sacharias och Elisabet fick höra av en ängel att de skulle få en son, vad han skulle heta",
      "option1": "Elijah",
      "option2": "Jesus",
      "option3": "John",
      "option4": "James",
      "answer": 3
    },
    {
      "ques_id": 9,
      "question": "Vilken betydelsefull händelse finns nedtecknad i 1 Mosebok kapitel 1 och 2",
      "option1": "Transport",
      "option2": "Skapelse",
      "option3": "Rening",
      "option4": "Offer",
      "answer": 2
    },
    {
      "ques_id": 10,
      "question": "Vilket var förhållandet mellan Mose och Kora",
      "option1": "De var båda från Juda stam",
      "option2": "De var bröder",
      "option3": "De var kusiner",
      "option4": "De var vänner",
      "answer": 3
    },
    {
      "ques_id": 11,
      "question": "Vad sa Naomi åt folket i Betlehem att kalla henne",
      "option1": "Mara",
      "option2": "Naama",
      "option3": "Bathseba",
      "option4": "Mary",
      "answer": 1
    },
    {
      "ques_id": 12,
      "question": "Nämn den judiska jungfrun som gifte sig med en persisk kung?",
      "option1": "Naomi",
      "option2": "Deborah",
      "option3": "Ester",
      "option4": "Jude",
      "answer": 3
    },
    {
      "ques_id": 13,
      "question": "Vad symboliserar de sju gyllene ljusstakarna i Uppenbarelseboken 1:20?",
      "option1": "Sju församling",
      "option2": "Sju änglar",
      "option3": "Sju kungar",
      "option4": "Sju personer",
      "answer": 1
    },
    {
      "ques_id": 14,
      "question": "Var kan följande ord hittas: men Gud utvalde världens dåraktiga ting för att göra de vise på skam?",
      "option1": "Aktier",
      "option2": "Romarna",
      "option3": "1 Korintierbrevet",
      "option4": "John",
      "answer": 3
    },
    {
      "ques_id": 15,
      "question": " Vad märktes med Jakobs tvillingbror, Esau vid födseln",
      "option1": "Han hade djupa intensiva ögon",
      "option2": "Han var väldigt snygg",
      "option3": "Han var röd och hårig",
      "option4": "Han var väldigt svart",
      "answer": 3
    },
    {
      "ques_id": 16,
      "question": ",Vem klippte av Simsons hår?",
      "option1": "Hans ärkefiende, Hulken",
      "option2": "Delilah",
      "option3": "En annan man",
      "option4": "Hans vänner",
      "answer": 2
    },
    {
      "ques_id": 17,
      "question": "Vem skrev böckerna om 1:a och 2:a kungen?",
      "option1": "Elijah",
      "option2": "Jeremia",
      "option3": "Gad",
      "option4": "Nathan",
      "answer": 2
    },
    {
      "ques_id": 18,
      "question": "Vilket av evangelierna förekommer sist i Bibeln",
      "option1": "Nikodemus",
      "option2": "John",
      "option3": "Andrews",
      "option4": "Markera",
      "answer": 2
    },
    {
      "ques_id": 19,
      "question": "Vad hände med någon vars namn inte fanns skrivet i livets bok?",
      "option1": "De förklarades ovärdiga frälsning",
      "option2": "De omkom",
      "option3": "De dog",
      "option4": "De kastades i eldsjön",
      "answer": 4
    },
    {
      "ques_id": 20,
      "question": "Vem var den starkaste man som någonsin har levt?",
      "option1": "Goliat",
      "option2": "Samson",
      "option3": "Jesus",
      "option4": "Agag",
      "answer": 2
    }
  ],
  "Legend": [
    {
      "ques_id": 1,
      "question": "Första Moseboken inleds med det hebreiska ordet \"bereshit\", vad är detta ords översättning till engelska",
      "option1": "I början",
      "option2": "Låt det bli ljus",
      "option3": "När det ännu inte fanns något",
      "option4": "Herren Gud sa",
      "answer": 1,
      "8888": "Gn 1:1"
    },
    {
      "ques_id": 2,
      "question": "Vad tog Herren Gud från honom för att bygga upp till en kvinna efter att ha sövt mannen i djup sömn",
      "option1": "En tand",
      "option2": "En fingernagel",
      "option3": "Ett revben",
      "option4": "Ett hårstrå",
      "answer": 3,
      "8888": "Gn 1:2"
    },
    {
      "ques_id": 3,
      "question": "Vad välsignade Herren Gud först med orden \"Var bördig och föröka sig\"?",
      "option1": "Den första mannen och kvinnan",
      "option2": "Havsdjuren och fåglarna",
      "option3": "Växterna",
      "option4": "Landdjuren",
      "answer": 1,
      "8888": "Gn 1:22"
    },
    {
      "ques_id": 4,
      "question": "Vem var Herrens ängel som meddelade Maria att hon skulle bli gravid och föda en son?",
      "option1": "Gabriel",
      "option2": "Michael",
      "option3": "Raphael",
      "option4": "Sealtiel",
      "answer": 1,
      "8888":"Lk 1:31"
    },
    {
      "ques_id": 5,
      "question": "Vad heter modern till Johannes Döparen?",
      "option1": "Salome av Zebedeus",
      "option2": "Elizabeth av Sakaria",
      "option3": "Maria av cleofas",
      "option4": "Herodias of Philip",
      "answer": 2,
      "8888":"Lk 1:5-6"
    },
    {
      "ques_id": 6,
      "question": "Vem nämndes i början av uppståndelsens berättelse i Johannesevangeliet när han gick till Jesu grav tidigt på morgonen och såg stenen avlägsnad?",
      "option1": "Maria av Magdala",
      "option2": "St. John",
      "option3": "Martha",
      "option4": "En ängel",
      "answer": 1,
      "8888":"Jn20:1"
    },
    {
      "ques_id": 7,
      "question": "I uppståndelseberättelsen i Johannesevangeliet, när den uppståndne herren först visade sig för Maria Magdalena, misstog hon honom för vem?",
      "option1": "Fångvaktaren",
      "option2": "Hovedsmannen",
      "option3": "Graneren",
      "option4": "En ängel",
      "answer": 3,
      "8888": "Joh 20:15"
    },
    {
      "ques_id": 8,
      "question": "Hur många uppsättningar av 14 generationer nämndes i Jesu genealogi som ges i Evangeliet om St. Mathew",
      "option1": "Fem",
      "option2": "En poäng",
      "option3": "Tre",
      "option4": "Ett dussin",
      "answer": 3,
      "8888": "Johannes 20:15"

    },
    {
      "ques_id": 9,
      "question": "I profeten Jesaja sägs det att pojken som ska födas av jungfrun ska få detta namn som betyder Gud - med- oss?",
      "option1": "Jesus",
      "option2": "John",
      "option3": "Emmanuel",
      "option4": "Christos,",
      "answer": 3,
      "8888":"Mt 1:23"
    },
    {
      "ques_id": 10,
      "question": "I Jesu geneologi som ges i Evangeliet om St. Mathew, började den första uppsättningen av 14 generationer som nämns med Abraham och slutade med vem?",
      "option1": "David",
      "option2": "Moses",
      "option3": "Jacob",
      "option4": "Jesse",
      "answer": 1,
      "8888":"Mt 1:1-6"
    },
    {
      "ques_id": 11,
      "question": "\"Eftersom hon togs ur hans kött\", vad kallade den första mannen den första kvinnan?",
      "option1": "Adama",
      "option2": "Eva",
      "option3": "Kvinna",
      "option4": "Hustru",
      "answer": 2,
      "8888": "Gen 1:23"
    },
    {
      "ques_id": 12,
      "question": "Vad gav Herren Gud för att tjäna som mat åt alla landets djur och alla himlens fåglar?",
      "option1": "De gröna växterna",
      "option2": "Fröbärande växter",
      "option3": "Fröbärande fruktträd",
      "option4": "Allt ätbart",
      "answer": 1,
      "8888": "Gn 1:30"
    },
    {
      "ques_id": 13,
      "question": "På vilken skapelsedag skapade Gud solen och månen?",
      "option1": "Första",
      "option2": "Andra",
      "option3": "Tredje",
      "option4": "Fjärde",
      "answer": 4,
      "8888": "1 Mos 1:26-31"
    },
    {
      "ques_id": 14,
      "question": "Hur gammal var David när han smordes till kung av Israel?",
      "option1": "50",
      "option2": "20",
      "option3": "35",
      "option4": "30",
      "answer": 4,
      "8888": "2Samuel 5:4"
    },
    {
      "ques_id": 15,
      "question": " Vilka mer än de vise männen kom för att besöka Jesus när han var ett litet barn.",
      "option1": "Bågskyttar",
      "option2": "Herdar",
      "option3": "Jägare",
      "option4": "Bönder",
      "answer": 2
    },
    {
      "ques_id": 16,
      "question": "Hur lång var Goliat?",
      "option1": "6 alnar och ett spann",
      "option2": " 8 alnar",
      "option3": "10 alnar och ett spann",
      "option4": "12 alnar",
      "answer": 1,
      "8888": "1 Samuel 1:4"
    },
    {
      "ques_id": 17,
      "question": " Vad sa Paulus var uppfyllelsen av lagen?",
      "option1": "Tro",
      "option2": "Bön",
      "option3": "Kärlek",
      "option4": "Äktenskap",
      "answer": 3,
      "8888": "Romarna 13:10"
    },
    {
      "ques_id": 18,
      "question": "Vilket är det kortaste kapitlet i bibeln",
      "option1": "Psalm 117",
      "option2": "Psalm 18",
      "option3": "Mark 10",
      "option4": "John 4",
      "answer": 1,
      "8888":"Psalmer 117"
    },
    {
      "ques_id": 19,
      "question": " Vem sa,\"Silver och guld har jag inget, men det jag har ger jag dig\"?",
      "option1": "Paul",
      "option2": "James",
      "option3": "Peter",
      "option4": "Timothy",
      "answer": 3,
      "8888":"Apostlagärningarna 3:6"
    },
    {
      "ques_id": 20,
      "question": " Vilken ålder var Moses [år] vid tiden för hans bortgång",
      "option1": "120",
      "option2": "100",
      "option3": "150",
      "option4": "80",
      "answer": 1,
      "8888":"5 Mosebok 34:7"
    }
  ],
  "Utöver denna värld": [
    {
      "ques_id": 1,
      "question": "Vem var den äldsta personen i bibeln?",
      "option1": "Metusalem",
      "option2": "Adam",
      "option3": "Abraham",
      "option4": "Salomon",
      "answer": 1,
      "8888": "1 Mosebok 5:27"
    },
    {
      "ques_id": 2,
      "question": "Hur gammal var den äldsta personen i bibeln?",
      "option1": "120",
      "option2": "500",
      "option3": "800",
      "option4": "969",
      "answer": 4,
      "8888": "1 Mosebok 5:27"
    },
    {
      "ques_id": 3,
      "question": "Vad betyder Jahwe-Schammmah?",
      "option1": "Gud med oss",
      "option2": "Gud själv",
      "option3": "Jesus Guds son",
      "option4": "Evigt liv",
      "answer": 2,
      "8888":"Hesekiel 48:35"
    },
    {
      "ques_id": 4,
      "question": "Hur många år till lade Gud till kung Hiskias liv som svar på den döende kungens bön?",
      "option1": "20",
      "option2": "50",
      "option3": "15",
      "option4": "100",
      "answer": 3,
      "8888": "2 Kungaboken 20:6"
    },
    {
      "ques_id": 5,
      "question": "Vilka Herrens profeter rådfrågade kung Josia av Juda?",
      "option1": "Amos",
      "option2": "Elijah",
      "option3": "Elisha",
      "option4": "Huldah",
      "answer": 4,
      "8888":" 2 Kungaboken 22:14-16"
    },
    {
      "ques_id": 6,
      "question": "Vilken ceremoni återinförde kung Josia som inte hade firats av någon av de tidigare kungarna i Israel eller Juda?",
      "option1": "Påsk",
      "option2": "Offerritual",
      "option3": "dyrkan",
      "option4": "Omskärelse",
      "answer": 1,
      "8888": "2 Kungaboken 23:21"
    },
    {
      "ques_id": 7,
      "question": "Av vilken Israels stam var kung Saul?",
      "option1": "Juda",
      "option2": "Benjamin",
      "option3": "Amoniter",
      "option4": "Israel",
      "answer": 2,
      "8888": "1 Samuel 9:21"
    },
    {
      "ques_id": 8,
      "question": "När arken återvände till Israel, vilket offer offrade Samuel till Herren?",
      "option1": "A-han get",
      "option2": "Människooffer",
      "option3": "Han offrade trädgårdsskördar",
      "option4": "Diande lamm",
      "answer": 4,
      "8888": "1 Samuel 7:9"
    },
    {
      "ques_id": 9,
      "question": "Vad hette kung Sauls hustru?",
      "option1": "Debora",
      "option2": "Naume",
      "option3": "Ahinoam",
      "option4": "Ruth",
      "answer": 3,
      "8888": "1 Samuel 14:50"
    },
    {
      "ques_id": 10,
      "question": "Vad behöver någon för att förstå Guds ord?",
      "option1": "Kunskap",
      "option2": "Helig Ande",
      "option3": "Visdom",
      "option4": "Böner",
      "answer": 2,
      "8888": "1 Korintierbrevet 2:11"
    },
    {
      "ques_id": 11,
      "question": "Vem sa Paulus som dömde honom?",
      "option1": "Gud",
      "option2": "Terah",
      "option3": "Reuben",
      "option4": "Belsassar",
      "answer": 1,
      "8888":" 1 Korintierbrevet 4:4"
    },
    {
      "ques_id": 12,
      "question": "På pingstdagen kom det ett ljud från himlen av en rusande____?",
      "option1": "Åska",
      "option2": "Regn",
      "option3": "Vind",
      "option4": "högt ljud",
      "answer": 3,
      "8888":"Apostlagärningarna 2:2"
    },
    {
      "ques_id": 13,
      "question": "Vem erbjöd sig att betala pengar för kraften att ge den helige anden?",
      "option1": "John",
      "option2": "Zacharias",
      "option3": "Simon",
      "option4": " Herodes",
      "answer": 3,
      "8888": "Akter 8"
    },
    {
      "ques_id": 14,
      "question": "När Jesus förvandlade vatten till vin, förvandlade han vatten som fanns i stenburkar. Vad användes dessa stenburkar till normalt?",
      "option1": "Dop",
      "option2": "Rengöring",
      "option3": "Handel",
      "option4": "Ceremoniell tvätt",
      "answer": 4,
      "8888": "Johannes 2:6"
    },
    {
      "ques_id": 15,
      "question": "Vem var Nimrods far?",
      "option1": "Andrew",
      "option2": "Joshua",
      "option3": "Simson",
      "option4": "Cush",
      "answer": 4,
      "8888": "1 Krönikebok 1:10"
    },
    {
      "ques_id": 16,
      "question": "vad hette Abrahams två söner (i födelseordning)?",
      "option1": "Isak och Jakob",
      "option2": "Ismael och Isak",
      "option3": "Joseph och Jakob",
      "option4": "Kain och Isak",
      "answer": 2,
      "8888": "1 Moseboken 16:1-16, 1 Krönikeboken 1:28"
    },
    {
      "ques_id": 17,
      "question": "Vad hette de tre sönerna till Noa i den ordning de finns på bibellistorna?",
      "option1": "Skinka, Josef, Jafet",
      "option2": "Japhet, Ham, Isak",
      "option3": "Sem, Ham och Jafet",
      "option4": "Shem,Ham, Joseph",
      "answer": 3,
      "8888": "Första Moseboken 9:18-19, 1 Krönikeboken 1:4"
    },
    {
      "ques_id": 18,
      "question": "Herren bytte Abrahams namn till Abraham när han var 99 år. vad hette han innan dess?",
      "option1": "Adam",
      "option2": "Abram",
      "option3": "Alfa",
      "option4": "Agag",
      "answer": 2,
      "8888": "1 Mosebok 17:1-5"
    },
    {
      "ques_id": 19,
      "question": "Hur gammal var Abraham när Isak föddes?",
      "option1": "103",
      "option2": "90",
      "option3": "100",
      "option4": "50",
      "answer": 3,
      "8888": "1 Mosebok 21:5"
    },
    {
      "ques_id": 20,
      "question": "Hur många böcker i bibeln har ordet \"Johannes\" i sin titel?",
      "option1": "4",
      "option2": "3",
      "option3": "1",
      "option4": "5",
      "answer": 1,
      "8888": "John"
    }
  ]
}