{
  "Nováčik": [
    {
      "ques_id": 1,
      "question": "Kto je prvý človek, ktorý kedy žil?",
      "option1": "Metuzalem",
      "option2": "Abraham",
      "option3": "Mojžiš",
      "option4": "Adam",
      "answer": 4
    },
    {
      "ques_id": 2,
      "question": "Koho prehltla veľmi veľká ryba?",
      "option1": "Ježiš",
      "option2": "Jonáš",
      "option3": "Samson",
      "option4": "Peter",
      "answer": 2
    },
    {
      "ques_id": 3,
      "question": "Kto je tá osoba, ktorú Boh použil, aby vyviedol Izraelitov z Egypta",
      "option1": "Aaron",
      "option2": "Abraham",
      "option3": "Mojžiš",
      "option4": "Jeremiáš",
      "answer": 3
    },
    {
      "ques_id": 4,
      "question": "Kto bol ten, kto zabil Goliáša",
      "option1": "Dávid",
      "option2": "Saul",
      "option3": "Šalamún",
      "option4": "Jonathan",
      "answer": 1
    },
    {
      "ques_id": 5,
      "question": "Kto bol prvým kráľom Izraela?",
      "option1": "Dávid",
      "option2": "Saul",
      "option3": "Šalamún",
      "option4": "Mojžiš",
      "answer": 2
    },
    {
      "ques_id": 6,
      "question": "Aké zamestnanie mal Ježiš pred svojou službou",
      "option1": "ToyMaker",
      "option2": "Rybár",
      "option3": "Správca vinohradu",
      "option4": "Tesár",
      "answer": 4
    },
    {
      "ques_id": 7,
      "question": "Ako sa volá mesto, v ktorom sa narodil Ježiš?",
      "option1": "Jeruzalem",
      "option2": "Betlehem",
      "option3": "Galilea",
      "option4": "Nazaret",
      "answer": 2
    },
    {
      "ques_id": 8,
      "question": "Ako sa volá more, po ktorom kráčal Ježiš",
      "option1": "Galilejské more",
      "option2": "Mŕtve more",
      "option3": "Čítať more",
      "option4": "Stredozemné more",
      "answer": 1
    },
    {
      "ques_id": 9,
      "question": "Ako sa volá rieka, v ktorej Ján Krstiteľ krstil ľudí?",
      "option1": "Eufrat",
      "option2": "Níl",
      "option3": "Jordánsko",
      "option4": "Tigri",
      "answer": 3
    },
    {
      "ques_id": 10,
      "question": "Ako sa volá Ondrejov brat? (Obaja boli učeníci)",
      "option1": "Peter",
      "option2": "Ján",
      "option3": "James",
      "option4": "Adam",
      "answer": 1
    },
    {
      "ques_id": 11,
      "question": "Ako sa volala Ježišova matka?",
      "option1": "Mária",
      "option2": "Martha",
      "option3": "Zipporah",
      "option4": "Sarah",
      "answer": 1
    },
    {
      "ques_id": 12,
      "question": "Ako sa volala záhrada, kde žili Adam a Eva?",
      "option1": "Krajina Nod",
      "option2": "rajská záhrada",
      "option3": "Betlehem",
      "option4": "Záhrada údolia",
      "answer": 2
    },
    {
      "ques_id": 13,
      "question": "Akým jedlom nasýtil Ježiš 5 000 ľudí",
      "option1": "Víno",
      "option2": "Bochníky chleba a vína",
      "option3": "Bochníky chleba a ryby",
      "option4": "Voda",
      "answer": 3
    },
    {
      "ques_id": 14,
      "question": "Akú metódu použili Rimania na zabitie Ježiša?",
      "option1": "Ukamenený",
      "option2": "Kremácia",
      "option3": "Ukrižovanie",
      "option4": "Obesený",
      "answer": 3
    },
    {
      "ques_id": 15,
      "question": "Koľko košov zostalo z kŕmenia 5000?",
      "option1": "7",
      "option2": "8",
      "option3": "10",
      "option4": "12",
      "answer": 1,
      "8888": "Matúš 15:13"
    },
    {
      "ques_id": 16,
      "question": "Ktorý učeník našiel mincu v ústach ryby?",
      "option1": "Andrew",
      "option2": "Pavol",
      "option3": "Peter",
      "option4": "Timotej",
      "answer": 3,
      "8888": "Matúš 1:24-27"
    },
    {
      "ques_id": 17,
      "question": "V ktorej knihe Biblie čítame o Hamanovi",
      "option1": "Exodus",
      "option2": "Ester",
      "option3": "Ruth",
      "option4": "Malachi",
      "answer": 2,
      "8888": "Ester 3"
    },
    {
      "ques_id": 18,
      "question": "Uveďte manželku kráľa Agrippu, pred ktorou stál Pavol na súde",
      "option1": "Bernice",
      "option2": "Herodes",
      "option3": "Agag",
      "option4": "Kaifáš",
      "answer": 1,
      "8888": "Skutky 25:23"
    },
    {
      "ques_id": 19,
      "question": "Koľko rokov mal Enoch",
      "option1": "400",
      "option2": "350",
      "option3": "230",
      "option4": "365",
      "answer": 4,
      "8888": "Genesis 5:23"
    },
    {
      "ques_id": 20,
      "question": "Koľko ďalších rokov pridal Boh do života kráľa Ezechiáša ako odpoveď na modlitbu umierajúcich kráľov?",
      "option1": "20",
      "option2": "15",
      "option3": "100",
      "option4": "50",
      "answer": 2,
      "8888": "2 králi 20:6"
    }
  ],
  "Nadšenec": [
    {
      "ques_id": 1,
      "question": "Kto bol otcom Izáka?",
      "option1": "Abraham",
      "option2": "Jacob",
      "option3": "Ezau",
      "option4": "Peleq",
      "answer": 1
    },
    {
      "ques_id": 2,
      "question": "Kto bol otcom Rechabeáma?",
      "option1": "Dávid",
      "option2": "Nimrod",
      "option3": "Abimelech",
      "option4": "Šalamún",
      "answer": 4
    },
    {
      "ques_id": 3,
      "question": "Kto bol otcom Matuzalema?",
      "option1": "Eliáš",
      "option2": "Enock",
      "option3": "Seth",
      "option4": "Jared",
      "answer": 2
    },
    {
      "ques_id": 4,
      "question": "Kto zabil Jána Krstiteľa?",
      "option1": "Caesar",
      "option2": "Pilát",
      "option3": "Herold",
      "option4": "Kaifáš",
      "answer": 3
    },
    {
      "ques_id": 5,
      "question": "Kto bol prvý zabitý, pretože uveril v Krista?",
      "option1": "Peter",
      "option2": "Ján",
      "option3": "Barnabáš",
      "option4": "Stephen",
      "answer": 4
    },
    {
      "ques_id": 6,
      "question": "Kam išiel Saul, keď uvidel Ježiša?",
      "option1": "Damask",
      "option2": "Grécko",
      "option3": "Rím",
      "option4": "Jeruzalem",
      "answer": 1
    },
    {
      "ques_id": 7,
      "question": "Kde strávil Ježiš väčšinu svojho života na zemi?",
      "option1": "Jeruzalem",
      "option2": "Nazaret",
      "option3": "Olivová hora",
      "option4": "Egypt",
      "answer": 2
    },
    {
      "ques_id": 8,
      "question": "Čo začína žalm, \"Pán je môj pastier?\"",
      "option1": "Žalm 91",
      "option2": "Žalm 1",
      "option3": "Žalm 104",
      "option4": "Žalm 23",
      "answer": 4
    },
    {
      "ques_id": 9,
      "question": "Aké bolo Paulovo zamestnanie, keď cestoval ako misionár?",
      "option1": "Pastier",
      "option2": "Predajca Purple",
      "option3": "Výrobca stanov",
      "option4": "Pisár",
      "answer": 3
    },
    {
      "ques_id": 10,
      "question": "Ako sa volá ostrov, na ktorom žil Barnabáš?",
      "option1": "Grécko",
      "option2": "Cyprus",
      "option3": "Rhodos",
      "option4": "Veľkonočný ostrov",
      "answer": 2
    },
    {
      "ques_id": 11,
      "question": "Keď k nemu pristúpil Ježiš, povedal: \"Čo máš so mnou, Ježiš, Syn Boha Najvyššieho? Zaprisahávam ťa pri Bohu, netrap ma\".?",
      "option1": "Légia",
      "option2": "Terah",
      "option3": "Reuben",
      "option4": "Belshazzar",
      "answer": 1
    },
    {
      "ques_id": 12,
      "question": "O ktorom vtákovi hovorí Ježiš, že máme väčšiu hodnotu ako?",
      "option1": "Orol",
      "option2": "Sup",
      "option3": "Vrabec",
      "option4": "Holubica",
      "answer": 3
    },
    {
      "ques_id": 13,
      "question": "Ktoré dve sestry si vzali Jacoba?",
      "option1": "Dorcas a Leah",
      "option2": "Mariam a Rachel",
      "option3": "Rachel a Leah",
      "option4": "Sarai a Hannah",
      "answer": 3
    },
    {
      "ques_id": 14,
      "question": "Do ktorej krajiny poslal Boh Abraháma, aby obetoval svojho zvláštneho syna Izáka?",
      "option1": "Canan",
      "option2": "Macedónsko",
      "option3": "Cyprus",
      "option4": "Moriah",
      "answer": 4
    },
    {
      "ques_id": 15,
      "question": "S akou prorokyňou Pána sa radil judský kráľ Joziáš",
      "option1": "Debora",
      "option2": "Hulda",
      "option3": "Naom",
      "option4": "Ruth",
      "answer": 2,
      "8888": "2 králi 22:12-16"
    },
    {
      "ques_id": 16,
      "question": "Pomenovať Samuelovho prvorodeného syna?",
      "option1": "Joshua",
      "option2": "Joel",
      "option3": "Jonathan",
      "option4": "Jozef",
      "answer": 2,
      "8888": "1. Samuelova 8:2"
    },
    {
      "ques_id": 17,
      "question": "Ako sa volala manželka kráľa Saula?",
      "option1": "Boam",
      "option2": "Milosrdenstvo",
      "option3": "Ahinoam",
      "option4": "Noam",
      "answer": 3,
      "8888": "1. Samuelova 14:50"
    },
    {
      "ques_id": 18,
      "question": "Čo sa vyžaduje, aby niekto pochopil Božie slovo?",
      "option1": "Modlitba",
      "option2": "Láska",
      "option3": "Duch svätý",
      "option4": "Anjeli",
      "answer": 3,
      "8888": "1. Korinťanom 2:11"
    },
    {
      "ques_id": 19,
      "question": "Kto povedal Pavol, že ho súdil?",
      "option1": "Satan",
      "option2": "Boh",
      "option3": "Priateľ",
      "option4": "Peter",
      "answer": 2,
      "8888": "1 Korinťanom 4:4"
    },
    {
      "ques_id": 20,
      "question": "Po odložení ________ ochorie srdce?",
      "option1": "Dôvera",
      "option2": "Nádej",
      "option3": "Láska",
      "option4": "Modlitby",
      "answer": 2,
      "8888": "Príslovia 13:12"
    }
  ],
  "Stredne pokročilý": [
    {
      "ques_id": 1,
      "question": "Kto bola Mojžišova manželka?",
      "option1": "Elisheba",
      "option2": "Rebecca",
      "option3": "Mária",
      "option4": "Zipporah",
      "answer": 4
    },
    {
      "ques_id": 2,
      "question": "Kto bola Abrahámova druhá manželka?",
      "option1": "Ester",
      "option2": "Ketura",
      "option3": "Hagar",
      "option4": "Lýdia",
      "answer": 2
    },
    {
      "ques_id": 3,
      "question": "Koľko kapitol obsahuje Kázeň na vrchu?",
      "option1": "1",
      "option2": "2",
      "option3": "3",
      "option4": "7",
      "answer": 3
    },
    {
      "ques_id": 4,
      "question": "Koľkokrát pochodoval Izrael okolo Jericha?",
      "option1": "13",
      "option2": "7",
      "option3": "70",
      "option4": "12",
      "answer": 1
    },
    {
      "ques_id": 5,
      "question": "Ako dlhý je lakeť?",
      "option1": "približne 12 palcov",
      "option2": "12 mm",
      "option3": "približne 18 palcov",
      "option4": "približne 36 palcov",
      "answer": 3
    },
    {
      "ques_id": 6,
      "question": "Kam šiel Kain, keď zabil Ábela?",
      "option1": "rajská záhrada",
      "option2": "Krajina Nod",
      "option3": "Jaskyne Kumránu",
      "option4": "Mt. Ararat",
      "answer": 2
    },
    {
      "ques_id": 7,
      "question": "Kto bol Kišovým synom?",
      "option1": "Noah",
      "option2": "Apoštol Pavol",
      "option3": "Abraham",
      "option4": "Kráľ Saul",
      "answer": 4
    },
    {
      "ques_id": 8,
      "question": "Kde žila Rahab?",
      "option1": "Jericho",
      "option2": "Jeruzalem",
      "option3": "Ninive",
      "option4": "Ai",
      "answer": 1
    },
    {
      "ques_id": 9,
      "question": "Kde žila Dorcas?",
      "option1": "Bétel",
      "option2": "Joppa",
      "option3": "Cézarea",
      "option4": "Antiochia",
      "answer": 2
    },
    {
      "ques_id": 10,
      "question": "Kde je \"Ulica s názvom Rovná\"",
      "option1": "Jeruzalem",
      "option2": "Rím",
      "option3": "Babylon",
      "option4": "Damask",
      "answer": 4
    },
    {
      "ques_id": 11,
      "question": "Po úteku, pod ktorým stromom spal Eliáš",
      "option1": "Dub",
      "option2": "borovica",
      "option3": "Juniper",
      "option4": "Smrek",
      "answer": 3,
      "8888": "1 Kráľ 19:5"
    },
    {
      "ques_id": 12,
      "question": "Judáš zradil Ježiša presne za koľko strieborných mincí?",
      "option1": "30",
      "option2": "20",
      "option3": "50",
      "option4": "10",
      "answer": 1,
      "8888": "Matúš 26:15"
    },
    {
      "ques_id": 13,
      "question": "Meno Davidovho otca",
      "option1": "Omán",
      "option2": "Jesse",
      "option3": "Joshua",
      "option4": "Šalamún",
      "answer": 2,
      "8888": "1Samuel 1:12"
    },
    {
      "ques_id": 14,
      "question": "Boh sa nespomína iba v 1 knihe Biblie",
      "option1": "Ester",
      "option2": "Ruth",
      "option3": "Malachi",
      "option4": "Exodus",
      "answer": 1,
      "8888": "Ester"
    },
    {
      "ques_id": 15,
      "question": "Za koľko strieborných predali Jozue jeho bratia Izmeelitom",
      "option1": "50",
      "option2": "12",
      "option3": "20",
      "option4": "100",
      "answer": 3,
      "8888": "Genesis 37:28"
    },
    {
      "ques_id": 16,
      "question": "Koľko apoštolov si Ježiš vyvolil",
      "option1": "12",
      "option2": "14",
      "option3": "10",
      "option4": "08",
      "answer": 1,
      "8888": "Lukáš 6:13"
    },
    {
      "ques_id": 17,
      "question": "Anjel povedal Márii, že Ježiš bude kraľovať nad domom, ktorého starozákonná postava",
      "option1": "Dávid",
      "option2": "Jakub",
      "option3": "Abraham",
      "option4": "Mojžiš",
      "answer":2,
      "8888": "Lukáš 1:13"
    },
    {
      "ques_id": 18,
      "question": "Ktorý prorok povedal: \"Z Egypta som povolal svojho syna?\"",
      "option1": "Jeremiáš",
      "option2": "Izaiáš",
      "option3": "Ozeáš",
      "option4": "Ezechiel",
      "answer": 3,
      "8888": "Ozeáš 11:1"
    },
    {
      "ques_id": 19,
      "question": "Aký druh stromu Ježiš preklial?",
      "option1": "Obr",
      "option2": "Vinica",
      "option3": "borovica",
      "option4": "dub",
      "answer": 1,
      "8888": "Marek 11:12-14"
    },
    {
      "ques_id": 20,
      "question": "Koho si Saul vyžiadal, aby mu vychoval médium",
      "option1": "Eli",
      "option2": "Nathan",
      "option3": "Samuel",
      "option4": "Dávid",
      "answer": 3,
      "8888": "1 Samuel 28:11"
    }
  ],
  "Profesionál": [
    {
      "ques_id": 1,
      "question": "Kto niesol kríž pre Krista?",
      "option1": "Filip",
      "option2": "Šimon z Cyrény",
      "option3": "Achab",
      "option4": "Micah",
      "answer": 2
    },
    {
      "ques_id": 2,
      "question": "Koľko spoločníkov dali Filištínci Samsonovi na sviatok v Timne?",
      "option1": "30",
      "option2": "31",
      "option3": "32",
      "option4": "33",
      "answer": 1
    },
    {
      "ques_id": 3,
      "question": "Koľko mala Anna, prorokyňa, keď uvidela Ježiša?",
      "option1": "83",
      "option2": "84",
      "option3": "88",
      "option4": "92",
      "answer": 2
    },
    {
      "ques_id": 4,
      "question": "Čo dala kráľovná zo Sáby Šalamúnovi?",
      "option1": "(124 talentov) zlata, korenia a drahých kameňov",
      "option2": "(120 talentov) zlata, korenia a drahých kameňov",
      "option3": "(18 talentov) zlata, korenia a drahých kameňov",
      "option4": "(221 talentov) zlata, korenia a drahých kameňov",
      "answer": 2
    },
    {
      "ques_id": 5,
      "question": "Koľko kníh je v Starom zákone?",
      "option1": "37",
      "option2": "38",
      "option3": "39",
      "option4": "40",
      "answer": 3
    },
    {
      "ques_id": 6,
      "question": "Na koľko riek sa rieka v Edene rozdelila, keď opustila záhradu?",
      "option1": "4",
      "option2": "3",
      "option3": "6",
      "option4": "8",
      "answer": 1
    },
    {
      "ques_id": 7,
      "question": "Čo chcel Jozef urobiť, keď zistil, že Mária je tehotná?",
      "option1": "Usporiadajte párty",
      "option2": "Rozviesť sa s ňou",
      "option3": "Utiecť",
      "option4": "Žiadne z vyššie uvedeného",
      "answer": 2
    },
    {
      "ques_id": 8,
      "question": "Akej farby malo rúcho veľkňaza?",
      "option1": "Modrá",
      "option2": "Biela",
      "option3": "Zelená",
      "option4": "Červená",
      "answer": 1
    },
    {
      "ques_id": 9,
      "question": "Čo povedal Boaz, že Naomi predávala?",
      "option1": "Pozemok",
      "option2": "zlato",
      "option3": "Jej dieťa",
      "option4": "Jedlo",
      "answer": 1
    },
    {
      "ques_id": 10,
      "question": "V podobenstve o dlžníkoch jeden dlhoval 500 denárov (pencí), ale koľko dlhoval druhý",
      "option1": "70",
      "option2": "50",
      "option3": "45",
      "option4": "80",
      "answer": 2
    },
    {
      "ques_id": 11,
      "question": "Koľko Eliášovho ducha dostal Elizeus?",
      "option1": "Malý",
      "option2": "Jedna porcia",
      "option3": "Zdravý",
      "option4": "Dvojitá porcia",
      "answer": 4
    },
    {
      "ques_id": 12,
      "question": "Čo bolo nezvyčajné na 700 benjamitských vojakoch, ktorí dokázali zavesiť kameň a zakaždým zasiahnuť svoj cieľ?",
      "option1": "Všetci boli ľaváci",
      "option2": "Všetky vyzerali rovnako",
      "option3": "Nemali topánky",
      "option4": "Žiadne z vyššie uvedeného",
      "answer": 1
    },
    {
      "ques_id": 13,
      "question": "Aký vzťah mal Annáš ku Kaifášovi?",
      "option1": "Brat",
      "option2": "Strýko",
      "option3": "Bratranci",
      "option4": "Svokor",
      "answer": 4
    },
    {
      "ques_id": 14,
      "question": "Čo by ste nemali \"hádzať pred svine\"",
      "option1": "Kamienky",
      "option2": "Kamene",
      "option3": "Perly",
      "option4": "Palička",
      "answer": 3
    },
    {
      "ques_id": 15,
      "question": "Kedy vo väzení, kedy sa Pavol a Sílas modlili a spievali Bohu?",
      "option1": "Ráno",
      "option2": "Popoludnie",
      "option3": "Večer",
      "option4": "Polnoc",
      "answer": 4
    },
    {
      "ques_id": 16,
      "question": "Čo jedol Daniel a jeho traja priatelia namiesto kráľovského mäsa a pitia?",
      "option1": "Chlieb",
      "option2": "Víno a chlieb",
      "option3": "Strukoviny a voda",
      "option4": "Nič",
      "answer": 3
    },
    {
      "ques_id": 17,
      "question": "Ako sa volá Ježišov bratranec, ktorý sa narodil šesť mesiacov pred ním?",
      "option1": "Ján",
      "option2": "Peter",
      "option3": "Pavol",
      "option4": "Michael",
      "answer": 1
    },
    {
      "ques_id": 18,
      "question": "V ktorom meste žil kráľ Herodes v čase Ježišovho narodenia?",
      "option1": "Jeruzalem",
      "option2": "Rím",
      "option3": "Babylon",
      "option4": "Betlehem",
      "answer": 1
    },
    {
      "ques_id": 19,
      "question": "Koľko rán poslal Boh na Egypt?",
      "option1": "4",
      "option2": "8",
      "option3": "10",
      "option4": "12",
      "answer": 3
    },
    {
      "ques_id": 20,
      "question": "Za koľko strieborných zradil Judáš Krista?",
      "option1": "20",
      "option2": "30",
      "option3": "40",
      "option4": "50",
      "answer": 2
    },
    {
      "ques_id": 21,
      "question": "Koľko dní sa Ježiš zjavoval svojim učeníkom po svojom zmŕtvychvstaní?",
      "option1": "30",
      "option2": "7",
      "option3": "40",
      "option4": "11",
      "answer": 3
    },
    {
      "ques_id": 22,
      "question": "Koľko kostolov v Malej Ázii bolo uvedených v Zjavení?",
      "option1": "7",
      "option2": "8",
      "option3": "9",
      "option4": "10",
      "answer": 1
    }
  ],
  "Génius": [
    {
      "ques_id": 1,
      "question": "Kto bol synom Eleazára, syna Áronovho?",
      "option1": "Putiel",
      "option2": "Korah",
      "option3": "Phinehas",
      "option4": "Izhar",
      "answer": 3
    },
    {
      "ques_id": 2,
      "question": "Kto bol synom Omriho, kráľa Izraela?",
      "option1": "Achab",
      "option2": "Joram",
      "option3": "Zimri",
      "option4": "Ginath",
      "answer": 1
    },
    {
      "ques_id": 3,
      "question": "Kto bol manželom Noemi z knihy Rút?",
      "option1": "Boaz",
      "option2": "Elkanah",
      "option3": "Obed",
      "option4": "Elimelech",
      "answer": 4
    },
    {
      "ques_id": 4,
      "question": "Koľko písmen je v najdlhšom názve v Biblii?",
      "option1": "16",
      "option2": "18",
      "option3": "22",
      "option4": "25",
      "answer": 2
    },
    {
      "ques_id": 5,
      "question": "Kto zabil Siseru?",
      "option1": "Dávid",
      "option2": "Achab",
      "option3": "Saul",
      "option4": "Jael",
      "answer": 4
    },
    {
      "ques_id": 6,
      "question": "Aká široká bola Noemova archa?",
      "option1": "35 lakťov",
      "option2": "50 lakťov",
      "option3": "75 lakťov",
      "option4": "90 lakťov",
      "answer": 2
    },
    {
      "ques_id": 7,
      "question": "Aká široká bola Archa zmluvy?",
      "option1": "1,5 lakťa",
      "option2": "2 lakte",
      "option3": "3 lakte",
      "option4": "1 lakeť",
      "answer": 1
    },
    {
      "ques_id": 8,
      "question": "Ako sa volal Elizeov sluha?",
      "option1": "Jehoram",
      "option2": "Shaphat",
      "option3": "Geházi",
      "option4": "Hazael",
      "answer": 3
    },
    {
      "ques_id": 9,
      "question": "Ako sa volal Paulov slávny učiteľ?",
      "option1": "Justus",
      "option2": "Gamaliel",
      "option3": "Kaifáš",
      "option4": "Sokrates",
      "answer": 2
    },
    {
      "ques_id": 10,
      "question": "Ktorý sudca Izraela sa narodil v Betleheme?",
      "option1": "Dávid",
      "option2": "Ibzan",
      "option3": "Deborah",
      "option4": "Gideon",
      "answer": 2
    },
    {
      "ques_id": 11,
      "question": "Keď k nemu pristúpil Ježiš, povedal: \"Čo máš so mnou, Ježiš, Syn Boha Najvyššieho? Zaprisahávam ťa pri Bohu, netrap ma\".?",
      "option1": "Légia",
      "option2": "Terah",
      "option3": "Reuben",
      "option4": "Belshazzar",
      "answer": 1
    },
    {
      "ques_id": 12,
      "question": "O ktorom vtákovi hovorí Ježiš, že máme väčšiu hodnotu ako?",
      "option1": "Orol",
      "option2": "Sup",
      "option3": "Vrabec",
      "option4": "Holubica",
      "answer": 3
    },
    {
      "ques_id": 13,
      "question": "Ktoré dve sestry si vzali Jacoba?",
      "option1": "Dorcas a Leah",
      "option2": "Mariam a Rachel",
      "option3": "Rachel a Leah",
      "option4": "Sarai a Hannah",
      "answer": 3
    },
    {
      "ques_id": 14,
      "question": "Do ktorej krajiny poslal Boh Abraháma, aby obetoval svojho zvláštneho syna Izáka?",
      "option1": "Canan",
      "option2": "Macedónsko",
      "option3": "Cyprus",
      "option4": "Moriah",
      "answer": 4
    },
    {
      "ques_id": 15,
      "question": "Ktorý žalm je verš \"Núti ma ľahnúť si na zelené pasienky, vedie ma k tichým vodám,\" odkiaľ?",
      "option1": "25",
      "option2": "22",
      "option3": "30",
      "option4": "23",
      "answer": 4,
      "8888": "Žalm 23;2"
    },
    {
      "ques_id": 16,
      "question": "Strach z pána je začiatkom ........ ",
      "option1": "Vedomosti",
      "option2": "Múdrosť",
      "option3": "Peniaze",
      "option4": "Láska",
      "answer": 1,
      "8888": ""
    },
    {
      "ques_id": 17,
      "question": "Ktorému mestu povedal Pán Jonášovi, aby kázal?",
      "option1": "Jeruzalem",
      "option2": "Ninive",
      "option3": "Babylon",
      "option4": "Juda",
      "answer": 2,
      "8888": "Jonáš 1:2"
    },
    {
      "ques_id": 18,
      "question": "Ktorá z týchto kníh [Filipanom, Kolosanom, Galaťanom alebo Efezanom] je na prvom mieste v Biblii",
      "option1": "Kolosi",
      "option2": "Galaťania",
      "option3": "Efezanom",
      "option4": "Filipáni",
      "answer": 2,
      "8888": "Nový zákon, listy Pavla"
    },
    {
      "ques_id": 19,
      "question": "Koľko kapitol má kniha Hebrejom?",
      "option1": "13",
      "option2": "15",
      "option3": "10",
      "option4": "16",
      "answer": 1,
      "8888": "Hebrejom 1-13"
    },
    {
      "ques_id": 20,
      "question": "Ako sa nazývajú búrkové vetry, ktoré môžu zasiahnuť Krétu?",
      "option1": "Mesiac",
      "option2": "Euroklydon",
      "option3": "Pretečenie",
      "option4": "Žiadne z vyššie uvedeného",
      "answer": 2,
      "8888": "Skutky 2:14"
    }
  ],
  "Odborník": [
    {
      "ques_id": 1,
      "question": "Kto z nich nebol kráľom Izraela alebo Judska",
      "option1": "Sennacherib",
      "option2": "Jehoiachim",
      "option3": "Zedekiáš",
      "option4": "Dávid",
      "answer": 1
    },
    {
      "ques_id": 2,
      "question": "Kto presvedčil Samsona, aby odhalil tajomstvo veľkej sily",
      "option1": "Dinah",
      "option2": "Ruth",
      "option3": "Delilah",
      "option4": "Martha",
      "answer": 3
    },
    {
      "ques_id": 3,
      "question": "A tvoje nebo, ktoré je nad tvojou hlavou, bude_____ a zem, ktorá je pod tebou, bude železná",
      "option1": "Mosadz",
      "option2": "Oceľ",
      "option3": "Striebro",
      "option4": "Zlato",
      "answer": 1
    },
    {
      "ques_id": 4,
      "question": "Kde možno nájsť slová: Dôveruj Jehovovi celým svojím srdcom a nespoliehaj sa na svoje vlastné chápanie ",
      "option1": "Príslovia 3:5",
      "option2": "Príslovia 5:3",
      "option3": "Príslovia 35:3",
      "option4": "Príslovia 4:3",
      "answer": 1
    },
    {
      "ques_id": 5,
      "question": "ktorý učeník trikrát zaprel Ježiša",
      "option1": "Peter",
      "option2": "Andrew",
      "option3": "Ján",
      "option4": "Juda",
      "answer": 1
    },
    {
      "ques_id": 6,
      "question": "Pamäť spravodlivých je požehnaná, ale meno bezbožných bude",
      "option1": "Vyhrať",
      "option2": "Hniloba",
      "option3": "Bloom",
      "option4": "rozkvet",
      "answer": 2
    },
    {
      "ques_id": 7,
      "question": "Predtým, ako Ježiš začal kázať, aká bola jeho práca?",
      "option1": "tesár",
      "option2": "učenec",
      "option3": "Doktor",
      "option4": "Učiteľ",
      "answer": 1
    },
    {
      "ques_id": 8,
      "question": "Zoan bol použitý v biblii ako paralela pre aký národ\"",
      "option1": "Egypt",
      "option2": "Asýria",
      "option3": "Babylon",
      "option4": "Sinai",
      "answer": 1
    },
    {
      "ques_id": 9,
      "question": "Ktorá starozákonná postava prejavila svoju vieru tým, že bola ochotná obetovať svojho syna na zmenu Bohu",
      "option1": "Noah",
      "option2": "Abraham",
      "option3": "shealtiel",
      "option4": "Mojžiš",
      "answer": 2
    },
    {
      "ques_id": 10,
      "question":"Čo urobili námorníci lode Jonah, aby zvýšili svoje šance na prežitie",
      "option1": "Plavili na sever",
      "option2": "Hoďte náklad cez palubu",
      "option3": "Prosili Boha o odpustenie",
      "option4": "Žiadne z vyššie uvedeného",
      "answer": 2
    },
    {
      "ques_id": 11,
      "question": "Čo robil Ezau, keď mu Jakub ukradol požehnanie?",
      "option1": "Poľovníctvo",
      "option2": "Poľnohospodárstvo",
      "option3": "Rybolov",
      "option4": "Cestovanie",
      "answer": 1
    },
    {
      "ques_id": 12,
      "question": "Kto bežal z hory Karmel do Samárie rýchlejšie ako Achab mohol riadiť svoj voz?",
      "option1": "Elisha",
      "option2": "Geházi",
      "option3": "Eliáš",
      "option4": "Ámos",
      "answer": 3
    },
    {
      "ques_id": 13,
      "question": "Čo urobil Boh siedmeho dňa po?",
      "option1": "Odpočinutý",
      "option2": "Stvorení ľudia",
      "option3": "Poveril človeka, aby sa staral o jeho výtvory",
      "option4": "Vytvorené vtáky",
      "answer": 1
    },
    {
      "ques_id": 14,
      "question": "Kto tvrdil, že zlaté teľa jednoducho vyšlo z ohňa?",
      "option1": "Joshua",
      "option2": "Aaron",
      "option3": "Miriam",
      "option4": "Debora",
      "answer": 42
    },
    {
      "ques_id": 15,
      "question": "O čo žiadal kráľ Šalamún, keď sa mu Boh zjavil vo sne",
      "option1": "Dlhý život a vedomosti",
      "option2": "Múdrosť [súdiť medzi dobrom a zlom]",
      "option3": "Bohatstvo",
      "option4": "Peniaze",
      "answer": 2
    },
    {
      "ques_id": 16,
      "question": "Dokonči povestné príslovie: Každý, kto je hlúpy, keď mlčanie považuje za -------?",
      "option1": "Pokojný",
      "option2": "Hlúpy",
      "option3": "Múdry",
      "option4": "Arogantný",
      "answer": 3
    },
    {
      "ques_id": 17,
      "question": "Ako má človek prijať kráľovstvo Božie?",
      "option1": "So skrytými motívmi",
      "option2": "Ako dieťa",
      "option3": "S hrdosťou",
      "option4": "Cez agentov",
      "answer": 2
    },
    {
      "ques_id": 18,
      "question": "Ako sa volala Abrahámova prvá manželka",
      "option1": "Sarah",
      "option2": "Miriam",
      "option3": "Roda",
      "option4": "Ruth",
      "answer": 1
    },
    {
      "ques_id": 19,
      "question": "Kráľ Saul neposlúchol Jehovov príkaz a ušetril život amelekitskému kráľovi",
      "option1": "Balak",
      "option2": "Dagon",
      "option3": "Agag",
      "option4": "Nathan",
      "answer": 3
    },
    {
      "ques_id": 20,
      "question": "O čom bolo napísaných Desatoro.",
      "option1": "Dva zvitky",
      "option2": "Dve kamenné tablety",
      "option3": "Múry Jericha",
      "option4": "Dve knihy",
      "answer": 1
    }
  ],
  "Majster": [
    {
      "ques_id": 1,
      "question": "O kom bolo zaznamenané, že \"všetci vo svojich srdciach uvažovali;\" Môže to byť snáď Kristus?",
      "option1": "Eliáš",
      "option2": "Ján",
      "option3": "Malachi",
      "option4": "Peter",
      "answer": 2
    },
    {
      "ques_id": 2,
      "question": "Ako sa volajú Jozefovi rodičia",
      "option1": "Jacob a Rebeka",
      "option2": "Jacob a Leah",
      "option3": "Jacob a Rachel",
      "option4": "Jacob a Ruth",
      "answer": 3
    },
    {
      "ques_id": 3,
      "question": "Ktorý zo všetkých ľudí spomenutých v Biblii žil najdlhšie?",
      "option1": "Metuzalem",
      "option2": "JJared",
      "option3": "Abraham",
      "option4": "Adam",
      "answer": 1
    },
    {
      "ques_id": 4,
      "question": "Čo povedal Ježiš tým, ktorí obvinili cudzoložnicu?",
      "option1": "Hľa, nikto nie je spravodlivý",
      "option2": "Kto je bez hriechu, nech prvý hodí kameňom",
      "option3": "Beda vám, kto obviňuje túto ženu",
      "option4": "zabi ju",
      "answer": 2
    },
    {
      "ques_id": 5,
      "question": "Do ktorého mesta pôjdu jedného dňa všetky národy uctievať Boha?",
      "option1": "Damask",
      "option2": "Jeruzalem",
      "option3": "Cilícia",
      "option4": "Juda",
      "answer": 2
    },
    {
      "ques_id": 6,
      "question": "Kto z Dávidových potomkov bude vládnuť navždy",
      "option1": "Rechoboam",
      "option2": "Ježiš",
      "option3": "Šalamún",
      "option4": "Jeroboam",
      "answer": 2
    },
    {
      "ques_id": 7,
      "question": "Kto bola Timotejova oddaná matka",
      "option1": "Lois",
      "option2": "Phoebe",
      "option3": "Eunice",
      "option4": "Magdaléna",
      "answer": 3
    },
    {
      "ques_id": 8,
      "question": "Prečo sa kráľ Šalamún odvrátil od Boha, keď bol starý",
      "option1": "Jeho cudzie manželky obrátili jeho srdce po iných bohoch",
      "option2": "Stal sa hrdým",
      "option3": "Miloval ženy viac ako Boha",
      "option4": "Uctieval modly",
      "answer": 1
    },
    {
      "ques_id": 9,
      "question": "Kto utiekol do Jehovovho stanu do bezpečia, ale aj tak ho tam zabili?",
      "option1": "Joab",
      "option2": "Saul",
      "option3": "amón",
      "option4": "Ezau",
      "answer": 1
    },
    {
      "ques_id": 10,
      "question": "Ktorý kráľ sníval o veľkej soche muža vyrobenej z rôznych kovov",
      "option1": "Achab",
      "option2": "Dávid",
      "option3": "malach",
      "option4": "Nabuchodonozor",
      "answer": 4
    },
    {
      "ques_id": 11,
      "question": "Kde je \"najlepšie miesto na modlitbu\"?",
      "option1": "Vo vašom šatníku so zatvorenými dverami",
      "option2": "V kostole",
      "option3": "Na tichom mieste",
      "option4": "Na ceste",
      "answer": 1
    },
    {
      "ques_id": 12,
      "question": "Kde možno nájsť slová: Dôveruj Jehovovi celým svojím srdcom a nespoliehaj sa na svoj vlastný rozum?",
      "option1": "Príslovia 3:5",
      "option2": "Príslovia 35:3",
      "option3": "Príslovia 5:3",
      "option4": "Príslovia 6:4",
      "answer": 1
    },
    {
      "ques_id": 13,
      "question": "Keď bol Ježiš v tebe na púšti, čo bol v pokušení premeniť na bochníky chleba?",
      "option1": "Mohyly",
      "option2": "Skaly",
      "option3": "Kamene",
      "option4": "Pôda",
      "answer": 3
    },
    {
      "ques_id": 14,
      "question": "Čo bolo zvláštne na Ehudovi [sudca nad Izraelom, ktorý zabil Elgona, moábskeho kráľa",
      "option1": "Bol veľmi mladý",
      "option2": "Bol ľavák",
      "option3": "Bol slepý",
      "option4": "Bol veľmi starý",
      "answer": 2
    },
    {
      "ques_id": 15,
      "question": "Čo sa stalo s mestom Jericho potom, čo kňaz zatrúbil na trúby",
      "option1": "Ľudia utiekli do inej krajiny",
      "option2": "Zvieratá zomreli",
      "option3": "Steny spadli",
      "option4": "Ľudia migrovali",
      "answer": 3
    },
    {
      "ques_id": 16,
      "question": "Podľa Jána 1:1, čo bolo na počiatku u Boha",
      "option1": "Slovo",
      "option2": "Anjel",
      "option3": "Ježiš",
      "option4": "Ján",
      "answer": 1
    },
    {
      "ques_id": 17,
      "question": "Koľko žalmov je v knihe Žalmov?",
      "option1": "150",
      "option2": "170",
      "option3": "120",
      "option4": "190",
      "answer": 1
    },
    {
      "ques_id": 18,
      "question": "Nie každý, kto mi hovorí \"Pane, Pane\", vojde do kráľovstva nebeského. Kto potom vojde do jeho kráľovstva",
      "option1": "Ten, kto plní Božiu vôľu",
      "option2": "Ten, kto robí zázraky",
      "option3": "Kto sa dá pokrstiť",
      "option4": "Ten, kto káže slovo Božie",
      "answer": 1
    },
    {
      "ques_id": 19,
      "question": "Kto bol prvým kráľom z 10 izraelských kmeňov?",
      "option1": "Jeroboam",
      "option2": "Rehoľa",
      "option3": "Joab",
      "option4": "Rehoboam",
      "answer": 1
    },
    {
      "ques_id": 20,
      "question": "Koľko rokov mal podľa Jeremiáša zostať izraelský národ v zajatí babylonského kráľa?",
      "option1": "120 rokov",
      "option2": "40 rokov",
      "option3": "70 rokov",
      "option4": "80 rokov",
      "answer": 3
    }
  ],
  "Veľmajster": [
    {
      "ques_id": 1,
      "question": "Ktorú rieku mal Naaman umyť, aby sa zbavil malomocenstva?",
      "option1": "Níl",
      "option2": "Jordánsko",
      "option3": "Galilea",
      "option4": "Biblia nehovorí",
      "answer": 2
    },
    {
      "ques_id": 2,
      "question": "Kto bol otcom Rechabeáma?",
      "option1": "Dávid",
      "option2": "Nimrod",
      "option3": "Abimelech",
      "option4": "Šalamún",
      "answer": 4
    },
    {
      "ques_id": 3,
      "question": "Ako dlho vládol Dávid ako kráľ?",
      "option1": "Tridsať rokov",
      "option2": "Štyridsať rokov",
      "option3": "Dvadsaťpäť rokov",
      "option4": "Osemdesiat rokov",
      "answer": 2
    },
    {
      "ques_id": 4,
      "question": "V Ježišovom vysvetlení podobenstva o rozsievačovi. čo predstavuje semeno",
      "option1": "Viera",
      "option2": "Slovo Božie",
      "option3": "Ježiš",
      "option4": "Láska",
      "answer": 2
    },
    {
      "ques_id": 5,
      "question": "Ktorá rastlina je \"najmenšia zo všetkých semien, ale keď sa pestuje, je najväčšia spomedzi bylín?",
      "option1": "Olivový",
      "option2": "horčica",
      "option3": "Dub",
      "option4": "Hrozno",
      "answer": 2
    },
    {
      "ques_id": 6,
      "question": "Ako sa volal brat Mojžiš?",
      "option1": "Alphaeus",
      "option2": "Ján",
      "option3": "Aaron",
      "option4": "Joshua",
      "answer": 3
    },
    {
      "ques_id": 7,
      "question": "Z ktorej časti Adamovho tela stvoril Boh Evu?",
      "option1": "Srdce",
      "option2": "Mozog",
      "option3": "Rebro",
      "option4": "Hlava",
      "answer": 3
    },
    {
      "ques_id": 8,
      "question": "Anjel povedal Zachariášovi a Alžbete, že budú mať syna, ako sa bude volať",
      "option1": "Eliáš",
      "option2": "Ježiš",
      "option3": "Ján",
      "option4": "James",
      "answer": 3
    },
    {
      "ques_id": 9,
      "question": "Aká významná udalosť je zaznamenaná v 1. a 2. kapitole Genezis",
      "option1": "Doprava",
      "option2": "Stvorenie",
      "option3": "Čistenie",
      "option4": "Obeť",
      "answer": 2
    },
    {
      "ques_id": 10,
      "question": "Aký bol vzťah medzi Mojžišom a Kórachom",
      "option1": "Obaja boli z kmeňa Júdu",
      "option2": "Boli to bratia",
      "option3": "Boli to bratranci",
      "option4": "Boli priatelia",
      "answer": 3
    },
    {
      "ques_id": 11,
      "question": "Ako povedala Naomi ľuďom v Betleheme, aby ju volali",
      "option1": "Mara",
      "option2": "Naama",
      "option3": "Bathsheba",
      "option4": "Mária",
      "answer": 1
    },
    {
      "ques_id": 12,
      "question": "Pomenujte židovskú pannu, ktorá sa vydala za perzského kráľa?",
      "option1": "Naomi",
      "option2": "Deborah",
      "option3": "Ester",
      "option4": "Jude",
      "answer": 3
    },
    {
      "ques_id": 13,
      "question": "Čo symbolizuje sedem zlatých svietnikov zo Zjavenia 1:20?",
      "option1": "Sedem zbor",
      "option2": "Sedem anjelov",
      "option3": "Sedem kráľov",
      "option4": "Sedem ľudí",
      "answer": 1
    },
    {
      "ques_id": 14,
      "question": "Kde možno nájsť tieto slová: Ale bláznovstvo sveta si Boh vyvolil, aby zahanbil múdrych?",
      "option1": "Akty",
      "option2": "Rímania",
      "option3": "1 Korinťanom",
      "option4": "Ján",
      "answer": 3
    },
    {
      "ques_id": 15,
      "question": "Čo bolo viditeľné na Jakubovom bratovi-dvojčaťu, Ezauovi pri narodení",
      "option1": "Mal hlboké intenzívne oči",
      "option2": "Bol veľmi pekný",
      "option3": "Bol červený a chlpatý",
      "option4": "Bol veľmi čierny",
      "answer": 3
    },
    {
      "ques_id": 16,
      "question": "Kto ostrihal Samsonovi vlasy?",
      "option1": "Jeho úhlavný nepriateľ Hulk",
      "option2": "Delilah",
      "option3": "Iný muž",
      "option4": "Jeho priatelia",
      "answer": 2
    },
    {
      "ques_id": 17,
      "question": "Kto napísal knihy 1. a 2. Kráľov?",
      "option1": "Eliáš",
      "option2": "Jeremiáš",
      "option3": "Gad",
      "option4": "Nathan",
      "answer": 2
    },
    {
      "ques_id": 18,
      "question": "Ktoré z evanjelií sa v Biblii objavuje ako posledné",
      "option1": "Nicodemus",
      "option2": "Ján",
      "option3": "Andrews",
      "option4": "Označiť",
      "answer": 2
    },
    {
      "ques_id": 19,
      "question": "Čo sa stalo každému, koho meno nebolo zapísané v knihe života?",
      "option1": "Boli vyhlásení za nehodných spasenia",
      "option2": "Zahynuli",
      "option3": "Zomreli",
      "option4": "Boli hodení do ohnivého jazera",
      "answer": 4
    },
    {
      "ques_id": 20,
      "question": "Kto bol najsilnejším mužom, aký kedy žil?",
      "option1": "Goliáš",
      "option2": "Samson",
      "option3": "Ježiš",
      "option4": "Agag",
      "answer": 2
    }
  ],
  "Legenda": [
    {
      "ques_id": 1,
      "question": "Kniha Genezis sa otvára hebrejským slovom \"bereshit\", aký je preklad tohto slova do angličtiny",
      "option1": "Na začiatku",
      "option2": "Buď svetlo",
      "option3": "Keď ešte nič nebolo",
      "option4": "Pán Boh povedal",
      "answer": 1,
      "8888":"Gn 1:1"
    },
    {
      "ques_id": 2,
      "question": "Po tom, čo muža uložil do hlbokého spánku, čo mu Pán Boh vzal, aby sa postavil na ženu",
      "option1": "Zub",
      "option2": "Necht",
      "option3": "Rebro",
      "option4": "prameň vlasov",
      "answer": 3,
      "8888":"Gn 1:2"
    },
    {
      "ques_id": 3,
      "question": "Čo Pán Boh ako prvé požehnal slovami \"Buďte plodní a množte sa\"?",
      "option1": "Prvý muž a žena",
      "option2": "Morské živočíchy a vtáky",
      "option3": "Rastliny",
      "option4": "Pozemné zvieratá",
      "answer": 1,
      "8888":"Gn 1:22"
    },
    {
      "ques_id": 4,
      "question": "Kto bol anjel pána, ktorý oznámil Márii, že počne a porodí syna?",
      "option1": "Gabriel",
      "option2": "Michael",
      "option3": "Raphael",
      "option4": "Sealtiel",
      "answer": 1,
      "8888":"Lk 1:31"
    },
    {
      "ques_id": 5,
      "question": "Ako sa volá matka sv. Jána Krstiteľa?",
      "option1": "Salome of Zebedee",
      "option2": "Alžbeta zo Zachariáša",
      "option3": "Mary of cleofas",
      "option4": "Herodias of Philip",
      "answer": 2,
      "8888":"Lk 1:5-6"
    },
    {
      "ques_id": 6,
      "question": "Na začiatku rozprávania o zmŕtvychvstaní v evanjeliu svätého Jána, kto bol spomenutý, že išiel skoro ráno k Ježišovej hrobke a videl, ako je odstránený kameň?",
      "option1": "Mária z Magdaly",
      "option2": "Svätý Ján",
      "option3": "Martha",
      "option4": "Anjel",
      "answer": 1,
      "8888":"Jn20:1"
    },
    {
      "ques_id": 7,
      "question": "V príbehu o vzkriesení v evanjeliu svätého Jána, keď sa vzkriesený pán prvýkrát zjavil Márii Magdaléne, pomýlila si ho s kým?",
      "option1": "Žalárnik",
      "option2": "Stotník",
      "option3": "Zrovnávač",
      "option4": "Anjel",
      "answer": 3,
      "8888":"Jn 20:15"
    },
    {
      "ques_id": 8,
      "question": "Koľko súborov 14 generácií bolo spomenutých v Ježišovom rodokmeni uvedenom v Evanjeliu sv. Matúša",
      "option1": "Päť",
      "option2": "Skóre",
      "option3": "Tri",
      "option4": "Tucet",
      "answer": 3,
      "8888":"Ján 20:15"

    },
    {
      "ques_id": 9,
      "question": "V prorokovi Izaiášovi sa hovorí, že chlapec, ktorý sa má narodiť z panny, dostane meno, ktoré znamená Boh - s nami?",
      "option1": "Ježiš",
      "option2": "Ján",
      "option3": "Emanuel",
      "option4": "Christos,",
      "answer": 3,
      "8888":"Mt 1:23"
    },
    {
      "ques_id": 10,
      "question": "V geneológii Ježiša uvedenej v Evanjeliu svätého Matúša prvá spomenutá skupina 14 generácií začala Abrahámom a skončila u koho?",
      "option1": "Dávid",
      "option2": "Mojžiš",
      "option3": "Jacob",
      "option4": "Jesse",
      "answer": 1,
      "8888":"Mt 1:1-6"
    },
    {
      "ques_id": 11,
      "question": "\"Pretože bola vzatá z jeho tela\", ako nazval prvý muž prvú ženu?",
      "option1": "Adama",
      "option2": "Eva",
      "option3": "Žena",
      "option4": "Manželka",
      "answer": 2,
      "8888":"Gen 1:23"
    },
    {
      "ques_id": 12,
      "question": "Čo dal Pán Boh za potravu pre všetky zvieratá krajiny a všetky nebeské vtáky?",
      "option1": "Zelené rastliny",
      "option2": "Rastliny nesúce semená",
      "option3": "Ovocné stromy nesúce semená",
      "option4": "Čokoľvek jedlé",
      "answer": 1,
      "8888":"Gn 1:30"
    },
    {
      "ques_id": 13,
      "question": "V ktorom dni stvorenia stvoril Boh slnko a mesiac?",
      "option1": "Prvý",
      "option2": "Druhá",
      "option3": "Tretí",
      "option4": "Štvrtá",
      "answer": 4,
      "8888":"Gen 1:26-31"
    },
    {
      "ques_id": 14,
      "question": "Koľko mal Dávid rokov, keď ho pomazali za kráľa Izraela?",
      "option1": "50",
      "option2": "20",
      "option3": "35",
      "option4": "30",
      "answer": 4,
      "8888":"2Samuel 5:4"
    },
    {
      "ques_id": 15,
      "question": "Kto iný okrem mudrcov prišiel navštíviť Ježiša, keď bol ešte malé dieťa.",
      "option1": "Lukostrelci",
      "option2": "Pastieri",
      "option3": "Poľovníci",
      "option4": "Poľnohospodári",
      "answer": 2
    },
    {
      "ques_id": 16,
      "question": "Aký vysoký bol Goliáš?",
      "option1": "6 lakťov a rozpätie",
      "option2": "8 lakťov",
      "option3": "10 lakťov a rozpätie",
      "option4": "12 lakťov",
      "answer": 1,
      "8888":"1 Samuel 1:4"
    },
    {
      "ques_id": 17,
      "question": "Čo bolo podľa Pavla naplnením zákona te?",
      "option1": "Viera",
      "option2": "Modlitba",
      "option3": "Láska",
      "option4": "Manželstvo",
      "answer": 3,
      "8888":"Rimanom 13:10"
    },
    {
      "ques_id": 18,
      "question": "Aká je najkratšia kapitola v biblii",
      "option1": "Žalmy 117",
      "option2": "Žalm 18",
      "option3": "Mark 10",
      "option4": "Ján 4",
      "answer": 1,
      "8888":"Žalmy 117"
    },
    {
      "ques_id": 19,
      "question": "Kto povedal: \"Striebro a zlato nemám, ale také, aké mám, dám tebe\"?",
      "option1": "Pavol",
      "option2": "James",
      "option3": "Peter",
      "option4": "Timotej",
      "answer": 3,
      "8888":"Skutky 3:6"
    },
    {
      "ques_id": 20,
      "question": "Aký bol Mojžiš [rokov] v čase jeho smrti",
      "option1": "120",
      "option2": "100",
      "option3": "150",
      "option4": "80",
      "answer": 1,
      "8888":"Deuteronómium 34:7"
    }
  ],
  "Mimo tohto sveta": [
    {
      "ques_id": 1,
      "question": "Kto bola najstaršia osoba zaznamenaná v biblii?",
      "option1": "Metuzalem",
      "option2": "Adam",
      "option3": "Abraham",
      "option4": "Šalamún",
      "answer": 1,
      "8888":"1. Mojžišova 5:27"
    },
    {
      "ques_id": 2,
      "question": "Koľko rokov mala najstaršia osoba zaznamenaná v biblii?",
      "option1": "120",
      "option2": "500",
      "option3": "800",
      "option4": "969",
      "answer": 4,
      "8888":"1. Mojžišova 5:27"
    },
    {
      "ques_id": 3,
      "question": "Čo znamená Jahwe-Schammmah?",
      "option1": "Boh s nami",
      "option2": "Sám Boh",
      "option3": "Ježiš, syn Boží",
      "option4": "Večný život",
      "answer": 2,
      "8888":"Ezechiel 48:35"
    },
    {
      "ques_id": 4,
      "question": "Koľko ďalších rokov pridal Boh kráľovi Ezechiášovi do života v reakcii na modlitbu umierajúceho kráľa?",
      "option1": "20",
      "option2": "50",
      "option3": "15",
      "option4": "100",
      "answer": 3,
      "8888":"2 králi 20:6"
    },
    {
      "ques_id": 5,
      "question": "S akými prorokmi pána sa radil judský kráľ Joziáš?",
      "option1": "Amos",
      "option2": "Eliáš",
      "option3": "Elisha",
      "option4": "Hulda",
      "answer": 4,
      "8888":" 2. Kráľov 22:14-16"
    },
    {
      "ques_id": 6,
      "question": "Aký obrad obnovil kráľ Joziáš, ktorý neslávil žiadny z predchádzajúcich kráľov Izraela alebo Judska?",
      "option1": "Veľká noc",
      "option2": "Obetný rituál",
      "option3": "uctievanie",
      "option4": "obriezka",
      "answer": 1,
      "8888":"2 králi 23:21"
    },
    {
      "ques_id": 7,
      "question": "Z akého kmeňa Izraela bol kráľ Saul?",
      "option1": "Juda",
      "option2": "Benjamín",
      "option3": "Amonity",
      "option4": "Izrael",
      "answer": 2,
      "8888":"1. Samuelova 9:21"
    },
    {
      "ques_id": 8,
      "question": "Akú obetu priniesol Samuel pánovi po návrate archy do Izraela?",
      "option1": "Koza",
      "option2": "Ľudská obeť",
      "option3": "Obetoval záhradnú úrodu",
      "option4": "Dojčiace jahňa",
      "answer": 4,
      "8888":"1. Samuelova 7:9"
    },
    {
      "ques_id": 9,
      "question": "Ako sa volala manželka kráľa Saula?",
      "option1": "Debora",
      "option2": "Naume",
      "option3": "Ahinoam",
      "option4": "Ruth",
      "answer": 3,
      "8888":"1. Samuelova 14:50"
    },
    {
      "ques_id": 10,
      "question": "Čo kto potrebuje, aby pochopil Božie slovo?",
      "option1": "Vedomosti",
      "option2": "Duch Svätý",
      "option3": "Múdrosť",
      "option4": "Modlitby",
      "answer": 2,
      "8888":"1. Korinťanom 2:11"
    },
    {
      "ques_id": 11,
      "question": "Kto povedal, že ho Pavol súdil?",
      "option1": "Boh",
      "option2": "Terah",
      "option3": "Reuben",
      "option4": "Belshazzar",
      "answer": 1,
      "8888":" 1. Korinťanom 4:4"
    },
    {
      "ques_id": 12,
      "question": "V deň Turíc prišiel zvuk z neba rútiaceho sa____?",
      "option1": "Hrom",
      "option2": "Dážď",
      "option3": "Vietor",
      "option4": "hlasný hluk",
      "answer": 3,
      "8888":"Skutky 2:2"
    },
    {
      "ques_id": 13,
      "question": "Kto ponúkol, že zaplatí peniaze za moc dať Ducha Svätého?",
      "option1": "Ján",
      "option2": "Zachariáš",
      "option3": "Šimon",
      "option4": "Herodes",
      "answer": 3,
      "8888":"Skutky 8"
    },
    {
      "ques_id": 14,
      "question": "Keď Ježiš premenil vodu na víno, premenil vodu, ktorá bola v kamenných nádobách. Na čo sa tieto kamenné nádoby bežne používali?",
      "option1": "Krstiť",
      "option2": "Čistenie",
      "option3": "Obchodovanie",
      "option4": "Slávnostné umývanie",
      "answer": 4,
      "8888":"Ján 2:6"
    },
    {
      "ques_id": 15,
      "question": "Kto bol Nimrodov otec?",
      "option1": "Andrew",
      "option2": "Joshua",
      "option3": "Samson",
      "option4": "Cush",
      "answer": 4,
      "8888":"1. Kronika 1:10"
    },
    {
      "ques_id": 16,
      "question": "ako sa volali dvaja Abrahámovi synovia (v poradí ich narodenia)?",
      "option1": "Izák a Jakub",
      "option2": "Izmael a Izák",
      "option3": "Jozef a Jakub",
      "option4": "Kain a Izák",
      "answer": 2,
      "8888": "1. Mojžišova 16:1-16, 1. Kronická 1:28"
    },
    {
      "ques_id": 17,
      "question": "Ako sa volali traja Noachovi synovia v poradí podľa biblických zoznamov, v ktorých sú?",
      "option1": "Ham, Jozef, Japheth",
      "option2": "Japhet, Ham, Izák",
      "option3": "Shem, Ham a Japheth",
      "option4": "Shem, Ham, Joseph",
      "answer": 3,
      "8888":"1. Mojžišova 9:18-19, 1. Kronická 1:4"
    },
    {
      "ques_id": 18,
      "question": "Pán zmenil Abrahámovo meno na Abrahám, keď mal 99 rokov. ako sa volal predtým?",
      "option1": "Adam",
      "option2": "Abram",
      "option3": "Alfa",
      "option4": "Agag",
      "answer": 2,
      "8888": "1. Mojžišova 17:1-5"
    },
    {
      "ques_id": 19,
      "question": "Koľko rokov mal Abrahám, keď sa narodil Izák?",
      "option1": "103",
      "option2": "90",
      "option3": "100",
      "option4": "50",
      "answer": 3,
      "8888": "1. Mojžišova 21:5"
    },
    {
      "ques_id": 20,
      "question": "Koľko kníh v Biblii má v názve slovo \"Ján\"?",
      "option1": "4",
      "option2": "3",
      "option3": "1",
      "option4": "5",
      "answer": 1,
      "8888": "Ján"
    }
  ]
}