{

  "Новичок": [

    {

      "ques_id": 1,

      "question": "Кто первый человек, который когда-либо жил?",

      "option1": "Мафусаил",

      "option2": "Авраам",

      "option3": "Моисей",

      "option4": "Адам",

      "answer": 4

    },

    {

      "ques_id": 2,

      "question": "Кого проглотила очень большая рыба?",

      "option1": "Иисус",

      "option2": "Иона",

      "option3": "Самсон",

      "option4": "Питер",

      "answer": 2

    },

    {

      "ques_id": 3,

      "question": "Кто тот человек, которого Бог использовал, чтобы вывести израильтян из Египта",

      "option1": "Аарон",

      "option2": "Авраам",

      "option3": "Моисей",

      "option4": "Иеремия",

      "answer": 3

    },

    {

      "ques_id": 4,

      "question": "Кто убил Голиафа",

      "option1": "Дэвид",

      "option2": "Саул",

      "option3": "Соломон",

      "option4": "Джонатан",

      "answer": 1

    },

    {

      "ques_id": 5,

      "question": "Кто был первым царем Израиля?",

      "option1": "Дэвид",

      "option2": "Саул",

      "option3": "Соломон",

      "option4": "Моисей",

      "answer": 2

    },

    {

      "ques_id": 6,

      "question": "Каким занятием был Иисус до своего служения",

      "option1": "Мастер игрушек",

      "option2": "Рыбак",

      "option3": "Виноградник",

      "option4": "Плотник",

      "answer": 4

    },

    {

      "ques_id": 7,

      "question": "Как называется город, в котором родился Иисус?",

      "option1": "Иерусалим",

      "option2": "Вифлеем",

      "option3": "Галилея",

      "option4": "Назарет",

      "answer": 2

    },

    {

      "ques_id": 8,

      "question": "Как называется море, по которому ходил Иисус",

      "option1": "Галилейское море",

      "option2": "Мертвое море",

      "option3": "Читать море",

      "option4": "Средиземное море",

      "answer": 1

    },

    {

      "ques_id": 9,

      "question": "Как называется река, в которой Иоанн Креститель крестил людей?",

      "option1": "Евфрат",

      "option2": "Нил",

      "option3": "Иордания",

      "option4": "Тигр",

      "answer": 3

    },

    {

      "ques_id": 10,

      "question": "Как зовут брата Андрея? (Оба были учениками)",

      "option1": "Питер",

      "option2": "Джон",

      "option3": "Джеймс",

      "option4": "Адам",

      "answer": 1

    },

    {

      "ques_id": 11,

      "question": "Как звали Мать Иисуса?",

      "option1": "Мария",

      "option2": "Марта",

      "option3": "Ципфора",

      "option4": "Сара",

      "answer": 1

    },

    {

      "ques_id": 12,

      "question": "Как назывался сад, где жили Адам и Ева?",

      "option1": "Земля Нод",

      "option2": "Райский сад",

      "option3": "Вифлеем",

      "option4": "Сад долины",

      "answer": 2

    },

    {

      "ques_id": 13,

      "question": "Какой пищей Иисус накормил 5000 человек",

      "option1": "Вино",

      "option2": "Буханки хлеба и вина",

      "option3": "Буханки хлеба и рыбы",

      "option4": "Вода",

      "answer": 3

    },

    {

      "ques_id": 14,

      "question": "Каким методом римляне убили Иисуса?",

      "option1": "Под кайфом",

      "option2": "Кремация",

      "option3": "Распятие",

      "option4": "Повешенный",

      "answer": 3

    },

    {

      "ques_id": 15,

      "question": "Сколько корзин осталось от кормления 5000?",

      "option1": "7",

      "option2": "8",

      "option3": "10",

      "option4": "12",

      "answer": 1,

      "reference": "Матфея 15:13"

    },

    {

      "ques_id": 16,

      "question": "Кто из учеников нашел монету во рту у рыбы?",

      "option1": "Андрей",

      "option2": "Павел",

      "option3": "Питер",

      "option4": "Тимоти",

      "answer": 3,

      "reference": "Матфея 1:24-27"

    },

    {

      "ques_id": 17,

      "question": "В какой книге Библии мы читаем об Амане",

      "option1": "Исход",

      "option2": "Эсфирь",

      "option3": "Рут",

      "option4": "Малахия",

      "answer": 2,

      "reference": "Эсфирь 3"

    },

    {

      "ques_id": 18,

      "question": "Назовите жену царя Агриппы, перед которой Павел предстал на суде",

      "option1": "Бернинс",

      "option2": "Ирод",

      "option3": "Агаг",

      "option4": "Кайафас",

      "answer": 1,

      "reference": "Деяния 25:23"

    },

    {

      "ques_id": 19,

      "question": "Сколько лет стало Еноху",

      "option1": "400",

      "option2": "350",

      "option3": "230",

      "option4": "365",

      "answer": 4,

      "reference": "Бытие 5:23"

    },

    {

      "ques_id": 20,

      "question": "Сколько еще лет Бог добавил к жизни царя Езекии в ответ на молитву умирающих царей?",

      "option1": "20",

      "option2": "15",

      "option3": "100",

      "option4": "50",

      "answer": 2,

      "reference": "4 Царств 20:6"

    }

  ],

  "Энтузиаст": [

    {

      "ques_id": 1,

      "question": "Кто был отцом Исаака?",

      "option1": "Авраам",

      "option2": "Иаков",

      "option3": "Исав",

      "option4": "Пелек",

      "answer": 1

    },

    {

      "ques_id": 2,

      "question": "Кто был отцом Ровоама?",

      "option1": "Дэвид",

      "option2": "Нимрод",

      "option3": "Авимелех",

      "option4": "Соломон",

      "answer": 4

    },

    {

      "ques_id": 3,

      "question": "Кто был отцом Мафусаила?",

      "option1": "Илия",

      "option2": "Энок",

      "option3": "Сет",

      "option4": "Джаред",

      "answer": 2

    },

    {

      "ques_id": 4,

      "question": "Кто убил Иоанна Крестителя?",

      "option1": "Цезарь",

      "option2": "Пилат",

      "option3": "Герольд",

      "option4": "Каиафа",

      "answer": 3

    },

    {

      "ques_id": 5,

      "question": "Кого убили первым за то, что он уверовал во Христа?",

      "option1": "Питер",

      "option2": "Джон",

      "option3": "Варнава",

      "option4": "Стивен",

      "answer": 4

    },

    {

      "ques_id": 6,

      "question": "Куда шел Савл, когда увидел Иисуса?",

      "option1": "Дамаск",

      "option2": "Греция",

      "option3": "Рим",

      "option4": "Иерусалим",

      "answer": 1

    },

    {

      "ques_id": 7,

      "question": "Где Иисус провел большую часть своей жизни на земле?",

      "option1": "Иерусалим",

      "option2": "Назарет",

      "option3": "Елеонская гора",

      "option4": "Египет",

      "answer": 2

    },

    {

      "ques_id": 8,

      "question": "Какой псалом начинается словами 'Господь пастырь мой?'",

      "option1": "Псалом 91",

      "option2": "Псалом 1",

      "option3": "Псалом 104",

      "option4": "Псалом 23",

      "answer": 4

    },

    {

      "ques_id": 9,

      "question": "Чем занимался Пол, когда путешествовал в качестве миссионера?",

      "option1": "Пастух",

      "option2": "Продавец фиолетового",

      "option3": "Производитель палаток",

      "option4": "Написать",

      "answer": 3

    },

    {

      "ques_id": 10,

      "question": "Как называется остров, на котором жил Варнава?",

      "option1": "Греция",

      "option2": "Кипр",

      "option3": "Родос",

      "option4": "Остров Пасхи",

      "answer": 2

    },

    {

      "ques_id": 11,

      "question": "Когда к нему подошел Иисус, сказавший: 'Что Тебе до меня, Иисус, Сын Бога Всевышнего? Заклинаю Тебя Богом, не мучь меня'?",

      "option1": "Легион",

      "option2": "Фара",

      "option3": "Рувим",

      "option4": "Валтасар",

      "answer": 1

    },

    {

      "ques_id": 12,

      "question": "Какую птицу, по словам Иисуса, мы ценим больше?",

      "option1": "Орел",

      "option2": "Стервятник",

      "option3": "Воробей",

      "option4": "Голубь",

      "answer": 3

    },

    {

      "ques_id": 13,

      "question": "Какие две сестры вышли замуж за Джейкоба?",

      "option1": "Доркас и Лия",

      "option2": "Мариам и Рэйчел",

      "option3": "Рахиль и Лия",

      "option4": "Сарай и Ханна",

      "answer": 3

    },

    {

      "ques_id": 14,

      "question": "В какую землю Бог послал Авраама, чтобы принести в жертву своего особого сына Исаака?",

      "option1": "Канан",

      "option2": "Македония",

      "option3": "Кипр",

      "option4": "Мориа",

      "answer": 4

    },

    {

      "ques_id": 15,

      "question": "С какой пророчицей Господней советовался Иосия, царь Иудейский",

      "option1": "Дебора",

      "option2": "Хулда",

      "option3": "Наом",

      "option4": "Рут",

      "answer": 2,

      "reference": "4 Царств 22:12-16"

    },

    {

      "ques_id": 16,

      "question": "Назовите первенца Самуэля?",

      "option1": "Джошуа",

      "option2": "Джоэл",

      "option3": "Джонатан",

      "option4": "Иосиф",

      "answer": 2,

      "reference": "1 Царств 8:2"

    },

    {

      "ques_id": 17,

      "question": "Как звали жену царя Саула?",

      "option1": "Боам",

      "option2": "Милосердие",

      "option3": "Ахиноам",

      "option4": "Ноам",

      "answer": 3,

      "reference": "1 Царств 14:50"

    },

    {

      "ques_id": 18,

      "question": "Что требуется от человека, чтобы понять слово Божье?",

      "option1": "Молитва",

      "option2": "Любовь",

      "option3": "Святой дух",

      "option4": "Ангелы",

      "answer": 3,

      "reference": "1 Коринфянам 2:11"

    },

    {

      "ques_id": 19,

      "question": "Кто, по словам Павла, судил его?",

      "option1": "Сатана",

      "option2": "Бог",

      "option3": "Друг",

      "option4": "Питер",

      "answer": 2,

      "reference": "1 Коринфянам 4:4"

    },

    {

      "ques_id": 20,

      "question": "________ отсрочка делает сердце больным?",

      "option1": "Доверять",

      "option2": "Надежда",

      "option3": "Любовь",

      "option4": "Молитвы",

      "answer": 2,

      "reference": "Притчи 13:12"

    }

  ],

  "Средний": [

    {

      "ques_id": 1,

      "question": "Кем была жена Моисея??",

      "option1": "Элишеба",

      "option2": "Ребекка",

      "option3": "Мариам",

      "option4": "Ципфора",

      "answer": 4

    },

    {

      "ques_id": 2,

      "question": "Кто был второй женой Авраама?",

      "option1": "Эсфирь",

      "option2": "Кетура",

      "option3": "Агарь",

      "option4": "Лидия",

      "answer": 2

    },

    {

      "ques_id": 3,

      "question": "Сколько глав содержится в Нагорной проповеди?",

      "option1": "1",

      "option2": "2",

      "option3": "3",

      "option4": "7",

      "answer": 3

    },

    {

      "ques_id": 4,

      "question": "Сколько раз Израиль маршировал вокруг Иерихона?",

      "option1": "13",

      "option2": "7",

      "option3": "70",

      "option4": "12",

      "answer": 1

    },

    {

      "ques_id": 5,

      "question": "Какой длины локоть?",

      "option1": "прибл. 12 дюймов",

      "option2": "12 мм",

      "option3": "прибл. 18 дюймов",

      "option4": "прибл. 36 дюймов",

      "answer": 3

    },

    {

      "ques_id": 6,

      "question": "Куда пошел Каин после того, как убил Авеля?",

      "option1": "Райский сад",

      "option2": "Земля Нод",

      "option3": "Пещеры Кумрана",

      "option4": "Гора Арарат",

      "answer": 2

    },

    {

      "ques_id": 7,

      "question": "Кем был сын Киша?",

      "option1": "Ной",

      "option2": "Апостол Павел",

      "option3": "Авраам",

      "option4": "Царь Саул",

      "answer": 4

    },

    {

      "ques_id": 8,

      "question": "Где жила Раав?",

      "option1": "Иерихон",

      "option2": "Иерусалим",

      "option3": "Ниневия",

      "option4": "Ай",

      "answer": 1

    },

    {

      "ques_id": 9,

      "question": "Где жила Доркас?",

      "option1": "Вефиль",

      "option2": "Иоппия",

      "option3": "Кесария",

      "option4": "Антиохия",

      "answer": 2

    },

    {

      "ques_id": 10,

      "question": "Где находится 'Улица под названием Прямая'",

      "option1": "Иерусалим",

      "option2": "Рим",

      "option3": "Вавилон",

      "option4": "Дамаск",

      "answer": 4

    },

    {

      "ques_id": 11,

      "question": "После того, как он спасся бегством, под каким деревом спал Илия",

      "option1": "Дуб",

      "option2": "Сосна",

      "option3": "Можжевельник",

      "option4": "Ель",

      "answer": 3,

      "reference": "1 Царств 19:5"

    },

    {

      "ques_id": 12,

      "question": "Иуда предал Иисуса за сколько именно серебряных монет?",

      "option1": "30",

      "option2": "20",

      "option3": "50",

      "option4": "10",

      "answer": 1,

      "reference": "Матфея 26:15"

    },

    {

      "ques_id": 13,

      "question": "Назовите отца Дэвида",

      "option1": "Оман",

      "option2": "Джесси",

      "option3": "Джошуа",

      "option4": "Соломон",

      "answer": 2,

      "reference": "1 Царств 1:12"

    },

    {

      "ques_id": 14,

      "question": "Бог не упоминается только в 1 книге Библии",

      "option1": "Эсфирь",

      "option2": "Рут",

      "option3": "Малахия",

      "option4": "Исход",

      "answer": 1,

      "reference": "Эстер"

    },

    {

      "ques_id": 15,

      "question": "За сколько сребреников продал Иисус Навин своими братьями измаильтянам",

      "option1": "50",

      "option2": "12",

      "option3": "20",

      "option4": "100",

      "answer": 3,

      "reference": "Бытие 37:28"

    },

    {

      "ques_id": 16,

      "question": "Сколько апостолов выбрал Иисус",

      "option1": "12",

      "option2": "14",

      "option3": "10",

      "option4": "08",

      "answer": 1,

      "reference": "Луки 6:13"

    },

    {

      "ques_id": 17,

      "question": "Ангел сказал Марии, что над домом какого ветхозаветного персонажа будет царствовать Иисус",

      "option1": "Дэвид",

      "option2": "Яков",

      "option3": "Авраам",

      "option4": "Моисей",

      "answer":2,

      "reference": "Луки 1:13"

    },

    {

      "ques_id": 18,

      "question": "Кто из пророков сказал: 'Из Египта воззвал я к сыну моему'?",

      "option1": "Иеремия",

      "option2": "Исайя",

      "option3": "Осия",

      "option4": "Иезекииль",

      "answer": 3,

      "reference": "Осия 11:1"

    },

    {

      "ques_id": 19,

      "question": "Какое дерево проклял Иисус?",

      "option1": "Рис",

      "option2": "Виноградник",

      "option3": "Сосна",

      "option4": "дуб",

      "answer": 1,

      "reference": "Марка 11:12-14"

    },

    {

      "ques_id": 20,

      "question": "Кого Саул просил вызвать для него медиума",

      "option1": "Эли",

      "option2": "Натан",

      "option3": "Самуэль",

      "option4": "Дэвид",

      "answer": 3,

      "reference": "1 Царств 28:11"

    }

  ],

  "Профессионал": [

    {

      "ques_id": 1,

      "question": "Кто нес крест за Христа?",

      "option1": "Филипп",

      "option2": "Симон Киринеянин",

      "option3": "Ахав",

      "option4": "Михей",

      "answer": 2

    },

    {

      "ques_id": 2,

      "question": "Сколько соратников дали филистимляне Самсону на пиру в Фимнахе?",

      "option1": "30",

      "option2": "31",

      "option3": "32",

      "option4": "33",

      "answer": 1

    },

    {

      "ques_id": 3,

      "question": "Сколько лет было пророчице Анне, когда она увидела Иисуса?",

      "option1": "83",

      "option2": "84",

      "option3": "88",

      "option4": "92",

      "answer": 2

    },

    {

      "ques_id": 4,

      "question": "Что царица Савская дала Соломону?",

      "option1": "(124 таланта) золота, специй и драгоценных камней",

      "option2": "(120 талантов) золота, специй и драгоценных камней",

      "option3": "(18 талантов) золота, специй и драгоценных камней",

      "option4": "(221 талант) золота, специй и драгоценных камней",

      "answer": 2

    },

    {

      "ques_id": 5,

      "question": "Сколько книг в Ветхом Завете?",

      "option1": "37",

      "option2": "38",

      "option3": "39",

      "option4": "40",

      "answer": 3

    },

    {

      "ques_id": 6,

      "question": "На сколько рек разделилась река в Эдеме, когда вышла из сада?",

      "option1": "4",

      "option2": "3",

      "option3": "6",

      "option4": "8",

      "answer": 1

    },

    {

      "ques_id": 7,

      "question": "Что хотел сделать Иосиф, когда узнал, что Мария беременна?",

      "option1": "Устроить вечеринку",

      "option2": "Развестись с ней",

      "option3": "Убежать",

      "option4": "Ничего из вышеперечисленного",

      "answer": 2

    },

    {

      "ques_id": 8,

      "question": "Какого цвета была одежда первосвященника?",

      "option1": "Синий",

      "option2": "Белый",

      "option3": "Зеленый",

      "option4": "Красный",

      "answer": 1

    },

    {

      "ques_id": 9,

      "question": "Что, по словам Вооза, продавала Наоми?",

      "option1": "Участок земли",

      "option2": "Золото",

      "option3": "Ее ребенок",

      "option4": "Еда",

      "answer": 1

    },

    {

      "ques_id": 10,

      "question": "В притче о должниках один должен был 500 динариев (пенсионеров), а сколько должен был другой",

      "option1": "70",

      "option2": "50",

      "option3": "45",

      "option4": "80",

      "answer": 2

    },

    {

      "ques_id": 11,

      "question": "Какую часть духа Илии получил Елисей?",

      "option1": "Мало",

      "option2": "Одна порция",

      "option3": "Полезный",

      "option4": "Двойная порция",

      "answer": 4

    },

    {

      "ques_id": 12,

      "question": "Что было необычного в 700 вениамитских солдатах, которые каждый раз могли метнуть камень и попасть в цель?",

      "option1": "Все они были левшами",

      "option2": "Они все выглядели одинаково",

      "option3": "У них не было обуви",

      "option4": "Ничего из вышеперечисленного",

      "answer": 1

    },

    {

      "ques_id": 13,

      "question": "В каком отношении Анна был к Каиафе?",

      "option1": "Брат",

      "option2": "Дядя",

      "option3": "Кузены",

      "option4": "Тесть",

      "answer": 4

    },

    {

      "ques_id": 14,

      "question": "Что нельзя бросать перед свиньями",

      "option1": "Камешки",

      "option2": "Камни",

      "option3": "Жемчуг",

      "option4": "Приклеить",

      "answer": 3

    },

    {

      "ques_id": 15,

      "question": "Когда в тюрьме в какое время Павел и Сила молились и пели Богу?",

      "option1": "Утро",

      "option2": "День",

      "option3": "Вечер",

      "option4": "Полночь",

      "answer": 4

    },

    {

      "ques_id": 16,

      "question": "Что Даниил и трое его друзей ели вместо царского мяса и питья?",

      "option1": "Хлеб",

      "option2": "Вино и хлеб",

      "option3": "Бобовые и вода",

      "option4": "Ничего",

      "answer": 3

    },

    {

      "ques_id": 17,

      "question": "Как зовут двоюродного брата Иисуса, родившегося за шесть месяцев до него?",

      "option1": "Джон",

      "option2": "Питер",

      "option3": "Павел",

      "option4": "Майкл",

      "answer": 1

    },

    {

      "ques_id": 18,

      "question": "В каком городе жил царь Ирод во время рождения Иисуса?",

      "option1": "Иерусалим",

      "option2": "Рим",

      "option3": "Вавилон",

      "option4": "Вифлеем",

      "answer": 1

    },

    {

      "ques_id": 19,

      "question": "Сколько казней Бог послал на Египет?",

      "option1": "4",

      "option2": "8",

      "option3": "10",

      "option4": "12",

      "answer": 3

    },

    {

      "ques_id": 20,

      "question": "За сколько сребреников Иуда предал Христа?",

      "option1": "20",

      "option2": "30",

      "option3": "40",

      "option4": "50",

      "answer": 2

    },

    {

      "ques_id": 21,

      "question": "На сколько дней явился Иисус своим ученикам после воскресения?",

      "option1": "30",

      "option2": "7",

      "option3": "40",

      "option4": "11",

      "answer": 3

    },

    {

      "ques_id": 22,

      "question": "Сколько церквей Малой Азии было указано в Откровении?",

      "option1": "7",

      "option2": "8",

      "option3": "9",

      "option4": "10",

      "answer": 1

    }

  ],

  "Гений": [

    {

      "ques_id": 1,

      "question": "Кем был сын Елеазара, сын Аарона?",

      "option1": "Путьель",

      "option2": "Корей",

      "option3": "Финеес",

      "option4": "Ижар",

      "answer": 3

    },

    {

      "ques_id": 2,

      "question": "Кто был сыном Амврия, царя Израильского?",

      "option1": "Ахав",

      "option2": "Джорам",

      "option3": "Зимри",

      "option4": "Гинат",

      "answer": 1

    },

    {

      "ques_id": 3,

      "question": "Кто был мужем Ноемини из книги Руфь?",

      "option1": "Боаз",

      "option2": "Элкана",

      "option3": "Обед",

      "option4": "Елимелех",

      "answer": 4

    },

    {

      "ques_id": 4,

      "question": "Сколько букв в самом длинном имени в Библии?",

      "option1": "16",

      "option2": "18",

      "option3": "22",

      "option4": "25",

      "answer": 2

    },

    {

      "ques_id": 5,

      "question": "Кто убил Сисару?",

      "option1": "Дэвид",

      "option2": "Ахав",

      "option3": "Саул",

      "option4": "Джаэль",

      "answer": 4

    },

    {

      "ques_id": 6,

      "question": "Какой ширины был Ноев ковчег?",

      "option1": "35 локтей",

      "option2": "50 локтей",

      "option3": "75 локтей",

      "option4": "90 локтей",

      "answer": 2

    },

    {

      "ques_id": 7,

      "question": "Какой ширины был Ковчег Завета?",

      "option1": "1,5 локтя",

      "option2": "2 локтя",

      "option3": "3 локтя",

      "option4": "1 локоть",

      "answer": 1

    },

    {

      "ques_id": 8,

      "question": "Как звали слугу Елисея?",

      "option1": "Иорам",

      "option2": "Шапхат",

      "option3": "Гиезий",

      "option4": "Азаил",

      "answer": 3

    },

    {

      "ques_id": 9,

      "question": "Как звали известного учителя Павла?",

      "option1": "Юстус",

      "option2": "Гамалиил",

      "option3": "Каиафа",

      "option4": "Сократ",

      "answer": 2

    },

    {

      "ques_id": 10,

      "question": "Какой судья Израиля родился в Вифлееме?",

      "option1": "Дэвид",

      "option2": "Ибзан",

      "option3": "Дебора",

      "option4": "Гедеон",

      "answer": 2

    },

    {

      "ques_id": 11,

      "question": "Когда к нему подошел Иисус, сказавший: 'Что Тебе до меня, Иисус, Сын Бога Всевышнего? Заклинаю Тебя Богом, не мучь меня'?",

      "option1": "Легион",

      "option2": "Фара",

      "option3": "Рувим",

      "option4": "Валтасар",

      "answer": 1

    },

    {

      "ques_id": 12,

      "question": "Какую птицу, по словам Иисуса, мы ценим больше?",

      "option1": "Орел",

      "option2": "Стервятник",

      "option3": "Воробей",

      "option4": "Голубь",

      "answer": 3

    },

    {

      "ques_id": 13,

      "question": "Какие две сестры вышли замуж за Джейкоба?",

      "option1": "Доркас и Лия",

      "option2": "Мариам и Рэйчел",

      "option3": "Рахиль и Лия",

      "option4": "Сарай и Ханна",

      "answer": 3

    },

    {

      "ques_id": 14,

      "question": "В какую землю Бог послал Авраама, чтобы принести в жертву своего особого сына Исаака?",

      "option1": "Канан",

      "option2": "Македония",

      "option3": "Кипр",

      "option4": "Мориа",

      "answer": 4

    },

    {

      "ques_id": 15,

      "question": "Из какого псалма стих 'Он покоит меня на злачных пастбищах, ведет меня к тихим водам' из?",

      "option1": "25",

      "option2": "22",

      "option3": "30",

      "option4": "23",

      "answer": 4,

      "reference": "Псалтирь 23;2"

    },

    {

      "ques_id": 16,

      "question": "Страх господень начало ........ ",

      "option1": "Знание",

      "option2": "Мудрость",

      "option3": "Деньги",

      "option4": "Любовь",

      "answer": 1,

      "reference": ""

    },

    {

      "ques_id": 17,

      "question": "Против какого города Господь повелел Ионе проповедовать?",

      "option1": "Иерусалим",

      "option2": "Ниневия",

      "option3": "Вавилон",

      "option4": "Иуда",

      "answer": 2,

      "reference": "Иона 1:2"

    },

    {

      "ques_id": 18,

      "question": "Какая из этих книг [Филиппийцам, Колоссянам, Галатам или Ефесянам] стоит в Библии первой",

      "option1": "Колоссянам",

      "option2": "Галатам",

      "option3": "Ефесянам",

      "option4": "Филиппийцы",

      "answer": 2,

      "reference": "Новый Завет, послания Павла"

    },

    {

      "ques_id": 19,

      "question": "Сколько глав в Послании к Евреям?",

      "option1": "13",

      "option2": "15",

      "option3": "10",

      "option4": "16",

      "answer": 1,

      "reference": "Евреям 1-13"

    },

    {

      "ques_id": 20,

      "question": "Как называется штормовой ветер, который может обрушиться на Крит?",

      "option1": "Лунный",

      "option2": "Евроклидон",

      "option3": "Переполнение",

      "option4": "Ничего из вышеперечисленного",

      "answer": 2,

      "reference": "Деяния 2:14"

    }

  ],

  "Эксперт": [

    {

      "ques_id": 1,

      "question": "Кто из них не был царем израильского или иудейского",

      "option1": "Сеннахирим",

      "option2": "Иоахим",

      "option3": "Седекия",

      "option4": "Дэвид",

      "answer": 1

    },

    {

      "ques_id": 2,

      "question": "Кто убедил Самсона раскрыть тайну великой силы",

      "option1": "Дина",

      "option2": "Рут",

      "option3": "Далила",

      "option4": "Марта",

      "answer": 3

    },

    {

      "ques_id": 3,

      "question": "И небо твое, что над головой твоей, будет_____, а земля, которая под тобою, будет железом",

      "option1": "Латунь",

      "option2": "Сталь",

      "option3": "Серебро",

      "option4": "Золото",

      "answer": 1

    },

    {

      "ques_id": 4,

      "question": "Где найти слова: Надейся на Иегову всем сердцем и не полагайся на собственное понимание",

      "option1": "Притчи 3:5",

      "option2": "Притчи 5:3",

      "option3": "Притчи 35:3",

      "option4": "Притчи 4:3",

      "answer": 1

    },

    {

      "ques_id": 5,

      "question": "какой ученик трижды отрекся от Иисуса",

      "option1": "Питер",

      "option2": "Андрей",

      "option3": "Джон",

      "option4": "Иуда",

      "answer": 1

    },

    {

      "ques_id": 6,

      "question": "Память праведных благословенна, а имя нечестивых да будет",

      "option1": "Победа",

      "option2": "Гниль",

      "option3": "Цветение",

      "option4": "процветать",

      "answer": 2

    },

    {

      "ques_id": 7,

      "question": "До того, как Иисус начал проповедовать, чем он занимался?",

      "option1": "плотник",

      "option2": "ученый",

      "option3": "Доктор",

      "option4": "Учитель",

      "answer": 1

    },

    {

      "ques_id": 8,

      "question": "Зоан использовался в Библии как параллель для какого народа'",

      "option1": "Египет",

      "option2": "Ассирия",

      "option3": "Вавилон",

      "option4": "Синай",

      "answer": 1

    },

    {

      "ques_id": 9,

      "question": "Кто из персонажей Ветхого Завета показал свою веру, пожелав отдать своего сына на алтарь Богу",

      "option1": "Ной",

      "option2": "Авраам",

      "option3": "шелтиэль",

      "option4": "Моисей",

      "answer": 2

    },

    {

      "ques_id": 10,

      "question":"Что сделали моряки корабля Джона, чтобы увеличить свои шансы на выживание",

      "option1": "Они плыли на север",

      "option2": "Выбросил груз за борт",

      "option3": "Просил у Бога прощения",

      "option4": "Ничего из вышеперечисленного",

      "answer": 2

    },

    {

      "ques_id": 11,

      "question": "Что делал Исав, пока Иаков украл его благословение?",

      "option1": "Охота",

      "option2": "Фермерство",

      "option3": "РЫБАЛКА",

      "option4": "Путешествие",

      "answer": 1

    },

    {

      "ques_id": 12,

      "question": "Кто бежал от горы Кармель в Самарию быстрее, чем Ахав мог вести свою колесницу?",

      "option1": "Елисей",

      "option2": "Гиезий",

      "option3": "Илия",

      "option4": "Амос",

      "answer": 3

    },

    {

      "ques_id": 13,

      "question": "Что сделал Бог на седьмой день после ?",

      "option1": "Отдохнул",

      "option2": "Сотворены люди",

      "option3": "Он поручил человеку заботиться о своих творениях",

      "option4": "Созданные птицы",

      "answer": 1

    },

    {

      "ques_id": 14,

      "question": "Кто утверждал, что золотой телец просто вышел из огня?",

      "option1": "Джошуа",

      "option2": "Аарон",

      "option3": "Мириам",

      "option4": "Дебора",

      "answer": 42

    },

    {

      "ques_id": 15,

      "question": "О чем просил царь Соломон, когда Бог явился ему во сне",

      "option1": "Долгих лет жизни и знаний",

      "option2": "Мудрость [судить между добром и злом]",

      "option3": "Богатство",

      "option4": "Деньги",

      "answer": 2

    },

    {

      "ques_id": 16,

      "question": "Завершите поговорку; Любой глупец, который молчит, считается -------?",

      "option1": "Мирный",

      "option2": "Глупый",

      "option3": "Мудрый",

      "option4": "Наглый",

      "answer": 3

    },

    {

      "ques_id": 17,

      "question": "Как получить Царствие Божие?",

      "option1": "Со скрытыми мотивами",

      "option2": "Как ребенок",

      "option3": "С гордостью",

      "option4": "Через агентов",

      "answer": 2

    },

    {

      "ques_id": 18,

      "question": "Как звали первую жену Авраама",

      "option1": "Сара",

      "option2": "Мириам",

      "option3": "Рода",

      "option4": "Рут",

      "answer": 1

    },

    {

      "ques_id": 19,

      "question": "Царь Саул не подчинился повелению Иеговы и пощадил жизнь того амеликитянского царя",

      "option1": "Балак",

      "option2": "Дагон",

      "option3": "Агаг",

      "option4": "Натан",

      "answer": 3

    },

    {

      "ques_id": 20,

      "question": "На чем были написаны Десять заповедей. ",

      "option1": "Два свитка",

      "option2": "Две каменные скрижали",

      "option3": "Стены Иерихона",

      "option4": "Две книги",

      "answer": 1

    }

  ],

  "Мастер": [

    {

      "ques_id": 1,

      "question": "О ком написано, что 'все рассуждали в сердцах своих'; Может быть, он Христос?",

      "option1": "Илия",

      "option2": "Джон",

      "option3": "Малахия",

      "option4": "Питер",

      "answer": 2

    },

    {

      "ques_id": 2,

      "question": "Как зовут родителей Иосифа",

      "option1": "Иаков и Ребека",

      "option2": "Иаков и Лия",

      "option3": "Иаков и Рэйчел",

      "option4": "Иаков и Руфь",

      "answer": 3

    },

    {

      "ques_id": 3,

      "question": "Из всех людей, упомянутых в Библии, кто прожил дольше всех?",

      "option1": "Мафусаил",

      "option2": "Джаред",

      "option3": "Авраам",

      "option4": "Адам",

      "answer": 1

    },

    {

      "ques_id": 4,

      "question": "Что сказал Иисус тем, кто обвинял прелюбодейку?",

      "option1": "Вот, нет праведника",

      "option2": "Кто без греха, пусть первый бросит камень",

      "option3": "Горе вам, кто обвиняет эту женщину",

      "option4": "убить ее",

      "answer": 2

    },

    {

      "ques_id": 5,

      "question": "В какой город все народы однажды пойдут поклоняться Богу?",

      "option1": "Дамаск",

      "option2": "Иерусалим",

      "option3": "Киликия",

      "option4": "Иуда",

      "answer": 2

    },

    {

      "ques_id": 6,

      "question": "Кто из потомков Давида будет править вечно",

      "option1": "Ровоам",

      "option2": "Иисус",

      "option3": "Соломон",

      "option4": "Иеровоам",

      "answer": 2

    },

    {

      "ques_id": 7,

      "question": "Кем была набожная мать Тимофея",

      "option1": "Лоис",

      "option2": "Фиби",

      "option3": "Юнис",

      "option4": "Магдалина",

      "answer": 3

    },

    {

      "ques_id": 8,

      "question": "Почему царь Соломон в старости отвернулся от Бога",

      "option1": "Его жены-иностранки обратили его сердце к другим богам",

      "option2": "Он возгордился",

      "option3": "Он любил женщин больше, чем Бога",

      "option4": "Он поклонялся идолам",

      "answer": 1

    },

    {

      "ques_id": 9,

      "question": "Кто убежал в шатер Иеговы в поисках безопасности, но все равно был там убит?",

      "option1": "Иоав",

      "option2": "Саул",

      "option3": "Аммон",

      "option4": "Исав",

      "answer": 1

    },

    {

      "ques_id": 10,

      "question": "Какому королю приснилась большая статуя человека из разных металлов",

      "option1": "Ахав",

      "option2": "Дэвид",

      "option3": "малах",

      "option4": "Навуходоносор",

      "answer": 4

    },

    {

      "ques_id": 11,

      "question": "Где лучшее место для молитвы?",

      "option1": "В шкафу с закрытой дверью",

      "option2": "В церкви",

      "option3": "В тихом месте",

      "option4": "В пути",

      "answer": 1

    },

    {

      "ques_id": 12,

      "question": "Где найти слова: Надейся на иегову всем сердцем и не полагайся на собственное понимание?",

      "option1": "Притчи 3:5",

      "option2": "Притчи 35:3",

      "option3": "Притчи 5:3",

      "option4": "Притчи 6:4",

      "answer": 1

    },

    {

      "ques_id": 13,

      "question": "Когда Иисус был в пустыне, что у Него было искушение превратить в хлеба?",

      "option1": "Курганы",

      "option2": "Камни",

      "option3": "Камни",

      "option4": "Почва",

      "answer": 3

    },

    {

      "ques_id": 14,

      "question": "Что было особенного в Эхуде [судье над Израилем, который убил Элгона, царя Моава",

      "option1": "Он был очень молод",

      "option2": "Он был левшой",

      "option3": "Он был слеп",

      "option4": "Он был очень стар",

      "answer": 2

    },

    {

      "ques_id": 15,

      "question": "Что случилось с городом Иерихоном после того, как священник затрубил в свои трубы",

      "option1": "Люди бежали в другую землю",

      "option2": "Животные погибли",

      "option3": "Стены рухнули",

      "option4": "Люди мигрировали",

      "answer": 3

    },

    {

      "ques_id": 16,

      "question": "Согласно Иоанна 1:1, что было в начале у Бога",

      "option1": "Слово",

      "option2": "Ангел",

      "option3": "Иисус",

      "option4": "Джон",

      "answer": 1

    },

    {

      "ques_id": 17,

      "question": "Сколько псалмов в Псалтири?",

      "option1": "150",

      "option2": "170",

      "option3": "120",

      "option4": "190",

      "answer": 1

    },

    {

      "ques_id": 18,

      "question": "Не всякий, говорящий мне: 'Господи, Господи', войдет в Царство Небесное. Кто же тогда войдет в царство свое",

      "option1": "Тот, кто исполняет волю Божию",

      "option2": "Тот, кто творит чудеса",

      "option3": "Тот, кто крестится",

      "option4": "Тот, кто проповедует слово Божие",

      "answer": 1

    },

    {

      "ques_id": 19,

      "question": "Кто был первым царем из 10 колен Израиля?",

      "option1": "Иеровоам",

      "option2": "Рехобот",

      "option3": "Иоав",

      "option4": "Ровоам",

      "answer": 1

    },

    {

      "ques_id": 20,

      "question": "По словам Иеремии, сколько лет народ Израиля оставался в плену у царя Вавилона?",

      "option1": "120 лет",

      "option2": "40 лет",

      "option3": "70 лет",

      "option4": "80 лет",

      "answer": 3

    }

  ],

  "Гроссмейстер": [

    {

      "ques_id": 1,

      "question": "В какой реке Нееману было велено умыться, чтобы избавиться от проказы?",

      "option1": "Нил",

      "option2": "Иордания",

      "option3": "Галилея",

      "option4": "Библия не говорит",

      "answer": 2

    },

    {

      "ques_id": 2,

      "question": "Кто был отцом Ровоама?",

      "option1": "Дэвид",

      "option2": "Нимрод",

      "option3": "Авимелех",

      "option4": "Соломон",

      "answer": 4

    },

    {

      "ques_id": 3,

      "question": "Как долго Давид правил как царь?",

      "option1": "Тридцать лет",

      "option2": "Сорок лет",

      "option3": "Двадцать пять лет",

      "option4": "Восемьдесят лет",

      "answer": 2

    },

    {

      "ques_id": 4,

      "question": "В объяснении Иисуса притчи о сеятеле, что представлено семенем",

      "option1": "Вера",

      "option2": "Слово Божие",

      "option3": "Иисус",

      "option4": "Любовь",

      "answer": 2

    },

    {

      "ques_id": 5,

      "question": "Какое растение меньше всех семян, но когда оно выращено, оно больше всех трав?",

      "option1": "Оливковый",

      "option2": "Горчичный",

      "option3": "Дуб",

      "option4": "Виноград",

      "answer": 2

    },

    {

      "ques_id": 6,

      "question": "Как звали брата Моисея?",

      "option1": "Алфей",

      "option2": "Джон",

      "option3": "Аарон",

      "option4": "Джошуа",

      "answer": 3

    },

    {

      "ques_id": 7,

      "question": "Из какой части тела Адама Бог создал Еву?",

      "option1": "Сердце",

      "option2": "Мозг",

      "option3": "Ребро",

      "option4": "Голова",

      "answer": 3

    },

    {

      "ques_id": 8,

      "question": "Ангел сказал Захарии и Елизавете, что у них будет сын, как его звать'",

      "option1": "Илия",

      "option2": "Иисус",

      "option3": "Джон",

      "option4": "Джеймс",

      "answer": 3

    },

    {

      "ques_id": 9,

      "question": "Какое важное событие описано в Бытии, глава 1 и 2",

      "option1": "Транспорт",

      "option2": "Создание",

      "option3": "Очищение",

      "option4": "Жертва",

      "answer": 2

    },

    {

      "ques_id": 10,

      "question": "Какие были отношения между Моисеем и Кореем",

      "option1": "Они оба были из колена Иуды",

      "option2": "Они были братьями",

      "option3": "Они были двоюродными братьями",

      "option4": "Они были друзьями",

      "answer": 3

    },

    {

      "ques_id": 11,

      "question": "Как Ноеминь сказала людям в Вифлееме называть ее",

      "option1": "Мара",

      "option2": "Наама",

      "option3": "Вирсавия",

      "option4": "Мария",

      "answer": 1

    },

    {

      "ques_id": 12,

      "question": "Назовите еврейскую девушку, вышедшую замуж за персидского царя?",

      "option1": "Наоми",

      "option2": "Дебора",

      "option3": "Эсфирь",

      "option4": "Джуда",

      "answer": 3

    },

    {

      "ques_id": 13,

      "question": "Что символизируют семь золотых светильников из Откровения 1:20?",

      "option1": "Семь собраний",

      "option2": "Семь ангелов",

      "option3": "Семь королей",

      "option4": "Семь человек",

      "answer": 1

    },

    {

      "ques_id": 14,

      "question": "Где можно найти следующие слова: 'но немудрое мира избрал Бог, чтобы посрамить мудрых?",

      "option1": "Действует",

      "option2": "римляне",

      "option3": "1 Коринфянам",

      "option4": "Джон",

      "answer": 3

    },

    {

      "ques_id": 15,

      "question": "Что было примечательного в брате-близнеце Иакова, Исаве при рождении",

      "option1": "У него были глубокие глубокие глаза",

      "option2": "Он был очень красивым",

      "option3": "Он был рыжим и волосатым",

      "option4": "Он был очень черным",

      "answer": 3

    },

    {

      "ques_id": 16,

      "question": "Кто отрезал Самсону волосы?",

      "option1": "Его заклятый враг, Халк",

      "option2": "Далила",

      "option3": "Другой мужчина",

      "option4": "Его друзья",

      "answer": 2

    },

    {

      "ques_id": 17,

      "question": "Кто написал книги 1 и 2 Царств?",

      "option1": "Илия",

      "option2": "Иеремия",

      "option3": "Гад",

      "option4": "Натан",

      "answer": 2

    },

    {

      "ques_id": 18,

      "question": "Какое из евангелий появляется последним в Библии",

      "option1": "Никодим",

      "option2": "Джон",

      "option3": "Эндрюс",

      "option4": "Отметить",

      "answer": 2

    },

    {

      "ques_id": 19,

      "question": "Что случилось с тем, чье имя не было записано в книге жизни?",

      "option1": "Они были объявлены недостойными спасения",

      "option2": "Они погибли",

      "option3": "Они умерли",

      "option4": "Они были брошены в огненное озеро",

      "answer": 4

    },

    {

      "ques_id": 20,

      "question": "Кто был самым сильным человеком из когда-либо живших?",

      "option1": "Голиаф",

      "option2": "Самсон",

      "option3": "Иисус",

      "option4": "Агаг",

      "answer": 2

    }

  ],

  "Легенда": [

    {

      "ques_id": 1,

      "question": "Книга Бытия начинается с еврейского слова 'берешит', как это слово переводится на английский язык",

      "option1": "В начале",

      "option2": "Да будет свет",

      "option3": "Когда еще ничего не было",

      "option4": "Господь Бог сказал",

      "answer": 1,

      "reference":"Gn 1:1"

    },

    {

      "ques_id": 2,

      "question": "После усыпления человека, что взял у него господь Бог, чтобы построить в женщину",

      "option1": "Зуб",

      "option2": "Ногть",

      "option3": "Ребро",

      "option4": "Прядь волос",

      "answer": 3,

      "reference":"Gn 1:2"

    },

    {

      "ques_id": 3,

      "question": "Что впервые благословил Господь Бог словами 'Плодитесь и размножайтесь'?",

      "option1": "Первые мужчина и женщина",

      "option2": "Морские существа и птицы",

      "option3": "Растения",

      "option4": "Наземные животные",

      "answer": 1,

      "reference":"Бытие 1:22"

    },

    {

      "ques_id": 4,

      "question": "Кто был ангелом господним, который возвестил Марии, что она зачнет и родит сына?",

      "option1": "Габриэль",

      "option2": "Майкл",

      "option3": "Рафаэль",

      "option4": "Тюлень",

      "answer": 1,

      "reference":"Лк 1:31"

    },

    {

      "ques_id": 5,

      "question": "Как зовут мать св. Иоанна Крестителя?",

      "option1": "Саломея Зеведеевская",

      "option2": "Елизавета Захарийская",

      "option3": "Мария Клеофа",

      "option4": "Иродиада Филиппова",

      "answer": 2,

      "reference":"Лк 1:5-6"

    },

    {

      "ques_id": 6,

      "question": "В начале повествования о Воскресении в Евангелии от Иоанна, кто упоминается как идущий к гробнице Иисуса рано утром и видящий, что камень убран?",

      "option1": "Мария Магдалина",

      "option2": "Святой Иоанн",

      "option3": "Марта",

      "option4": "Ангел",

      "answer": 1,

      "reference":"Jn20:1"

    },

    {

      "ques_id": 7,

      "question": "В повествовании о воскресении в Евангелии от Иоанна, когда воскресший Господь впервые явился Марии Магдалине, она приняла его за кого?",

      "option1": "Тюремщик",

      "option2": "Сотник",

      "option3": "Оценщик",

      "option4": "Ангел",

      "answer": 3,

      "reference":"Ин 20:15"

    },

    {

      "ques_id": 8,

      "question": "В родословной Иисуса, данной в Евангелии от Матфея, сколько наборов из 14 поколений было упомянуто",

      "option1": "Пять",

      "option2": "Оценка",

      "option3": "Три",

      "option4": "Дюжина",

      "answer": 3,

      "reference":"Иоанна 20:15"



    },

    {

      "ques_id": 9,

      "question": "У пророка Исаии сказано, что мальчику, рожденному от девы, будет дано это имя, что означает Бог — с нами?",

      "option1": "Иисус",

      "option2": "Джон",

      "option3": "Эммануэль",

      "option4": "Христос,",

      "answer": 3,

      "reference":"Мф 1:23"

    },

    {

      "ques_id": 10,

      "question": "В родословной Иисуса, данной в Евангелии от Матфея, первый набор из 14 упомянутых поколений начался с Авраама и кем закончился?",

      "option1": "Дэвид",

      "option2": "Моисей",

      "option3": "Иаков",

      "option4": "Джесси",

      "answer": 1,

      "reference":"Мф 1:1-6"

    },

    {

      "ques_id": 11,

      "question": "'Потому что она была взята из его плоти' , как первый мужчина назвал первую женщину?",

      "option1": "Адама",

      "option2": "Ева",

      "option3": "Женщина",

      "option4": "Жена",

      "answer": 2,

      "reference":"Быт. 1:23"

    },

    {

      "ques_id": 12,

      "question": "Что дал Господь Бог в пищу всем зверям земным и всем птицам небесным?",

      "option1": "Зеленые растения",

      "option2": "Семенные растения",

      "option3": "Семенные плодовые деревья",

      "option4": "Все съедобное",

      "answer": 1,

      "reference":"Gn 1:30"

    },

    {

      "ques_id": 13,

      "question": "В какой день творения Бог создал солнце и луну?",

      "option1": "Первый",

      "option2": "Второй",

      "option3": "Третий",

      "option4": "Четвертый",

      "answer": 4,

      "reference":"Быт. 1:26-31"

    },

    {

      "ques_id": 14,

      "question": "Сколько лет было Давиду, когда он был помазан царем Израиля?",

      "option1": "50",

      "option2": "20",

      "option3": "35",

      "option4": "30",

      "answer": 4,

      "reference":"2 Царств 5:4"

    },

    {

      "ques_id": 15,

      "question": "Кто еще, кроме волхвов, приходил навестить Иисуса, когда он был маленьким ребенком.",

      "option1": "Лучники",

      "option2": "Пастухи",

      "option3": "Охотники",

      "option4": "Фермеры",

      "answer": 2

    },

    {

      "ques_id": 16,

      "question": "Какого роста был Голиаф?",

      "option1": "6 локтей и пролет",

      "option2": "8 локтей",

      "option3": "10 локтей и пролет",

      "option4": "12 локтей",

      "answer": 1,

      "reference":"1 Царств 1:4"

    },

    {

      "ques_id": 17,

      "question": "Что, по словам Павла, было исполнением закона?",

      "option1": "Вера",

      "option2": "Молитва",

      "option3": "Любовь",

      "option4": "Брак",

      "answer": 3,

      "reference":"Римлянам 13:10"

    },

    {

      "ques_id": 18,

      "question": "Какая самая короткая глава в Библии",

      "option1": "Псалтирь 117",

      "option2": "Псалтирь 18",

      "option3": "Отметить 10",

      "option4": "Иоанн 4",

      "answer": 1,

      "reference":"Псалтирь 117"

    },

    {

      "ques_id": 19,

      "question": "Кто сказал: „Серебра и золота нет у меня; но что имею, то даю тебе“?",

      "option1": "Павел",

      "option2": "Джеймс",

      "option3": "Питер",

      "option4": "Тимоти",

      "answer": 3,

      "reference":"Деяния 3:6"

    },

    {

      "ques_id": 20,

      "question": "Каков был возраст Моисея [лет] на момент его кончины",

      "option1": "120",

      "option2": "100",

      "option3": "150",

      "option4": "80",

      "answer": 1,

      "reference":"Второзаконие 34:7"

    }

  ],

  "Из другого мира": [

    {

      "ques_id": 1,

      "question": "Кто был самым старым человеком, записанным в Библии?",

      "option1": "Мафусаил",

      "option2": "Адам",

      "option3": "Авраам",

      "option4": "Соломон",

      "answer": 1,

      "reference":"Бытие 5:27"

    },

    {

      "ques_id": 2,

      "question": "Сколько лет было самому старому человеку, записанному в Библии?",

      "option1": "120",

      "option2": "500",

      "option3": "800",

      "option4": "969",

      "answer": 4,

      "reference":"Бытие 5:27"

    },

    {

      "ques_id": 3,

      "question": "Что означает Яхве-Шамма?",

      "option1": "Бог с нами",

      "option2": "Сам Бог",

      "option3": "Иисус, сын Божий",

      "option4": "Вечная жизнь",

      "answer": 2,

      "reference":"Иезекииль 48:35"

    },

    {

      "ques_id": 4,

      "question": "Сколько еще лет Бог добавил к жизни царя Езекии в ответ на молитву умирающего царя?",

      "option1": "20",

      "option2": "50",

      "option3": "15",

      "option4": "100",

      "answer": 3,

      "reference":"4 Царств 20:6"

    },

    {

      "ques_id": 5,

      "question": "С какими пророками Господа советовался Иосия, царь Иудейский?",

      "option1": "Амос",

      "option2": "Илия",

      "option3": "Елисей",

      "option4": "Хулда",

      "answer": 4,

      "reference": "4 Царств 22:14-16"

    },

    {

      "ques_id": 6,

      "question": "Какую церемонию восстановил царь Иосия, которую не праздновал ни один из предыдущих царей Израиля или Иудеи??",

      "option1": "Пасха",

      "option2": "Ритуал жертвоприношения",

      "option3": "поклонение",

      "option4": "Обрезание",

      "answer": 1,

      "reference":"4 Царств 23:21"

    },

    {

      "ques_id": 7,

      "question": "Из какого колена Израилева был царь Саул?",

      "option1": "Иуда",

      "option2": "Бенджамин",

      "option3": "Амониты",

      "option4": "Израиль",

      "answer": 2,

      "reference":"1 Царств 9:21"

    },

    {

      "ques_id": 8,

      "question": "По возвращении ковчега в Израиль, какую жертву принес Самуил Господу?",

      "option1": "А-он козел",

      "option2": "Человеческая жертва",

      "option3": "Он пожертвовал садовым урожаем",

      "option4": "Молочный ягненок",

      "answer": 4,

      "reference":"1 Царств 7:9"

    },

    {

      "ques_id": 9,

      "question": "Как звали жену царя Саула?",

      "option1": "Дебора",

      "option2": "Науме",

      "option3": "Ахиноам",

      "option4": "Рут",

      "answer": 3,

      "reference":"1 Царств 14:50"

    },

    {

      "ques_id": 10,

      "question": "Что нужно человеку, чтобы понять слово Божие?",

      "option1": "Знание",

      "option2": "Святой Дух",

      "option3": "Мудрость",

      "option4": "Молитвы",

      "answer": 2,

      "reference":"1 Коринфянам 2:11"

    },

    {

      "ques_id": 11,

      "question": "Кто, по словам Павла, судил его?",

      "option1": "Бог",

      "option2": "Фара",

      "option3": "Рувим",

      "option4": "Валтасар",

      "answer": 1,

      "reference": "1 Коринфянам 4:4"

    },

    {

      "ques_id": 12,

      "question": "В день Пятидесятницы раздался шум с Неба несущегося____?",

      "option1": "Гром",

      "option2": "Дождь",

      "option3": "Ветер",

      "option4": "громкий шум",

      "answer": 3,

      "reference":"Деяния 2:2"

    },

    {

      "ques_id": 13,

      "question": "Кто предлагал платить деньги за власть давать Святого Духа?",

      "option1": "Джон",

      "option2": "Захария",

      "option3": "Саймон",

      "option4": "Ирод",

      "answer": 3,

      "reference":"Деяния 8"

    },

    {

      "ques_id": 14,

      "question": "Когда Иисус превратил воду в вино, он превратил воду, которая была в каменных кувшинах. Для чего обычно использовались эти каменные кувшины?",

      "option1": "Крещение",

      "option2": "Очистка",

      "option3": "Торговля",

      "option4": "Торжественное омовение",

      "answer": 4,

      "reference":"Иоанна 2:6"

    },

    {

      "ques_id": 15,

      "question": "Кто был отцом Нимрода?",

      "option1": "Андрей",

      "option2": "Джошуа",

      "option3": "Самсон",

      "option4": "Куш",

      "answer": 4,

      "reference":"1 Паралипоменон 1:10"

    },

    {

      "ques_id": 16,

      "question": "как звали двух сыновей Авраама (в порядке их рождения)?",

      "option1": "Исаак и Иаков",

      "option2": "Измаил и Исаак",

      "option3": "Иосиф и Иаков",

      "option4": "Каин и Исаак",

      "answer": 2,

      "reference": "Бытие 16:1-16, 1 Паралипоменон 1:28"

    },

    {

      "ques_id": 17,

      "question": "Как звали трех сыновей Ноя в порядке библейских списков, в которых они находятся?",

      "option1": "Хам, Иосиф, Иафет",

      "option2": "Иафет, Хам, Исаак",

      "option3": "Сим, Хам и Иафет",

      "option4": "Сим, Хам, Иосиф",

      "answer": 3,

      "reference":"Бытие 9:18-19, 1 Паралипоменон 1:4"

    },

    {

      "ques_id": 18,

      "question": "Господь изменил имя Авраама на Авраам, когда ему было 99 лет. как его звали до этого?",

      "option1": "Адам",

      "option2": "Аврам",

      "option3": "Альфа",

      "option4": "Агаг",

      "answer": 2,

      "reference": "Бытие 17:1-5"

    },

    {

      "ques_id": 19,

      "question": "Сколько лет было Аврааму, когда родился Исаак?",

      "option1": "103",

      "option2": "90",

      "option3": "100",

      "option4": "50",

      "answer": 3,

      "reference": "Бытие 21:5"

    },

    {

      "ques_id": 20,

      "question": "Сколько книг в Библии имеют в названии слово 'Иоанн'?",

      "option1": "4",

      "option2": "3",

      "option3": "1",

      "option4": "5",

      "answer": 1,

      "reference": "Джон"

    }

  ]

}