{
  "नौसिखिया": [
    {
      "ques_id": 1,
      "question": "वह पहला व्यक्ति कौन है जो जीवित रहा?",
      "option1": "मेथुशेलह",
      "option2": "अब्राहम",
      "option3": "मूसा",
      "option4": "एडम",
      "answer":4
    },
    {
      "ques_id": 2,
      "question": "एक बहुत बड़ी मछली ने किसे निगल लिया?",
      "option1": "यीशु",
      "option2": "जोना",
      "option3": "सैमसन",
      "option4": "पीटर",
      "answer": 2
    },
    {
      "ques_id": 3,
      "question": "वह कौन व्यक्ति है जिसका उपयोग परमेश्वर ने इस्राएलियों को मिस्र से बाहर निकालने के लिए किया था",
      "option1": "हारून",
      "option2": "अब्राहम",
      "option3": "मूसा",
      "option4": "यिर्मयाह",
      "answer": 3
    },
    {
      "ques_id": 4,
      "question": "वह व्यक्ति कौन था जिसने गोलियथ को मार डाला",
      "option1": "डेविड",
      "option2": "शाऊल",
      "option3": "सोलोमन",
      "option4": "जोनाथन",
      "answer": 1
    },
    {
      "ques_id": 5,
      "question": "इज़राइल का पहला राजा कौन था?",
      "option1": "डेविड",
      "option2": "शाऊल",
      "option3": "सोलोमन",
      "option4": "मूसा",
      "answer": 2
    },
    {
      "ques_id": 6,
      "question": "अपनी सेवकाई से पहले यीशु का क्या व्यवसाय था",
      "option1": "टॉयमेकर",
      "option2": "मछुआरे",
      "option3": "अंगूर के बाग का रखवाला",
      "option4": "बढ़ई",
      "answer":4
    },
    {
      "ques_id": 7,
      "question": "उस शहर का नाम क्या है जिसमें यीशु का जन्म हुआ था?",
      "option1": "यरूशलेम",
      "option2": "बेथलहम",
      "option3": "गैलील",
      "option4": "नाज़रेथ",
      "answer": 2
    },
    {
      "ques_id": 8,
      "question": "उस समुद्र का क्या नाम है जिस पर यीशु चले थे",
      "option1": "गैलील का सागर",
      "option2": "मृत सागर",
      "option3": "समुद्र पढ़ें",
      "option4": "भूमध्य सागर",
      "answer": 1
    },
    {
      "ques_id": 9,
      "question": "उस नदी का क्या नाम है जिसमें जॉन बपतिस्मा देने वाले ने लोगों को बपतिस्मा दिया?",
      "option1": "फुरात",
      "option2": "नील",
      "option3": "जॉर्डन",
      "option4": "टाइग्रिस",
      "answer": 3
    },
    {
      "ques_id": 10,
      "question": "एंड्रयू के भाई का नाम क्या है? (दोनों शिष्य थे)",
      "option1": "पीटर",
      "option2": "जॉन",
      "option3": "जेम्स",
      "option4": "एडम",
      "answer": 1
    },
    {
      "ques_id": 11,
      "question": "यीशु की माता का क्या नाम था?",
      "option1": "मैरी",
      "option2": "मार्था",
      "option3": "ज़िप्पोराह",
      "option4": "सारा",
      "answer": 1
    },
    {
      "ques_id": 12,
      "question": "उस बगीचे का क्या नाम था जहाँ आदम और हव्वा रहते थे?",
      "option1": "नोड की भूमि",
      "option2": "ईडन गार्डन",
      "option3": "बेथलहम",
      "option4": "घाटी का बगीचा",
      "answer": 2
    },
    {
      "ques_id": 13,
      "question": "यीशु ने 5,000 लोगों को क्या खाना खिलाया",
      "option1": "वाइन",
      "option2": "रोटी और शराब की रोटियाँ",
      "option3": "रोटी और मछलियों की रोटियाँ",
      "option4": "पानी",
      "answer": 3
    },
    {
      "ques_id": 14,
      "question": "रोमनों ने यीशु को मारने के लिए कौन सा तरीका अपनाया?",
      "option1": "पत्थरबाज़",
      "option2": "दाह संस्कार",
      "option3": "सूली पर चढ़ना",
      "option4": "फ़ाँसी पर लटका दिया गया",
      "answer": 3
    },
    {
      "ques_id": 15,
      "question": "5000 को खाना खिलाने के बाद कितनी टोकरियाँ बचीं?",
      "option1": "7",
      "option2": "8",
      "option3": "10",
      "option4": "12",
      "answer": 1,
      "8888": "मैथ्यू 15:13"
    },
    {
      "ques_id": 16,
      "question": "किस शिष्य को मछली के मुँह में सिक्का मिला?",
      "option1": "एंड्रयू",
      "option2": "पॉल",
      "option3": "पीटर",
      "option4": "टिमोथी",
      "answer": 3,
      "8888": "मैथ्यू 1:24-27"
    },
    {
      "ques_id": 17,
      "question": "बाइबिल की किस किताब में हम हामान के बारे में पढ़ते हैं",
      "option1": "पलायन",
      "option2": "एस्तेर",
      "option3": "रूथ",
      "option4": "मलाकी",
      "answer": 2,
      "8888": "एस्तेर 3"
    },
    {
      "ques_id": 18,
      "question": "राजा अग्रिप्पा की पत्नी का नाम बताइए, जिसके सामने पॉल मुकदमा चला रहा था",
      "option1": "बर्निस",
      "option2": "हेरोदेस",
      "option3": "अगाग",
      "option4": "कैइफ़ा",
      "answer": 1,
      "8888": "प्रेरितों 25:23"
    },
    {
      "ques_id": 19,
      "question": "हनोक कितने साल का हो गया",
      "option1": "400",
      "option2": "350",
      "option3": "230",
      "option4": "365",
      "answer": 4,
      "8888": "उत्पत्ति 5:23"
    },
    {
      "ques_id": 20,
      "question": "मरने वाले राजाओं की प्रार्थना के जवाब में भगवान ने राजा हिजकिय्याह के जीवन में और कितने वर्ष जोड़े?",
      "option1": "20",
      "option2": "15",
      "option3": "100",
      "option4": "50",
      "answer": 2,
      "8888": "2 राजा 20:6"
    }
  ],
  "उत्साही": [
    {
      "ques_id": 1,
      "question": "इसहाक का पिता कौन था?",
      "option1": "अब्राहम",
      "option2": "जैकब",
      "option3": "एसाव",
      "option4": "पेलेक",
      "answer": 1
    },
    {
      "ques_id": 2,
      "question": "रहोबाम का पिता कौन था?",
      "option1": "डेविड",
      "option2": "निम्रोद",
      "option3": "अबीमेलेक",
      "option4": "सोलोमन",
      "answer":4
    },
    {
      "ques_id": 3,
      "question": "मथुशेलह का पिता कौन था?",
      "option1": "एलिजा",
      "option2": "एनॉक",
      "option3": "सेठ",
      "option4": "जेरेड",
      "answer": 2
    },
    {
      "ques_id": 4,
      "question": "जॉन द बैपटिस्ट को किसने मारा?",
      "option1": "सीज़र",
      "option2": "पिलातुस",
      "option3": "हेरोल्ड",
      "option4": "कैइफ़ा",
      "answer": 3
    },
    {
      "ques_id": 5,
      "question": "ईसा मसीह में विश्वास करने के कारण सबसे पहले किस व्यक्ति की हत्या की गई?",
      "option1": "पीटर",
      "option2": "जॉन",
      "option3": "बरनबास",
      "option4": "स्टीफ़न",
      "answer":4
    },
    {
      "ques_id": 6,
      "question": "जब शाऊल ने यीशु को देखा तो वह कहाँ जा रहा था?",
      "option1": "दमिश्क",
      "option2": "ग्रीस",
      "option3": "रोम",
      "option4": "जेरूसलम",
      "answer": 1
    },
    {
      "ques_id": 7,
      "question": "यीशु ने पृथ्वी पर अपना अधिकांश जीवन कहाँ बिताया?",
      "option1": "यरूशलेम",
      "option2": "नाज़रेथ",
      "option3": "जैतून का पर्वत",
      "option4": "मिस्र",
      "answer": 2
    },
    {
      "ques_id": 8,
      "question": "कौन सा भजन शुरू होता है, \"प्रभु मेरा चरवाहा है?\"",
      "option1": "भजन 91",
      "option2": "भजन 1",
      "option3": "भजन 104",
      "option4": "भजन 23",
      "answer":4
    },
    {
      "ques_id": 9,
      "question": "एक मिशनरी के रूप में यात्रा करते समय पॉल का व्यवसाय क्या था?",
      "option1": "चरवाहा",
      "option2": "बैंगनी रंग का विक्रेता",
      "option3": "तम्बू निर्माता",
      "option4": "लेखक",
      "answer": 3
    },
    {
      "ques_id": 10,
      "question": "उस द्वीप का क्या नाम है जिस पर बरनबास रहता था?",
      "option1": "ग्रीस",
      "option2": "साइप्रस",
      "option3": "रोड्स",
      "option4": "ईस्टर द्वीप",
      "answer": 2
    },
    {
      "ques_id": 11,
      "question": "जब यीशु उसके पास आया, तो उसने कहा, \"हे यीशु, परमप्रधान परमेश्वर के पुत्र, तुझे मुझसे क्या लेना-देना? मैं तुम्हें भगवान की सौगंध देता हूं, मुझे पीड़ा मत दो\"।?",
      "option1": "सेना",
      "option2": "तेरह",
      "option3": "रूबेन",
      "option4": "बेलशेज़र",
      "answer": 1
    },
    {
      "ques_id": 12,
      "question": "यीशु कहते हैं कि हमारे पास किस पक्षी से अधिक मूल्य है?",
      "option1": "ईगल",
      "option2": "गिद्ध",
      "option3": "स्पैरो",
      "option4": "कबूतर",
      "answer": 3
    },
    {
      "ques_id": 13,
      "question": "किन दो बहनों ने जैकब से शादी की?",
      "option1": "डोरकास और लिआ",
      "option2": "मरियम और राचेल",
      "option3": "राचेल और लिआ",
      "option4": "सराय और हन्ना",
      "answer": 3
    },
    {
      "ques_id": 14,
      "question": "ईश्वर ने इब्राहीम को अपने विशेष पुत्र, इसहाक का बलिदान देने के लिए किस देश में भेजा था?",
      "option1": "कैनन",
      "option2": "मैसेडोनिया",
      "option3": "साइप्रस",
      "option4": "मोरिया",
      "answer":4
    },
    {
      "ques_id": 15,
      "question": "यहूदा के राजा योशिय्याह ने प्रभु की किस भविष्यवक्ता से परामर्श किया",
      "option1": "डेबोरा",
      "option2": "हुल्दा",
      "option3": "नाओम",
      "option4": "रूथ",
      "answer": 2,
      "8888": "2 राजा 22:12-16"
    },
    {
      "ques_id": 16,
      "question": "सैमुअल के पहले जन्मे बेटे का नाम बताएं?",
      "option1": "जोशुआ",
      "option2": "जोएल",
      "option3": "जोनाथन",
      "option4": "जोसेफ",
      "answer": 2,
      "8888": "1 शमूएल 8:2"
    },
    {
      "ques_id": 17,
      "question": "राजा शाऊल की पत्नी का क्या नाम था?",
      "option1": "बोम",
      "option2": "दया",
      "option3": "अहीनोअम",
      "option4": "नोआम",
      "answer": 3,
      "8888": "1 शमूएल 14:50"
    },
    {
      "ques_id": 18,
      "question": "किसी को भी परमेश्वर के वचन को समझने के लिए क्या आवश्यक है?",
      "option1": "प्रार्थना",
      "option2": "प्यार",
      "option3": "पवित्र आत्मा",
      "option4": "एन्जिल्स",
      "answer": 3,
      "8888": "1 कुरिन्थियों 2:11"
    },
    {
      "ques_id": 19,
      "question": "पौलुस ने कहा कि उसका न्याय किसने किया?",
      "option1": "शैतान",
      "option2": "भगवान",
      "option3": "मित्र",
      "option4": "पीटर",
      "answer": 2,
      "8888": "1 कुरिन्थियों 4:4"
    },
    {
      "ques_id": 20,
      "question": "________ विलंबित करने से दिल बीमार हो जाता है?",
      "option1": "भरोसा",
      "option2": "आशा",
      "option3": "प्यार",
      "option4": "प्रार्थनाएँ",
      "answer": 2,
      "8888": "नीतिवचन 13:12"
    }
  ],
  "इंटरमीडिएट": [
    {
      "ques_id": 1,
      "question": "मूसा की पत्नी कौन थी?",
      "option1": "एलीशेबा",
      "option2": "रेबेका",
      "option3": "मरियम",
      "option4": "ज़िप्पोराह",
      "answer":4
    },
    {
      "ques_id": 2,
      "question": "अब्राहम की दूसरी पत्नी कौन थी?",
      "option1": "एस्तेर",
      "option2": "केतुराह",
      "option3": "हागर",
      "option4": "लिडिया",
      "answer": 2
    },
    {
      "ques_id": 3,
      "question": "सरमन ऑन द माउंट में कितने अध्याय शामिल हैं?",
      "option1": "1",
      "option2": "2",
      "option3": "3",
      "option4": "7",
      "answer": 3
    },
    {
      "ques_id": 4,
      "question": "इज़राइल ने जेरिको के चारों ओर कितनी बार चढ़ाई की?",
      "option1": "13",
      "option2": "7",
      "option3": "70",
      "option4": "12",
      "answer": 1
    },
    {
      "ques_id": 5,
      "question": "एक हाथ कितना लंबा होता है?",
      "option1": "लगभग 12 इंच",
      "option2": "12मिमी",
      "option3": "लगभग 18 इंच",
      "option4": "लगभग 36 इंच",
      "answer": 3
    },
    {
      "ques_id": 6,
      "question": "हाबिल को मारने के बाद कैन कहाँ गया?",
      "option1": "ईडन गार्डन",
      "option2": "लैंड ऑफ़ नोड",
      "option3": "कुमरान की गुफाएँ",
      "option4": "माउंट अरारत",
      "answer": 2
    },
    {
      "ques_id": 7,
      "question": "कीश का पुत्र कौन था?",
      "option1": "नूह",
      "option2": "प्रेरित पॉल",
      "option3": "अब्राहम",
      "option4": "राजा शाऊल",
      "answer":4
    },
    {
      "ques_id": 8,
      "question": "राहाब कहाँ रहता था?",
      "option1": "जेरिको",
      "option2": "यरूशलेम",
      "option3": "निनवे",
      "option4": "ऐ",
      "answer": 1
    },
    {
      "ques_id": 9,
      "question": "दोरकास कहाँ रहते थे?",
      "option1": "बेथेल",
      "option2": "जोप्पा",
      "option3": "सीज़रिया",
      "option4": "एंटिओक",
      "answer": 2
    },
    {
      "ques_id": 10,
      "question": "\"सड़क को सीधी\" कहां कहा जाता है",
      "option1": "यरूशलेम",
      "option2": "रोम",
      "option3": "बेबीलोन",
      "option4": "दमिश्क",
      "answer":4
    },
    {
      "ques_id": 11,
      "question": "अपनी जान बचाकर भागने के बाद एलिय्याह किस पेड़ के नीचे सोया",
      "option1": "ओक",
      "option2": "पाइन",
      "option3": "जुनिपर",
      "option4": "स्प्रूस",
      "answer": 3,
      "8888": "1 राजा 19:5"
    },
    {
      "ques_id": 12,
      "question": "यहूदा ने चाँदी के कितने सिक्कों के लिए यीशु को धोखा दिया?",
      "option1": "30",
      "option2": "20",
      "option3": "50",
      "option4": "10",
      "answer": 1,
      "8888": "मैथ्यू 26:15"
    },
    {
      "ques_id": 13,
      "question": "डेविड के पिता का नाम",
      "option1": "ओमान",
      "option2": "जेसी",
      "option3": "जोशुआ",
      "option4": "सोलोमन",
      "answer": 2,
      "8888": "1शमूएल 1:12"
    },
    {
      "ques_id": 14,
      "question": "बाइबल की केवल 1 पुस्तक में भगवान का उल्लेख नहीं है",
      "option1": "एस्तेर",
      "option2": "रूथ",
      "option3": "मलाची",
      "option4": "पलायन",
      "answer": 1,
      "8888": "एस्तेर"
    },
    {
      "ques_id": 15,
      "question": "यहोशू को उसके भाइयों ने इश्मीलियों को कितने चाँदी के सिक्के बेचे थे",
      "option1": "50",
      "option2": "12",
      "option3": "20",
      "option4": "100",
      "answer": 3,
      "8888": "उत्पत्ति 37:28"
    },
    {
      "ques_id": 16,
      "question": "यीशु ने कितने प्रेरितों को चुना",
      "option1": "12",
      "option2": "14",
      "option3": "10",
      "option4": "08",
      "answer": 1,
      "8888": "लूका 6:13"
    },
    {
      "ques_id": 17,
      "question": "स्वर्गदूत ने मैरी से कहा कि यीशु पुराने नियम के किस चरित्र के घर पर शासन करेगा",
      "option1": "डेविड",
      "option2": " जैकब",
      "option3": "अब्राहम",
      "option4": "मूसा",
      "answer":2,
      "8888": "लूका 1:13"
    },
    {
      "ques_id": 18,
      "question": "किस भविष्यवक्ता ने कहा, \"मैंने अपने बेटे को मिस्र से बुलाया है\"?",
      "option1": "यिर्मयाह",
      "option2": "यशायाह",
      "option3": "होशे",
      "option4": "ईजेकील",
      "answer": 3,
      "8888": "होशे 11:1"
    },
    {
      "ques_id": 19,
      "question": "यीशु ने किस प्रकार के पेड़ को श्राप दिया था?",
      "option1": "अंजीर",
      "option2": "वाइनयार्ड",
      "option3": "पाइन",
      "option4": "ओक",
      "answer": 1,
      "8888": "मरकुस 11:12-14"
    },
    {
      "ques_id": 20,
      "question": "शाऊल ने अपने लिए एक माध्यम का अनुरोध किससे किया था",
      "option1": "एली",
      "option2": "नाथन",
      "option3": "सैमुअल",
      "option4": "डेविड",
      "answer": 3,
      "8888": "1 शमूएल 28:11"
    }
  ],
  "प्रो": [
    {
      "ques_id": 1,
      "question": "मसीह के लिए क्रूस किसने उठाया?",
      "option1": "फिलिप",
      "option2": "साइमन ऑफ़ साइरीन",
      "option3": "अहाब",
      "option4": "मीका",
      "answer": 2
    },
    {
      "ques_id": 2,
      "question": "तिम्ना की दावत में पलिश्तियों ने शिमशोन को कितने साथी दिए?",
      "option1": "30",
      "option2": "31",
      "option3": "32",
      "option4": "33",
      "answer": 1
    },
    {
      "ques_id": 3,
      "question": "भविष्यवक्ता अन्ना की उम्र कितनी थी जब उसने यीशु को देखा था?",
      "option1": "83",
      "option2": "84",
      "option3": "88",
      "option4": "92",
      "answer": 2
    },
    {
      "ques_id": 4,
      "question": "शीबा की रानी ने सुलैमान को क्या दिया?",
      "option1": "(124 किक्कार) सोना, मसाले और कीमती पत्थर",
      "option2": "(120 किक्कार) सोना, मसाले और कीमती पत्थर",
      "option3": "(18 किक्कार) सोना, मसाले और कीमती पत्थर",
      "option4": "(221 किक्कार) सोना, मसाले और कीमती पत्थर",
      "answer": 2
    },
    {
      "ques_id": 5,
      "question": "पुराने नियम में कितनी पुस्तकें हैं?",
      "option1": "37",
      "option2": "38",
      "option3": "39",
      "option4": "40",
      "answer": 3
    },
    {
      "ques_id": 6,
      "question": "बागान से निकलते ही ईडन की नदी कितनी नदियों में विभाजित हो गई?",
      "option1": "4",
      "option2": "3",
      "option3": "6",
      "option4": "8",
      "answer": 1
    },
    {
      "ques_id": 7,
      "question": "जब यूसुफ को पता चला कि मैरी गर्भवती है तो वह क्या करना चाहता था?",
      "option1": "एक पार्टी का आयोजन करें",
      "option2": "उसे तलाक़ दो",
      "option3": "भाग जाओ",
      "option4": "उपरोक्त में से कोई नहीं",
      "answer": 2
    },
    {
      "ques_id": 8,
      "question": "महायाजक का वस्त्र किस रंग का था?",
      "option1": "नीला",
      "option2": "सफ़ेद",
      "option3": "हरा",
      "option4": "लाल",
      "answer": 1
    },
    {
      "ques_id": 9,
      "question": "बोअज़ ने कहा कि नाओमी क्या बेच रही थी?",
      "option1": "भूमि का एक पार्सल",
      "option2": "सोना",
      "option3": "उसका बच्चा",
      "option4": "भोजन",
      "answer": 1
    },
    {
      "ques_id": 10,
      "question": "देनदारों के दृष्टांत में, एक पर 500 दीनार (पेंस) बकाया था, लेकिन दूसरे पर कितना बकाया था",
      "option1": "70",
      "option2": "50",
      "option3": "45",
      "option4": "80",
      "answer": 2
    },
    {
      "ques_id": 11,
      "question": "एलिजा की आत्मा का कितना भाग एलीशा को प्राप्त हुआ?",
      "option1": "छोटा",
      "option2": "एकल भाग",
      "option3": "पौष्टिक",
      "option4": "दोहरा भाग",
      "answer":4
    },
    {
      "ques_id": 12,
      "question": "उन 700 बेंजामिन सैनिकों में क्या असामान्य बात थी जो हर बार पत्थर उछालकर अपने लक्ष्य पर प्रहार कर सकते थे?",
      "option1": "वे सभी बाएं हाथ के थे",
      "option2": "वे सभी एक जैसे दिखते थे",
      "option3": "उनके पास जूते नहीं थे",
      "option4": "उपरोक्त में से कोई नहीं",
      "answer": 1
    },
    {
      "ques_id": 13,
      "question": "अन्ना का कैफा से क्या संबंध था?",
      "option1": "भाई",
      "option2": "अंकल",
      "option3": "चचेरे भाई",
      "option4": "ससुर",
      "answer":4
    },
    {
      "ques_id": 14,
      "question": "आपको \"सूअर के सामने क्या नहीं फेंकना चाहिए\"",
      "option1": "कंकड़",
      "option2": "पत्थर",
      "option3": "मोती",
      "option4": "छड़ी",
      "answer": 3
    },
    {
      "ques_id": 15,
      "question": "जेल में रहते हुए पॉल और सिलास ने किस समय परमेश्वर से प्रार्थना की और गाना गाया?",
      "option1": "सुबह",
      "option2": "दोपहर",
      "option3": "शाम",
      "option4": "आधी रात",
      "answer":4
    },
    {
      "ques_id": 16,
      "question": "दानिय्येल और उसके तीन दोस्तों ने राजा के मांस और पेय के बदले क्या खाया?",
      "option1": "रोटी",
      "option2": "शराब और रोटी",
      "option3": "दालें और पानी",
      "option4": "कुछ नहीं",
      "answer": 3
    },
    {
      "ques_id": 17,
      "question": "यीशु के चचेरे भाई का क्या नाम है, जो उनसे छह महीने पहले पैदा हुआ था?",
      "option1": "जॉन",
      "option2": "पीटर",
      "option3": "पॉल",
      "option4": "माइकल",
      "answer": 1
    },
    {
      "ques_id": 18,
      "question": "यीशु के जन्म के समय राजा हेरोदेस किस शहर में रहता था?",
      "option1": "यरूशलेम",
      "option2": "रोम",
      "option3": "बेबीलोन",
      "option4": "बेथलहम",
      "answer": 1
    },
    {
      "ques_id": 19,
      "question": "ईश्वर ने मिस्र पर कितनी विपत्तियाँ भेजीं?",
      "option1": "4",
      "option2": "8",
      "option3": "10",
      "option4": "12",
      "answer": 3
    },
    {
      "ques_id": 20,
      "question": "यहूदा ने चाँदी के कितने टुकड़ों के लिए मसीह को धोखा दिया?",
      "option1": "20",
      "option2": "30",
      "option3": "40",
      "option4": "50",
      "answer": 2
    },
    {
      "ques_id": 21,
      "question": "पुनरुत्थान के बाद यीशु कितने दिनों तक अपने शिष्यों को दिखाई दिए?",
      "option1": "30",
      "option2": "7",
      "option3": "40",
      "option4": "11",
      "answer": 3
    },
    {
      "ques_id": 22,
      "question": "प्रकाशितवाक्य में एशिया माइनर के कितने चर्च सूचीबद्ध थे?",
      "option1": "7",
      "option2": "8",
      "option3": "9",
      "option4": "10",
      "answer": 1
    }
  ],
  "जीनियस": [
    {
      "ques_id": 1,
      "question": "हारून का पुत्र एलीआजर का पुत्र कौन था?",
      "option1": "पुतिएल",
      "option2": "कोरह",
      "option3": "फीनहास",
      "option4": "इज़हार",
      "answer": 3
    },
    {
      "ques_id": 2,
      "question": "इस्राएल का राजा ओम्री का पुत्र कौन था?",
      "option1": "अहाब",
      "option2": "जोराम",
      "option3": "ज़िमरी",
      "option4": "गीनाथ",
      "answer": 1
    },
    {
      "ques_id": 3,
      "question": "रूथ की पुस्तक से नाओमी का पति कौन था?",
      "option1": "बोअज़",
      "option2": "एलकाना",
      "option3": "आज्ञाकारी",
      "option4": "एलिमेलेक",
      "answer":4
    },
    {
      "ques_id": 4,
      "question": "बाइबिल में सबसे लंबे नाम में कितने अक्षर हैं?",
      "option1": "16",
      "option2": "18",
      "option3": "22",
      "option4": "25",
      "answer": 2
    },
    {
      "ques_id": 5,
      "question": "सीसरा को किसने मारा?",
      "option1": "डेविड",
      "option2": "अहाब",
      "option3": "शाऊल",
      "option4": "जेल",
      "answer":4
    },
    {
      "ques_id": 6,
      "question": "नूह का जहाज़ कितना चौड़ा था?",
      "option1": "35 हाथ",
      "option2": "50 हाथ",
      "option3": "75 हाथ",
      "option4": "90 हाथ",
      "answer": 2
    },
    {
      "ques_id": 7,
      "question": "संविदा का सन्दूक कितना चौड़ा था?",
      "option1": "1.5 हाथ",
      "option2": "2 हाथ",
      "option3": "3 हाथ",
      "option4": "1 हाथ",
      "answer": 1
    },
    {
      "ques_id": 8,
      "question": "एलीशा के नौकर का क्या नाम था?",
      "option1": "यहोराम",
      "option2": "शाफ़ात",
      "option3": "गेहाज़ी",
      "option4": "हज़ेल",
      "answer": 3
    },
    {
      "ques_id": 9,
      "question": "पॉल के प्रसिद्ध शिक्षक का क्या नाम था?",
      "option1": "जस्टस",
      "option2": "गैमलीएल",
      "option3": "कैइफ़ा",
      "option4": "सुकरात",
      "answer": 2
    },
    {
      "ques_id": 10,
      "question": "इज़राइल के किस न्यायाधीश का जन्म बेथलहम में हुआ था?",
      "option1": "डेविड",
      "option2": "इब्ज़ान",
      "option3": "डेबोराह",
      "option4": "गिदोन",
      "answer": 2
    },
    {
      "ques_id": 11,
      "question": "जब यीशु उसके पास आया, तो उसने कहा, \"हे यीशु, परमप्रधान परमेश्वर के पुत्र, तुझे मुझसे क्या लेना-देना? मैं तुम्हें भगवान की सौगंध देता हूं, मुझे पीड़ा मत दो\"।?",
      "option1": "सेना",
      "option2": "तेरह",
      "option3": "रूबेन",
      "option4": "बेलशेज़र",
      "answer": 1
    },
    {
      "ques_id": 12,
      "question": "यीशु कहते हैं कि हमारे पास किस पक्षी से अधिक मूल्य है?",
      "option1": "ईगल",
      "option2": "गिद्ध",
      "option3": "स्पैरो",
      "option4": "कबूतर",
      "answer": 3
    },
    {
      "ques_id": 13,
      "question": "किन दो बहनों ने जैकब से शादी की?",
      "option1": "डोरकास और लिआ",
      "option2": "मरियम और राचेल",
      "option3": "राचेल और लिआ",
      "option4": "सराय और हन्ना",
      "answer": 3
    },
    {
      "ques_id": 14,
      "question": "ईश्वर ने इब्राहीम को अपने विशेष पुत्र, इसहाक का बलिदान देने के लिए किस देश में भेजा था?",
      "option1": "कैनन",
      "option2": "मैसेडोनिया",
      "option3": "साइप्रस",
      "option4": "मोरिया",
      "answer":4
    },
    {
      "ques_id": 15,
      "question": "कौन सा भजन श्लोक है \"वह मुझे हरे चरागाहों में ले जाता है, वह मुझे शांत पानी के पास ले जाता है,\" से?",
      "option1": "25",
      "option2": "22",
      "option3": "30",
      "option4": "23",
      "answer": 4,
      "8888": "भजन 23;2"
    },
    {
      "ques_id": 16,
      "question": "प्रभु का भय ........ की शुरुआत है",
      "option1": "ज्ञान",
      "option2": "बुद्धि",
      "option3": "पैसा",
      "option4": "प्रेम",
      "answer": 1,
      "8888": ""
    },
    {
      "ques_id": 17,
      "question": "प्रभु ने योना को किस नगर के विरुद्ध प्रचार करने को कहा?",
      "option1": "यरूशलेम",
      "option2": "निनवे",
      "option3": "बेबीलोन",
      "option4": "यहूदा",
      "answer": 2,
      "8888": "योना 1:2"
    },
    {
      "ques_id": 18,
      "question": "इनमें से कौन सी किताबें [फिलिपियन, कुलुस्सियन, गलाटियन, या इफिसियन] बाइबिल में सबसे पहले आती हैं",
      "option1": "कुलुस्सियन",
      "option2": "गैलाटियंस",
      "option3": "इफिसियों",
      "option4": "फिलिपियन्स",
      "answer": 2,
      "8888": "नया नियम, पॉल के पत्र"
    },
    {
      "ques_id": 19,
      "question": "इब्रानियों की पुस्तक में कितने अध्याय हैं?",
      "option1": "13",
      "option2": "15",
      "option3": "10",
      "option4": "16",
      "answer": 1,
      "8888": "इब्रानियों 1-13"
    },
    {
      "ques_id": 20,
      "question": "तूफ़ानी हवाओं का क्या नाम है जो क्रेट से टकरा सकती हैं?",
      "option1": "मूनसून",
      "option2": "यूरोक्लाइडन",
      "option3": "अतिप्रवाह",
      "option4": "उपरोक्त में से कोई नहीं",
      "answer": 2,
      "8888": "प्रेरित 2:14"
    }
  ],
  "विशेषज्ञ": [
    {
      "ques_id": 1,
      "question": "इनमें से कौन इज़राइल या यहूदा का राजा नहीं था",
      "option1": "सेनचेरीब",
      "option2": "यहोयाचिम",
      "option3": "ज़ेडेकिय्याह",
      "option4": "डेविड",
      "answer": 1
    },
    {
      "ques_id": 2,
      "question": "किसने सैमसन को महान शक्ति का रहस्य उजागर करने के लिए राजी किया",
      "option1": "दीना",
      "option2": "रूथ",
      "option3": "डेलिलाह",
      "option4": "मार्था",
      "answer": 3
    },
    {
      "ques_id": 3,
      "question": "और तेरा आकाश जो तेरे सिर के ऊपर है वह_____ होगा, और जो पृय्वी तेरे नीचे है वह लोहे की होगी",
      "option1": "पीतल",
      "option2": "स्टील",
      "option3": "रजत",
      "option4": "सोना",
      "answer": 1
    },
    {
      "ques_id": 4,
      "question": "यह शब्द कहां मिल सकते हैं: पूरे दिल से यहोवा पर भरोसा रखो और अपनी समझ का सहारा मत लो",
      "option1": "नीतिवचन 3:5",
      "option2": "नीतिवचन 5:3",
      "option3": "नीतिवचन 35:3",
      "option4": "नीतिवचन 4:3",
      "answer": 1
    },
    {
      "ques_id": 5,
      "question": "किस शिष्य ने तीन बार यीशु का इन्कार किया",
      "option1": "पीटर",
      "option2": "एंड्रयू",
      "option3": "जॉन",
      "option4": "जुडास",
      "answer": 1
    },
    {
      "ques_id": 6,
      "question": "न्यायियों की स्मृति धन्य है: परन्तु दुष्टों का नाम धन्य है",
      "option1": "जीत",
      "option2": "सड़ांध",
      "option3": "ब्लूम",
      "option4": "फलना-फूलना",
      "answer": 2
    },
    {
      "ques_id": 7,
      "question": "यीशु ने उपदेश देना शुरू करने से पहले, उनका काम क्या था?",
      "option1": "बढ़ई",
      "option2": "विद्वान",
      "option3": "डॉक्टर",
      "option4": "शिक्षक",
      "answer": 1
    },
    {
      "ques_id": 8,
      "question": "बाइबल में ज़ोअन का उपयोग किस राष्ट्र के समानांतर के रूप में किया गया था\"",
      "option1": "मिस्र",
      "option2": "असीरिया",
      "option3": "बेबीलोन",
      "option4": "सिनाई",
      "answer": 1
    },
    {
      "ques_id": 9,
      "question": "पुराने नियम के किस पात्र ने अपने बेटे को ईश्वर को अर्पित करने के लिए तैयार होकर अपना विश्वास दिखाया",
      "option1": "नूह",
      "option2": "अब्राहम",
      "option3": "शेल्टिएल",
      "option4": "मूसा",
      "answer": 2
    },
    {
      "ques_id": 10,
      "question": "जहाज जोना पर था उसके नाविकों ने अपने बचने की संभावना बढ़ाने के लिए क्या किया",
      "option1": "वे उत्तर की ओर रवाना हुए",
      "option2": "माल को पानी में फेंक दिया",
      "option3": "भगवान से माफ़ी मांगी",
      "option4": "उपरोक्त में से कोई नहीं",
      "answer": 2
    },
    {
      "ques_id": 11,
      "question": "जब याकूब ने उसका आशीर्वाद चुरा लिया तब एसाव क्या कर रहा था?",
      "option1": "शिकार",
      "option2": "खेती",
      "option3": "मछली पकड़ना",
      "option4": "यात्रा",
      "answer": 1
    },
    {
      "ques_id": 12,
      "question": "अहाब के रथ को चलाने से अधिक तेज़ गति से कार्मेल पर्वत से सामरिया तक कौन दौड़ा?",
      "option1": "एलीशा",
      "option2": "गेहाज़ी",
      "option3": "एलिजा",
      "option4": "अमोस",
      "answer": 3
    },
    {
      "ques_id": 13,
      "question": "बाद में सातवें दिन भगवान ने क्या किया?",
      "option1": "विश्राम",
      "option2": "मनुष्यों का निर्माण किया गया",
      "option3": "उन्होंने मनुष्य को अपनी रचनाओं की देखभाल करने का काम सौंपा",
      "option4": "पक्षियों का निर्माण",
      "answer": 1
    },
    {
      "ques_id": 14,
      "question": "किसने दावा किया कि सोने का बछड़ा आग से बाहर आ गया?",
      "option1": "जोशुआ",
      "option2": "हारून",
      "option3": "मरियम",
      "option4": "देबोरा",
      "answer": 42
    },
    {
      "ques_id": 15,
      "question": "जब राजा सुलैमान को भगवान ने स्वप्न में दर्शन दिए तो उसने क्या मांगा",
      "option1": "दीर्घा जीवन और ज्ञान",
      "option2": "बुद्धि [अच्छे और बुरे के बीच निर्णय करने के लिए]",
      "option3": "धन",
      "option4": "पैसा",
      "answer": 2
    },
    {
      "ques_id": 16,
      "question": "कहावत को पूरा करें; कोई भी मूर्ख, जब चुप रहता है तो ------- समझा जाता है?",
      "option1": "शांतिपूर्ण",
      "option2": "बेवकूफ",
      "option3": "बुद्धिमान",
      "option4": "अहंकारी",
      "answer": 3
    },
    {
      "ques_id": 17,
      "question": "किसी को परमेश्वर का राज्य कैसे प्राप्त करना चाहिए?",
      "option1": "छिपे हुए उद्देश्यों के साथ",
      "option2": "एक बच्चे की तरह",
      "option3": "गर्व के साथ",
      "option4": "एजेंटों के माध्यम से",
      "answer": 2
    },
    {
      "ques_id": 18,
      "question": "अब्राहम की पहली पत्नी का क्या नाम था",
      "option1": "सारा",
      "option2": "मरियम",
      "option3": "रोडा",
      "option4": "रूथ",
      "answer": 1
    },
    {
      "ques_id": 19,
      "question": "राजा शाऊल ने यहोवा की आज्ञा का उल्लंघन किया और अमेलेकी राजा की जान बख्श दी",
      "option1": "बालक",
      "option2": "डैगन",
      "option3": "अगाग",
      "option4": "नाथन",
      "answer": 3
    },
    {
      "ques_id": 20,
      "question": "दस आज्ञाएँ किस पर लिखी गईं थीं।",
      "option1": "दो स्क्रॉल",
      "option2": "पत्थर की दो गोलियाँ",
      "option3": "जेरिको की दीवारें",
      "option4": "दो पुस्तकें",
      "answer": 1
    }
  ],
  "मास्टर": [
    {
      "ques_id": 1,
      "question": "किसके विषय में यह लिखा गया है कि ''सभी अपने मन में विचार कर रहे थे;'' क्या वह शायद मसीह हो?",
      "option1": "एलिजा",
      "option2": "जॉन",
      "option3": "मलाची",
      "option4": "पीटर",
      "answer": 2
    },
    {
      "ques_id": 2,
      "question": "जोसेफ के माता-पिता के नाम क्या हैं",
      "option1": "जैकब और रेबेका",
      "option2": "जैकब और लिआ",
      "option3": "जैकब और राहेल",
      "option4": "जैकब और रूथ",
      "answer": 3
    },
    {
      "ques_id": 3,
      "question": "बाइबिल में वर्णित सभी लोगों में से कौन सबसे अधिक समय तक जीवित रहा?",
      "option1": "मेथुशेलह",
      "option2": "जेजेरेड",
      "option3": "अब्राहम",
      "option4": "एडम",
      "answer": 1
    },
    {
      "ques_id": 4,
      "question": "यीशु ने उन लोगों से क्या कहा जिन्होंने व्यभिचारिणी पर आरोप लगाया था?",
      "option1": "देखो, कोई धर्मी नहीं है",
      "option2": "जो निष्पाप हो, वह पहले पत्थर मारे",
      "option3": "धिक्कार है तुम पर जो इस महिला पर आरोप लगाते हो",
      "option4": "उसे मार डालो",
      "answer": 2
    },
    {
      "ques_id": 5,
      "question": "एक दिन सभी राष्ट्र परमेश्वर की आराधना करने के लिए किस शहर में जाएंगे?",
      "option1": "दमिश्क",
      "option2": "यरूशलेम",
      "option3": "सिलिसिया",
      "option4": "यहूदा",
      "answer": 2
    },
    {
      "ques_id": 6,
      "question": "दाऊद के वंशजों में से कौन सदैव राज्य करेगा",
      "option1": "रहोबाम",
      "option2": "यीशु",
      "option3": "सोलोमन",
      "option4": "यारोबाम",
      "answer": 2
    },
    {
      "ques_id": 7,
      "question": "तीमुथियुस की धर्मनिष्ठ माँ कौन थी",
      "option1": "लोइस",
      "option2": "फ़ीबे",
      "option3": "यूनिस",
      "option4": "मैग्डलीन",
      "answer": 3
    },
    {
      "ques_id": 8,
      "question": "बूढ़ा होने पर राजा सुलैमान परमेश्वर से क्यों विमुख हो गया",
      "option1": "उनकी विदेशी पत्नियों ने उनका हृदय अन्य देवताओं की ओर मोड़ दिया",
      "option2": "उसे घमंड हो गया",
      "option3": "वह महिलाओं को भगवान से भी अधिक प्यार करता था",
      "option4": "वह मूर्तियों की पूजा करता था",
      "answer": 1
    },
    {
      "ques_id": 9,
      "question": "कौन सुरक्षा के लिए यहोवा के तम्बू में भाग गया, लेकिन फिर भी वहाँ मारा गया?",
      "option1": "जोआब",
      "option2": "शाऊल",
      "option3": "अम्मोन",
      "option4": "एसाव",
      "answer": 1
    },
    {
      "ques_id": 10,
      "question": "किस राजा ने विभिन्न धातुओं से बनी एक आदमी की बड़ी मूर्ति का सपना देखा था",
      "option1": "अहाब",
      "option2": "डेविड",
      "option3": "मैलाच",
      "option4": "नबूकदनेस्सर",
      "answer":4
    },
    {
      "ques_id": 11,
      "question": "प्रार्थना करने के लिए सबसे अच्छी जगह कहाँ है?",
      "option1": "आपकी कोठरी में दरवाज़ा बंद करके",
      "option2": "चर्च में",
      "option3": "एक शांत जगह में",
      "option4": "रास्ते में",
      "answer": 1
    },
    {
      "ques_id": 12,
      "question": "कोई यह शब्द कहां पा सकता है: पूरे दिल से यहोवा पर भरोसा रखो और अपनी समझ का सहारा मत लो?",
      "option1": "नीतिवचन 3:5",
      "option2": "नीतिवचन 35:3",
      "option3": "नीतिवचन 5:3",
      "option4": "नीतिवचन 6:4",
      "answer": 1
    },
    {
      "ques_id": 13,
      "question": "जब यीशु तुम्हारे जंगल में था, तो उसने किस चीज़ को रोटियाँ बनाने के लिए प्रलोभित किया?",
      "option1": "टीले",
      "option2": "चट्टानें",
      "option3": "पत्थर",
      "option4": "मिट्टी",
      "answer": 3
    },
    {
      "ques_id": 14,
      "question": "एहूद के बारे में क्या खास था [इज़राइल का एक न्यायाधीश जिसने मोआब के राजा एल्गॉन को मार डाला",
      "option1": "वह बहुत छोटा था",
      "option2": "वह बाएं हाथ का था",
      "option3": "वह अंधा था",
      "option4": "वह बहुत बूढ़ा था",
      "answer": 2
    },
    {
      "ques_id": 15,
      "question": "याजक द्वारा तुरही बजाने के बाद जेरिको शहर का क्या हुआ",
      "option1": "लोग दूसरे देश में भाग गए",
      "option2": "जानवर मर गए",
      "option3": "दीवारें गिर गईं",
      "option4": "लोग पलायन कर गए",
      "answer": 3
    },
    {
      "ques_id": 16,
      "question": "जॉन 1:1 के अनुसार, शुरुआत में ईश्वर के साथ क्या था",
      "option1": "द वर्ड",
      "option2": "एक देवदूत",
      "option3": "यीशु",
      "option4": "जॉन",
      "answer": 1
    },
    {
      "ques_id": 17,
      "question": "भजन की पुस्तक में कितने भजन हैं?",
      "option1": "150",
      "option2": "170",
      "option3": "120",
      "option4": "190",
      "answer": 1
    },
    {
      "ques_id": 18,
      "question": "हर कोई जो मुझसे \"भगवान, भगवान\" कहता है, वह स्वर्ग के राज्य में प्रवेश नहीं करेगा। फिर जो उसके राज्य में प्रवेश करेगा",
      "option1": "वह जो ईश्वर की इच्छा पूरी करता है",
      "option2": "वह जो चमत्कार करता है",
      "option3": "वह जो बपतिस्मा लेता है",
      "option4": "वह जो परमेश्वर के वचन का प्रचार करता है",
      "answer": 1
    },
    {
      "ques_id": 19,
      "question": "इज़राइल के 10-कबीलों का पहला राजा कौन था?",
      "option1": "यारोबाम",
      "option2": "रेहोबोथ",
      "option3": "जोआब",
      "option4": "रहोबाम",
      "answer": 1
    },
    {
      "ques_id": 20,
      "question": "यिर्मयाह के अनुसार, इस्राएल राष्ट्र को बेबीलोन के राजा के अधीन कितने वर्षों तक बंदी रहना था?",
      "option1": "120 वर्ष",
      "option2": "40 वर्ष",
      "option3": "70 वर्ष",
      "option4": "80 वर्ष",
      "answer": 3
    }
  ],
  "ग्रैंड मास्टर": [
    {
      "ques_id": 1,
      "question": "कुष्ठ रोग से छुटकारा पाने के लिए नामान को किस नदी में नहाने को कहा गया था?",
      "option1": "नील",
      "option2": "जॉर्डन",
      "option3": "गैलील",
      "option4": "बाइबिल यह नहीं कहती",
      "answer": 2
    },
    {
      "ques_id": 2,
      "question": "रहोबाम का पिता कौन था?",
      "option1": "डेविड",
      "option2": "निम्रोद",
      "option3": "अबीमेलेक",
      "option4": "सोलोमन",
      "answer":4
    },
    {
      "ques_id": 3,
      "question": "दाऊद ने राजा के रूप में कितने समय तक शासन किया?",
      "option1": "तीस वर्ष",
      "option2": "चालीस वर्ष",
      "option3": "पच्चीस वर्ष",
      "option4": "अस्सी वर्ष",
      "answer": 2
    },
    {
      "ques_id": 4,
      "question": "यीशु के बीज बोने वाले के दृष्टांत की व्याख्या में। बीज द्वारा क्या दर्शाया गया है",
      "option1": "विश्वास",
      "option2": "भगवान का वचन",
      "option3": "यीशु",
      "option4": "प्रेम",
      "answer": 2
    },
    {
      "ques_id": 5,
      "question": "कौन सा पौधा सभी बीजों में सबसे छोटा है, लेकिन जब यह बड़ा हो जाता है, तो यह जड़ी-बूटियों में सबसे बड़ा होता है?",
      "option1": "जैतून",
      "option2": "सरसों",
      "option3": "ओक",
      "option4": "अंगूर",
      "answer": 2
    },
    {
      "ques_id": 6,
      "question": "मूसा का क्या नाम था\" भाई?",
      "option1": "अल्फियस",
      "option2": "जॉन",
      "option3": "हारून",
      "option4": "जोशुआ",
      "answer": 3
    },
    {
      "ques_id": 7,
      "question": "परमेश्वर ने आदम के शरीर के किस भाग से हव्वा को बनाया?",
      "option1": "दिल",
      "option2": "मस्तिष्क",
      "option3": "रिब",
      "option4": "सिर",
      "answer": 3
    },
    {
      "ques_id": 8,
      "question": "जकरियास और एलिजाबेथ को एक स्वर्गदूत ने बताया था कि उनका एक बेटा होगा, उसे क्या कहा जाएगा",
      "option1": "एलिजा",
      "option2": "यीशु",
      "option3": "जॉन",
      "option4": "जेम्स",
      "answer": 3
    },
    {
      "ques_id": 9,
      "question": "उत्पत्ति अध्याय 1 और 2 में कौन सी महत्वपूर्ण घटना दर्ज है",
      "option1": "परिवहन",
      "option2": "सृजन",
      "option3": "शुद्धिकरण",
      "option4": "बलिदान",
      "answer": 2
    },
    {
      "ques_id": 10,
      "question": "मूसा और कोरह के बीच क्या संबंध था",
      "option1": "वे दोनों यहूदा के गोत्र से थे",
      "option2": "वे भाई थे",
      "option3": "वे चचेरे भाई थे",
      "option4": "वे दोस्त थे",
      "answer": 3
    },
    {
      "ques_id": 11,
      "question": "नाओमी ने बेथलहम में लोगों से उसे क्या कहने के लिए कहा",
      "option1": "मारा",
      "option2": "नामा",
      "option3": "बाथशेबा",
      "option4": "मैरी",
      "answer": 1
    },
    {
      "ques_id": 12,
      "question": "उस यहूदी युवती का नाम बताइए जिसने फ़ारसी राजा से शादी की?",
      "option1": "नाओमी",
      "option2": "डेबोराह",
      "option3": "एस्तेर",
      "option4": "जूड",
      "answer": 3
    },
    {
      "ques_id": 13,
      "question": "प्रकाशितवाक्य 1:20 की सात स्वर्ण दीवटें किसका प्रतीक हैं?",
      "option1": "सात मण्डली",
      "option2": "सात देवदूत",
      "option3": "सात राजा",
      "option4": "सात लोग",
      "answer": 1
    },
    {
      "ques_id": 14,
      "question": "निम्नलिखित शब्द कहाँ पाए जा सकते हैं: परन्तु परमेश्वर ने जगत के मूर्खों को चुन लिया, कि बुद्धिमानों को लज्जित करे?",
      "option1": "अधिनियम",
      "option2": "रोमन",
      "option3": "1 कुरिन्थियों",
      "option4": "जॉन",
      "answer": 3
    },
    {
      "ques_id": 15,
      "question": "जन्म के समय याकूब के जुड़वां भाई, एसाव के बारे में क्या ध्यान देने योग्य था",
      "option1": "उनकी गहरी, तीव्र आँखें थीं",
      "option2": "वह बहुत सुन्दर था",
      "option3": "वह लाल और बालों वाला था",
      "option4": "वह बहुत काला था",
      "answer": 3
    },
    {
      "ques_id": 16,
      "question": ",सैमसन के बाल किसने काटे?",
      "option1": "उसका कट्टर दुश्मन, हल्क",
      "option2": "डेलिलाह",
      "option3": "एक और आदमी",
      "option4": "उसके दोस्त",
      "answer": 2
    },
    {
      "ques_id": 17,
      "question": "प्रथम और द्वितीय राजाओं की पुस्तकें किसने लिखीं?",
      "option1": "एलिजा",
      "option2": "यिर्मयाह",
      "option3": "गाड",
      "option4": "नाथन",
      "answer": 2
    },
    {
      "ques_id": 18,
      "question": "बाइबिल में कौन सा सुसमाचार सबसे अंत में आता है",
      "option1": "निकोदेमस",
      "option2": "जॉन",
      "option3": "एंड्रयूज़",
      "option4": "मार्क",
      "answer": 2
    },
    {
      "ques_id": 19,
      "question": "उस व्यक्ति का क्या हुआ जिसका नाम जीवन की पुस्तक में लिखा नहीं पाया गया?",
      "option1": "उन्हें मोक्ष के योग्य नहीं घोषित किया गया",
      "option2": "वे नष्ट हो गए",
      "option3": "वे मर गये",
      "option4": "उन्हें आग की झील में डाल दिया गया",
      "answer":4
    },
    {
      "ques_id": 20,
      "question": "अब तक का सबसे ताकतवर आदमी कौन था?",
      "option1": "गोलियथ",
      "option2": "सैमसन",
      "option3": "यीशु",
      "option4": "अगाग",
      "answer": 2
    }
  ],
  "प्रसिद्ध": [
    {
      "ques_id": 1,
      "question": "उत्पत्ति की पुस्तक हिब्रू शब्द \"बेरेशिट\" से शुरू होती है, इस शब्द का अंग्रेजी में अनुवाद क्या है",
      "option1": "शुरुआत में",
      "option2": "वहाँ प्रकाश हो",
      "option3": "जब अभी कुछ भी नहीं था",
      "option4": "प्रभु परमेश्वर ने कहा",
      "answer": 1,
      "8888": "जीएन 1:1"
    },
    {
      "ques_id": 2,
      "question": "पुरुष को गहरी नींद में सुलाने के बाद प्रभु परमेश्वर ने उससे स्त्री बनाने के लिए क्या लिया",
      "option1": "एक दांत",
      "option2": "एक नख",
      "option3": "एक पसली",
      "option4": "बालों का एक गुच्छा",
      "answer": 3,
      "8888": "जीएन 1:2"
    },
    {
      "ques_id": 3,
      "question": "प्रभु परमेश्वर ने सबसे पहले \" उपजाऊ बनो और बढ़ो\" शब्दों से क्या आशीर्वाद दिया?",
      "option1": "प्रथम पुरुष और महिला",
      "option2": "समुद्री जीव और पक्षी",
      "option3": "पौधे",
      "option4": "भूमि के जानवर",
      "answer": 1,
      "8888": "उत्पत्ति 1:22"
    },
    {
      "ques_id": 4,
      "question": "प्रभु का दूत कौन था जिसने मैरी को घोषणा की थी कि वह गर्भवती होगी और एक बेटे को जन्म देगी?",
      "option1": "गेब्रियल",
      "option2": "माइकल",
      "option3": "राफेल",
      "option4": "सील्टिल",
      "answer": 1,
      "8888":"लूका 1:31"
    },
    {
      "ques_id": 5,
      "question": "सेंट जॉन द बैपटिस्ट की माँ का क्या नाम है?",
      "option1": "सैलोम ऑफ़ ज़ेबेदी",
      "option2": "जकारिया की एलिजाबेथ",
      "option3": "क्लियोफ़ास की मैरी",
      "option4": "फिलिप के हेरोडियास",
      "answer": 2,
      "8888":"लूका 1:5-6"
    },
    {
      "ques_id": 6,
      "question": "सेंट जॉन के सुसमाचार में पुनरुत्थान कथा की शुरुआत में, किसका उल्लेख किया गया था कि वह सुबह-सुबह यीशु की कब्र पर गया और पत्थर हटा हुआ देखा?",
      "option1": "मैगडाला की मैरी",
      "option2": "सेंट जॉन",
      "option3": "मार्था",
      "option4": "एक देवदूत",
      "answer": 1,
      "8888":"जेएन20:1"
    },
    {
      "ques_id": 7,
      "question": "सेंट जॉन्स गॉस्पेल में पुनरुत्थान कथा में, जब पुनर्जीवित प्रभु पहली बार मैरी मैग्डलीन के सामने प्रकट हुए, तो उसने गलती से उसे कौन समझ लिया?",
      "option1": "द जेलर",
      "option2": "द सेंचुरियन",
      "option3": "द ग्रेडनर",
      "option4": "एक देवदूत",
      "answer": 3,
      "8888": "जेएन 20:15"
    },
    {
      "ques_id": 8,
      "question": "सेंट मैथ्यू के सुसमाचार में दी गई यीशु की वंशावली में, 14 पीढ़ियों के कितने सेटों का उल्लेख किया गया था",
      "option1": "पांच",
      "option2": "एक अंक",
      "option3": "तीन",
      "option4": "एक दर्जन",
      "answer": 3,
      "8888": "यूहन्ना 20:15"

    },
    {
      "ques_id": 9,
      "question": "भविष्यवक्ता यशायाह में, यह कहा गया है कि कुंवारी से पैदा होने वाले लड़के को यह नाम दिया जाएगा जिसका अर्थ है भगवान - हमारे साथ?",
      "option1": "यीशु",
      "option2": "जॉन",
      "option3": "इमैनुएल",
      "option4": "क्रिस्टोस,",
      "answer": 3,
      "8888": "माउंट 1:23"
    },
    {
      "ques_id": 10,
      "question": "सेंट मैथ्यू के सुसमाचार में दी गई यीशु की वंशावली में, उल्लिखित 14 पीढ़ियों का पहला सेट इब्राहीम के साथ शुरू हुआ और किसके साथ समाप्त हुआ?",
      "option1": "डेविड",
      "option2": "मूसा",
      "option3": "जैकब",
      "option4": "जेसी",
      "answer": 1,
      "8888": "मत्ती 1:1-6"
    },
    {
      "ques_id": 11,
      "question": "\"क्योंकि वह उसके शरीर से निकाली गई थी\", पहले पुरुष ने पहली स्त्री को क्या कहा?",
      "option1": "एडमा",
      "option2": "ईव",
      "option3": "महिला",
      "option4": "पत्नी",
      "answer": 2,
      "8888": "जनरल 1:23"
    },
    {
      "ques_id": 12,
      "question": "प्रभु परमेश्वर ने भूमि के सभी जानवरों और आकाश के सभी पक्षियों के भोजन के रूप में क्या दिया?",
      "option1": "हरे पौधे",
      "option2": "बीज वाले पौधे",
      "option3": "बीज वाले फलदार पेड़",
      "option4": "कुछ भी खाने योग्य",
      "answer": 1,
      "8888": "जीएन 1:30"
    },
    {
      "ques_id": 13,
      "question": "सृष्टि के किस दिन भगवान ने सूर्य और चंद्रमा का निर्माण किया?",
      "option1": "प्रथम",
      "option2": "दूसरा",
      "option3": "तीसरा",
      "option4": "चौथा",
      "answer": 4,
      "8888": "जनरल 1:26-31"
    },
    {
      "ques_id": 14,
      "question": "जब डेविड इसराइल का अभिषिक्त राजा था तब उसकी उम्र कितनी थी?",
      "option1": "50",
      "option2": "20",
      "option3": "35",
      "option4": "30",
      "answer": 4,
      "8888":"2शमूएल 5:4"
    },
    {
      "ques_id": 15,
      "question": "जब यीशु छोटे बच्चे थे तो बुद्धिमान लोगों के अलावा और कौन उनसे मिलने आया था।",
      "option1": "धनुर्धर",
      "option2": "चरवाहे",
      "option3": "शिकारी",
      "option4": "किसान",
      "answer": 2
    },
    {
      "ques_id": 16,
      "question": "गोलियथ कितना लंबा था?",
      "option1": "6 हाथ और एक विस्तार",
      "option2": "8 हाथ",
      "option3": "10 हाथ और एक विस्तार",
      "option4": "12 हाथ",
      "answer": 1,
      "8888":"1 शमूएल 1:4"
    },
    {
      "ques_id": 17,
      "question": "पौलुस ने क्या कहा कि यह आपके कानून की पूर्ति थी?",
      "option1": "विश्वास",
      "option2": "प्रार्थना",
      "option3": "प्यार",
      "option4": "विवाह",
      "answer": 3,
      "8888": "रोमियों 13:10"
    },
    {
      "ques_id": 18,
      "question": "बाइबल में सबसे छोटा अध्याय कौन सा है",
      "option1": "भजन 117",
      "option2": "भजन 18",
      "option3": "मार्क 10",
      "option4": "जॉन 4",
      "answer": 1,
      "8888": "भजन 117"
    },
    {
      "ques_id": 19,
      "question": "किसने कहा,\"चाँदी और सोना मेरे पास कुछ भी नहीं; परन्तु जो मेरे पास है, मैं तुम्हें दे देता हूँ\"?",
      "option1": "पॉल",
      "option2": "जेम्स",
      "option3": "पीटर",
      "option4": "टिमोथी",
      "answer": 3,
      "8888": "प्रेरितों 3:6"
    },
    {
      "ques_id": 20,
      "question": "मूसा की मृत्यु के समय उनकी उम्र क्या थी[वर्ष]",
      "option1": "120",
      "option2": "100",
      "option3": "150",
      "option4": "80",
      "answer": 1,
      "8888": "व्यवस्थाविवरण 34:7"
    }
  ],
  "इस दुनिया से बाहर": [
    {
      "ques_id": 1,
      "question": "बाइबल में दर्ज सबसे उम्रदराज व्यक्ति कौन था?",
      "option1": "मेथुशेलह",
      "option2": "एडम",
      "option3": "अब्राहम",
      "option4": "सोलोमन",
      "answer": 1,
      "8888": "उत्पत्ति 5:27"
    },
    {
      "ques_id": 2,
      "question": "बाइबिल में दर्ज सबसे बुजुर्ग व्यक्ति की उम्र कितनी थी?",
      "option1": "120",
      "option2": "500",
      "option3": "800",
      "option4": "969",
      "answer": 4,
      "8888": "उत्पत्ति 5:27"
    },
    {
      "ques_id": 3,
      "question": "जाह्वे-शम्माह का क्या मतलब है?",
      "option1": "भगवान हमारे साथ",
      "option2": "स्वयं भगवान",
      "option3": "ईश्वर का पुत्र यीशु",
      "option4": "अनन्त जीवन",
      "answer": 2,
      "8888": "यहेजकेल 48:35"
    },
    {
      "ques_id": 4,
      "question": "मरने वाले राजा की प्रार्थना के जवाब में भगवान ने राजा हिजकिय्याह के जीवन में और कितने वर्ष जोड़े?",
      "option1": "20",
      "option2": "50",
      "option3": "15",
      "option4": "100",
      "answer": 3,
      "8888": "2 राजा 20:6"
    },
    {
      "ques_id": 5,
      "question": "यहूदा के राजा योशिय्याह ने प्रभु के किन भविष्यवक्ताओं से परामर्श किया?",
      "option1": "अमोस",
      "option2": "एलिजा",
      "option3": "एलीशा",
      "option4": "हुल्दा",
      "answer": 4,
      "8888":" 2 राजा 22:14-16"
    },
    {
      "ques_id": 6,
      "question": "राजा योशिय्याह ने कौन सा समारोह पुनः स्थापित किया जो इस्राएल या यहूदा के किसी भी पिछले राजा द्वारा नहीं मनाया गया था?",
      "option1": "फसह",
      "option2": "बलिदान अनुष्ठान",
      "option3": "पूजा",
      "option4": "खतना",
      "answer": 1,
      "8888": "2 राजा 23:21"
    },
    {
      "ques_id": 7,
      "question": "राजा शाऊल इस्राएल के किस गोत्र का था?",
      "option1": "यहूदा",
      "option2": "बेंजामिन",
      "option3": "अमोनाइट्स",
      "option4": "इज़राइल",
      "answer": 2,
      "8888": "1 शमूएल 9:21"
    },
    {
      "ques_id": 8,
      "question": "इस्राएल के सन्दूक की वापसी पर, शमूएल ने प्रभु को कौन सा बलिदान चढ़ाया?",
      "option1": "ए-वह बकरी",
      "option2": "मानव बलि",
      "option3": "उन्होंने बगीचे की फसल का बलिदान दिया",
      "option4": "दूध पीता हुआ मेमना",
      "answer": 4,
      "8888": "1 शमूएल 7:9"
    },
    {
      "ques_id": 9,
      "question": "राजा शाऊल की पत्नी का क्या नाम था?",
      "option1": "डेबोरा",
      "option2": "नाउम",
      "option3": "अहीनोअम",
      "option4": "रूथ",
      "answer": 3,
      "8888": "1 शमूएल 14:50"
    },
    {
      "ques_id": 10,
      "question": "परमेश्वर के वचन को समझने के लिए किसी को क्या चाहिए?",
      "option1": "ज्ञान",
      "option2": "पवित्र आत्मा",
      "option3": "बुद्धि",
      "option4": "प्रार्थनाएँ",
      "answer": 2,
      "8888": "1 कुरिन्थियों 2:11"
    },
    {
      "ques_id": 11,
      "question": "पौलुस ने कहा कि उसका न्याय किसने किया?",
      "option1": "भगवान",
      "option2": "तेरह",
      "option3": "रूबेन",
      "option4": "बेलशेज़र",
      "answer": 1,
      "8888":" 1 कुरिन्थियों 4:4"
    },
    {
      "ques_id": 12,
      "question": "पिन्तेकुस्त के दिन, स्वर्ग से दौड़ते हुए की आवाज़ आई____?",
      "option1": "थंडर",
      "option2": "बारिश",
      "option3": "पवन",
      "option4": "जोर से शोर",
      "answer": 3,
      "8888": "प्रेरित 2:2"
    },
    {
      "ques_id": 13,
      "question": "पवित्र आत्मा देने की शक्ति के लिए पैसे देने की पेशकश किसने की?",
      "option1": "जॉन",
      "option2": "ज़कारियास",
      "option3": "साइमन",
      "option4": "हेरोदेस",
      "answer": 3,
      "8888": "अधिनियम 8"
    },
    {
      "ques_id": 14,
      "question": "जब यीशु ने पानी को शराब में बदल दिया, तो उसने पत्थर के घड़ों में रखे पानी को बदल दिया। ये पत्थर के घड़े आम तौर पर किस लिए उपयोग किए जाते थे?",
      "option1": "बपतिस्मा देना",
      "option2": "सफाई",
      "option3": "ट्रेडिंग",
      "option4": "औपचारिक धुलाई",
      "answer": 4,
      "8888": "यूहन्ना 2:6"
    },
    {
      "ques_id": 15,
      "question": "निम्रोद के पिता कौन थे?",
      "option1": "एंड्रयू",
      "option2": "जोशुआ",
      "option3": "सैमसन",
      "option4": "कुश",
      "answer": 4,
      "8888": "1 इतिहास 1:10"
    },
    {
      "ques_id": 16,
      "question": "इब्राहीम के दो बेटों के नाम क्या थे (उनके जन्म के क्रम में)?",
      "option1": "इसहाक और जैकब",
      "option2": "इश्माएल और इसहाक",
      "option3": "जोसेफ और जैकब",
      "option4": "कैन और इसहाक",
      "answer": 2,
      "8888": "उत्पत्ति 16:1-16, 1 इतिहास 1:28"
    },
    {
      "ques_id": 17,
      "question": "नूह के तीन पुत्रों के नाम बाइबिल सूची के क्रम में क्या थे?",
      "option1": "हाम, जोसेफ, येपेथ",
      "option2": "जपेत, हाम, इसहाक",
      "option3": "शेम, हाम और येपेथ",
      "option4": "शेम, हाम, जोसेफ",
      "answer": 3,
      "8888": "उत्पत्ति 9:18-19, 1 इतिहास 1:4"
    },
    {
      "ques_id": 18,
      "question": "जब इब्राहीम 99 वर्ष का था तब प्रभु ने उसका नाम बदलकर इब्राहीम रख दिया। उससे पहले उसका नाम क्या था?",
      "option1": "एडम",
      "option2": "अब्राम",
      "option3": "अल्फा",
      "option4": "अगाग",
      "answer": 2,
      "8888": "उत्पत्ति 17:1-5"
    },
    {
      "ques_id": 19,
      "question": "जब इसहाक का जन्म हुआ तब इब्राहीम की उम्र कितनी थी?",
      "option1": "103",
      "option2": "90",
      "option3": "100",
      "option4": "50",
      "answer": 3,
      "8888": "उत्पत्ति 21:5"
    },
    {
      "ques_id": 20,
      "question": "बाइबिल में कितनी पुस्तकों के शीर्षक में \"जॉन\" शब्द है?",
      "option1": "4",
      "option2": "3",
      "option3": "1",
      "option4": "5",
      "answer": 1,
      "8888": "जॉन"
    }
  ]
}