 {

  "Neuling": [

    {

      "ques_id": 1,

      "question": "Wer war der erste Mensch, der je gelebt hat?",

      "option1": "Methuselah",

      "option2": "Abraham",

      "option3": "Moses",

      "option4": "Adam",

      "answer": 4

    },

    {

      "ques_id": 2,

      "question": "Wer wurde von einem sehr großen Fisch verschluckt?",

      "option1": "Jesus",

      "option2": "Jona",

      "option3": "Samson",

      "option4": "Peter",

      "answer": 2

    },

    {

      "ques_id": 3,

      "question": "Wer ist die Person, durch die Gott die Israeliten aus Ägypten führte",

      "option1": "Aaron",

      "option2": "Abraham",

      "option3": "Moses",

      "option4": "Jeremiah",

      "answer": 3

    },

    {

      "ques_id": 4,

      "question": "Wer war die Person, die Goliath getötet hat",

      "option1": "David",

      "option2": "Saul",

      "option3": "Salomo",

      "option4": "Jonathan",

      "answer":1

    },

    {

      "ques_id": 5,

      "question": "Wer war der erste König von Israel?",

      "option1": "David",

      "option2": "Saul",

      "option3": "Salomo",

      "option4": "Moses",

      "answer": 2

    },

    {

      "ques_id": 6,

      "question": "Welchen Beruf hatte Jesus vor seinem Wirken",

      "option1": "Spielzeughersteller",

      "option2": "Fischer",

      "option3": "Weinbergpfleger",

      "option4": "Zimmermann",

      "answer": 4

    },

    {

      "ques_id": 7,

      "question": "Wie heißt die Stadt, in der Jesus geboren wurde?",

      "option1": "Jerusalem",

      "option2": "Bethlehem",

      "option3": "Galiläa",

      "option4": "Nazareth",

      "answer": 2

    },

    {

      "ques_id": 8,

      "question": "Wie heißt das Meer, auf dem Jesus ging",

      "option1": "See Genezareth",

      "option2": "Totes Meer",

      "option3": "Meer lesen",

      "option4": "Mittelmeer",

      "answer":1

    },

    {

      "ques_id": 9,

      "question": "Wie heißt der Fluss, in dem Johannes der Täufer Menschen taufte?",

      "option1": "Euphrat",

      "option2": "Nil",

      "option3": "Jordanien",

      "option4": "Tigris",

      "answer": 3

    },

    {

      "ques_id": 10,

      "question": "Wie heißt Andreas Bruder? (Beide waren Schüler)",

      "option1": "Peter",

      "option2": "John",

      "option3": "James",

      "option4": "Adam",

      "answer":1

    },

    {

      "ques_id": 11,

      "question": "Wie hieß die Mutter Jesu?",

      "option1": "Maria",

      "option2": "Martha",

      "option3": "Zipporah",

      "option4": "Sarah",

      "answer":1

    },

    {

      "ques_id": 12,

      "question": "Wie hieß der Garten, in dem Adam und Eva lebten?",

      "option1": "Land von Nod",

      "option2": "Garten Eden",

      "option3": "Bethlehem",

      "option4": "Garten des Tals",

      "answer": 2

    },

    {

      "ques_id": 13,

      "question": "Womit hat Jesus 5.000 Menschen ernährt",

      "option1": "Wein",

      "option2": "Brot und Wein",

      "option3": "Brotlaibe und Fische",

      "option4": "Wasser",

      "answer": 3

    },

    {

      "ques_id": 14,

      "question": "Welche Methode wandten die Römer an, um Jesus zu töten?",

      "option1": "Stoned",

      "option2": "Einäscherung",

      "option3": "Kreuzigung",

      "option4": "Gehängt",

      "answer": 3

    },

    {

      "ques_id": 15,

      "question": "Wie viele Körbe sind von der Speisung der 5000 übrig geblieben?",

      "option1": "7",

      "option2": "8",

      "option3": "10",

      "option4": "12",

      "answer":1,

      "reference": "Matthäus 15:13"

    },

    {

      "ques_id": 16,

      "question": "Welcher Schüler hat eine Münze im Maul eines Fisches gefunden?",

      "option1": "Andrew",

      "option2": "Paul",

      "option3": "Peter",

      "option4": "Timotheus",

      "answer": 3,

      "reference": "Matthäus 1:24-27"

    },

    {

      "ques_id": 17,

      "question": "In welchem ​​Buch der Bibel lesen wir über Haman",

      "option1": "Exodus",

      "option2": "Esther",

      "option3": "Ruth",

      "option4": "Maleachi",

      "answer": 2,

      "reference": "Esther 3"

    },

    {

      "ques_id": 18,

      "question": "Nenne die Frau des Königs Agrippa, vor der Paulus vor Gericht stand",

      "option1": "Bernince",

      "option2": "Herodes",

      "option3": "Agag",

      "option4": "Ciaphas",

      "answer":1,

      "reference": "Apostelgeschichte 25:23"

    },

    {

      "ques_id": 19,

      "question": "Wie alt wurde Henoch",

      "option1": "400",

      "option2": "350",

      "option3": "230",

      "option4": "365",

      "answer": 4,

      "reference": "Genesis 5:23"

    },

    {

      "ques_id": 20,

      "question": "Wie viele weitere Jahre hat Gott dem Leben von König Hiskia als antwort auf das Gebet der sterbenden Könige hinzugefügt?",

      "option1": "20",

      "option2": "15",

      "option3": "100",

      "option4": "50",

      "answer": 2,

      "reference": "2 Könige 20:6"

    }

  ],

  "Enthusiast": [

    {

      "ques_id": 1,

      "question": "Wer war der Vater von Isaac?",

      "option1": "Abraham",

      "option2": "Jakob",

      "option3": "Esau",

      "option4": "Peleq",

      "answer":1

    },

    {

      "ques_id": 2,

      "question": "Wer war der Vater von Rehabeam?",

      "option1": "David",

      "option2": "Nimrod",

      "option3": "Abimelech",

      "option4": "Salomo",

      "answer": 4

    },

    {

      "ques_id": 3,

      "question": "Wer war der Vater von Methusalem?",

      "option1": "Elia",

      "option2": "Enock",

      "option3": "Seth",

      "option4": "Jared",

      "answer": 2

    },

    {

      "ques_id": 4,

      "question": "Wer hat Johannes den Täufer getötet?",

      "option1": "Cäsar",

      "option2": "Pilatus",

      "option3": "Herold",

      "option4": "Kaiphas",

      "answer": 3

    },

    {

      "ques_id": 5,

      "question": "Wer wurde als erster getötet, weil er an Christus glaubte?",

      "option1": "Peter",

      "option2": "John",

      "option3": "Barnabas",

      "option4": "Stephen",

      "answer": 4

    },

    {

      "ques_id": 6,

      "question": "Wohin ging Saulus, als er Jesus sah?",

      "option1": "Damaskus",

      "option2": "Griechenland",

      "option3": "Rom",

      "option4": "Jerusalem",

      "answer":1

    },

    {

      "ques_id": 7,

      "question": "Wo hat Jesus den größten Teil seines Lebens auf Erden verbracht?",

      "option1": "Jerusalem",

      "option2": "Nazareth",

      "option3": "Ölberg",

      "option4": "Ägypten",

      "answer": 2

    },

    {

      "ques_id": 8,

      "question": "Welcher Psalm beginnt mit /'Der Herr ist mein Hirte?'",

      "option1": "Psalm 91",

      "option2": "Psalm 1",

      "option3": "Psalm 104",

      "option4": "Psalm 23",

      "answer": 4

    },

    {

      "ques_id": 9,

      "question": "Was war Pauls Beruf, als er als Missionar unterwegs war?",

      "option1": "Schäfer",

      "option2": "Verkäufer von Purple",

      "option3": "Zeltmacher",

      "option4": "Schreiber",

      "answer": 3

    },

    {

      "ques_id": 10,

      "question": "Wie heißt die Insel, auf der Barnabas lebte?",

      "option1": "Griechenland",

      "option2": "Zypern",

      "option3": "Rhodos",

      "option4": "Osterinsel",

      "answer": 2

    },

    {

      "ques_id": 11,

      "question": "Als er von Jesus angesprochen wurde, der sagte: 'Was hast du mit mir zu tun, Jesus, Sohn des höchsten Gottes? Ich beschwöre dich bei Gott, quäle mich nicht'.",

      "option1": "Legion",

      "option2": "Terah",

      "option3": "Ruben",

      "option4": "Belsazar",

      "answer":1

    },

    {

      "ques_id": 12,

      "question": "Welcher Vogel ist laut Jesus mehr wert als wir?",

      "option1": "Adler",

      "option2": "Geier",

      "option3": "Spatz",

      "option4": "Taube",

      "answer": 3

    },

    {

      "ques_id": 13,

      "question": "Welche zwei Schwestern haben Jakob geheiratet?",

      "option1": "Dorcas und Leah",

      "option2": "Mariam und Rachel",

      "option3": "Rachel und Leah",

      "option4": "Sarai und Hannah",

      "answer": 3

    },

    {

      "ques_id": 14,

      "question": "In welches Land hat Gott Abraham geschickt, um seinen besonderen Sohn Isaak zu opfern?",

      "option1": "Canan",

      "option2": "Mazedonien",

      "option3": "Zypern",

      "option4": "Moriah",

      "answer": 4

    },

    {

      "ques_id": 15,

      "question": "Welche Prophetin des Herrn befragte König Josia von Juda",

      "option1": "Debora",

      "option2": "Hulda",

      "option3": "Naom",

      "option4": "Ruth",

      "answer": 2,

      "reference": "2. Könige 22:12-16"

    },

    {

      "ques_id": 16,

      "question": "Name von Samuels erstgeborenem Sohn?",

      "option1": "Josua",

      "option2": "Joel",

      "option3": "Jonathan",

      "option4": "Joseph",

      "answer": 2,

      "reference": "1 Samuel 8:2"

    },

    {

      "ques_id": 17,

      "question": "Wie hieß die Frau von König Sauls?",

      "option1": "Boam",

      "option2": "Barmherzigkeit",

      "option3": "Ahinoam",

      "option4": "Noam",

      "answer": 3,

      "reference": "1 Samuel 14:50"

    },

    {

      "ques_id": 18,

      "question": "Was ist erforderlich, damit jemand Gottes Wort versteht?",

      "option1": "Gebet",

      "option2": "Liebe",

      "option3": "Heiliger Geist",

      "option4": "Engel",

      "answer": 3,

      "reference": "1 Korinther 2:11"

    },

    {

      "ques_id": 19,

      "question": "Wer hat Paulus gesagt, hat ihn gerichtet?",

      "option1": "Satan",

      "option2": "Gott",

      "option3": "Freund",

      "option4": "Peter",

      "answer": 2,

      "reference": "1 Korinther 4:4"

    },

    {

      "ques_id": 20,

      "question": "________ aufgeschoben macht das Herz krank?",

      "option1": "Vertrauen",

      "option2": "Hoffnung",

      "option3": "Liebe",

      "option4": "Gebete",

      "answer": 2,

      "reference": "Sprüche 13:12"

    }

  ],

  "Fortgeschritten": [

    {

      "ques_id": 1,

      "question": "Wer war die Frau von Moses??",

      "option1": "Eliseba",

      "option2": "Rebekka",

      "option3": "Mariam",

      "option4": "Zipporah",

      "answer": 4

    },

    {

      "ques_id": 2,

      "question": "Wer war die zweite Frau von Abraham?",

      "option1": "Esther",

      "option2": "Keturah",

      "option3": "Hagar",

      "option4": "Lydia",

      "answer": 2

    },

    {

      "ques_id": 3,

      "question": "Wie viele Kapitel enthält die Bergpredigt?",

      "option1": "1",

      "option2": "2",

      "option3": "3",

      "option4": "7",

      "answer": 3

    },

    {

      "ques_id": 4,

      "question": "Wie oft ist Israel um Jericho marschiert?",

      "option1": "13",

      "option2": "7",

      "option3": "70",

      "option4": "12",

      "answer":1

    },

    {

      "ques_id": 5,

      "question": "Wie lang ist eine Elle?",

      "option1": "ca. 12 Zoll",

      "option2": "12 mm",

      "option3": "ca. 18 Zoll",

      "option4": "ca. 36 Zoll",

      "answer": 3

    },

    {

      "ques_id": 6,

      "question": "Wohin ging Kain, nachdem er Abel getötet hatte?",

      "option1": "Garten Eden",

      "option2": "Land von Nod",

      "option3": "Höhlen von Qumran",

      "option4": "Berg Ararat",

      "answer": 2

    },

    {

      "ques_id": 7,

      "question": "Wer war der Sohn von Kish?",

      "option1": "Noah",

      "option2": "Apostel Paulus",

      "option3": "Abraham",

      "option4": "König Saul",

      "answer": 4

    },

    {

      "ques_id": 8,

      "question": "Wo hat Rahab gelebt?",

      "option1": "Jericho",

      "option2": "Jerusalem",

      "option3": "Ninive",

      "option4": "Ai",

      "answer":1

    },

    {

      "ques_id": 9,

      "question": "Wo hat Dorcas gelebt?",

      "option1": "Bethel",

      "option2": "Joppa",

      "option3": "Kaiserschnitt",

      "option4": "Antiochia",

      "answer": 2

    },

    {

      "ques_id": 10,

      "question": "Wo ist die 'Straße namens Gerade'",

      "option1": "Jerusalem",

      "option2": "Rom",

      "option3": "Babylon",

      "option4": "Damaskus",

      "answer": 4

    },

    {

      "ques_id": 11,

      "question": "Nachdem er um sein Leben geflohen war, unter welchem ​​Baum hat Elia geschlafen",

      "option1": "Eiche",

      "option2": "Kiefer",

      "option3": "Wacholder",

      "option4": "Fichte",

      "answer": 3,

      "reference": "1 Könige 19:5"

    },

    {

      "ques_id": 12,

      "question": "Judas hat Jesus für genau wie viele Silbermünzen verraten?",

      "option1": "30",

      "option2": "20",

      "option3": "50",

      "option4": "10",

      "answer":1,

      "reference": "Matthäus 26:15"

    },

    {

      "ques_id": 13,

      "question": "Nenne Davids Vater",

      "option1": "Oman",

      "option2": "Jesse",

      "option3": "Josua",

      "option4": "Salomo",

      "answer": 2,

      "reference": "1Samuel 1:12"

    },

    {

      "ques_id": 14,

      "question": "Gott wird nicht nur in 1 Buch der Bibel erwähnt",

      "option1": "Esther",

      "option2": "Ruth",

      "option3": "Maleachi",

      "option4": "Exodus",

      "answer":1,

      "reference": "Esther"

    },

    {

      "ques_id": 15,

      "question": "Für wie viele Silberstücke wurde Josua von seinen Brüdern an die Ismaeliten verkauft",

      "option1": "50",

      "option2": "12",

      "option3": "20",

      "option4": "100",

      "answer": 3,

      "reference": "Genesis 37:28"

    },

    {

      "ques_id": 16,

      "question": "Wie viele Apostel hat Jesus erwählt",

      "option1": "12",

      "option2": "14",

      "option3": "10",

      "option4": "08",

      "answer":1,

      "reference": "Lukas 6:13"

    },

    {

      "ques_id": 17,

      "question": "Der Engel sagte zu Maria, dass Jesus über das Haus regieren würde, dessen alttestamentarischen Charakter",

      "option1": "David",

      "option2": " Jakob",

      "option3": "Abraham",

      "option4": "Moses",

      "answer": 2,

      "reference": "Lukas 1:13"

    },

    {

      "ques_id": 18,

      "question": "Welcher Prophet sagte: 'Aus Ägypten habe ich meinen Sohn gerufen'?",

      "option1": "Jeremiah",

      "option2": "Jesaja",

      "option3": "Hosea",

      "option4": "Hesekiel",

      "answer": 3,

      "reference": "Hosea 11:1"

    },

    {

      "ques_id": 19,

      "question": "Welche Baumart hat Jesus verflucht?",

      "option1": "Fig",

      "option2": "Weinberg",

      "option3": "Kiefer",

      "option4": "Eiche",

      "answer":1,

      "reference": "Markus 11:12-14"

    },

    {

      "ques_id": 20,

      "question": "Wen hat Saul gebeten, ein Medium für ihn heraufzubringen",

      "option1": "Eli",

      "option2": "Nathan",

      "option3": "Samuel",

      "option4": "David",

      "answer": 3,

      "reference": "1 Samuel 28:11"

    }

  ],

  "Profi": [

    {

      "ques_id": 1,

      "question": "Wer hat das Kreuz für Christus getragen?",

      "option1": "Philipp",

      "option2": "Simon von Cyrene",

      "option3": "Ahab",

      "option4": "Micah",

      "answer": 2

    },

    {

      "ques_id": 2,

      "question": "Wie viele Gefährten gaben die Philister Simson beim Fest in Timna?",

      "option1": "30",

      "option2": "31",

      "option3": "32",

      "option4": "33",

      "answer":1

    },

    {

      "ques_id": 3,

      "question": "Wie alt war Anna die Prophetin, als sie Jesus sah?",

      "option1": "83",

      "option2": "84",

      "option3": "88",

      "option4": "92",

      "answer": 2

    },

    {

      "ques_id": 4,

      "question": "Was hat die Königin von Saba Solomon gegeben?",

      "option1": "(124 Talente) Gold, Gewürze und Edelsteine",

      "option2": "(120 Talente) Gold, Gewürze und Edelsteine",

      "option3": "(18 Talente) Gold, Gewürze und Edelsteine",

      "option4": "(221 Talente) Gold, Gewürze und Edelsteine",

      "answer": 2

    },

    {

      "ques_id": 5,

      "question": "Wie viele Bücher gibt es im Alten Testament?",

      "option1": "37",

      "option2": "38",

      "option3": "39",

      "option4": "40",

      "answer": 3

    },

    {

      "ques_id": 6,

      "question": "In wie viele Flüsse teilte sich der Fluss in Eden, als er den Garten verließ?",

      "option1": "4",

      "option2": "3",

      "option3": "6",

      "option4": "8",

      "answer":1

    },

    {

      "ques_id": 7,

      "question": "Was wollte Joseph tun, als er entdeckte, dass Maria schwanger war?",

      "option1": "Eine Party schmeißen",

      "option2": "Lassen Sie sich von ihr scheiden",

      "option3": "Weglaufen",

      "option4": "Keines der oben genannten",

      "answer": 2

    },

    {

      "ques_id": 8,

      "question": "Welche Farbe hatte das Gewand des Hohepriesters?",

      "option1": "Blau",

      "option2": "Weiß",

      "option3": "Grün",

      "option4": "Rot",

      "answer":1

    },

    {

      "ques_id": 9,

      "question": "Was hat Naomi laut Boas verkauft?",

      "option1": "Ein Grundstück",

      "option2": "Gold",

      "option3": "Ihr Kind",

      "option4": "Essen",

      "answer":1

    },

    {

      "ques_id": 10,

      "question": "Im Gleichnis von den Schuldnern schuldete der eine 500 Denare (Pence), aber wie viel schuldete der andere",

      "option1": "70",

      "option2": "50",

      "option3": "45",

      "option4": "80",

      "answer": 2

    },

    {

      "ques_id": 11,

      "question": "Wie viel von Elias Geist hat Elisa erhalten?",

      "option1": "Klein",

      "option2": "Einzelportion",

      "option3": "Gesund",

      "option4": "Doppelte Portion",

      "answer": 4

    },

    {

      "ques_id": 12,

      "question": "Was war ungewöhnlich an den 700 benjamitischen Soldaten, die jedes Mal einen Stein schleudern und ihr Ziel treffen konnten?",

      "option1": "Sie waren alle Linkshänder",

      "option2": "Sie sahen alle gleich aus",

      "option3": "Sie hatten keine Schuhe",

      "option4": "Keines der oben genannten",

      "answer":1

    },

    {

      "ques_id": 13,

      "question": "Welche Beziehung hatte Annas zu Kaiphas?",

      "option1": "Bruder",

      "option2": "Onkel",

      "option3": "Cousins",

      "option4": "Schwiegervater",

      "answer": 4

    },

    {

      "ques_id": 14,

      "question": "Was sollte man nicht vor die Säue werfen",

      "option1": "Kieselsteine",

      "option2": "Steine",

      "option3": "Perlen",

      "option4": "Stick",

      "answer": 3

    },

    {

      "ques_id": 15,

      "question": "Zu welcher Zeit haben Paulus und Silas im Gefängnis zu Gott gebetet und gesungen?",

      "option1": "Morgen",

      "option2": "Nachmittag",

      "option3": "Abend",

      "option4": "Mitternacht",

      "answer": 4

    },

    {

      "ques_id": 16,

      "question": "Was haben Daniel und seine drei Freunde statt des Königs Speis und Trank gegessen?",

      "option1": "Brot",

      "option2": "Wein und Brot",

      "option3": "Hülsenfrüchte und Wasser",

      "option4": "Nichts",

      "answer": 3

    },

    {

      "ques_id": 17,

      "question": "Wie heißt der Cousin von Jesus, der sechs Monate vor ihm geboren wurde?",

      "option1": "John",

      "option2": "Peter",

      "option3": "Paul",

      "option4": "Michael",

      "answer":1

    },

    {

      "ques_id": 18,

      "question": "In welcher Stadt lebte König Herodes zur Zeit der Geburt Jesu?",

      "option1": "Jerusalem",

      "option2": "Rom",

      "option3": "Babylon",

      "option4": "Bethlehem",

      "answer":1

    },

    {

      "ques_id": 19,

      "question": "Wie viele Plagen hat Gott über Ägypten geschickt?",

      "option1": "4",

      "option2": "8",

      "option3": "10",

      "option4": "12",

      "answer": 3

    },

    {

      "ques_id": 20,

      "question": "Für wie viele Silberlinge hat Judas Christus verraten?",

      "option1": "20",

      "option2": "30",

      "option3": "40",

      "option4": "50",

      "answer": 2

    },

    {

      "ques_id": 21,

      "question": "Wie viele Tage ist Jesus seinen Jüngern nach seiner Auferstehung erschienen?",

      "option1": "30",

      "option2": "7",

      "option3": "40",

      "option4": "11",

      "answer": 3

    },

    {

      "ques_id": 22,

      "question": "Wie viele Kirchen Kleinasiens wurden in der Offenbarung aufgelistet?",

      "option1": "7",

      "option2": "8",

      "option3": "9",

      "option4": "10",

      "answer":1

    }

  ],

  "Genie": [

    {

      "ques_id": 1,

      "question": "Wer war der Sohn von Eleasar, der Sohn von Aaron?",

      "option1": "Putiel",

      "option2": "Korah",

      "option3": "Phinehas",

      "option4": "Izhar",

      "answer": 3

    },

    {

      "ques_id": 2,

      "question": "Wer war der Sohn von Omri, dem König von Israel?",

      "option1": "Ahab",

      "option2": "Joram",

      "option3": "Zimri",

      "option4": "Ginath",

      "answer":1

    },

    {

      "ques_id": 3,

      "question": "Wer war der Ehemann von Naomi aus dem Buch Rut?",

      "option1": "Boaz",

      "option2": "Elkana",

      "option3": "Befolgt",

      "option4": "Elimelech",

      "answer": 4

    },

    {

      "ques_id": 4,

      "question": "Wie viele Buchstaben hat der längste Name in der Bibel?",

      "option1": "16",

      "option2": "18",

      "option3": "22",

      "option4": "25",

      "answer": 2

    },

    {

      "ques_id": 5,

      "question": "Wer hat Sisera getötet?",

      "option1": "David",

      "option2": "Ahab",

      "option3": "Saul",

      "option4": "Jael",

      "answer": 4

    },

    {

      "ques_id": 6,

      "question": "Wie breit war die Arche Noah?",

      "option1": "35 Ellen",

      "option2": "50 Ellen",

      "option3": "75 Ellen",

      "option4": "90 Ellen",

      "answer": 2

    },

    {

      "ques_id": 7,

      "question": "Wie breit war die Bundeslade?",

      "option1": "1,5 Ellen",

      "option2": "2 Ellen",

      "option3": "3 Ellen",

      "option4": "1 Elle",

      "answer":1

    },

    {

      "ques_id": 8,

      "question": "Wie hieß Elisas Diener?",

      "option1": "Jehoram",

      "option2": "Shaphat",

      "option3": "Gehazi",

      "option4": "Hazael",

      "answer": 3

    },

    {

      "ques_id": 9,

      "question": "Wie hieß Pauls berühmter Lehrer?",

      "option1": "Justus",

      "option2": "Gamaliel",

      "option3": "Kaiphas",

      "option4": "Sokrates",

      "answer": 2

    },

    {

      "ques_id": 10,

      "question": "Welcher Richter Israels wurde in Bethlehem geboren?",

      "option1": "David",

      "option2": "Ibzan",

      "option3": "Deborah",

      "option4": "Gideon",

      "answer": 2

    },

    {

      "ques_id": 11,

      "question": "Als er von Jesus angesprochen wurde, der sagte: 'Was hast du mit mir zu tun, Jesus, Sohn des höchsten Gottes? Ich beschwöre dich bei Gott, quäle mich nicht'.",

      "option1": "Legion",

      "option2": "Terah",

      "option3": "Ruben",

      "option4": "Belsazar",

      "answer":1

    },

    {

      "ques_id": 12,

      "question": "Welcher Vogel ist laut Jesus mehr wert als wir?",

      "option1": "Adler",

      "option2": "Geier",

      "option3": "Spatz",

      "option4": "Taube",

      "answer": 3

    },

    {

      "ques_id": 13,

      "question": "Welche zwei Schwestern haben Jakob geheiratet?",

      "option1": "Dorcas und Leah",

      "option2": "Mariam und Rachel",

      "option3": "Rachel und Leah",

      "option4": "Sarai und Hannah",

      "answer": 3

    },

    {

      "ques_id": 14,

      "question": "In welches Land hat Gott Abraham geschickt, um seinen besonderen Sohn Isaak zu opfern?",

      "option1": "Canan",

      "option2": "Mazedonien",

      "option3": "Zypern",

      "option4": "Moriah",

      "answer": 4

    },

    {

      "ques_id": 15,

      "question": "Aus welchem ​​Psalm stammt der Vers 'Er lässt mich lagern auf grünen Weiden, er führt mich an stille Wasser'?",

      "option1": "25",

      "option2": "22",

      "option3": "30",

      "option4": "23",

      "answer": 4,

      "reference": "Psalmen 23;2"

    },

    {

      "ques_id": 16,

      "question": "Die Furcht des Herrn ist der Anfang von ........ ",

      "option1": "Wissen",

      "option2": "Weisheit",

      "option3": "Geld",

      "option4": "Liebe",

      "answer":1,

      "Hinweis": ""

    },

    {

      "ques_id": 17,

      "question": "Gegen welche Stadt hat der Herr Jona befohlen zu predigen?",

      "option1": "Jerusalem",

      "option2": "Ninive",

      "option3": "Babylon",

      "option4": "Judah",

      "answer": 2,

      "reference": "Jona 1:2"

    },

    {

      "ques_id": 18,

      "question": "Welches dieser Bücher [Philipper, Kolosser, Galater oder Epheser] steht zuerst in der Bibel",

      "option1": "Kolosser",

      "option2": "Galater",

      "option3": "Epheser",

      "option4": "Philippiner",

      "answer": 2,

      "reference": "Neues Testament, Paulusbriefe"

    },

    {

      "ques_id": 19,

      "question": "Wie viele Kapitel hat das Buch Hebräer?",

      "option1": "13",

      "option2": "15",

      "option3": "10",

      "option4": "16",

      "answer":1,

      "reference": "Hebräer 1-13"

    },

    {

      "ques_id": 20,

      "question": "Wie heißen die Sturmwinde, die Kreta treffen können?",

      "option1": "Mondsonntag",

      "option2": "Euroklydon",

      "option3": "Überlauf",

      "option4": "Keines der oben genannten",

      "answer": 2,

      "reference": "Apostelgeschichte 2:14"

    }

  ],

  "Experte": [

    {

      "ques_id": 1,

      "question": "Wer von diesen war kein König von Israel oder Juda",

      "option1": "Sanherib",

      "option2": "Jehojachim",

      "option3": "Zedekia",

      "option4": "David",

      "answer":1

    },

    {

      "ques_id": 2,

      "question": "Wer hat Samson überredet, das Geheimnis der großen Stärke zu enthüllen",

      "option1": "Dinah",

      "option2": "Ruth",

      "option3": "Delilah",

      "option4": "Martha",

      "answer": 3

    },

    {

      "ques_id": 3,

      "question": "Und dein Himmel, der über deinem Haupt ist, soll _____ sein, und die Erde, die unter dir ist, wird Eisen sein",

      "option1": "Messing",

      "option2": "Stahl",

      "option3": "Silber",

      "option4": "Gold",

      "answer":1

    },

    {

      "ques_id": 4,

      "question": "Wo kann man die Worte finden: Vertraue auf Jehova von ganzem Herzen und stütze dich nicht auf deinen eigenen Verstand",

      "option1": "Sprüche 3:5",

      "option2": "Sprüche 5:3",

      "option3": "Sprüche 35:3",

      "option4": "Sprüche 4:3",

      "answer":1

    },

    {

      "ques_id": 5,

      "question": "Welcher Jünger hat Jesus dreimal verleugnet",

      "option1": "Peter",

      "option2": "Andrew",

      "option3": "John",

      "option4": "Judas",

      "answer":1

    },

    {

      "ques_id": 6,

      "question": "Gesegnet ist des Gerechten Andenken; aber des Gottlosen Namen wird",

      "option1": "Gewinnen",

      "option2": "Rot",

      "option3": "Blüte",

      "option4": "blühen",

      "answer": 2

    },

    {

      "ques_id": 7,

      "question": "Bevor Jesus zu predigen begann, was war seine Aufgabe?",

      "option1": "Schreiner",

      "option2": "Gelehrter",

      "option3": "Arzt",

      "option4": "Lehrer",

      "answer":1

    },

    {

      "ques_id": 8,

      "question": "Zoan wurde in der Bibel als Parallele für welche Nation verwendet",

      "option1": "Ägypten",

      "option2": "Assyrien",

      "option3": "Babylon",

      "option4": "Sinai",

      "answer":1

    },

    {

      "ques_id": 9,

      "question": "Welche alttestamentliche Figur zeigte seinen Glauben, indem er bereit war, seinen Sohn auf einem Altar Gott zu opfern",

      "option1": "Noah",

      "option2": "Abraham",

      "option3": "shealtiel",

      "option4": "Moses",

      "answer": 2

    },

    {

      "ques_id": 10,

      "question":"Was haben die Matrosen des Schiffes Jonah getan, um ihre Überlebenschancen zu erhöhen",

      "option1": "Sie segelten nach Norden",

      "option2": "Ladung über Bord geworfen",

      "option3": "Gott um Vergebung angefleht",

      "option4": "Keines der oben genannten",

      "answer": 2

    },

    {

      "ques_id": 11,

      "question": "Was tat Esau, während Jakob seinen Segen stahl?",

      "option1": "Jagd",

      "option2": "Landwirtschaft",

      "option3": "Angeln",

      "option4": "Reisen",

      "answer":1

    },

    {

      "ques_id": 12,

      "question": "Wer lief schneller vom Berg Karmel nach Samaria, als Ahab seinen Streitwagen fahren konnte?",

      "option1": "Elisa",

      "option2": "Gehazi",

      "option3": "Elia",

      "option4": "Amos",

      "answer": 3

    },

    {

      "ques_id": 13,

      "question": "Was tat Gott am siebten Tag nach ?",

      "option1": "Ausgeruht",

      "option2": "Menschen erschaffen",

      "option3": "Er hat den Menschen beauftragt, sich um seine Schöpfungen zu kümmern",

      "option4": "Erstellte Vögel",

      "answer":1

    },

    {

      "ques_id": 14,

      "question": "Wer hat behauptet, dass das goldene Kalb einfach aus dem Feuer kam?",

      "option1": "Josua",

      "option2": "Aaron",

      "option3": "Miriam",

      "option4": "Debora",

      "answer": 42

    },

    {

      "ques_id": 15,

      "question": "Worum bat König Salomo, als Gott ihm im Traum erschien",

      "option1": "Langes Leben und Wissen",

      "option2": "Weisheit [um zwischen Gut und Böse zu urteilen]",

      "option3": "Reichtum",

      "option4": "Geld",

      "answer": 2

    },

    {

      "ques_id": 16,

      "question": "Ergänze das sprichwörtliche Sprichwort: Wer ist dumm, wenn Schweigen als ------- gilt?",

      "option1": "Friedlich",

      "option2": "Dumm",

      "option3": "Weise",

      "option4": "Arrogant",

      "answer": 3

    },

    {

      "ques_id": 17,

      "question": "Wie soll man das Reich Gottes empfangen?",

      "option1": "Mit versteckten Motiven",

      "option2": "Wie ein Kind",

      "option3": "Mit Stolz",

      "option4": "Über Agenten",

      "answer": 2

    },

    {

      "ques_id": 18,

      "question": "Wie hieß Abrahams erste Frau",

      "option1": "Sarah",

      "option2": "Miriam",

      "option3": "Roda",

      "option4": "Ruth",

      "answer":1

    },

    {

      "ques_id": 19,

      "question": "König Saul missachtete den Befehl Jehovas und verschonte das Leben dessen, was der amelekische König war",

      "option1": "Balak",

      "option2": "Dagon",

      "option3": "Agag",

      "option4": "Nathan",

      "answer": 3

    },

    {

      "ques_id": 20,

      "question": "Worauf wurden die Zehn Gebote geschrieben.",

      "option1": "Zwei Schriftrollen",

      "option2": "Zwei Steintafeln",

      "option3": "Die Mauern von Jericho",

      "option4": "Zwei Bücher",

      "answer":1

    }

  ],

  "Meister": [

    {

      "ques_id": 1,

      "question": "Über wen wurde berichtet, dass 'alle in ihren Herzen überlegten'; Darf er vielleicht der Christus sein?",

      "option1": "Elia",

      "option2": "John",

      "option3": "Maleachi",

      "option4": "Peter",

      "answer": 2

    },

    {

      "ques_id": 2,

      "question": "Wie heißen Josephs Eltern",

      "option1": "Jakob und Rebeka",

      "option2": "Jakob und Leah",

      "option3": "Jacob und Rachel",

      "option4": "Jakob und Ruth",

      "answer": 3

    },

    {

      "ques_id": 3,

      "question": "Welcher lebte von allen in der Bibel erwähnten Menschen am längsten?",

      "option1": "Methuselah",

      "option2": "JJared",

      "option3": "Abraham",

      "option4": "Adam",

      "answer":1

    },

    {

      "ques_id": 4,

      "question": "Was hat Jesus zu denen gesagt, die die Ehebrecherin beschuldigt haben?",

      "option1": "Siehe, es gibt keinen Gerechten",

      "option2": "Wer ohne Sünde ist, werfe zuerst einen Stein",

      "option3": "Wehe dir, der diese Frau anklagt",

      "option4": "töte sie",

      "answer": 2

    },

    {

      "ques_id": 5,

      "question": "In welche Stadt werden eines Tages alle Nationen gehen, um Gott anzubeten?",

      "option1": "Damaskus",

      "option2": "Jerusalem",

      "option3": "Cilicia",

      "option4": "Judah",

      "answer": 2

    },

    {

      "ques_id": 6,

      "question": "Welcher Nachkomme Davids wird für immer regieren",

      "option1": "Rehabeam",

      "option2": "Jesus",

      "option3": "Salomo",

      "option4": "Jerobeam",

      "answer": 2

    },

    {

      "ques_id": 7,

      "question": "Wer war Timothys fromme Mutter",

      "option1": "Lois",

      "option2": "Phoebe",

      "option3": "Eunice",

      "option4": "Magdalena",

      "answer": 3

    },

    {

      "ques_id": 8,

      "question": "Warum wandte sich König Salomo im Alter von Gott ab",

      "option1": "Seine fremden Frauen wandten sein Herz anderen Göttern zu",

      "option2": "Er wurde stolz",

      "option3": "Er liebte Frauen mehr als Gott",

      "option4": "Er verehrte Götzen",

      "answer":1

    },

    {

      "ques_id": 9,

      "question": "Wer floh sicherheitshalber in das Zelt Jehovas, wurde dort aber trotzdem getötet?",

      "option1": "Joab",

      "option2": "Saul",

      "option3": "Ammon",

      "option4": "Esau",

      "answer":1

    },

    {

      "ques_id": 10,

      "question": "Welcher König träumte von einer großen Statue eines Mannes aus verschiedenen Metallen",

      "option1": "Ahab",

      "option2": "David",

      "option3": "malach",

      "option4": "Nebukadnezar",

      "answer": 4

    },

    {

      "ques_id": 11,

      "question": "Wo ist der 'beste Platz zum Beten'?",

      "option1": "In deinem Schrank bei geschlossener Tür",

      "option2": "In der Kirche",

      "option3": "An einem ruhigen Ort",

      "option4": "Unterwegs",

      "answer":1

    },

    {

      "ques_id": 12,

      "question": "Wo kann man die Worte finden: Vertraue auf Jehova von ganzem Herzen und stütze dich nicht auf deinen eigenen Verstand?",

      "option1": "Sprüche 3:5",

      "option2": "Sprüche 35:3",

      "option3": "Sprüche 5:3",

      "option4": "Sprüche 6:4",

      "answer":1

    },

    {

      "ques_id": 13,

      "question": "Als Jesus in deiner Wildnis war, was war er versucht, in Brotlaibe zu verwandeln?",

      "option1": "Hügel",

      "option2": "Felsen",

      "option3": "Steine",

      "option4": "Boden",

      "answer": 3

    },

    {

      "ques_id": 14,

      "question": "Was war das Besondere an Ehud [einem Richter über Israel, der Elgon, den König von Moab, tötete",

      "option1": "Er war sehr jung",

      "option2": "Er war Linkshänder",

      "option3": "Er war blind",

      "option4": "Er war sehr alt",

      "answer": 2

    },

    {

      "ques_id": 15,

      "question": "Was geschah mit der Stadt Jericho, nachdem der Priester ihre Trompeten blies",

      "option1": "Die Menschen sind in ein anderes Land geflohen",

      "option2": "Die Tiere starben",

      "option3": "Mauern fielen ein",

      "option4": "Personen migriert",

      "answer": 3

    },

    {

      "ques_id": 16,

      "question": "Was war nach Johannes 1:1 im Anfang bei Gott",

      "option1": "Das Wort",

      "option2": "Ein Engel",

      "option3": "Jesus",

      "option4": "John",

      "answer":1

    },

    {

      "ques_id": 17,

      "question": "Wie viele Psalmen sind im Buch der Psalmen?",

      "option1": "150",

      "option2": "170",

      "option3": "120",

      "option4": "190",

      "answer":1

    },

    {

      "ques_id": 18,

      "question": "Nicht jeder, der zu mir sagt 'Herr, Herr', wird in das Himmelreich eingehen. Wer wird dann in sein Reich eingehen",

      "option1": "Wer den Willen Gottes tut",

      "option2": "Wer Wunder tut",

      "option3": "Wer sich taufen lässt",

      "option4": "Wer das Wort Gottes predigt",

      "answer":1

    },

    {

      "ques_id": 19,

      "question": "Wer war der erste König der 10 Stämme Israels?",

      "option1": "Jerobeam",

      "option2": "Rehoboth",

      "option3": "Joab",

      "option4": "Rehabeam",

      "answer":1

    },

    {

      "ques_id": 20,

      "question": "Laut Jeremia, wie viele Jahre sollte die Nation Israel unter dem König von Babylon gefangen bleiben?",

      "option1": "120 Jahre",

      "option2": "40 Jahre",

      "option3": "70 Jahre",

      "option4": "80 Jahre",

      "answer": 3

    }

  ],

  "Großmeister": [

    {

      "ques_id": 1,

      "question": "In welchem ​​Fluss sollte Naaman sich waschen, um sich von Lepra zu befreien?",

      "option1": "Nil",

      "option2": "Jordanien",

      "option3": "Galiläa",

      "option4": "Die Bibel sagt nichts",

      "answer": 2

    },

    {

      "ques_id": 2,

      "question": "Wer war der Vater von Rehabeam?",

      "option1": "David",

      "option2": "Nimrod",

      "option3": "Abimelech",

      "option4": "Salomo",

      "answer": 4

    },

    {

      "ques_id": 3,

      "question": "Wie lange regierte David als König?",

      "option1": "Dreißig Jahre",

      "option2": "Vierzig Jahre",

      "option3": "Fünfundzwanzig Jahre",

      "option4": "Achtzig Jahre",

      "answer": 2

    },

    {

      "ques_id": 4,

      "question": "In Jesu Erklärung des Gleichnisses vom Sämann. was wird durch den Samen dargestellt",

      "option1": "Glaube",

      "option2": "Das Wort Gottes",

      "option3": "Jesus",

      "option4": "Liebe",

      "answer": 2

    },

    {

      "ques_id": 5,

      "question": "Welche Pflanze ist 'der kleinste aller Samen, aber wenn sie gewachsen ist, ist sie die größte unter den Kräutern?",

      "option1": "Olive",

      "option2": "Senf",

      "option3": "Eiche",

      "option4": "Traube",

      "answer": 2

    },

    {

      "ques_id": 6,

      "question": "Wie hieß der Bruder von Moses?",

      "option1": "Alphaeus",

      "option2": "John",

      "option3": "Aaron",

      "option4": "Josua",

      "answer": 3

    },

    {

      "ques_id": 7,

      "question": "Aus welchem ​​Teil von Adams Körper hat Gott Eva erschaffen?",

      "option1": "Herz",

      "option2": "Gehirn",

      "option3": "Rippe",

      "option4": "Kopf",

      "answer": 3

    },

    {

      "ques_id": 8,

      "question": "Zacharias und Elizabeth wurde von einem Engel gesagt, dass sie einen Sohn haben würden, wie er heißen sollte'",

      "option1": "Elia",

      "option2": "Jesus",

      "option3": "John",

      "option4": "James",

      "answer": 3

    },

    {

      "ques_id": 9,

      "question": "Welches bedeutende Ereignis ist in Genesis Kapitel 1 und 2 aufgezeichnet",

      "option1": "Transport",

      "option2": "Erstellung",

      "option3": "Reinigung",

      "option4": "Opfer",

      "answer": 2

    },

    {

      "ques_id": 10,

      "question": "Was war die Beziehung zwischen Moses und Korah",

      "option1": "Sie waren beide vom Stamm Juda",

      "option2": "Sie waren Brüder",

      "option3": "Sie waren Cousins",

      "option4": "Sie waren Freunde",

      "answer": 3

    },

    {

      "ques_id": 11,

      "question": "Wie hat Noomi den Leuten in Bethlehem gesagt, sie sollen sie nennen",

      "option1": "Mara",

      "option2": "Nama",

      "option3": "Bathseba",

      "option4": "Maria",

      "answer":1

    },

    {

      "ques_id": 12,

      "question": "Nennen Sie das jüdische Mädchen, das einen persischen König geheiratet hat?",

      "option1": "Naomi",

      "option2": "Deborah",

      "option3": "Esther",

      "option4": "Jude",

      "answer": 3

    },

    {

      "ques_id": 13,

      "question": "Was symbolisieren die sieben goldenen Leuchter aus Offenbarung 1:20?",

      "option1": "Sieben Gemeinde",

      "option2": "Sieben Engel",

      "option3": "Sieben Könige",

      "option4": "Sieben Personen",

      "answer":1

    },

    {

      "ques_id": 14,

      "question": "Wo sind die folgenden Worte zu finden: 'aber Gott hat die törichten Dinge der Welt erwählt, um die Weisen zu beschämen?",

      "option1": "Handlungen",

      "option2": "Römer",

      "option3": "1 Korinther",

      "option4": "John",

      "answer": 3

    },

    {

      "ques_id": 15,

      "question": "Was ist an Jakobs Zwillingsbruder Esau bei der Geburt aufgefallen",

      "option1": "Er hatte tiefe, intensive Augen",

      "option2": "Er war sehr gutaussehend",

      "option3": "Er war rot und behaart",

      "option4": "Er war sehr schwarz",

      "answer": 3

    },

    {

      "ques_id": 16,

      "question": ",Wer hat Simsons Haare abgeschnitten?",

      "option1": "Sein Erzfeind, der Hulk",

      "option2": "Delilah",

      "option3": "Ein anderer Mann",

      "option4": "Seine Freunde",

      "answer": 2

    },

    {

      "ques_id": 17,

      "question": "Wer schrieb die Bücher des 1. und 2. Königs?",

      "option1": "Elia",

      "option2": "Jeremiah",

      "option3": "Gad",

      "option4": "Nathan",

      "answer": 2

    },

    {

      "ques_id": 18,

      "question": "Welches der Evangelien erscheint zuletzt in der Bibel",

      "option1": "Nikodemus",

      "option2": "John",

      "option3": "Andrews",

      "option4": "Markieren",

      "answer": 2

    },

    {

      "ques_id": 19,

      "question": "Was ist mit jemandem passiert, dessen Name nicht im Buch des Lebens geschrieben gefunden wurde?",

      "option1": "Sie wurden für unwürdig erklärt",

      "option2": "Sie sind umgekommen",

      "option3": "Sie starben",

      "option4": "Sie wurden in den Feuersee geworfen",

      "answer": 4

    },

    {

      "ques_id": 20,

      "question": "Wer war der stärkste Mann, der je gelebt hat?",

      "option1": "Goliath",

      "option2": "Samson",

      "option3": "Jesus",

      "option4": "Agag",

      "answer": 2

    }

  ],

  "Legende": [

    {

      "ques_id": 1,

      "question": "Das Buch Genesis beginnt mit dem hebräischen Wort 'bereshit', was ist die Übersetzung dieses Wortes ins Englische",

      "option1": "Am Anfang",

      "option2": "Es werde Licht",

      "option3": "Als noch nichts war",

      "option4": "Der Herrgott sagte",

      "answer":1,

      "reference": "Gn 1:1"

    },

    {

      "ques_id": 2,

      "question": "Nachdem er den Mann in einen tiefen Schlaf versetzt hatte, was hat der Herrgott von ihm genommen, um ihn in eine Frau zu bauen",

      "option1": "Ein Zahn",

      "option2": "Ein Fingernagel",

      "option3": "Eine Rippe",

      "option4": "Eine Haarsträhne",

      "answer": 3,

      "reference": "Gn 1:2"

    },

    {

      "ques_id": 3,

      "question": "Was hat der Herrgott zuerst gesegnet mit den Worten 'Seid fruchtbar und vermehrt euch'?",

      "option1": "Der erste Mann und die erste Frau",

      "option2": "Die Meeresbewohner und Vögel",

      "option3": "Die Pflanzen",

      "option4": "Die Landtiere",

      "answer":1,

      "reference":"Gn 1:22"

    },

    {

      "ques_id": 4,

      "question": "Wer war der Engel des Herrn, der Maria verkündete, dass sie schwanger werden und einen Sohn gebären würde?",

      "option1": "Gabriel",

      "option2": "Michael",

      "option3": "Raphael",

      "option4": "Siegel",

      "answer":1,

      "reference":"Lk 1:31"

    },

    {

      "ques_id": 5,

      "question": "Wie heißt die Mutter von Johannes dem Täufer?",

      "option1": "Salome von Zebedäus",

      "option2": "Elisabeth von Zacharias",

      "option3": "Maria von Kleofas",

      "option4": "Herodias von Philip",

      "answer": 2,

      "reference":"Lk 1:5-6"

    },

    {

      "ques_id": 6,

      "question": "Wer wurde zu Beginn der Auferstehungserzählung im Johannesevangelium erwähnt, als er am frühen Morgen zum Grab Jesu ging und sah, wie der Stein entfernt wurde?",

      "option1": "Maria von Magdala",

      "option2": "Johannes",

      "option3": "Martha",

      "option4": "Ein Engel",

      "answer":1,

      "reference": "Johannes 20:1"

    },

    {

      "ques_id": 7,

      "question": "In der Auferstehungserzählung im Johannesevangelium verwechselte sie Maria Magdalena, als der auferstandene Herr zum ersten Mal erschien, mit wem?",

      "option1": "Der Gefängniswärter",

      "option2": "Der Hauptmann",

      "option3": "Der Sortierer",

      "option4": "Ein Engel",

      "answer": 3,

      "reference": "Joh 20:15"

    },

    {

      "ques_id": 8,

      "question": "Wie viele Sätze von 14 Generationen wurden in der Genealogie Jesu im Matthäusevangelium erwähnt",

      "option1": "Fünf",

      "option2": "Eine Punktzahl",

      "option3": "Drei",

      "option4": "Ein Dutzend",

      "answer": 3,

      "reference": "Johannes 20:15"



    },

    {

      "ques_id": 9,

      "question": "Im Propheten Jesaja heißt es, dass der Junge, der von der Jungfrau geboren werden soll, diesen Namen erhalten soll, der Gott - mit uns bedeutet?",

      "option1": "Jesus",

      "option2": "John",

      "option3": "Emmanuel",

      "option4": "Christus,",

      "answer": 3,

      "reference":"Mt 1 :23"

    },

    {

      "ques_id": 10,

      "question": "In der Geneologie von Jesus, die im Matthäusevangelium angegeben ist, begann die erste Gruppe von 14 Generationen, die mit Abraham erwähnt wurde, und endete mit wem?",

      "option1": "David",

      "option2": "Moses",

      "option3": "Jakob",

      "option4": "Jesse",

      "answer":1,

      "reference":"Mt 1:1-6"

    },

    {

      "ques_id": 11,

      "question": "'Weil sie aus seinem Fleisch genommen wurde', wie nannte der erste Mann die erste Frau?",

      "option1": "Adama",

      "option2": "Eva",

      "option3": "Frau",

      "option4": "Ehefrau",

      "answer": 2,

      "reference":"Gen 1:23"

    },

    {

      "ques_id": 12,

      "question": "Was hat der Herrgott allen Tieren des Landes und allen Vögeln der Luft als Nahrung gegeben?",

      "option1": "Die grünen Pflanzen",

      "option2": "Samentragende Pflanzen",

      "option3": "Samentragende Obstbäume",

      "option4": "Alles Essbare",

      "answer":1,

      "reference":"Gn 1:30"

    },

    {

      "ques_id": 13,

      "question": "An welchem ​​Tag der Schöpfung hat Gott die Sonne und den Mond erschaffen?",

      "option1": "Zuerst",

      "option2": "Zweite",

      "option3": "Dritter",

      "option4": "Vierte",

      "answer": 4,

      "reference":"Gen 1:26-31"

    },

    {

      "ques_id": 14,

      "question": "Wie alt war David, als er zum König von Israel gesalbt wurde?",

      "option1": "50",

      "option2": "20",

      "option3": "35",

      "option4": "30",

      "answer": 4,

      "reference":"2Samuel 5:4"

    },

    {

      "ques_id": 15,

      "question": "Wer außer den Weisen kam noch, um Jesus zu besuchen, als er ein kleines Kind war.",

      "option1": "Bogenschützen",

      "option2": "Hirten",

      "option3": "Jäger",

      "option4": "Bauern",

      "answer": 2

    },

    {

      "ques_id": 16,

      "question": "Wie groß war Goliath?",

      "option1": "6 Ellen und eine Spanne",

      "option2": " 8 Ellen",

      "option3": "10 Ellen und eine Spanne",

      "option4": "12 Ellen",

      "answer":1,

      "reference":"1 Samuel 1:4"

    },

    {

      "ques_id": 17,

      "question": "Was sagte Paulus, war die Erfüllung des Gesetzes?",

      "option1": "Glaube",

      "option2": "Gebet",

      "option3": "Liebe",

      "option4": "Ehe",

      "answer": 3,

      "reference":"Römer 13:10"

    },

    {

      "ques_id": 18,

      "question": "Was ist das kürzeste Kapitel in der Bibel",

      "option1": "Psalmen 117",

      "option2": "Psalmen 18",

      "option3": "Markiere 10",

      "option4": "Johannes 4",

      "answer":1,

      "reference":"Psalmen 117"

    },

    {

      "ques_id": 19,

      "question": "Wer hat gesagt, 'Silber und Gold habe ich nicht; aber was ich habe, gebe ich dir'?",

      "option1": "Paul",

      "option2": "James",

      "option3": "Peter",

      "option4": "Timotheus",

      "answer": 3,

      "reference":"Apostelgeschichte 3:6"

    },

    {

      "ques_id": 20,

      "question": "Wie alt war Moses [Jahre] zum Zeitpunkt seines Ablebens",

      "option1": "120",

      "option2": "100",

      "option3": "150",

      "option4": "80",

      "answer":1,

      "reference":"Deuteronomium 34:7"

    }

  ],

  "Außerirdisch": [

    {

      "ques_id": 1,

      "question": "Wer war die älteste in der Bibel verzeichnete Person?",

      "option1": "Methuselah",

      "option2": "Adam",

      "option3": "Abraham",

      "option4": "Salomo",

      "answer":1,

      "reference":"Genesis 5:27"

    },

    {

      "ques_id": 2,

      "question": "Wie alt war die älteste in der Bibel erwähnte Person?",

      "option1": "120",

      "option2": "500",

      "option3": "800",

      "option4": "969",

      "answer": 4,

      "reference":"Genesis 5:27"

    },

    {

      "ques_id": 3,

      "question": "Was bedeutet Jahwe-Schammmah?",

      "option1": "Gott mit uns",

      "option2": "Gott selbst",

      "option3": "Jesus Sohn Gottes",

      "option4": "Ewiges Leben",

      "answer": 2,

      "reference":"Hesekiel 48:35"

    },

    {

      "ques_id": 4,

      "question": "Wie viele weitere Jahre hat Gott dem Leben von König Hiskia als antwort auf das Gebet des sterbenden Königs hinzugefügt?",

      "option1": "20",

      "option2": "50",

      "option3": "15",

      "option4": "100",

      "answer": 3,

      "reference":"2 Kings 20:6"

    },

    {

      "ques_id": 5,

      "question": "Welche Propheten des Herrn befragte König Josiah von Juda?",

      "option1": "Amos",

      "option2": "Elia",

      "option3": "Elisa",

      "option4": "Hulda",

      "answer": 4,

      "reference": "2 Könige 22:14-16"

    },

    {

      "ques_id": 6,

      "question": "Welche Zeremonie hat König Josiah wieder eingeführt, die von keinem der vorherigen Könige von Israel oder Juda gefeiert wurde??",

      "option1": "Pessach",

      "option2": "Opferritual",

      "option3": "anbeten",

      "option4": "Beschneidung",

      "answer":1,

      "reference":"2 Kings 23:21"

    },

    {

      "ques_id": 7,

      "question": "Von welchem ​​Stamm Israels war König Saul?",

      "option1": "Juda",

      "option2": "Benjamin",

      "option3": "Amoniten",

      "option4": "Israel",

      "answer": 2,

      "reference":"1 Samuel 9:21"

    },

    {

      "ques_id": 8,

      "question": "Welches Opfer brachte Samuel dem Herrn bei der Rückkehr der Bundeslade nach Israel dar?",

      "option1": "A-he Ziege",

      "option2": "Menschenopfer",

      "option3": "Er hat Gartenernten geopfert",

      "option4": "Säuglingslamm",

      "answer": 4,

      "reference":"1 Samuel 7:9"

    },

    {

      "ques_id": 9,

      "question": "Wie hieß die Frau von König Saul?",

      "option1": "Debora",

      "option2": "Name",

      "option3": "Ahinoam",

      "option4": "Ruth",

      "answer": 3,

      "reference":"1 Samuel 14:50"

    },

    {

      "ques_id": 10,

      "question": "Was braucht jemand, um Gottes Wort zu verstehen?",

      "option1": "Wissen",

      "option2": "Heiliger Geist",

      "option3": "Weisheit",

      "option4": "Gebete",

      "answer": 2,

      "reference":"1. Korinther 2:11"

    },

    {

      "ques_id": 11,

      "question": "Wer hat Paulus gesagt, hat ihn gerichtet?",

      "option1": "Gott",

      "option2": "Terah",

      "option3": "Ruben",

      "option4": "Belsazar",

      "answer":1,

      "reference": "1 Korinther 4:4"

    },

    {

      "ques_id": 12,

      "question": "Am Pfingsttag kam vom Himmel ein Rauschen____?",

      "option1": "Donner",

      "option2": "Regen",

      "option3": "Wind",

      "option4": "lautes Geräusch",

      "answer": 3,

      "reference":"Apostelgeschichte 2:2"

    },

    {

      "ques_id": 13,

      "question": "Wer hat angeboten, Geld für die Macht zu zahlen, den Heiligen Geist zu geben?",

      "option1": "John",

      "option2": "Zacharias",

      "option3": "Simon",

      "option4": "Herodes",

      "answer": 3,

      "reference":"Apostelgeschichte 8"

    },

    {

      "ques_id": 14,

      "question": "Als Jesus Wasser in Wein verwandelte, verwandelte er Wasser, das in Steinkrügen war. Wofür wurden diese Steinkrüge normalerweise verwendet?",

      "option1": "Taufen",

      "option2": "Reinigung",

      "option3": "Handel",

      "option4": "Zeremonielles Waschen",

      "answer": 4,

      "reference":"Johannes 2:6"

    },

    {

      "ques_id": 15,

      "question": "Wer war Nimrods Vater?",

      "option1": "Andrew",

      "option2": "Josua",

      "option3": "Samson",

      "option4": "Cush",

      "answer": 4,

      "reference":"1 Chronicles 1:10"

    },

    {

      "ques_id": 16,

      "question": "Wie hießen die beiden Söhne Abrahams (in der Reihenfolge ihrer Geburt)?",

      "option1": "Isaak und Jakob",

      "option2": "Ismael und Isaak",

      "option3": "Josef und Jakob",

      "option4": "Kain und Isaak",

      "answer": 2,

      "reference": "Genesis 16:1-16, 1 Chronik 1:28"

    },

    {

      "ques_id": 17,

      "question": "Wie hießen die drei Söhne Noahs in der Reihenfolge der biblischen Listen, in denen sie stehen?",

      "option1": "Schinken, Joseph, Japhet",

      "option2": "Japhet, Schinken, Isaak",

      "option3": "Shem, Ham und Japhet",

      "option4": "Shem, Ham, Joseph",

      "answer": 3,

      "reference":"Genesis 9:18-19, 1 Chronik 1:4"

    },

    {

      "ques_id": 18,

      "question": "Der Herr änderte Abrahams Namen in Abraham, als er 99 Jahre alt war. Wie hieß er davor?",

      "option1": "Adam",

      "option2": "Abram",

      "option3": "Alpha",

      "option4": "Agag",

      "answer": 2,

      "reference": "Genesis 17:1-5"

    },

    {

      "ques_id": 19,

      "question": "Wie alt war Abraham, als Isaak geboren wurde?",

      "option1": "103",

      "option2": "90",

      "option3": "100",

      "option4": "50",

      "answer": 3,

      "reference": "Genesis 21:5"

    },

    {

      "ques_id": 20,

      "question": "Wie viele Bücher in der Bibel haben das Wort 'Johannes' im Titel?",

      "option1": "4",

      "option2": "3",

      "option3": "1",

      "option4": "5",

      "answer":1,

      "reference": "John"

    }

  ]

}