{
  "Почетник": [
    {
      "ques_id": 1,
      "question": "Ко је први човек који је икада живео?",
      "option1": "Метузалем",
      "option2": "Абрахам",
      "option3": "Мојсије",
      "option4": "Адам",
      "answer": 4
    },
    {
      "ques_id": 2,
      "question": "Кога је прогутала веома велика риба?",
      "option1": "Исусе",
      "option2": "Јона",
      "option3": "Самсон",
      "option4": "Петар",
      "answer": 2
    },
    {
      "ques_id": 3,
      "question": "Ко је особа коју је Бог користио да изведе Израелце из Египта",
      "option1": "Арон",
      "option2": "Абрахам",
      "option3": "Мојсије",
      "option4": "Јеремија",
      "answer": 3
    },
    {
      "ques_id": 4,
      "question": "Ко је била особа која је убила Голијата",
      "option1": "Давид",
      "option2": "Саул",
      "option3": "Соломон",
      "option4": "Јонатхан",
      "answer": 1
    },
    {
      "ques_id": 5,
      "question": "Ко је био први краљ Израела?",
      "option1": "Давид",
      "option2": "Саул",
      "option3": "Соломон",
      "option4": "Мојсије",
      "answer": 2
    },
    {
      "ques_id": 6,
      "question": "Којим се занимањем Исус бавио пре своје службе",
      "option1": "Израђивач играчака",
      "option2": "Рибар",
      "option3": "Чувар винограда",
      "option4": "Столар",
      "answer": 4
    },
    {
      "ques_id": 7,
      "question": "Како се зове град у коме је Исус рођен?",
      "option1": "Јерусалим",
      "option2": "Витлејем",
      "option3": "Галилеја",
      "option4": "Назарет",
      "answer": 2
    },
    {
      "ques_id": 8,
      "question": "Како се зове море којим је Исус ходао",
      "option1": "Галилејско море",
      "option2": "Мртво море",
      "option3": "Прочитај море",
      "option4": "Средоземно море",
      "answer": 1
    },
    {
      "ques_id": 9,
      "question": "Како се зове река у којој је Јован Крститељ крштавао народ?",
      "option1": "Еуфрат",
      "option2": "Нил",
      "option3": "Јордан",
      "option4": "Тигрис",
      "answer": 3
    },
    {
      "ques_id": 10,
      "question": "Како се зове Андријин брат? (Обојица су били ученици)",
      "option1": "Петар",
      "option2": "Јован",
      "option3": "Џејмс",
      "option4": "Адам",
      "answer": 1
    },
    {
      "ques_id": 11,
      "question": "Како се звала Исусова мајка?",
      "option1": "Марија",
      "option2": "Марта",
      "option3": "Зиппорах",
      "option4": "Сара",
      "answer": 1
    },
    {
      "ques_id": 12,
      "question": "Како се звала башта у којој су живели Адам и Ева?",
      "option1": "Земља нода",
      "option2": "Рајски врт",
      "option3": "Витлејем",
      "option4": "Башта долине",
      "answer": 2
    },
    {
      "ques_id": 13,
      "question": "Којом храном је Исус нахранио 5.000 људи",
      "option1": "Вино",
      "option2": "Хлеб и вино",
      "option3": "Хлеб и риба",
      "option4": "Вода",
      "answer": 3
    },
    {
      "ques_id": 14,
      "question": "Којим су методом Римљани убили Исуса?",
      "option1": "Стонед",
      "option2": "Кремација",
      "option3": "Распеће",
      "option4": "Обешен",
      "answer": 3
    },
    {
      "ques_id": 15,
      "question": "Колико корпи је остало од храњења 5000?",
      "option1": "7",
      "option2": "8",
      "option3": "10",
      "option4": "12",
      "answer": 1,
      "8888": "Матеј 15:13"
    },
    {
      "ques_id": 16,
      "question": "Који је ученик нашао новчић у устима рибе?",
      "option1": "Андрија",
      "option2": "Павле",
      "option3": "Петар",
      "option4": "Тимотеј",
      "answer": 3,
      "8888": "Матеј 1:24-27"
    },
    {
      "ques_id": 17,
      "question": "У којој књизи Библије читамо о Хаману",
      "option1": "Егзодус",
      "option2": "Естер",
      "option3": "Рут",
      "option4": "Малахија",
      "answer": 2,
      "8888": "Естер 3"
    },
    {
      "ques_id": 18,
      "question": "Именујте жену краља Агрипе, пред којом је Павле стајао на суђењу",
      "option1": "Бернис",
      "option2": "Ирод",
      "option3": "Агаг",
      "option4": "Кајафа",
      "answer": 1,
      "8888": "Дела 25:23"
    },
    {
      "ques_id": 19,
      "question": "Колико је Енох постао стар",
      "option1": "400",
      "option2": "350",
      "option3": "230",
      "option4": "365",
      "answer": 4,
      "8888": "Постанак 5:23"
    },
    {
      "ques_id": 20,
      "question": "Колико је још година Бог додао животу краља Језекије као одговор на молитву умирућих краљева?",
      "option1": "20",
      "option2": "15",
      "option3": "100",
      "option4": "50",
      "answer": 2,
      "8888": "Друга Краљева 20:6"
    }
  ],
  "Ентузијаста": [
    {
      "ques_id": 1,
      "question": "Ко је био Исаков отац?",
      "option1": "Абрахам",
      "option2": "Јаков",
      "option3": "Исав",
      "option4": "Пелек",
      "answer": 1
    },
    {
      "ques_id": 2,
      "question": "Ко је био Ровоамов отац?",
      "option1": "Давид",
      "option2": "Нимрод",
      "option3": "Абимелек",
      "option4": "Соломон",
      "answer": 4
    },
    {
      "ques_id": 3,
      "question": "Ко је био Метузалемов отац?",
      "option1": "Илија",
      "option2": "Еноцк",
      "option3": "Сет",
      "option4": "Џаред",
      "answer": 2
    },
    {
      "ques_id": 4,
      "question": "Ко је убио Јована Крститеља?",
      "option1": "Цезар",
      "option2": "Пилат",
      "option3": "Херолд",
      "option4": "Кајафа",
      "answer": 3
    },
    {
      "ques_id": 5,
      "question": "Ко је први убијен зато што је веровао у Христа?",
      "option1": "Петар",
      "option2": "Јован",
      "option3": "Барнава",
      "option4": "Стефан",
      "answer": 4
    },
    {
      "ques_id": 6,
      "question": "Где је Савле ишао када је видео Исуса?",
      "option1": "Дамаск",
      "option2": "Грчка",
      "option3": "Рим",
      "option4": "Јерусалим",
      "answer": 1
    },
    {
      "ques_id": 7,
      "question": "Где је Исус провео већину свог живота на земљи?",
      "option1": "Јерусалим",
      "option2": "Назарет",
      "option3": "Маслинска гора",
      "option4": "Египат",
      "answer": 2
    },
    {
      "ques_id": 8,
      "question": "Шта псалам почиње, Господ је пастир мој?",
      "option1": "Псалам 91",
      "option2": "Псалам 1",
      "option3": "Псалам 104",
      "option4": "Псалам 23",
      "answer": 4
    },
    {
      "ques_id": 9,
      "question": "Чиме се Павле бавио док је путовао као мисионар?",
      "option1": "Пастир",
      "option2": "Продавац љубичасте",
      "option3": "Израђивач шатора",
      "option4": "Скриб",
      "answer": 3
    },
    {
      "ques_id": 10,
      "question": "Како се зове острво на коме је Варнава живео?",
      "option1": "Грчка",
      "option2": "Кипар",
      "option3": "Рходес",
      "option4": "Ускршње острво",
      "answer": 2
    },
    {
      "ques_id": 11,
      "question": "Када му је пришао Исус, који је рекао: \"Шта имаш са мном, Исусе, Сине Бога Свевишњег? Заклињем те Богом, не мучи ме\".?",
      "option1": "Легија",
      "option2": "Терах",
      "option3": "Рубен",
      "option4": "Валтазар",
      "answer": 1
    },
    {
      "ques_id": 12,
      "question": "Од које птице Исус каже да имамо већу вредност?",
      "option1": "Орао",
      "option2": "Лешинар",
      "option3": "Врапац",
      "option4": "Голуб",
      "answer": 3
    },
    {
      "ques_id": 13,
      "question": "Које две сестре су се удале за Јакова?",
      "option1": "Доркас и Лија",
      "option2": "Маријам и Рејчел",
      "option3": "Рејчел и Лија",
      "option4": "Сара и Хана",
      "answer": 3
    },
    {
      "ques_id": 14,
      "question": "У коју земљу је Бог послао Аврахама да жртвује свог посебног сина Исака?",
      "option1": "Канан",
      "option2": "Македонија",
      "option3": "Кипар",
      "option4": "Морија",
      "answer": 4
    },
    {
      "ques_id": 15,
      "question": "Коју је пророчицу Господњу консултовао, краљ Јудеји Јосија",
      "option1": "Дебора",
      "option2": "Хулдах",
      "option3": "Наом",
      "option4": "Рут",
      "answer": 2,
      "8888": "2. Краљевима 22:12-16"
    },
    {
      "ques_id": 16,
      "question": "Назовите Самуеловог прворођеног сина?",
      "option1": "Јошуа",
      "option2": "Јоел",
      "option3": "Јонатхан",
      "option4": "Јозиф",
      "answer": 2,
      "8888": "1 Самуилова 8:2"
    },
    {
      "ques_id": 17,
      "question": "Како се звала жена краља Саула?",
      "option1": "Боам",
      "option2": "Милост",
      "option3": "Ахиноам",
      "option4": "Ноам",
      "answer": 3,
      "8888": "1 Самуилова 14:50"
    },
    {
      "ques_id": 18,
      "question": "Шта је потребно да би неко разумео Божју реч?",
      "option1": "Молитва",
      "option2": "Љубав",
      "option3": "Свети дух",
      "option4": "Анђели",
      "answer": 3,
      "8888": "1. Коринћанима 2:11"
    },
    {
      "ques_id": 19,
      "question": "Ко је Павле рекао да му је судио?",
      "option1": "Сотона",
      "option2": "Бог",
      "option3": "Пријатељ",
      "option4": "Петар",
      "answer": 2,
      "8888": "1. Коринћанима 4:4"
    },
    {
      "ques_id": 20,
      "question": "________ одложено чини срце болесним?",
      "option1": "Поверење",
      "option2": "Нада",
      "option3": "Љубав",
      "option4": "Молитве",
      "answer": 2,
      "8888": "Приче 13:12"
    }
  ],
  "Средњи": [
    {
      "ques_id": 1,
      "question": "Ко је била Мојсијева жена??",
      "option1": "Елишеба",
      "option2": "Ребека",
      "option3": "Мариам",
      "option4": "Зиппорах",
      "answer": 4
    },
    {
      "ques_id": 2,
      "question": "Ко је била друга Аврахамова жена?",
      "option1": "Естер",
      "option2": "Кетурах",
      "option3": "Хагар",
      "option4": "Лидија",
      "answer": 2
    },
    {
      "ques_id": 3,
      "question": "Колико поглавља садржи Беседа на гори?",
      "option1": "1",
      "option2": "2",
      "option3": "3",
      "option4": "7",
      "answer": 3
    },
    {
      "ques_id": 4,
      "question": "Колико је пута Израел марширао око Јерихона?",
      "option1": "13",
      "option2": "7",
      "option3": "70",
      "option4": "12",
      "answer": 1
    },
    {
      "ques_id": 5,
      "question": "Колико је дугачак лакат?",
      "option1": "приближно 12 инча",
      "option2": "12мм",
      "option3": "приближно 18 инча",
      "option4": "приближно 36 инча",
      "answer": 3
    },
    {
      "ques_id": 6,
      "question": "Где је Кајин отишао након што је убио Авеља?",
      "option1": "Еденски врт",
      "option2": "Земља нода",
      "option3": "Кумранске пећине",
      "option4": "Мт. Арарат",
      "answer": 2
    },
    {
      "ques_id": 7,
      "question": "Ко је био Кишов син?",
      "option1": "Ноа",
      "option2": "Апостол Павле",
      "option3": "Абрахам",
      "option4": "Краљ Саул",
      "answer": 4
    },
    {
      "ques_id": 8,
      "question": "Где је Рахаб живела?",
      "option1": "Јерицхо",
      "option2": "Јерусалим",
      "option3": "Нинива",
      "option4": "Аи",
      "answer": 1
    },
    {
      "ques_id": 9,
      "question": "Где је живела Доркас?",
      "option1": "Бетел",
      "option2": "Јопа",
      "option3": "Цесареа",
      "option4": "Антиохија",
      "answer": 2
    },
    {
      "ques_id": 10,
      "question": "Где је \"Улица која се зове Права\"",
      "option1": "Јерусалим",
      "option2": "Рим",
      "option3": "Вавилон",
      "option4": "Дамаск",
      "answer": 4
    },
    {
      "ques_id": 11,
      "question": "Пошто је побегао за живот, под којим дрветом је Илија спавао",
      "option1": "Храст",
      "option2": "бор",
      "option3": "Јунипер",
      "option4": "Смрека",
      "answer": 3,
      "8888": "1. Краљевима 19:5"
    },
    {
      "ques_id": 12,
      "question": "Јуда је издао Исуса за колико тачно сребрњака?",
      "option1": "30",
      "option2": "20",
      "option3": "50",
      "option4": "10",
      "answer": 1,
      "8888": "Матеј 26:15"
    },
    {
      "ques_id": 13,
      "question": "Именујте Давидовог оца",
      "option1": "Оман",
      "option2": "Јессе",
      "option3": "Јосхуа",
      "option4": "Соломон",
      "answer": 2,
      "8888": "1 Самуилова 1:12"
    },
    {
      "ques_id": 14,
      "question": "Бог се не помиње само у једној књизи Библије",
      "option1": "Естер",
      "option2": "Рут",
      "option3": "Малахија",
      "option4": "Излазак",
      "answer": 1,
      "8888": "Естер"
    },
    {
      "ques_id": 15,
      "question": "За колико су сребрника Исуса Навина продала његова браћа Исмелићанима",
      "option1": "50",
      "option2": "12",
      "option3": "20",
      "option4": "100",
      "answer": 3,
      "8888": "Постанак 37:28"
    },
    {
      "ques_id": 16,
      "question": "Колико је апостола Исус изабрао",
      "option1": "12",
      "option2": "14",
      "option3": "10",
      "option4": "08",
      "answer": 1,
      "8888": "Лука 6:13"
    },
    {
      "ques_id": 17,
      "question": "Анђео је рекао Марији да ће Исус царовати над кућом чијег старозаветног лика",
      "option1": "Давид",
      "option2": "Јацоб",
      "option3": "Абрахам",
      "option4": "Мојсије",
      "answer":2,
      "8888": "Лука 1:13"
    },
    {
      "ques_id": 18,
      "question": "Који је пророк рекао: \"Из Египта дозвах сина свога\"?",
      "option1": "Јеремија",
      "option2": "Исаија",
      "option3": "Осија",
      "option4": "Језекиљ",
      "answer": 3,
      "8888": "Осија 11:1"
    },
    {
      "ques_id": 19,
      "question": "Коју врсту дрвета је Исус проклео?",
      "option1": "Смоква",
      "option2": "Виноград",
      "option3": "бор",
      "option4": "храст",
      "answer": 1,
      "8888": "Марко 11:12-14"
    },
    {
      "ques_id": 20,
      "question": "Кога је Саул тражио да му медиј васпитава",
      "option1": "Ели",
      "option2": "Натхан",
      "option3": "Самуел",
      "option4": "Давид",
      "answer": 3,
      "8888": "1 Самуилова 28:11"
    }
  ],
  "Про": [
    {
      "ques_id": 1,
      "question": "Ко је носио крст за Христа?",
      "option1": "Филип",
      "option2": "Симон из Кирене",
      "option3": "Ахаб",
      "option4": "Михај",
      "answer": 2
    },
    {
      "ques_id": 2,
      "question": "Колико су другова Филистеји дали Самсону на гозби у Тимни?",
      "option1": "30",
      "option2": "31",
      "option3": "32",
      "option4": "33",
      "answer": 1
    },
    {
      "ques_id": 3,
      "question": "Колико је година имала пророчица Ана када је видела Исуса?",
      "option1": "83",
      "option2": "84",
      "option3": "88",
      "option4": "92",
      "answer": 2
    },
    {
      "ques_id": 4,
      "question": "Шта је краљица од Сабе дала Соломону?",
      "option1": "(124 талента) злата, зачина и драгог камења",
      "option2": "(120 таланата) злата, зачина и драгог камења",
      "option3": "(18 таланата) злата, зачина и драгог камења",
      "option4": "(221 талент) злата, зачина и драгог камења",
      "answer": 2
    },
    {
      "ques_id": 5,
      "question": "Колико књига има у Старом завету?",
      "option1": "37",
      "option2": "38",
      "option3": "39",
      "option4": "40",
      "answer": 3
    },
    {
      "ques_id": 6,
      "question": "На колико се река поделила река у Едену када је изашла из баште?",
      "option1": "4",
      "option2": "3",
      "option3": "6",
      "option4": "8",
      "answer": 1
    },
    {
      "ques_id": 7,
      "question": "Шта је Јосиф хтео да уради када је открио да је Марија трудна?",
      "option1": "Приреди журку",
      "option2": "Разведи се од ње",
      "option3": "Бежи",
      "option4": "Ништа од горе наведеног",
      "answer": 2
    },
    {
      "ques_id": 8,
      "question": "Које је боје била одора Првосвештеника?",
      "option1": "Плаво",
      "option2": "Бело",
      "option3": "Зелено",
      "option4": "Црвено",
      "answer": 1
    },
    {
      "ques_id": 9,
      "question": "Шта је Боаз рекао да Наоми продаје?",
      "option1": "Парцела земљишта",
      "option2": "Злато",
      "option3": "Њено дете",
      "option4": "Храна",
      "answer": 1
    },
    {
      "ques_id": 10,
      "question": "У параболи о дужницима, један је био дужан 500 денара (пенса), али колико је други дужан",
      "option1": "70",
      "option2": "50",
      "option3": "45",
      "option4": "80",
      "answer": 2
    },
    {
      "ques_id": 11,
      "question": "Колико Илијиног духа је Јелисеј примио?",
      "option1": "Мало",
      "option2": "Једна порција",
      "option3": "Поздрав",
      "option4": "Двострука порција",
      "answer": 4
    },
    {
      "ques_id": 12,
      "question": "Шта је било необично у вези са 700 бењамитских војника који су сваки пут могли да баце камен и погоде своју мету?",
      "option1": "Сви су били леворуки",
      "option2": "Сви су личили",
      "option3": "Нису имали ципеле",
      "option4": "Ништа од горе наведеног",
      "answer": 1
    },
    {
      "ques_id": 13,
      "question": "У каквом је односу Ана била Кајафа?",
      "option1": "Брат",
      "option2": "Ујак",
      "option3": "Рођаци",
      "option4": "Таст",
      "answer": 4
    },
    {
      "ques_id": 14,
      "question": "Шта не треба \"бацити пред свиње\"",
      "option1": "Шљунак",
      "option2": "Камење",
      "option3": "Бисери",
      "option4": "Стицк",
      "answer": 3
    },
    {
      "ques_id": 15,
      "question": "Када у затвору у које време су се Павле и Сила молили и певали Богу?",
      "option1": "Јутро",
      "option2": "Поподне",
      "option3": "Вече",
      "option4": "Поноћ",
      "answer": 4
    },
    {
      "ques_id": 16,
      "question": "Шта су Данило и његова три пријатеља јели уместо краљевог меса и пили?",
      "option1": "Хлеб",
      "option2": "Вино и хлеб",
      "option3": "Пулсе и вода",
      "option4": "Ништа",
      "answer": 3
    },
    {
      "ques_id": 17,
      "question": "Како се зове Исусов рођак, рођен шест месеци пре њега?",
      "option1": "Јован",
      "option2": "Петар",
      "option3": "Павле",
      "option4": "Мајкл",
      "answer": 1
    },
    {
      "ques_id": 18,
      "question": "У ком граду је живео цар Ирод у време Исусовог рођења?",
      "option1": "Јерусалим",
      "option2": "Рим",
      "option3": "Вавилон",
      "option4": "Витлејем",
      "answer": 1
    },
    {
      "ques_id": 19,
      "question": "Колико је зала Бог послао на Египат?",
      "option1": "4",
      "option2": "8",
      "option3": "10",
      "option4": "12",
      "answer": 3
    },
    {
      "ques_id": 20,
      "question": "За колико сребрника је Јуда издао Христа?",
      "option1": "20",
      "option2": "30",
      "option3": "40",
      "option4": "50",
      "answer": 2
    },
    {
      "ques_id": 21,
      "question": "Колико дана се Исус јављао својим ученицима после свог васкрсења?",
      "option1": "30",
      "option2": "7",
      "option3": "40",
      "option4": "11",
      "answer": 3
    },
    {
      "ques_id": 22,
      "question": "Колико је малоазијских цркава наведено у Откривењу?",
      "option1": "7",
      "option2": "8",
      "option3": "9",
      "option4": "10",
      "answer": 1
    }
  ],
  "Геније": [
    {
      "ques_id": 1,
      "question": "Ко је био син Елеазара, сина Ароновог?",
      "option1": "Путиел",
      "option2": "Корах",
      "option3": "Пхинехас",
      "option4": "Изхар",
      "answer": 3
    },
    {
      "ques_id": 2,
      "question": "Ко је био син Омрија, краља Израела?",
      "option1": "Ахаб",
      "option2": "Јорам",
      "option3": "Зимри",
      "option4": "Гинат",
      "answer": 1
    },
    {
      "ques_id": 3,
      "question": "Ко је био Ноемин муж из књиге Руте?",
      "option1": "Боаз",
      "option2": "Елкана",
      "option3": "Обед",
      "option4": "Елимелех",
      "answer": 4
    },
    {
      "ques_id": 4,
      "question": "Колико слова има најдужи назив у Библији?",
      "option1": "16",
      "option2": "18",
      "option3": "22",
      "option4": "25",
      "answer": 2
    },
    {
      "ques_id": 5,
      "question": "Ко је убио Сисеру?",
      "option1": "Давид",
      "option2": "Ахаб",
      "option3": "Саул",
      "option4": "Јаел",
      "answer": 4
    },
    {
      "ques_id": 6,
      "question": "Колико је широка била Нојева арка?",
      "option1": "35 лаката",
      "option2": "50 лаката",
      "option3": "75 лаката",
      "option4": "90 лаката",
      "answer": 2
    },
    {
      "ques_id": 7,
      "question": "Колико је широк био Ковчег завета?",
      "option1": "1,5 лаката",
      "option2": "2 лакта",
      "option3": "3 лакта",
      "option4": "1 лакат",
      "answer": 1
    },
    {
      "ques_id": 8,
      "question": "Како се звао Јелисејев слуга?",
      "option1": "Јехорам",
      "option2": "Схапхат",
      "option3": "Гехази",
      "option4": "Хазаел",
      "answer": 3
    },
    {
      "ques_id": 9,
      "question": "Како се звао Павлов чувени учитељ?",
      "option1": "Јустус",
      "option2": "Гамалиел",
      "option3": "Кајафа",
      "option4": "Сократ",
      "answer": 2
    },
    {
      "ques_id": 10,
      "question": "Који је судија Израела рођен у Витлејему?",
      "option1": "Давид",
      "option2": "Ибзан",
      "option3": "Дебора",
      "option4": "Гидеон",
      "answer": 2
    },
    {
      "ques_id": 11,
      "question": "Када му је пришао Исус, који је рекао: \"Шта имаш са мном, Исусе, Сине Бога Свевишњег? Заклињем те Богом, не мучи ме\".?",
      "option1": "Легија",
      "option2": "Терах",
      "option3": "Рубен",
      "option4": "Валтазар",
      "answer": 1
    },
    {
      "ques_id": 12,
      "question": "Од које птице Исус каже да имамо већу вредност?",
      "option1": "Орао",
      "option2": "Лешинар",
      "option3": "Врапац",
      "option4": "Голуб",
      "answer": 3
    },
    {
      "ques_id": 13,
      "question": "Које две сестре су се удале за Јакова?",
      "option1": "Доркас и Лија",
      "option2": "Маријам и Рејчел",
      "option3": "Рејчел и Лија",
      "option4": "Сара и Хана",
      "answer": 3
    },
    {
      "ques_id": 14,
      "question": "У коју земљу је Бог послао Аврахама да жртвује свог посебног сина Исака?",
      "option1": "Канан",
      "option2": "Македонија",
      "option3": "Кипар",
      "option4": "Морија",
      "answer": 4
    },
    {
      "ques_id": 15,
      "question": "Који је псалам стих \"Он ме у зеленим пашњацима полеже, поред тихих вода ме води,\" из?",
      "option1": "25",
      "option2": "22",
      "option3": "30",
      "option4": "23",
      "answer": 4,
      "8888": "Псалми 23;2"
    },
    {
      "ques_id": 16,
      "question": "Страх Господњи је почетак ........ ",
      "option1": "Знање",
      "option2": "Мудрост",
      "option3": "Новац",
      "option4": "Љубав",
      "answer": 1,
      "8888": ""
    },
    {
      "ques_id": 17,
      "question": "Против ког града је Господ рекао Јони да проповеда?",
      "option1": "Јерусалим",
      "option2": "Нинива",
      "option3": "Вавилон",
      "option4": "Јуда",
      "answer": 2,
      "8888": "Јона 1:2"
    },
    {
      "ques_id": 18,
      "question": "Која од ових књига [Филипљанима, Колошанима, Галатима или Ефесцима] долази прва у Библији",
      "option1": "Колошани",
      "option2": "Галати",
      "option3": "Ефесцима",
      "option4": "Филипљани",
      "answer": 2,
      "8888": "Нови завет, Павлова писма"
    },
    {
      "ques_id": 19,
      "question": "Колико поглавља има Књига Јеврејима?",
      "option1": "13",
      "option2": "15",
      "option3": "10",
      "option4": "16",
      "answer": 1,
      "8888": "Јеврејима 1-13"
    },
    {
      "ques_id": 20,
      "question": "Како се зову олујни ветрови који могу да погоде Крит?",
      "option1": "Моонсоон",
      "option2": "Евроклидон",
      "option3": "Преливање",
      "option4": "Ништа од горе наведеног",
      "answer": 2,
      "8888": "Дела 2:14"
    }
  ],
  "Стручњак": [
    {
      "ques_id": 1,
      "question": "Ко од ових није био краљ Израела или Јуде",
      "option1": "Сенахериб",
      "option2": "Јојаким",
      "option3": "Седекија",
      "option4": "Давид",
      "answer": 1
    },
    {
      "ques_id": 2,
      "question": "Ко је убедио Самсона да открије тајну велике снаге",
      "option1": "Динах",
      "option2": "Рут",
      "option3": "Делилах",
      "option4": "Марта",
      "answer": 3
    },
    {
      "ques_id": 3,
      "question": "И твоје небо које је над твојом главом биће_____, а земља која је под тобом биће гвожђе",
      "option1": "Месинг",
      "option2": "Челик",
      "option3": "Сребро",
      "option4": "Злато",
      "answer": 1
    },
    {
      "ques_id": 4,
      "question": "Где се могу наћи речи: Уздај се у Јехову свим срцем својим и не ослањај се на сопствено разумевање",
      "option1": "Приче 3:5",
      "option2": "Приче 5:3",
      "option3": "Приче 35:3",
      "option4": "Приче 4:3",
      "answer": 1
    },
    {
      "ques_id": 5,
      "question": "који се ученик три пута одрекао Исуса",
      "option1": "Петар",
      "option2": "Андрија",
      "option3": "Јован",
      "option4": "Јуда",
      "answer": 1
    },
    {
      "ques_id": 6,
      "question": "Благословен је спомен праведника, а име злих",
      "option1": "Победа",
      "option2": "Груљење",
      "option3": "Блум",
      "option4": "цветати",
      "answer": 2
    },
    {
      "ques_id": 7,
      "question": "Пре него што је Исус почео да проповеда, шта је био његов посао?",
      "option1": "столар",
      "option2": "ученик",
      "option3": "Доктор",
      "option4": "Учитељ",
      "answer": 1
    },
    {
      "ques_id": 8,
      "question": "Зоан је коришћен у библији као паралела за који народ\"",
      "option1": "Египат",
      "option2": "Асирија",
      "option3": "Вавилон",
      "option4": "Синај",
      "answer": 1
    },
    {
      "ques_id": 9,
      "question": "Који је старозаветни лик показао своју веру тиме што је био спреман да свог сина принесе Богу на олтар",
      "option1": "Ноа",
      "option2": "Абрахам",
      "option3": "схалтиел",
      "option4": "Мојсије",
      "answer": 2
    },
    {
      "ques_id": 10,
      "question": "Шта су морнари са брода Јонах радили да повећају своје шансе за преживљавање",
      "option1": "Пловили су на север",
      "option2": "Бацио терет преко палубе",
      "option3": "Молио Бога за опроштај",
      "option4": "Ништа од горе наведеног",
      "answer": 2
    },
    {
      "ques_id": 11,
      "question": "Шта је Исав радио док је Јаков украо његов благослов?",
      "option1": "Лов",
      "option2": "Пољопривреда",
      "option3": "риболов",
      "option4": "Путовање",
      "answer": 1
    },
    {
      "ques_id": 12,
      "question": "Ко је трчао са планине Кармел у Самарију брже него што је Ахав могао да вози своја кола?",
      "option1": "Елисије",
      "option2": "Гехази",
      "option3": "Илија",
      "option4": "Амос",
      "answer": 3
    },
    {
      "ques_id": 13,
      "question": "Шта је Бог урадио седмог дана, после?",
      "option1": "Одморан",
      "option2": "Створени људи",
      "option3": "Он је одредио човека да се брине о његовим креацијама",
      "option4": "Створене птице",
      "answer": 1
    },
    {
      "ques_id": 14,
      "question": "Ко је тврдио да је златно теле једноставно изашло из ватре?",
      "option1": "Јошуа",
      "option2": "Арон",
      "option3": "Мириам",
      "option4": "Дебора",
      "answer": 42
    },
    {
      "ques_id": 15,
      "question": "Шта је тражио цар Соломон када му се Бог јавио у сну",
      "option1": "Дуг живот и знање",
      "option2": "Мудрост [да суди између добра и зла]",
      "option3": "богатство",
      "option4": "Новац",
      "answer": 2
    },
    {
      "ques_id": 16,
      "question": "Допуни пословичну изреку; Свако ко је глуп, када ћути се сматра -------?",
      "option1": "Мирно",
      "option2": "Глупо",
      "option3": "Мудар",
      "option4": "Арогантан",
      "answer": 3
    },
    {
      "ques_id": 17,
      "question": "Како треба примити Царство Божије?",
      "option1": "Са скривеним мотивима",
      "option2": "Као дете",
      "option3": "С поносом",
      "option4": "Преко агената",
      "answer": 2
    },
    {
      "ques_id": 18,
      "question": "Како се звала Абрахамова прва жена",
      "option1": "Сара",
      "option2": "Мириам",
      "option3": "Рода",
      "option4": "Рут",
      "answer": 1
    },
    {
      "ques_id": 19,
      "question": "Краљ Саул није послушао Јеховину заповест и поштедео је живот оног краља Амелека",
      "option1": "Балак",
      "option2": "Дагон",
      "option3": "Агаг",
      "option4": "Натхан",
      "answer": 3
    },
    {
      "ques_id": 20,
      "question": "О чему су написане десет заповести.",
      "option1": "Два свитка",
      "option2": "Две камене плоче",
      "option3": "Зидови Јерихона",
      "option4": "Две књиге",
      "answer": 1
    }
  ],
  "Мајстор": [
    {
      "ques_id": 1,
      "question": "О коме је забележено да су \"сви размишљали у својим срцима;\" Да ли је он можда Христос?",
      "option1": "Илија",
      "option2": "Јован",
      "option3": "Малахија",
      "option4": "Петар",
      "answer": 2
    },
    {
      "ques_id": 2,
      "question": "Како се зову Јосифови родитељи",
      "option1": "Јаков и Ребека",
      "option2": "Јаков и Лија",
      "option3": "Јаков и Рахела",
      "option4": "Јаков и Рут",
      "answer": 3
    },
    {
      "ques_id": 3,
      "question": "Од свих људи који се спомињу у библији, који је живео најдуже?",
      "option1": "Метузалем",
      "option2": "ЈЈаред",
      "option3": "Абрахам",
      "option4": "Адам",
      "answer": 1
    },
    {
      "ques_id": 4,
      "question": "Шта је Исус рекао онима који су оптужили прељубницу?",
      "option1": "Ево, нема праведника",
      "option2": "Ко је без греха, нека први баци камен",
      "option3": "Тешко вама који оптужујете ову жену",
      "option4": "уби је",
      "answer": 2
    },
    {
      "ques_id": 5,
      "question": "У који град ће сви народи једног дана отићи да се поклоне Богу?",
      "option1": "Дамаск",
      "option2": "Јерусалим",
      "option3": "Киликија",
      "option4": "Јуда",
      "answer": 2
    },
    {
      "ques_id": 6,
      "question": "Ко ће од Давидових потомака владати заувек",
      "option1": "Робоам",
      "option2": "Исусе",
      "option3": "Соломон",
      "option4": "Јеробоам",
      "answer": 2
    },
    {
      "ques_id": 7,
      "question": "Ко је била Тимотејева побожна мајка",
      "option1": "Лоис",
      "option2": "Фиби",
      "option3": "Еунице",
      "option4": "Магдалена",
      "answer": 3
    },
    {
      "ques_id": 8,
      "question": "Зашто се цар Соломон одвратио од Бога кад је био стар",
      "option1": "Његове стране жене окренуле су његово срце за другим боговима",
      "option2": "Постао је поносан",
      "option3": "Волео је жене више од Бога",
      "option4": "Обожавао је идоле",
      "answer": 1
    },
    {
      "ques_id": 9,
      "question": "Ко је побегао у Јеховин шатор ради сигурности, али је тамо ипак убијен?",
      "option1": "Јоав",
      "option2": "Саул",
      "option3": "Амон",
      "option4": "Исав",
      "answer": 1
    },
    {
      "ques_id": 10,
      "question": "Који је краљ сањао велику статуу човека направљену од различитих метала",
      "option1": "Ахаб",
      "option2": "Давид",
      "option3": "малах",
      "option4": "Набукодоносор",
      "answer": 4
    },
    {
      "ques_id": 11,
      "question": "Где је \"најбоље место за молитву\"?",
      "option1": "У твом ормару са затвореним вратима",
      "option2": "У цркви",
      "option3": "На мирном месту",
      "option4": "На путу",
      "answer": 1
    },
    {
      "ques_id": 12,
      "question": "Где се могу наћи речи: Веруј се у Јехову свим срцем својим и не ослањај се на сопствено разумевање?",
      "option1": "Приче 3:5",
      "option2": "Приче 35:3",
      "option3": "Приче 5:3",
      "option4": "Приче 6:4",
      "answer": 1
    },
    {
      "ques_id": 13,
      "question": "Када је Исус био у твојој пустињи, шта је био у искушењу да претвори у хлебове?",
      "option1": "Моундс",
      "option2": "Скане",
      "option3": "Камење",
      "option4": "Тло",
      "answer": 3
    },
    {
      "ques_id": 14,
      "question": "Шта је било посебно у вези са Ехудом [судија над Израелом који је убио Елгона, моавског краља",
      "option1": "Био је врло млад",
      "option2": "Био је леворук",
      "option3": "Био је слеп",
      "option4": "Био је веома стар",
      "answer": 2
    },
    {
      "ques_id": 15,
      "question": "Шта се десило са градом Јерихоном након што је свештеник затрубио у своје трубе",
      "option1": "Народ је побегао у другу земљу",
      "option2": "Животиње су умрле",
      "option3": "Зидови су пали",
      "option4": "Људи су мигрирали",
      "answer": 3
    },
    {
      "ques_id": 16,
      "question": "Према Јовану 1:1, оно што беше у почетку код Бога",
      "option1": "Реч",
      "option2": "Анђео",
      "option3": "Исусе",
      "option4": "Џон",
      "answer": 1
    },
    {
      "ques_id": 17,
      "question": "Колико псалама има у књизи псалама?",
      "option1": "150",
      "option2": "170",
      "option3": "120",
      "option4": "190",
      "answer": 1
    },
    {
      "ques_id": 18,
      "question": "Неће свако ко ми каже \"Господе, Господе\", ући у царство небеско. Ко ће онда ући у своје царство",
      "option1": "Онај који твори вољу Божију",
      "option2": "Онај који чини чуда",
      "option3": "Онај који се крсти",
      "option4": "Онај који проповеда реч Божију",
      "answer": 1
    },
    {
      "ques_id": 19,
      "question": "Ко је био први краљ од 10 племена Израела?",
      "option1": "Јеробоам",
      "option2": "Рехобот",
      "option3": "Јоав",
      "option4": "Робоам",
      "answer": 1
    },
    {
      "ques_id": 20,
      "question": "Према Јеремији, колико је година израелски народ требао остати у ропству под вавилонским краљем?",
      "option1": "120 година",
      "option2": "40 година",
      "option3": "70 година",
      "option4": "80 година",
      "answer": 3
    }
  ],
  "Велики мајстор": [
    {
      "ques_id": 1,
      "question": "Којом реком је Наману речено да се опере да би се ослободио губе?",
      "option1": "Нил",
      "option2": "Јордан",
      "option3": "Галилеја",
      "option4": "Библија не каже",
      "answer": 2
    },
    {
      "ques_id": 2,
      "question": "Ко је био Ровоамов отац?",
      "option1": "Давид",
      "option2": "Нимрод",
      "option3": "Абимелек",
      "option4": "Соломон",
      "answer": 4
    },
    {
      "ques_id": 3,
      "question": "Колико дуго је Давид владао као краљ?",
      "option1": "Тридесет година",
      "option2": "Четрдесет година",
      "option3": "Двадесет пет година",
      "option4": "Осамдесет година",
      "answer": 2
    },
    {
      "ques_id": 4,
      "question": "У Исусовом објашњењу параболе о сејачу. шта представља семе",
      "option1": "Вера",
      "option2": "Реч Божија",
      "option3": "Исусе",
      "option4": "Љубав",
      "answer": 2
    },
    {
      "ques_id": 5,
      "question": "Која биљка је \"најмање од свих семена, али када се гаји, највећа је међу биљем?",
      "option1": "Маслина",
      "option2": "сенф",
      "option3": "Храст",
      "option4": "Грожђе",
      "answer": 2
    },
    {
      "ques_id": 6,
      "question": "Како се звао Мојсијев брат?",
      "option1": "Алфеј",
      "option2": "Јован",
      "option3": "Арон",
      "option4": "Јошуа",
      "answer": 3
    },
    {
      "ques_id": 7,
      "question": "Од ког дела Адамовог тела је Бог створио Еву?",
      "option1": "Срце",
      "option2": "Мозак",
      "option3": "Ребро",
      "option4": "Глава",
      "answer": 3
    },
    {
      "ques_id": 8,
      "question": "Анђео је рекао Захарији и Јелисавети да ће добити сина, како ће се звати",
      "option1": "Илија",
      "option2": "Исусе",
      "option3": "Јован",
      "option4": "Џејмс",
      "answer": 3
    },
    {
      "ques_id": 9,
      "question": "Који је значајан догађај забележен у 1. и 2. поглављу Постанка",
      "option1": "Транспорт",
      "option2": "Стварање",
      "option3": "Прочишћавање",
      "option4": "Жртва",
      "answer": 2
    },
    {
      "ques_id": 10,
      "question": "Какав је био однос између Мојсија и Кораја",
      "option1": "Обојица су били из Јудиног племена",
      "option2": "Били су браћа",
      "option3": "Били су рођаци",
      "option4": "Били су пријатељи",
      "answer": 3
    },
    {
      "ques_id": 11,
      "question": "Како је Ноеми рекла људима у Витлејему да је зову",
      "option1": "Мара",
      "option2": "Наама",
      "option3": "Батхсхеба",
      "option4": "Марија",
      "answer": 1
    },
    {
      "ques_id": 12,
      "question": "Именујте јеврејску девојку која се удала за персијског краља?",
      "option1": "Наоми",
      "option2": "Дебора",
      "option3": "Естер",
      "option4": "Јуда",
      "answer": 3
    },
    {
      "ques_id": 13,
      "question": "Шта симболизује седам златних свећњака из Откривења 1:20?",
      "option1": "Седам скупштина",
      "option2": "Седам анђела",
      "option3": "Седам краљева",
      "option4": "Седам људи",
      "answer": 1
    },
    {
      "ques_id": 14,
      "question": "Где се могу наћи следеће речи: али Бог је изабрао луде ствари света, да би посрамио мудраце?",
      "option1": "Дела",
      "option2": "Римљани",
      "option3": "1 Коринћанима",
      "option4": "Џон",
      "answer": 3
    },
    {
      "ques_id": 15,
      "question": "Шта је било приметно код Јаковљевог брата близанца, Исава по рођењу",
      "option1": "Имао је дубоке интензивне очи",
      "option2": "Био је веома згодан",
      "option3": "Био је црвен и длакав",
      "option4": "Био је веома црн",
      "answer": 3
    },
    {
      "ques_id": 16,
      "question": ",Ко је одсекао Самсонову косу?",
      "option1": "Његов највећи непријатељ, Хулк",
      "option2": "Делилах",
      "option3": "Још један човек",
      "option4": "Његови пријатељи",
      "answer": 2
    },
    {
      "ques_id": 17,
      "question": "Ко је написао књиге 1. и 2. Царева?",
      "option1": "Илија",
      "option2": "Јеремија",
      "option3": "Гад",
      "option4": "Натхан",
      "answer": 2
    },
    {
      "ques_id": 18,
      "question": "Које се од јеванђеља последње појављује у Библији",
      "option1": "Никодим",
      "option2": "Јован ",
      "option3": "Ендрјус",
      "option4": "Ознака",
      "answer": 2
    },
    {
      "ques_id": 19,
      "question": "Шта се десило са било ким чије име није пронађено записано у књизи живота?",
      "option1": "Проглашени су недостојнима спасења",
      "option2": "Изгинули су",
      "option3": "Они су умрли",
      "option4": "Били су бачени у огњено језеро",
      "answer": 4
    },
    {
      "ques_id": 20,
      "question": "Ко је био најјачи човек који је икада живео?",
      "option1": "Голијат",
      "option2": "Самсон",
      "option3": "Исусе",
      "option4": "Агаг",
      "answer": 2
    }
  ],
  "Легенда": [
    {
      "ques_id": 1,
      "question": "Књига Постања се отвара хебрејском речју \"берешит\", шта је превод ове речи на енглески",
      "option1": "У почетку",
      "option2": "Нека буде светлост",
      "option3": "Кад још није било ничега",
      "option4": "Господ Бог је рекао",
      "answer": 1,
      "8888":"Гн 1:1"
    },
    {
      "ques_id": 2,
      "question": "Након што је човека успавао, шта му је Господ Бог узео да угради у жену",
      "option1": "Зуб",
      "option2": "Нокат",
      "option3": "Ребро",
      "option4": "прамен косе",
      "answer": 3,
      "8888":"Гн 1:2"
    },
    {
      "ques_id": 3,
      "question": "Шта је Господ Бог прво благословио речима \"Ради се и множи се\"?",
      "option1": "Први мушкарац и жена",
      "option2": "Морска створења и птице",
      "option3": "Биљке",
      "option4": "Копнене животиње",
      "answer": 1,
      "8888": "Гн 1:22"
    },
    {
      "ques_id": 4,
      "question": "Ко је анђео Господњи објавио Марији да ће зачети и родити сина?",
      "option1": "Габријел",
      "option2": "Мајкл",
      "option3": "Рафаел",
      "option4": "Сеалтиел",
      "answer": 1,
      "8888":"Лк 1:31"
    },
    {
      "ques_id": 5,
      "question": "Како се зове мајка Св. Јована Крститеља?",
      "option1": "Саломија Зеведејева",
      "option2": "Елизабета Захаријина",
      "option3": "Марија од Клеофа",
      "option4": "Иродијада Филипова",
      "answer": 2,
      "8888":"Лк 1:5-6"
    },
    {
      "ques_id": 6,
      "question": "На почетку приче о Васкрсењу у јеванђељу по Јовану, ко се помиње да је рано ујутру ишао на Исусов гроб и видео како је уклоњен камен?",
      "option1": "Марија од Магдале",
      "option2": "Свети Јован",
      "option3": "Марта",
      "option4": "Анђео",
      "answer": 1,
      "8888":"Јн20:1"
    },
    {
      "ques_id": 7,
      "question": "У наративу о васкрсењу у јеванђељу по светом Јовану, када се васкрсли господар први пут јавио Марији Магдалени, она га је заменила за кога?",
      "option1": "Тамничар",
      "option2": "Сентурион",
      "option3": "Градник",
      "option4": "Анђео",
      "answer": 3,
      "8888":"Јн 20:15"
    },
    {
      "ques_id": 8,
      "question": "Колико је скупова од 14 генерација поменуто у Исусовом родослову датом у Јеванђељу по Матеју",
      "option1": "Пет",
      "option2": "Рез",
      "option3": "Три",
      "option4": "Десет",
      "answer": 3,
      "8888":"Јован 20:15"

    },
    {
      "ques_id": 9,
      "question": "У пророку Исаији је речено да ће дечак који се роди од девице добити ово име што значи Бог – са нама?",
      "option1": "Исусе",
      "option2": "Јован",
      "option3": "Емануел",
      "option4": "Христос,",
      "answer": 3,
      "8888":"Мт 1:23"
    },
    {
      "ques_id": 10,
      "question": "У Исусовом родослову датој у Јеванђељу по Матеју, први низ од 14 поменутих генерација почињао је са Аврамом и са ким се завршавао?",
      "option1": "Давид",
      "option2": "Мојсије",
      "option3": "Јацоб",
      "option4": "Јессе",
      "answer": 1,
      "8888":"Мт 1:1-6"
    },
    {
      "ques_id": 11,
      "question": "\"Зато што је она узета из његовог меса\", како је први мушкарац назвао прву жену?",
      "option1": "Адама",
      "option2": "Ева",
      "option3": "Жена",
      "option4": "Супруга",
      "answer": 2,
      "8888": "Пост 1:23"
    },
    {
      "ques_id": 12,
      "question": "Шта је Господ Бог дао да служи као храна свим животињама на земљи и свим птицама небеским?",
      "option1": "Зелене биљке",
      "option2": "Биљке које носе семе",
      "option3": "Воћке које носе семе",
      "option4": "Све што је јестиво",
      "answer": 1,
      "8888": "Гн 1:30"
    },
    {
      "ques_id": 13,
      "question": "У који дан стварања је Бог створио сунце и месец?",
      "option1": "Први",
      "option2": "Други",
      "option3": "Треће",
      "option4": "Четврти",
      "answer": 4,
      "8888": "Пост 1:26-31"
    },
    {
      "ques_id": 14,
      "question": "Колико је Давид имао година када је био помазан за краља Израела?",
      "option1": "50",
      "option2": "20",
      "option3": "35",
      "option4": "30",
      "answer": 4,
      "8888": "2 Самуилова 5:4"
    },
    {
      "ques_id": 15,
      "question": "Ко је још осим мудраца дошао да посети Исуса када је био мало дете.",
      "option1": "Стрелци",
      "option2": "Пастири",
      "option3": "Ловци",
      "option4": "Фармери",
      "answer": 2
    },
    {
      "ques_id": 16,
      "question": "Колико је био висок Голијат?",
      "option1": "6 лаката и један распон",
      "option2": "8 лаката",
      "option3": "10 лаката и један распон",
      "option4": "12 лаката",
      "answer": 1,
      "8888": "1 Самуилова 1:4"
    },
    {
      "ques_id": 17,
      "question": "Шта је Павле рекао да је испуњење закона?",
      "option1": "Вера",
      "option2": "Молитва",
      "option3": "Љубав",
      "option4": "Брак",
      "answer": 3,
      "8888": "Римљанима 13:10"
    },
    {
      "ques_id": 18,
      "question": "Које је најкраће поглавље у библији",
      "option1": "Псалми 117",
      "option2": "Псалми 18",
      "option3": "Ознака 10",
      "option4": "Јован 4",
      "answer": 1,
      "8888": "Псалми 117"
    },
    {
      "ques_id": 19,
      "question": "Ко је рекао, \"Сребра и злата немам; али оно што имам дајем ти\"?",
      "option1": "Павле",
      "option2": "Џејмс",
      "option3": "Петар",
      "option4": "Тимотеј",
      "answer": 3,
      "8888":"Дела 3:6"
    },
    {
      "ques_id": 20,
      "question": "Колико је било Мојсијево [година] у време његове смрти",
      "option1": "120",
      "option2": "100",
      "option3": "150",
      "option4": "80",
      "answer": 1,
      "8888": "Поновљени закони 34:7"
    }
  ],
  "Ван овог света": [
    {
      "ques_id": 1,
      "question": "Ко је најстарија особа забележена у библији?",
      "option1": "Метузалем",
      "option2": "Адам",
      "option3": "Абрахам",
      "option4": "Соломон",
      "answer": 1,
      "8888": "Постанак 5:27"
    },
    {
      "ques_id": 2,
      "question": "Колико година је најстарија особа записана у библији?",
      "option1": "120",
      "option2": "500",
      "option3": "800",
      "option4": "969",
      "answer": 4,
      "8888": "Постанак 5:27"
    },
    {
      "ques_id": 3,
      "question": "Шта Јахве-Сцхамммах значи?",
      "option1": "Бог са нама",
      "option2": "сам Бог",
      "option3": "Исусе сине Божији",
      "option4": "Вечни живот",
      "answer": 2,
      "8888": "Језекиљ 48:35"
    },
    {
      "ques_id": 4,
      "question": "Колико је још година Бог додао животу краља Језекије као одговор на молитву умирућег краља?",
      "option1": "20",
      "option2": "50",
      "option3": "15",
      "option4": "100",
      "answer": 3,
      "8888": "2 Краљева 20:6"
    },
    {
      "ques_id": 5,
      "question": "С којим пророцима Господњим се консултовао јудејски краљ Јосија?",
      "option1": "Амос",
      "option2": "Илија",
      "option3": "Елисије",
      "option4": "Хулдах",
      "answer": 4,
      "8888":" 2. Краљевима 22:14-16"
    },
    {
      "ques_id": 6,
      "question": "Коју је церемонију цар Јосија обновио коју није славио ниједан од претходних краљева Израела или Јуде??",
      "option1": "Пасха",
      "option2": "Ритуал жртвовања",
      "option3": "обожавање",
      "option4": "Обрезивање",
      "answer": 1,
      "8888":"2 Краљева 23:21"
    },
    {
      "ques_id": 7,
      "question": "Из ког је племена Израела био краљ Саул?",
      "option1": "Јуда",
      "option2": "Бењамин",
      "option3": "Амонити",
      "option4": "Израел",
      "answer": 2,
      "8888":"1 Самуилова 9:21"
    },
    {
      "ques_id": 8,
      "question": "По повратку ковчега у Израел, коју жртву је Самуило принео господару?",
      "option1": "А-хе јарац",
      "option2": "Људска жртва",
      "option3": "Жртвовао је баштенске жетве",
      "option4": "Јагње за сисање",
      "answer": 4,
      "8888": "1 Самуилова 7:9"
    },
    {
      "ques_id": 9,
      "question": "Како се звала жена краља Саула?",
      "option1": "Дебора",
      "option2": "Науме",
      "option3": "Ахиноам",
      "option4": "Рут",
      "answer": 3,
      "8888":"1 Самуилова 14:50"
    },
    {
      "ques_id": 10,
      "question": "Шта је некоме потребно да би разумео Божју реч?",
      "option1": "Знање",
      "option2": "Свети дух",
      "option3": "Мудрост",
      "option4": "Молитве",
      "answer": 2,
      "8888": "1. Коринћанима 2:11"
    },
    {
      "ques_id": 11,
      "question": "Ко је Павле рекао да му је судио?",
      "option1": "Бог",
      "option2": "Терах",
      "option3": "Рубен",
      "option4": "Валтазар",
      "answer": 1,
      "8888": "1. Коринћанима 4:4"
    },
    {
      "ques_id": 12,
      "question": "На дан Педесетнице, зачуо се звук с неба јурњаве____?",
      "option1": "Гром",
      "option2": "Киша",
      "option3": "Ветар",
      "option4": "гласна бука",
      "answer": 3,
      "8888":"Дела 2:2"
    },
    {
      "ques_id": 13,
      "question": "Ко је понудио да плати новац за моћ давања Светог духа?",
      "option1": "Јован",
      "option2": "Захарија",
      "option3": "Симон",
      "option4": "Ирод",
      "answer": 3,
      "8888": "Дела 8"
    },
    {
      "ques_id": 14,
      "question": "Када је Исус претворио воду у вино, претворио је воду која је била у каменим ћуповима. За шта су се обично користиле ове камене посуде?",
      "option1": "Крштење",
      "option2": "Чишћење",
      "option3": "Трговање",
      "option4": "Свечано прање",
      "answer": 4,
      "8888":"Јован 2:6"
    },
    {
      "ques_id": 15,
      "question": "Ко је био Нимродов отац?",
      "option1": "Андрија",
      "option2": "Јошуа",
      "option3": "Самсон",
      "option4": "Цусх",
      "answer": 4,
      "8888": "1. Летописа 1:10"
    },
    {
      "ques_id": 16,
      "question": "како су се звала Аврамова два сина (по редоследу њиховог рођења)?",
      "option1": "Исак и Јаков",
      "option2": "Измаил и Исак",
      "option3": "Јосеф и Јаков",
      "option4": "Каин и Исак",
      "answer": 2,
      "8888": "Постанак 16:1-16, 1. Летописа 1:28"
    },
    {
      "ques_id": 17,
      "question": "Како су се звала три Нојева сина по редоследу библијских спискова на којима се налазе?",
      "option1": "Шунка, Јосиф, Јафет",
      "option2": "Јафет, Шунка, Исак",
      "option3": "Шем, Хам и Јафет",
      "option4": "Шем, Хам, Џозеф",
      "answer": 3,
      "8888": "Постанак 9:18-19, 1. Летописа 1:4"
    },
    {
      "ques_id": 18,
      "question": "Господ је променио Абрахамово име у Абрахам када је имао 99 година. како се звао пре тога?",
      "option1": "Адам",
      "option2": "Абрам",
      "option3": "Алфа",
      "option4": "Агаг",
      "answer": 2,
      "8888": "Постанак 17:1-5"
    },
    {
      "ques_id": 19,
      "question": "Колико је година имао Аврам када се Исак родио?",
      "option1": "103",
      "option2": "90",
      "option3": "100",
      "option4": "50",
      "answer": 3,
      "8888": "Постанак 21:5"
    },
    {
      "ques_id": 20,
      "question": "Колико књига у библији има реч \"Јован\" у свом наслову?",
      "option1": "4",
      "option2": "3",
      "option3": "1",
      "option4": "5",
      "answer": 1,
      "8888": "Џон"
    }
  ]
}