{
  "Початківець": [
    {
      "ques_id": 1,
      "question": "Хто перша людина, яка коли-небудь жила?",
      "option1": "Мафусаїл",
      "option2": "Авраам",
      "option3": "Мойсей",
      "option4": "Адам",
      "answer": 4
    },
    {
      "ques_id": 2,
      "question": "Кого проковтнула дуже велика риба?",
      "option1": "Ісус",
      "option2": "Йона",
      "option3": "Самсон",
      "option4": "Пітер",
      "answer": 2
    },
    {
      "ques_id": 3,
      "question": "Хто є особою, яку Бог використовував, щоб вивів ізраїльтян з Єгипту",
      "option1": "Аарон",
      "option2": "Авраам",
      "option3": "Мойсей",
      "option4": "Єремія",
      "answer": 3
    },
    {
      "ques_id": 4,
      "question": "Хто був людиною, яка вбила Голіафа",
      "option1": "Давид",
      "option2": "Савл",
      "option3": "Соломон",
      "option4": "Джонатан",
      "answer": 1
    },
    {
      "ques_id": 5,
      "question": "Хто був першим царем Ізраїлю?",
      "option1": "Давид",
      "option2": "Савл",
      "option3": "Соломон",
      "option4": "Мойсей",
      "answer": 2
    },
    {
      "ques_id": 6,
      "question": "Яку професію мав Ісус до свого служіння",
      "option1": "ToyMaker",
      "option2": "Рибалка",
      "option3": "Охоронець виноградника",
      "option4": "Столяр",
      "answer": 4
    },
    {
      "ques_id": 7,
      "question": "Як називається місто, в якому народився Ісус?",
      "option1": "Єрусалим",
      "option2": "Віфлеєм",
      "option3": "Галілея",
      "option4": "Назарет",
      "answer": 2
    },
    {
      "ques_id": 8,
      "question": "Як називається море, по якому ходив Ісус",
      "option1": "Галілейське море",
      "option2": "Мертве море",
      "option3": "Читати море",
      "option4": "Середземне море",
      "answer": 1
    },
    {
      "ques_id": 9,
      "question": "Як називається річка, в якій Іван Хреститель хрестив людей?",
      "option1": "Євфрат",
      "option2": "Ніл",
      "option3": "Йорданія",
      "option4": "Тигр",
      "answer": 3
    },
    {
      "ques_id": 10,
      "question": "Як звати брата Андрія? (Обидва були учнями)",
      "option1": "Петро",
      "option2": "Іван",
      "option3": "Джеймс",
      "option4": "Адам",
      "answer": 1
    },
    {
      "ques_id": 11,
      "question": "Як звали Матір Ісуса?",
      "option1": "Марія",
      "option2": "Марта",
      "option3": "Ціпора",
      "option4": "Сара",
      "answer": 1
    },
    {
      "ques_id": 12,
      "question": "Як називався сад, де жили Адам і Єва?",
      "option1": "Земля Нод",
      "option2": "Райський сад",
      "option3": "Віфлеєм",
      "option4": "Сад долини",
      "answer": 2
    },
    {
      "ques_id": 13,
      "question": "Якою їжею Ісус нагодував 5000 людей",
      "option1": "Вино",
      "option2": "Хліб і вино",
      "option3": "Хліб і риба",
      "option4": "Вода",
      "answer": 3
    },
    {
      "ques_id": 14,
      "question": "Який метод використали римляни, щоб убити Ісуса?",
      "option1": "Забитий камінням",
      "option2": "Кремація",
      "option3": "Розп'яття",
      "option4": "Повішений",
      "answer": 3
    },
    {
      "ques_id": 15,
      "question": "Скільки кошиків залишилося після годування 5000?",
      "option1": "7",
      "option2": "8",
      "option3": "10",
      "option4": "12",
      "answer": 1,
      "8888": "Матвія 15:13"
    },
    {
      "ques_id": 16,
      "question": "Який учень знайшов монету в роті риби?",
      "option1": "Андрій",
      "option2": "Павло",
      "option3": "Пітер",
      "option4": "Тімоті",
      "answer": 3,
      "8888": "Матвія 1:24-27"
    },
    {
      "ques_id": 17,
      "question": "У якій книзі Біблії ми читаємо про Гамана",
      "option1": "Вихід",
      "option2": "Естер",
      "option3": "Рут",
      "option4": "Малахія",
      "answer": 2,
      "8888": "Естер 3"
    },
    {
      "ques_id": 18,
      "question": "Назвіть дружину царя Агріппи, перед якою Павло стояв на суді",
      "option1": "Берніс",
      "option2": "Ірод",
      "option3": "Агаг",
      "option4": "Кайяфа",
      "answer": 1,
      "8888": "Дії 25:23"
    },
    {
      "ques_id": 19,
      "question": "Скільки років стало Еноху",
      "option1": "400",
      "option2": "350",
      "option3": "230",
      "option4": "365",
      "answer": 4,
      "8888": "Буття 5:23"
    },
    {
      "ques_id": 20,
      "question": "Скільки ще років Бог додав до життя царя Єзекії у відповідь на молитву вмираючих царів?",
      "option1": "20",
      "option2": "15",
      "option3": "100",
      "option4": "50",
      "answer": 2,
      "8888": "2 Царів 20:6"
    }
  ],
  "Ентузіаст": [
    {
      "ques_id": 1,
      "question": "Хто був батьком Ісаака?",
      "option1": "Авраам",
      "option2": "Яків",
      "option3": "Ісав",
      "option4": "Пелек",
      "answer": 1
    },
    {
      "ques_id": 2,
      "question": "Хто був батьком Рехав'ама?",
      "option1": "Давид",
      "option2": "Німрод",
      "option3": "Авімелех",
      "option4": "Соломон",
      "answer": 4
    },
    {
      "ques_id": 3,
      "question": "Хто був батьком Мафусаїла?",
      "option1": "Ілля",
      "option2": "Enock",
      "option3": "Сет",
      "option4": "Джаред",
      "answer": 2
    },
    {
      "ques_id": 4,
      "question": "Хто вбив Івана Хрестителя?",
      "option1": "Цезар",
      "option2": "Пілат",
      "option3": "Герольд",
      "option4": "Кайяфа",
      "answer": 3
    },
    {
      "ques_id": 5,
      "question": "Хто був першим убитим за віру в Христа?",
      "option1": "Петро",
      "option2": "Іван",
      "option3": "Варнава",
      "option4": "Стівен",
      "answer": 4
    },
    {
      "ques_id": 6,
      "question": "Куди йшов Савл, коли побачив Ісуса?",
      "option1": "Дамаск",
      "option2": "Греція",
      "option3": "Рим",
      "option4": "Єрусалим",
      "answer": 1
    },
    {
      "ques_id": 7,
      "question": "Де Ісус провів більшу частину свого життя на землі?",
      "option1": "Єрусалим",
      "option2": "Назарет",
      "option3": "Оливкова гора",
      "option4": "Єгипет",
      "answer": 2
    },
    {
      "ques_id": 8,
      "question": "Який псалом починається \"Господь - мій пастир?\"",
      "option1": "Псалом 91",
      "option2": "Псалом 1",
      "option3": "Псалом 104",
      "option4": "Псалом 23",
      "answer": 4
    },
    {
      "ques_id": 9,
      "question": "Чим займався Павло, коли він подорожував як місіонер?",
      "option1": "Пастух",
      "option2": "Продавець фіолетового",
      "option3": "Виробник наметів",
      "option4": "Писар",
      "answer": 3
    },
    {
      "ques_id": 10,
      "question": "Як називається острів, на якому жив Варнава?",
      "option1": "Греція",
      "option2": "Кіпр",
      "option3": "Родос",
      "option4": "Острів Пасхи",
      "answer": 2
    },
    {
      "ques_id": 11,
      "question": "Коли до нього підійшов Ісус і сказав: \"Що тобі до мене, Ісусе, Сину Бога Всевишнього? Заклинаю вас Богом, не мучте мене\".?",
      "option1": "Легіон",
      "option2": "Тера",
      "option3": "Рувим",
      "option4": "Валтасар",
      "answer": 1
    },
    {
      "ques_id": 12,
      "question": "Який птах, за словами Ісуса, ми маємо більшу цінність?",
      "option1": "Орел",
      "option2": "Гриф",
      "option3": "Горобець",
      "option4": "Голуб",
      "answer": 3
    },
    {
      "ques_id": 13,
      "question": "Які дві сестри вийшли заміж за Джейкоба?",
      "option1": "Доркас і Лія",
      "option2": "Маріам і Рахіль",
      "option3": "Рейчел і Лія",
      "option4": "Сарай і Ханна",
      "answer": 3
    },
    {
      "ques_id": 14,
      "question": "У яку землю Бог послав Авраама, щоб принести в жертву свого особливого сина Ісаака?",
      "option1": "Канан",
      "option2": "Македонія",
      "option3": "Кіпр",
      "option4": "Морія",
      "answer": 4
    },
    {
      "ques_id": 15,
      "question": "З якою пророчицею Господньою радився цар Юди Йосія",
      "option1": "Дебора",
      "option2": "Хулда",
      "option3": "Наом",
      "option4": "Рут",
      "answer": 2,
      "8888": "2 Царів 22:12-16"
    },
    {
      "ques_id": 16,
      "question": "Назвіть первістка Самуїла?",
      "option1": "Джошуа",
      "option2": "Джоель",
      "option3": "Джонатан",
      "option4": "Джозеф",
      "answer": 2,
      "8888": "1 Самуїлова 8:2"
    },
    {
      "ques_id": 17,
      "question": "Як звали дружину царя Саула?",
      "option1": "Бом",
      "option2": "Милосердя",
      "option3": "Ахіноам",
      "option4": "Ноам",
      "answer": 3,
      "8888": "1 Самуїлова 14:50"
    },
    {
      "ques_id": 18,
      "question": "Що потрібно для розуміння Божого слова?",
      "option1": "Молитва",
      "option2": "Любов",
      "option3": "Святий дух",
      "option4": "Ангели",
      "answer": 3,
      "8888": "1 Коринтян 2:11"
    },
    {
      "ques_id": 19,
      "question": "Кого Павло сказав, що судив його?",
      "option1": "Сатана",
      "option2": "Бог",
      "option3": "Друг",
      "option4": "Пітер",
      "answer": 2,
      "8888": "1 Коринтян 4:4"
    },
    {
      "ques_id": 20,
      "question": "________ відкладене чи серце хворе?",
      "option1": "Довіра",
      "option2": "Надія",
      "option3": "Любов",
      "option4": "Молитви",
      "answer": 2,
      "8888": "Приповісті 13:12"
    }
  ],
  "Середній": [
    {
      "ques_id": 1,
      "question": "Хто була дружиною Мойсея??",
      "option1": "Елішеба",
      "option2": "Ребекка",
      "option3": "Маріам",
      "option4": "Ціпора",
      "answer": 4
    },
    {
      "ques_id": 2,
      "question": "Хто була другою дружиною Авраама?",
      "option1": "Естер",
      "option2": "Кетура",
      "option3": "Агар",
      "option4": "Лідія",
      "answer": 2
    },
    {
      "ques_id": 3,
      "question": "Скільки розділів міститься в Нагірній проповіді?",
      "option1": "1",
      "option2": "2",
      "option3": "3",
      "option4": "7",
      "answer": 3
    },
    {
      "ques_id": 4,
      "question": "Скільки разів Ізраїль обходив Єрихон?",
      "option1": "13",
      "option2": "7",
      "option3": "70",
      "option4": "12",
      "answer": 1
    },
    {
      "ques_id": 5,
      "question": "Якої довжини лікоть?",
      "option1": "прибл. 12 дюймів",
      "option2": "12 мм",
      "option3": "прибл. 18 дюймів",
      "option4": "прибл. 36 дюймів",
      "answer": 3
    },
    {
      "ques_id": 6,
      "question": "Куди пішов Каїн після того, як він убив Авеля?",
      "option1": "Райський сад",
      "option2": "Земля Нод",
      "option3": "Печери Кумрану",
      "option4": "Гора Арарат",
      "answer": 2
    },
    {
      "ques_id": 7,
      "question": "Хто був сином Кіша?",
      "option1": "Ной",
      "option2": "Апостол Павло",
      "option3": "Авраам",
      "option4": "Цар Саул",
      "answer": 4
    },
    {
      "ques_id": 8,
      "question": "Де жив Рахаб?",
      "option1": "Єрихон",
      "option2": "Єрусалим",
      "option3": "Ніневія",
      "option4": "Ai",
      "answer": 1
    },
    {
      "ques_id": 9,
      "question": "Де жила Доркас?",
      "option1": "Бетель",
      "option2": "Йоппа",
      "option3": "Кейсарія",
      "option4": "Антіохія",
      "answer": 2
    },
    {
      "ques_id": 10,
      "question": "Де \"вулиця Пряма\"",
      "option1": "Єрусалим",
      "option2": "Рим",
      "option3": "Вавилон",
      "option4": "Дамаск",
      "answer": 4
    },
    {
      "ques_id": 11,
      "question": "Після того як він втік, рятуючи своє життя, під яким деревом спав Ілля",
      "option1": "Дуб",
      "option2": "Сосна",
      "option3": "Ялівець",
      "option4": "Ялина",
      "answer": 3,
      "8888": "1 Царів 19:5"
    },
    {
      "ques_id": 12,
      "question": "Іуда зрадив Ісуса за скільки саме срібних монет?",
      "option1": "30",
      "option2": "20",
      "option3": "50",
      "option4": "10",
      "answer": 1,
      "8888": "Матвія 26:15"
    },
    {
      "ques_id": 13,
      "question": "Назвіть ім'я батька Девіда",
      "option1": "Оман",
      "option2": "Джессі",
      "option3": "Джошуа",
      "option4": "Соломон",
      "answer": 2,
      "8888": "1 Царств 1:12"
    },
    {
      "ques_id": 14,
      "question": "Бог не згадується лише в 1 книзі Біблії",
      "option1": "Естер",
      "option2": "Рут",
      "option3": "Малахія",
      "option4": "Вихід",
      "answer": 1,
      "8888": "Естер"
    },
    {
      "ques_id": 15,
      "question": "За скільки срібняків Ісус Навин продав його брати ізмаїльтянам",
      "option1": "50",
      "option2": "12",
      "option3": "20",
      "option4": "100",
      "answer": 3,
      "8888": "Буття 37:28"
    },
    {
      "ques_id": 16,
      "question": "Скількох апостолів вибрав Ісус",
      "option1": "12",
      "option2": "14",
      "option3": "10",
      "option4": "08",
      "answer": 1,
      "8888": "Луки 6:13"
    },
    {
      "ques_id": 17,
      "question": "Ангел сказав Марії, що Ісус буде царювати над домом якого старозавітного персонажа",
      "option1": "Давид",
      "option2": "Яків",
      "option3": "Авраам",
      "option4": "Мойсей",
      "answer": 2,
      "8888": "Луки 1:13"
    },
    {
      "ques_id": 18,
      "question": "Який пророк сказав: \"З Єгипту я покликав свого сина\"?",
      "option1": "Єремія",
      "option2": "Ісая",
      "option3": "Осія",
      "option4": "Єзекіїль",
      "answer": 3,
      "8888": "Осії 11:1"
    },
    {
      "ques_id": 19,
      "question": "Яке дерево прокляв Ісус?",
      "option1": "Інжир",
      "option2": "Виноградник",
      "option3": "Сосна",
      "option4": "дуб",
      "answer": 1,
      "8888": "Марка 11:12-14"
    },
    {
      "ques_id": 20,
      "question": "Кого Саул просив медіума для нього",
      "option1": "Елі",
      "option2": "Натан",
      "option3": "Семюель",
      "option4": "Давид",
      "answer": 3,
      "8888": "1 Самуїла 28:11"
    }
  ],
  "Професіонал": [
    {
      "ques_id": 1,
      "question": "Хто ніс хрест за Христа?",
      "option1": "Філіп",
      "option2": "Симон Киринейський",
      "option3": "Ахав",
      "option4": "Міхей",
      "answer": 2
    },
    {
      "ques_id": 2,
      "question": "Скільки товаришів філістимляни дали Самсону на бенкеті в Тімні?",
      "option1": "30",
      "option2": "31",
      "option3": "32",
      "option4": "33",
      "answer": 1
    },
    {
      "ques_id": 3,
      "question": "Скільки років було пророчиці Анні, коли вона побачила Ісуса?",
      "option1": "83",
      "option2": "84",
      "option3": "88",
      "option4": "92",
      "answer": 2
    },
    {
      "ques_id": 4,
      "question": "Що цариця Савська дала Соломону?",
      "option1": "(124 таланти) золота, прянощів і дорогоцінного каміння",
      "option2": "(120 талантів) золота, прянощів і дорогоцінного каміння",
      "option3": "(18 талантів) золота, прянощів і дорогоцінного каміння",
      "option4": "(221 талант) золота, прянощів і дорогоцінного каміння",
      "answer": 2
    },
    {
      "ques_id": 5,
      "question": "Скільки книг у Старому Завіті?",
      "option1": "37",
      "option2": "38",
      "option3": "39",
      "option4": "40",
      "answer": 3
    },
    {
      "ques_id": 6,
      "question": "На скільки річок розділилася річка в Едемі, покинувши сад?",
      "option1": "4",
      "option2": "3",
      "option3": "6",
      "option4": "8",
      "answer": 1
    },
    {
      "ques_id": 7,
      "question": "Що Йосип хотів зробити, коли дізнався, що Марія вагітна?",
      "option1": "Влаштувати вечірку",
      "option2": "Розлучись з нею",
      "option3": "Тікай",
      "option4": "Жодне з перерахованого вище",
      "answer": 2
    },
    {
      "ques_id": 8,
      "question": "Якого кольору був одяг первосвященика?",
      "option1": "Синій",
      "option2": "Білий",
      "option3": "Зелений",
      "option4": "Червоний",
      "answer": 1
    },
    {
      "ques_id": 9,
      "question": "Що, за словами Боаза, продавала Ноомі?",
      "option1": "Земельна ділянка",
      "option2": "Золото",
      "option3": "Її дитина",
      "option4": "Їжа",
      "answer": 1
    },
    {
      "ques_id": 10,
      "question": "У притчі про боржників один був винен 500 денаріїв (пенсів), а скільки винен інший",
      "option1": "70",
      "option2": "50",
      "option3": "45",
      "option4": "80",
      "answer": 2
    },
    {
      "ques_id": 11,
      "question": "Скільки духу Іллі отримав Єлисей?",
      "option1": "Маленький",
      "option2": "Одна порція",
      "option3": "Здоровий",
      "option4": "Подвійна порція",
      "answer": 4
    },
    {
      "ques_id": 12,
      "question": "Що було незвичайного в 700 воїнах Веніямина, які могли кинути з пращі камінь і щоразу влучати в ціль?",
      "option1": "Вони всі були лівшами",
      "option2": "Вони всі були схожі",
      "option3": "У них не було взуття",
      "option4": "Жодне з перерахованого вище",
      "answer": 1
    },
    {
      "ques_id": 13,
      "question": "Яке відношення мав Анна до Кайяфи?",
      "option1": "Брат",
      "option2": "Дядько",
      "option3": "Кузени",
      "option4": "Тесть",
      "answer": 4
    },
    {
      "ques_id": 14,
      "question": "Чого не можна \"кидати перед свинями\"",
      "option1": "Галька",
      "option2": "Каміння",
      "option3": "Перлини",
      "option4": "Палиця",
      "answer": 3
    },
    {
      "ques_id": 15,
      "question": "О котрій годині Павло і Сила молилися й співали Богові у в’язниці?",
      "option1": "Ранок",
      "option2": "Південь",
      "option3": "Вечір",
      "option4": "Північ",
      "answer": 4
    },
    {
      "ques_id": 16,
      "question": "Що Даниїл і його троє друзів їли замість царського м'яса і пили?",
      "option1": "Хліб",
      "option2": "Вино і хліб",
      "option3": "Бобові та вода",
      "option4": "Нічого",
      "answer": 3
    },
    {
      "ques_id": 17,
      "question": "Як звати двоюрідного брата Ісуса, який народився за шість місяців до нього?",
      "option1": "Іван",
      "option2": "Пітер",
      "option3": "Павло",
      "option4": "Михайло",
      "answer": 1
    },
    {
      "ques_id": 18,
      "question": "У якому місті жив цар Ірод під час народження Ісуса?",
      "option1": "Єрусалим",
      "option2": "Рим",
      "option3": "Вавилон",
      "option4": "Віфлеєм",
      "answer": 1
    },
    {
      "ques_id": 19,
      "question": "Скільки кар послав Бог на Єгипет?",
      "option1": "4",
      "option2": "8",
      "option3": "10",
      "option4": "12",
      "answer": 3
    },
    {
      "ques_id": 20,
      "question": "За скільки срібняків Юда зрадив Христа?",
      "option1": "20",
      "option2": "30",
      "option3": "40",
      "option4": "50",
      "answer": 2
    },
    {
      "ques_id": 21,
      "question": "Скільки днів Ісус з'являвся своїм учням після свого воскресіння?",
      "option1": "30",
      "option2": "7",
      "option3": "40",
      "option4": "11",
      "answer": 3
    },
    {
      "ques_id": 22,
      "question": "Скільки церков Малої Азії було перераховано в Об'явленні?",
      "option1": "7",
      "option2": "8",
      "option3": "9",
      "option4": "10",
      "answer": 1
    }
  ],
  "Геній": [
    {
      "ques_id": 1,
      "question": "Хто був сином Елеазара, сина Аарона?",
      "option1": "Putiel",
      "option2": "Кора",
      "option3": "Пінехас",
      "option4": "Іжар",
      "answer": 3
    },
    {
      "ques_id": 2,
      "question": "Хто був сином Омрі, царя Ізраїлю?",
      "option1": "Ахав",
      "option2": "Йорам",
      "option3": "Зімрі",
      "option4": "Гінат",
      "answer": 1
    },
    {
      "ques_id": 3,
      "question": "Хто був чоловіком Ноомі з книги Рут?",
      "option1": "Боаз",
      "option2": "Елкана",
      "option3": "Обед",
      "option4": "Елімелех",
      "answer": 4
    },
    {
      "ques_id": 4,
      "question": "Скільки літер у найдовшому імені в Біблії?",
      "option1": "16",
      "option2": "18",
      "option3": "22",
      "option4": "25",
      "answer": 2
    },
    {
      "ques_id": 5,
      "question": "Хто вбив Сісеру?",
      "option1": "Давид",
      "option2": "Ахав",
      "option3": "Сол",
      "option4": "Джаель",
      "answer": 4
    },
    {
      "ques_id": 6,
      "question": "Якої ширини був Ноїв ковчег?",
      "option1": "35 ліктів",
      "option2": "50 ліктів",
      "option3": "75 ліктів",
      "option4": "90 ліктів",
      "answer": 2
    },
    {
      "ques_id": 7,
      "question": "Якої ширини був Ковчег Заповіту?",
      "option1": "1,5 ліктя",
      "option2": "2 лікті",
      "option3": "3 лікті",
      "option4": "1 лікоть",
      "answer": 1
    },
    {
      "ques_id": 8,
      "question": "Як звали слугу Єлисея?",
      "option1": "Єгорам",
      "option2": "Шафат",
      "option3": "Гехазі",
      "option4": "Газаель",
      "answer": 3
    },
    {
      "ques_id": 9,
      "question": "Як звали відомого вчителя Пола?",
      "option1": "Юст",
      "option2": "Гамаліїл",
      "option3": "Кайяфа",
      "option4": "Сократ",
      "answer": 2
    },
    {
      "ques_id": 10,
      "question": "Який ізраїльський суддя народився у Віфлеємі?",
      "option1": "Давид",
      "option2": "Ібзан",
      "option3": "Дебора",
      "option4": "Гедеон",
      "answer": 2
    },
    {
      "ques_id": 11,
      "question": "Коли до нього підійшов Ісус і сказав: \"Що тобі до мене, Ісусе, Сину Бога Всевишнього? Заклинаю вас Богом, не мучте мене\".?",
      "option1": "Легіон",
      "option2": "Тера",
      "option3": "Рувим",
      "option4": "Валтасар",
      "answer": 1
    },
    {
      "ques_id": 12,
      "question": "Який птах, за словами Ісуса, ми маємо більшу цінність?",
      "option1": "Орел",
      "option2": "Гриф",
      "option3": "Горобець",
      "option4": "Голуб",
      "answer": 3
    },
    {
      "ques_id": 13,
      "question": "Які дві сестри вийшли заміж за Джейкоба?",
      "option1": "Доркас і Лія",
      "option2": "Маріам і Рахіль",
      "option3": "Рейчел і Лія",
      "option4": "Сарай і Ханна",
      "answer": 3
    },
    {
      "ques_id": 14,
      "question": "У яку землю Бог послав Авраама, щоб принести в жертву свого особливого сина Ісаака?",
      "option1": "Канан",
      "option2": "Македонія",
      "option3": "Кіпр",
      "option4": "Морія",
      "answer": 4
    },
    {
      "ques_id": 15,
      "question": "З якого псалма вірш \"Він мене кладе лежати на зелених пасовиськах, веде мене біля тихих вод\"?",
      "option1": "25",
      "option2": "22",
      "option3": "30",
      "option4": "23",
      "answer": 4,
      "8888": "Псалми 23; 2"
    },
    {
      "ques_id": 16,
      "question": "Страх Господній початок ........ ",
      "option1": "Знання",
      "option2": "Мудрість",
      "option3": "Гроші",
      "option4": "Любов",
      "answer": 1,
      "8888": ""
    },
    {
      "ques_id": 17,
      "question": "Проти якого міста Господь сказав Йоні проповідувати?",
      "option1": "Єрусалим",
      "option2": "Ніневія",
      "option3": "Вавилон",
      "option4": "Юда",
      "answer": 2,
      "8888": "Йона 1:2"
    },
    {
      "ques_id": 18,
      "question": "Яка з цих книг [Филип'янам, Колосянам, Галатам чи Ефесянам] є першою в Біблії",
      "option1": "Колосяни",
      "option2": "Галати",
      "option3": "Ефесяни",
      "option4": "Филип'янам",
      "answer": 2,
      "8888": "Новий Завіт, листи Павла"
    },
    {
      "ques_id": 19,
      "question": "Скільки розділів містить Послання до євреїв?",
      "option1": "13",
      "option2": "15",
      "option3": "10",
      "option4": "16",
      "answer": 1,
      "8888": "Євреям 1-13"
    },
    {
      "ques_id": 20,
      "question": "Як називається штормовий вітер, який може обрушитися на Крит?",
      "option1": "Місячний сон",
      "option2": "Євроклідон",
      "option3": "Переповнення",
      "option4": "Жодне з перерахованого вище",
      "answer": 2,
      "8888": "Дії 2:14"
    }
  ],
  "Експерт": [
    {
      "ques_id": 1,
      "question": "Хто з них не був царем Ізраїлю чи Юди",
      "option1": "Сеннахеріб",
      "option2": "Єгояхим",
      "option3": "Седекія",
      "option4": "Давид",
      "answer": 1
    },
    {
      "ques_id": 2,
      "question": "Хто переконав Самсона розкрити таємницю великої сили",
      "option1": "Діна",
      "option2": "Рут",
      "option3": "Деліла",
      "option4": "Марта",
      "answer": 3
    },
    {
      "ques_id": 3,
      "question": "І небо твоє, що над головою твоєю, стане _____, а земля під тобою стане залізом",
      "option1": "Латунь",
      "option2": "Сталь",
      "option3": "Срібло",
      "option4": "Золото",
      "answer": 1
    },
    {
      "ques_id": 4,
      "question": "Де можна знайти слова: Надійся на Єгову всім своїм серцем і не покладайся на власний розум",
      "option1": "Приповісті 3:5",
      "option2": "Приповісті 5:3",
      "option3": "Приповісті 35:3",
      "option4": "Приповісті 4:3",
      "answer": 1
    },
    {
      "ques_id": 5,
      "question": "який учень тричі відрікся від Ісуса",
      "option1": "Петро",
      "option2": "Ендрю",
      "option3": "Іван",
      "option4": "Юда",
      "answer": 1
    },
    {
      "ques_id": 6,
      "question": "Пам'ять праведних благословенна, а ім'я нечестивих буде",
      "option1": "Виграти",
      "option2": "Гниль",
      "option3": "Цвітіння",
      "option4": "розквіт",
      "answer": 2
    },
    {
      "ques_id": 7,
      "question": "Якою була його робота до того, як Ісус почав проповідувати?",
      "option1": "тесляр",
      "option2": "вчений",
      "option3": "Лікар",
      "option4": "Вчитель",
      "answer": 1
    },
    {
      "ques_id": 8,
      "question": "Зоан використовувався в Біблії як паралель для якої нації\"",
      "option1": "Єгипет",
      "option2": "Ассирія",
      "option3": "Вавилон",
      "option4": "Синай",
      "answer": 1
    },
    {
      "ques_id": 9,
      "question": "Який персонаж Старого Завіту виявив свою віру, готовий віддати свого сина в жертву Богові",
      "option1": "Ной",
      "option2": "Авраам",
      "option3": "shealtiel",
      "option4": "Мойсей",
      "answer": 2
    },
    {
      "ques_id": 10,
      "question":"Що робили моряки корабля \"Йона\", щоб збільшити свої шанси на виживання",
      "option1": "Вони пливли на північ",
      "option2": "Викинув вантаж за борт",
      "option3": "Благав Бога про прощення",
      "option4": "Жодне з перерахованого вище",
      "answer": 2
    },
    {
      "ques_id": 11,
      "question": "Що робив Ісав, поки Яків викрав його благословення?",
      "option1": "Полювання",
      "option2": "Сільське господарство",
      "option3": "РИБАЛКА",
      "option4": "Подорож",
      "answer": 1
    },
    {
      "ques_id": 12,
      "question": "Хто біг від гори Кармель до Самарії швидше, ніж Ахав міг керувати своєю колісницею?",
      "option1": "Єлисей",
      "option2": "Гехазі",
      "option3": "Ілля",
      "option4": "Амос",
      "answer": 3
    },
    {
      "ques_id": 13,
      "question": "Що зробив Бог на сьомий день, після?",
      "option1": "Відпочив",
      "option2": "Створені люди",
      "option3": "Він доручив людині піклуватися про його творіння",
      "option4": "Створено птахів",
      "answer": 1
    },
    {
      "ques_id": 14,
      "question": "Хто стверджував, що золоте теля просто вийшло з вогню?",
      "option1": "Джошуа",
      "option2": "Аарон",
      "option3": "Міріам",
      "option4": "Дебора",
      "answer": 42
    },
    {
      "ques_id": 15,
      "question": "Що просив цар Соломон, коли Бог явився йому уві сні",
      "option1": "Довге життя і знання",
      "option2": "Мудрість [судити між добром і злом]",
      "option3": "Багатство",
      "option4": "Гроші",
      "answer": 2
    },
    {
      "ques_id": 16,
      "question": "Закінчіть прислів'я; Будь-який дурний, коли мовчить, вважається -------?",
      "option1": "Мирно",
      "option2": "Дурний",
      "option3": "Мудрий",
      "option4": "Нахабний",
      "answer": 3
    },
    {
      "ques_id": 17,
      "question": "Як отримати Царство Боже?",
      "option1": "З прихованими мотивами",
      "option2": "Як дитина",
      "option3": "З гордістю",
      "option4": "Через агентів",
      "answer": 2
    },
    {
      "ques_id": 18,
      "question": "Як звали першу дружину Авраама",
      "option1": "Сара",
      "option2": "Міріам",
      "option3": "Рода",
      "option4": "Рут",
      "answer": 1
    },
    {
      "ques_id": 19,
      "question": "Цар Саул не послухався наказу Єгови і врятував життя царя Амелекитян",
      "option1": "Балак",
      "option2": "Дагон",
      "option3": "Агаг",
      "option4": "Натан",
      "answer": 3
    },
    {
      "ques_id": 20,
      "question": "На чому були написані десять заповідей. ",
      "option1": "Два сувої",
      "option2": "Дві кам'яні скрижалі",
      "option3": "Стіни Єрихону",
      "option4": "Дві книги",
      "answer": 1
    }
  ],
  "Майстер": [
    {
      "ques_id": 1,
      "question": "Про кого було записано, що \"всі міркували в своїх серцях\" Може, він Христос?",
      "option1": "Ілля",
      "option2": "Іван",
      "option3": "Малахія",
      "option4": "Пітер",
      "answer": 2
    },
    {
      "ques_id": 2,
      "question": "Як звуть батьків Джозефа",
      "option1": "Джейкоб і Ревека",
      "option2": "Яків і Лія",
      "option3": "Яків і Рахіль",
      "option4": "Яків і Рут",
      "answer": 3
    },
    {
      "ques_id": 3,
      "question": "З усіх людей, згаданих у Біблії, хто прожив найдовше?",
      "option1": "Мафусаїл",
      "option2": "Джаред",
      "option3": "Авраам",
      "option4": "Адам",
      "answer": 1
    },
    {
      "ques_id": 4,
      "question": "Що Ісус сказав тим, хто звинуватив перелюбницю?",
      "option1": "Ось, немає праведного",
      "option2": "Хто без гріха, нехай перший кине камінь",
      "option3": "Горе тому, хто звинувачує цю жінку",
      "option4": "убити її",
      "answer": 2
    },
    {
      "ques_id": 5,
      "question": "У яке місто всі народи одного дня приїдуть поклонятися Богу?",
      "option1": "Дамаск",
      "option2": "Єрусалим",
      "option3": "Кілікія",
      "option4": "Юда",
      "answer": 2
    },
    {
      "ques_id": 6,
      "question": "Хто з нащадків Давида правитиме вічно",
      "option1": "Рехав'ам",
      "option2": "Ісус",
      "option3": "Соломон",
      "option4": "Єровоам",
      "answer": 2
    },
    {
      "ques_id": 7,
      "question": "Хто була побожною матір'ю Тимофія",
      "option1": "Лоїс",
      "option2": "Фібі",
      "option3": "Юніс",
      "option4": "Магдалина",
      "answer": 3
    },
    {
      "ques_id": 8,
      "question": "Чому цар Соломон відвернувся від Бога, коли постарів",
      "option1": "Його іноземні жінки звернули його серце до інших богів",
      "option2": "Він став гордим",
      "option3": "Він любив жінок більше, ніж Бога",
      "option4": "Він поклонявся ідолам",
      "answer": 1
    },
    {
      "ques_id": 9,
      "question": "Хто втік до намету Єгови заради безпеки, але все одно був там убитий?",
      "option1": "Йоав",
      "option2": "Савл",
      "option3": "Амон",
      "option4": "Ісав",
      "answer": 1
    },
    {
      "ques_id": 10,
      "question": "Якому королю приснилася велика статуя людини з різних металів",
      "option1": "Ахав",
      "option2": "Давид",
      "option3": "малах",
      "option4": "Навуходоносор",
      "answer": 4
    },
    {
      "ques_id": 11,
      "question": "Де \"найкраще місце для молитви\"?",
      "option1": "У вашій шафі із зачиненими дверима",
      "option2": "У церкві",
      "option3": "У тихому місці",
      "option4": "В дорозі",
      "answer": 1
    },
    {
      "ques_id": 12,
      "question": "Де можна знайти слова: Надійся на Єгову всім своїм серцем, а не покладайся на власний розум?",
      "option1": "Приповісті 3:5",
      "option2": "Приповісті 35:3",
      "option3": "Приповісті 5:3",
      "option4": "Приповісті 6:4",
      "answer": 1
    },
    {
      "ques_id": 13,
      "question": "Коли Ісус був у твоїй пустелі, що Він спокушався перетворити на хліб?",
      "option1": "Кургани",
      "option2": "Скелі",
      "option3": "Каміння",
      "option4": "Грунт",
      "answer": 3
    },
    {
      "ques_id": 14,
      "question": "Що було особливого в Егуді [суддя над Ізраїлем, який убив Елгона, царя Моава",
      "option1": "Він був дуже молодим",
      "option2": "Він був лівшею",
      "option3": "Він був сліпим",
      "option4": "Він був дуже старим",
      "answer": 2
    },
    {
      "ques_id": 15,
      "question": "Що сталося з містом Єрихон після того, як священик засурмив",
      "option1": "Люди втекли в іншу землю",
      "option2": "Тварини загинули",
      "option3": "Стіни впали",
      "option4": "Люди мігрували",
      "answer": 3
    },
    {
      "ques_id": 16,
      "question": "Згідно Івана 1:1, що було на початку в Бога",
      "option1": "Слово",
      "option2": "Ангел",
      "option3": "Ісус",
      "option4": "Іван",
      "answer": 1
    },
    {
      "ques_id": 17,
      "question": "Скільки псалмів у книзі псалмів?",
      "option1": "150",
      "option2": "170",
      "option3": "120",
      "option4": "190",
      "answer": 1
    },
    {
      "ques_id": 18,
      "question": "Не кожен, хто говорить мені \"Господи, Господи\", увійде в Царство Небесне. Хто ж увійде в Царство Його",
      "option1": "Той, хто виконує волю Божу",
      "option2": "Той, хто творить чудеса",
      "option3": "Той, хто хреститься",
      "option4": "Той, хто проповідує слово Боже",
      "answer": 1
    },
    {
      "ques_id": 19,
      "question": "Хто був першим царем 10 колін Ізраїлю?",
      "option1": "Єровоам",
      "option2": "Рехобот",
      "option3": "Йоав",
      "option4": "Рехав'ам",
      "answer": 1
    },
    {
      "ques_id": 20,
      "question": "Згідно з Єремією, скільки років ізраїльський народ залишався в полоні вавилонського царя?",
      "option1": "120 років",
      "option2": "40 років",
      "option3": "70 років",
      "option4": "80 років",
      "answer": 3
    }
  ],
  "Гросмейстер": [
    {
      "ques_id": 1,
      "question": "У якій річці було сказано омитися Нааману, щоб позбутися прокази?",
      "option1": "Ніл",
      "option2": "Йорданія",
      "option3": "Галілея",
      "option4": "Біблія не говорить",
      "answer": 2
    },
    {
      "ques_id": 2,
      "question": "Хто був батьком Рехав'ама?",
      "option1": "Давид",
      "option2": "Німрод",
      "option3": "Авімелех",
      "option4": "Соломон",
      "answer": 4
    },
    {
      "ques_id": 3,
      "question": "Як довго Давид правив як цар?",
      "option1": "Тридцять років",
      "option2": "Сорок років",
      "option3": "Двадцять п'ять років",
      "option4": "Вісімдесят років",
      "answer": 2
    },
    {
      "ques_id": 4,
      "question": "У поясненні Ісуса притчі про сіяча. Що представляє насіння",
      "option1": "Віра",
      "option2": "Слово Боже",
      "option3": "Ісус",
      "option4": "Любов",
      "answer": 2
    },
    {
      "ques_id": 5,
      "question": "Яка рослина \"найменше насіння, але коли вирощується, то найбільше серед трав?",
      "option1": "Олива",
      "option2": "Гірчиця",
      "option3": "Дуб",
      "option4": "Виноград",
      "answer": 2
    },
    {
      "ques_id": 6,
      "question": "Як звали брата Мойсея?",
      "option1": "Алфей",
      "option2": "Іван",
      "option3": "Аарон",
      "option4": "Джошуа",
      "answer": 3
    },
    {
      "ques_id": 7,
      "question": "З якої частини тіла Адама Бог створив Єву?",
      "option1": "Серце",
      "option2": "Мозок",
      "option3": "Ребро",
      "option4": "Голова",
      "answer": 3
    },
    {
      "ques_id": 8,
      "question": "Ангел сказав Захарії та Єлизаветі, що у них буде син, як його звати",
      "option1": "Ілля",
      "option2": "Ісус",
      "option3": "Іван",
      "option4": "Джеймс",
      "answer": 3
    },
    {
      "ques_id": 9,
      "question": "Яка важлива подія описана в Буття, розділи 1 і 2",
      "option1": "Транспорт",
      "option2": "Створення",
      "option3": "Очищення",
      "option4": "Жертва",
      "answer": 2
    },
    {
      "ques_id": 10,
      "question": "Які були стосунки між Мойсеєм і Кореєм",
      "option1": "Вони обидва були з племені Юди",
      "option2": "Вони були братами",
      "option3": "Вони були двоюрідними братами",
      "option4": "Вони були друзями",
      "answer": 3
    },
    {
      "ques_id": 11,
      "question": "Як Ноомі сказала людям у Віфлеємі називати її",
      "option1": "Мара",
      "option2": "Наама",
      "option3": "Вірсавія",
      "option4": "Мері",
      "answer": 1
    },
    {
      "ques_id": 12,
      "question": "Назвіть єврейську дівчину, яка вийшла заміж за перського царя?",
      "option1": "Наомі",
      "option2": "Дебора",
      "option3": "Естер",
      "option4": "Джуд",
      "answer": 3
    },
    {
      "ques_id": 13,
      "question": "Що символізують сім золотих свічників з Об'явлення 1:20?",
      "option1": "Сім зборів",
      "option2": "Сім ангелів",
      "option3": "Сім королів",
      "option4": "Сім осіб",
      "answer": 1
    },
    {
      "ques_id": 14,
      "question": "Де можна знайти такі слова: але Бог вибрав нерозумне світу, щоб осоромити мудрих?",
      "option1": "Дії",
      "option2": "Римляни",
      "option3": "1 Коринтян",
      "option4": "Іван",
      "answer": 3
    },
    {
      "ques_id": 15,
      "question": "Що було помітно в браті-близнюку Якова, Ісаві при народженні",
      "option1": "У нього були глибокі яскраві очі",
      "option2": "Він був дуже гарний",
      "option3": "Він був рудим і волохатим",
      "option4": "Він був дуже чорним",
      "answer": 3
    },
    {
      "ques_id": 16,
      "question": "Хто відрізав волосся Самсону?",
      "option1": "Його заклятий ворог Халк",
      "option2": "Деліла",
      "option3": "Інша людина",
      "option4": "Його друзі",
      "answer": 2
    },
    {
      "ques_id": 17,
      "question": "Хто написав 1 і 2 книги царів?",
      "option1": "Ілля",
      "option2": "Єремія",
      "option3": "Гад",
      "option4": "Натан",
      "answer": 2
    },
    {
      "ques_id": 18,
      "question": "Яке з Євангелій з'являється останнім у Біблії",
      "option1": "Никодим",
      "option2": "Іван ",
      "option3": "Ендрюс",
      "option4": "Позначка",
      "answer": 2
    },
    {
      "ques_id": 19,
      "question": "Що трапилося з тим, чиє ім'я не було знайдено записаним у книзі життя?",
      "option1": "Вони були оголошені негідними порятунку",
      "option2": "Вони загинули",
      "option3": "Вони померли",
      "option4": "Вони були кинуті в озеро вогняне",
      "answer": 4
    },
    {
      "ques_id": 20,
      "question": "Хто був найсильнішою людиною з усіх, хто жив?",
      "option1": "Голіаф",
      "option2": "Самсон",
      "option3": "Ісус",
      "option4": "Агаг",
      "answer": 2
    }
  ],
  "Легенда": [
    {
      "ques_id": 1,
      "question": "Книга Буття починається єврейським словом \"берешит\", який переклад цього слова на англійську",
      "option1": "На початку",
      "option2": "Хай буде світло",
      "option3": "Коли ще нічого не було",
      "option4": "Господь Бог сказав",
      "answer": 1,
      "8888": "Буття 1:1"
    },
    {
      "ques_id": 2,
      "question": "Поклавши чоловіка в глибокий сон, що взяв Господь Бог від нього, щоб збудувати в жінку",
      "option1": "Зуб",
      "option2": "Ніготь",
      "option3": "Ребро",
      "option4": "Пасмо волосся",
      "answer": 3,
      "8888": "Буття 1:2"
    },
    {
      "ques_id": 3,
      "question": "Що перше благословив Господь Бог словами \"Плодіться і розмножуйтесь\"?",
      "option1": "Перші чоловік і жінка",
      "option2": "Морські істоти та птахи",
      "option3": "Рослини",
      "option4": "Наземні тварини",
      "answer": 1,
      "8888":"Буття 1:22"
    },
    {
      "ques_id": 4,
      "question": "Хто був ангел Господній, який сповістив Марії, що вона завагітніє і народить сина?",
      "option1": "Гавріель",
      "option2": "Михайло",
      "option3": "Рафаель",
      "option4": "Sealtiel",
      "answer": 1,
      "8888":"Лк 1:31"
    },
    {
      "ques_id": 5,
      "question": "Як звати матір св. Іоанна Хрестителя?",
      "option1": "Саломея Зеведеєва",
      "option2": "Єлизавета від Захарії",
      "option3": "Марія Клеофа",
      "option4": "Іродіада Філіппа",
      "answer": 2,
      "8888":"Лк 1:5-6"
    },
    {
      "ques_id": 6,
      "question": "На початку розповіді про воскресіння в Євангелії від Івана згадується, хто рано вранці підійшов до гробу Ісуса й побачив, як камінь відсунули?",
      "option1": "Марія з Магдали",
      "option2": "Святий Іван",
      "option3": "Марта",
      "option4": "Ангел",
      "answer": 1,
      "8888":"Ів.20:1"
    },
    {
      "ques_id": 7,
      "question": "У розповіді про воскресіння в Євангелії від Іоанна, коли воскреслий Господь вперше з’явився Марії Магдалині, вона прийняла його за кого?",
      "option1": "Тюремщик",
      "option2": "Сотник",
      "option3": "Грейдер",
      "option4": "Ангел",
      "answer": 3,
      "8888":"Ів. 20:15"
    },
    {
      "ques_id": 8,
      "question": "У генеалогії Ісуса, наведеній у Євангелії від св. Матвія, згадано 14 поколінь",
      "option1": "П'ять",
      "option2": "Оцінка",
      "option3": "Три",
      "option4": "Дюжина",
      "answer": 3,
      "8888":"Івана 20:15"

    },
    {
      "ques_id": 9,
      "question": "У пророка Ісаї сказано, що хлопчикові, який народиться від незайманої дівчини, буде дано це ім'я, яке означає Бог - з нами?",
      "option1": "Ісус",
      "option2": "Іван",
      "option3": "Еммануель",
      "option4": "Крістос",
      "answer": 3,
      "8888":"Мт 1:23"
    },
    {
      "ques_id": 10,
      "question": "У генеології Ісуса, наведеній у Євангелії від св. Матвія, перший набір із 14 поколінь, згаданих у згадках, почався з Авраамом і закінчився ким?",
      "option1": "Давид",
      "option2": "Мойсей",
      "option3": "Яків",
      "option4": "Джессі",
      "answer": 1,
      "8888":"Мт 1:1-6"
    },
    {
      "ques_id": 11,
      "question": "\"Оскільки вона була взята з його плоті\", як перший чоловік назвав першу жінку?",
      "option1": "Адама",
      "option2": "Єва",
      "option3": "Жінка",
      "option4": "Дружина",
      "answer": 2,
      "8888": "Буття 1:23"
    },
    {
      "ques_id": 12,
      "question": "Що дав Господь Бог на їжу всім звірам землі та всім птахам небесним?",
      "option1": "Зелені рослини",
      "option2": "Насіннєві рослини",
      "option3": "Плодові дерева, що дають насіння",
      "option4": "Все їстівне",
      "answer": 1,
      "8888":"Буття 1:30"
    },
    {
      "ques_id": 13,
      "question": "У який день створення Бог створив сонце та місяць?",
      "option1": "Перший ",
      "option2": "Другий",
      "option3": "Третій",
      "option4": "Четвертий",
      "answer": 4,
      "8888":"Буття 1:26-31"
    },
    {
      "ques_id": 14,
      "question": "Скільки років було Давиду, коли його помазали на царя Ізраїлю?",
      "option1": "50",
      "option2": "20",
      "option3": "35",
      "option4": "30",
      "answer": 4,
      "8888":"2 Самуїла 5:4"
    },
    {
      "ques_id": 15,
      "question": "Хто ще, крім мудреців, приходив відвідати Ісуса, коли він був маленькою дитиною.",
      "option1": "Лучники",
      "option2": "Пастухи",
      "option3": "Мисливці",
      "option4": "Фермери",
      "answer": 2
    },
    {
      "ques_id": 16,
      "question": "Якого зросту був Голіаф?",
      "option1": "6 ліктів і п'ядь",
      "option2": "8 ліктів",
      "option3": "10 ліктів і п'ядь",
      "option4": "12 ліктів",
      "answer": 1,
      "8888":"1 Самуїлова 1:4"
    },
    {
      "ques_id": 17,
      "question": "Що, за словами Павла, було виконанням закону?",
      "option1": "Віра",
      "option2": "Молитва",
      "option3": "Любов",
      "option4": "Шлюб",
      "answer": 3,
      "8888":"Римлян 13:10"
    },
    {
      "ques_id": 18,
      "question": "Який найкоротший розділ у Біблії",
      "option1": "Псалми 117",
      "option2": "Псалми 18",
      "option3": "Марк 10",
      "option4": "Івана 4",
      "answer": 1,
      "8888":"Псалми 117"
    },
    {
      "ques_id": 19,
      "question": " Хто сказав: \"Срібла й золота в мене немає, але те, що я маю, даю тобі\"?",
      "option1": "Павло",
      "option2": "Джеймс",
      "option3": "Пітер",
      "option4": "Тімоті",
      "answer": 3,
      "8888":"Дії 3:6"
    },
    {
      "ques_id": 20,
      "question": "Скільки років був Мойсей [роки] на момент його смерті",
      "option1": "120",
      "option2": "100",
      "option3": "150",
      "option4": "80",
      "answer": 1,
      "8888":"Повторення Закону 34:7"
    }
  ],
  "Позаземний": [
    {
      "ques_id": 1,
      "question": "Хто був найстарішою людиною, описаною в Біблії?",
      "option1": "Мафусаїл",
      "option2": "Адам",
      "option3": "Авраам",
      "option4": "Соломон",
      "answer": 1,
      "8888":"Буття 5:27"
    },
    {
      "ques_id": 2,
      "question": "Скільки років було найстарішій людині, згаданій у Біблії?",
      "option1": "120",
      "option2": "500",
      "option3": "800",
      "option4": "969",
      "answer": 4,
      "8888":"Буття 5:27"
    },
    {
      "ques_id": 3,
      "question": "Що означає Jahwe-Schammmah?",
      "option1": "З нами Бог",
      "option2": "Сам Бог",
      "option3": "Ісус, син Божий",
      "option4": "Вічне життя",
      "answer": 2,
      "8888":"Єзекіїль 48:35"
    },
    {
      "ques_id": 4,
      "question": "Скільки ще років Бог додав до життя царя Єзекії у відповідь на молитву вмираючого царя?",
      "option1": "20",
      "option2": "50",
      "option3": "15",
      "option4": "100",
      "answer": 3,
      "8888":"2 Царів 20:6"
    },
    {
      "ques_id": 5,
      "question": "З якими пророками Господа радився цар Юди Йосія?",
      "option1": "Амос",
      "option2": "Ілля",
      "option3": "Єлисей",
      "option4": "Хулда",
      "answer": 4,
      "8888":" 2 Царів 22:14-16"
    },
    {
      "ques_id": 6,
      "question": "Яку церемонію відновив цар Йосія, яку не святкував жоден із попередніх царів Ізраїлю чи Юди??",
      "option1": "Пасха",
      "option2": "Ритуал жертвопринесення",
      "option3": "поклоніння",
      "option4": "Обрізання",
      "answer": 1,
      "8888":"2 Царів 23:21"
    },
    {
      "ques_id": 7,
      "question": "З якого племені Ізраїлю був цар Саул?",
      "option1": "Юда",
      "option2": "Бенджамін",
      "option3": "Амоніти",
      "option4": "Ізраїль",
      "answer": 2,
      "8888":"1 Самуїлова 9:21"
    },
    {
      "ques_id": 8,
      "question": "Після повернення ковчега до Ізраїлю, яку жертву Самуїл приніс Господу?",
      "option1": "А-він козел",
      "option2": "Людська жертва",
      "option3": "Він пожертвував садовим урожаєм",
      "option4": "Ягня молочне",
      "answer": 4,
      "8888":"1 Самуїлова 7:9"
    },
    {
      "ques_id": 9,
      "question": "Як звали дружину царя Саула?",
      "option1": "Дебора",
      "option2": "Ім'я",
      "option3": "Ахіноам",
      "option4": "Рут",
      "answer": 3,
      "8888":"1 Самуїлова 14:50"
    },
    {
      "ques_id": 10,
      "question": "Що потрібно комусь, щоб зрозуміти Боже слово?",
      "option1": "Знання",
      "option2": "Святий Дух",
      "option3": "Мудрість",
      "option4": "Молитви",
      "answer": 2,
      "8888":"1 Коринтян 2:11"
    },
    {
      "ques_id": 11,
      "question": "Хто, за словами Павла, судив його?",
      "option1": "Бог",
      "option2": "Тера",
      "option3": "Рувим",
      "option4": "Валтасар",
      "answer": 1,
      "8888": "1 Коринтян 4:4"
    },
    {
      "ques_id": 12,
      "question": "У день П'ятидесятниці з Неба пролунав звук ривка____?",
      "option1": "Грім",
      "option2": "Дощ",
      "option3": "Вітер",
      "option4": "гучний шум",
      "answer": 3,
      "8888":"Дії 2:2"
    },
    {
      "ques_id": 13,
      "question": "Хто запропонував заплатити гроші за силу дарувати Святий Дух?",
      "option1": "Іван",
      "option2": "Захарія",
      "option3": "Саймон",
      "option4": "Ірод",
      "answer": 3,
      "8888":"Дії 8"
    },
    {
      "ques_id": 14,
      "question": "Коли Ісус перетворив воду на вино, він перетворив воду, яка була в кам'яних глеках. Для чого ці кам'яні глеки зазвичай використовувалися?",
      "option1": "Хрещення",
      "option2": "Очищення",
      "option3": "Торгівля",
      "option4": "Церемоніальне обмивання",
      "answer": 4,
      "8888":"Івана 2:6"
    },
    {
      "ques_id": 15,
      "question": "Хто був батьком Німрода?",
      "option1": "Андрій",
      "option2": "Джошуа",
      "option3": "Самсон",
      "option4": "Куш",
      "answer": 4,
      "8888":"1 Хронік 1:10"
    },
    {
      "ques_id": 16,
      "question": "як звали двох синів Авраама (в порядку їх народження)?",
      "option1": "Ісаак і Яків",
      "option2": "Ізмаїл та Ісаак",
      "option3": "Йосип і Яків",
      "option4": "Каїн та Ісаак",
      "answer": 2,
      "8888": "Буття 16:1-16, 1 Хронік 1:28"
    },
    {
      "ques_id": 17,
      "question": "Як звали трьох синів Ноя в порядку біблійних списків?",
      "option1": "Хем, Джозеф, Яфет",
      "option2": "Яфет, Хам, Ісаак",
      "option3": "Сим, Хам і Яфет",
      "option4": "Шем, Хам, Йосип",
      "answer": 3,
      "8888":"Буття 9:18-19, 1 Хронік 1:4"
    },
    {
      "ques_id": 18,
      "question": "Господь змінив ім'я Авраама на Авраам, коли йому було 99 років. Як його звали до цього?",
      "option1": "Адам",
      "option2": "Аврам",
      "option3": "Альфа",
      "option4": "Агаг",
      "answer": 2,
      "8888": "Буття 17:1-5"
    },
    {
      "ques_id": 19,
      "question": "Скільки років було Аврааму, коли народився Ісаак?",
      "option1": "103",
      "option2": "90",
      "option3": "100",
      "option4": "50",
      "answer": 3,
      "8888": "Буття 21:5"
    },
    {
      "ques_id": 20,
      "question": "Скільки книг у Біблії мають слово \"Іван\" у своїй назві?",
      "option1": "4",
      "option2": "3",
      "option3": "1",
      "option4": "5",
      "answer": 1,
      "8888": "Іван"
    }
  ]
}