{

  "Débutant": [

    {

      "ques_id": 1,

      "question": "Qui est le premier homme qui ait jamais vécu ?",

      "option1": "Mathuselah",

      "option2": "Abraham",

      "option3": "Moïse",

      "option4": "Adam",

      "answer": 4

    },

    {

      "ques_id": 2,

      "question": "Qui a été avalé par un très gros poisson ?",

      "option1": "Jésus",

      "option2": "Jonas",

      "option3": "Samson",

      "option4": "Pierre",

      "answer": 2

    },

    {

      "ques_id": 3,

      "question": "Qui est la personne que Dieu a utilisée pour faire sortir les Israélites d'Egypte",

      "option1": "Aaron",

      "option2": "Abraham",

      "option3": "Moïse",

      "option4": "Jérémie",

      "answer": 3

    },

    {

      "ques_id": 4,

      "question": "Qui était la personne qui a tué Goliath",

      "option1": "David",

      "option2": "Saül",

      "option3": "Salomon",

      "option4": "Jonathan",

      "answer":1

    },

    {

      "ques_id": 5,

      "question": "Qui était le premier roi d'Israël ?",

      "option1": "David",

      "option2": "Saül",

      "option3": "Salomon",

      "option4": "Moïse",

      "answer": 2

    },

    {

      "ques_id": 6,

      "question": "Quelle occupation avait Jésus avant son ministère",

      "option1": "Fabricant de jouets",

      "option2": "Pêcheur",

      "option3": "Gardien du vignoble",

      "option4": "Charpentier",

      "answer": 4

    },

    {

      "ques_id": 7,

      "question": "Quel est le nom de la ville dans laquelle Jésus est né ?",

      "option1": "Jérusalem",

      "option2": "Bethléem",

      "option3": "Galilée",

      "option4": "Nazareth",

      "answer": 2

    },

    {

      "ques_id": 8,

      "question": "Quel est le nom de la mer sur laquelle Jésus a marché",

      "option1": "Mer de Galilée",

      "option2": "Mer Morte",

      "option3": "Lire la mer",

      "option4": "Mer Méditerranée",

      "answer":1

    },

    {

      "ques_id": 9,

      "question": "Quel est le nom du fleuve dans lequel Jean le Baptiste a baptisé les gens ?",

      "option1": "Euphrate",

      "option2": "Nil",

      "option3": "Jordanie",

      "option4": "Tigre",

      "answer": 3

    },

    {

      "ques_id": 10,

      "question": "Quel est le nom du frère d'André ? (Les deux étaient des disciples)",

      "option1": "Pierre",

      "option2": "Jean",

      "option3": "Jacques",

      "option4": "Adam",

      "answer":1

    },

    {

      "ques_id": 11,

      "question": "Quel était le nom de Jésus Mère?",

      "option1": "Marie",

      "option2": "Marthe",

      "option3": "Zippora",

      "option4": "Sarah",

      "answer":1

    },

    {

      "ques_id": 12,

      "question": "Quel était le nom du jardin où vivaient Adam et Eve ?",

      "option1": "Terre du Nod",

      "option2": "Jardin d'Eden",

      "option3": "Bethléem",

      "option4": "Jardin de la Vallée",

      "answer": 2

    },

    {

      "ques_id": 13,

      "question": "Avec quelle nourriture Jésus a-t-il nourri 5 000 personnes",

      "option1": "Vin",

      "option2": "Miches de pain et vin",

      "option3": "Miches de pain et poissons",

      "option4": "Eau",

      "answer": 3

    },

    {

      "ques_id": 14,

      "question": "Quelle méthode les romains ont-ils utilisée pour tuer Jésus ?",

      "option1": "Lapidé",

      "option2": "Crémation",

      "option3": "Crucification",

      "option4": "Pendu",

      "answer": 3

    },

    {

      "ques_id": 15,

      "question": "Combien de paniers sont restés après l'alimentation des 5000 ?",

      "option1": "7",

      "option2": "8",

      "option3": "10",

      "option4": "12",

      "answer":1,

      "reference": "Matthieu 15:13"

    },

    {

      "ques_id": 16,

      "question": "Quel disciple a trouvé une pièce dans la bouche d'un poisson ?",

      "option1": "André",

      "option2": "Paul",

      "option3": "Pierre",

      "option4": "Timothée",

      "answer": 3,

      "reference": "Matthieu 1:24-27"

    },

    {

      "ques_id": 17,

      "question": "Dans quel livre de la bible lisons-nous à propos d'Haman",

      "option1": "Exode",

      "option2": "Esther",

      "option3": "Ruth",

      "option4": "Malachie",

      "answer": 2,

      "référence": "Esther 3"

    },

    {

      "ques_id": 18,

      "question": "Nommez la femme du roi Agrippa, devant laquelle Paul s'est tenu en jugement",

      "option1": "Bernince",

      "option2": "Hérode",

      "option3": "Agag",

      "option4": "Ciaphas",

      "answer":1,

      "référence": "Actes 25:23"

    },

    {

      "ques_id": 19,

      "question": "Quel âge a eu Enoch",

      "option1": "400",

      "option2": "350",

      "option3": "230",

      "option4": "365",

      "answer": 4,

      "reference": "Genèse 5:23"

    },

    {

      "ques_id": 20,

      "question": "Combien d'années Dieu a-t-il ajouté à la vie du roi Ézéchias en réponse à la prière des rois mourants ?",

      "option1": "20",

      "option2": "15",

      "option3": "100",

      "option4": "50",

      "answer": 2,

      "reference": "2 Rois 20:6"

    }

  ],

  "Passionné": [

    {

      "ques_id": 1,

      "question": "Qui était le père d'Isaac ?",

      "option1": "Abraham",

      "option2": "Jacob",

      "option3": "Esaü",

      "option4": "Peleq",

      "answer":1

    },

    {

      "ques_id": 2,

      "question": "Qui était le père de Roboam?",

      "option1": "David",

      "option2": "Nimrod",

      "option3": "Abimélec",

      "option4": "Salomon",

      "answer": 4

    },

    {

      "ques_id": 3,

      "question": "Qui était le père de Mathusalem?",

      "option1": "Élie",

      "option2": "Enock",

      "option3": "Seth",

      "option4": "Jared",

      "answer": 2

    },

    {

      "ques_id": 4,

      "question": "Qui a tué Jean-Baptiste?",

      "option1": "César",

      "option2": "Pilate",

      "option3": "Hérold",

      "option4": "Caïphe",

      "answer": 3

    },

    {

      "ques_id": 5,

      "question": "Qui a été la première personne tuée parce qu'elle a cru en Christ ?",

      "option1": "Pierre",

      "option2": "Jean",

      "option3": "Barnabé",

      "option4": "Stephen",

      "answer": 4

    },

    {

      "ques_id": 6,

      "question": "Où allait Saul quand il a vu Jésus?",

      "option1": "Damas",

      "option2": "Grèce",

      "option3": "Rome",

      "option4": "Jérusalem",

      "answer":1

    },

    {

      "ques_id": 7,

      "question": "Où Jésus a-t-il passé la majeure partie de sa vie sur terre ?",

      "option1": "Jérusalem",

      "option2": "Nazareth",

      "option3": "Mont des Oliviers",

      "option4": "Égypte",

      "answer": 2

    },

    {

      "ques_id": 8,

      "question": "Quel Psaume commence, 'Le Seigneur est mon berger?'",

      "option1": "Psaume 91",

      "option2": "Psaume 1",

      "option3": "Psaume 104",

      "option4": "Psaume 23",

      "answer": 4

    },

    {

      "ques_id": 9,

      "question": "Quelle était l'occupation de Paul lorsqu'il voyageait comme missionnaire ?",

      "option1": "Berger",

      "option2": "Vendeur de Violet",

      "option3": "Fabricant de tentes",

      "option4": "Scribe",

      "answer": 3

    },

    {

      "ques_id": 10,

      "question": "Quel est le nom de l'île sur laquelle Barnabas a vécu ?",

      "option1": "Grèce",

      "option2": "Chypre",

      "option3": "Rhodes",

      "option4": "Île de Pâques",

      "answer": 2

    },

    {

      "ques_id": 11,

      "question": "Lorsqu'il a été approché par Jésus, qui a dit: 'Qu'as-tu à faire avec moi, Jésus, Fils du Dieu Très-Haut? Je t'en adjure par Dieu, ne me tourmente pas'.?",

      "option1": "Légion",

      "option2": "Térah",

      "option3": "Ruben",

      "option4": "Belshazzar",

      "answer":1

    },

    {

      "ques_id": 12,

      "question": "Quel oiseau Jésus dit-il que nous avons plus de valeur ?",

      "option1": "Aigle",

      "option2": "Vautour",

      "option3": "Moineau",

      "option4": "Colombe",

      "answer": 3

    },

    {

      "ques_id": 13,

      "question": "Quelles sont les deux sœurs qui ont épousé Jacob ?",

      "option1": "Dorcas et Léa",

      "option2": "Mariam et Rachel",

      "option3": "Rachel et Léa",

      "option4": "Sarai et Hannah",

      "answer": 3

    },

    {

      "ques_id": 14,

      "question": "Dans quel pays Dieu a-t-il envoyé Abraham pour sacrifier son fils spécial, Isaac?",

      "option1": "Canan",

      "option2": "Macédoine",

      "option3": "Chypre",

      "option4": "Moriah",

      "answer": 4

    },

    {

      "ques_id": 15,

      "question": "Quelle prophétesse du Seigneur le roi Josias de Juda a-t-il consultée",

      "option1": "Débora",

      "option2": "Hulda",

      "option3": "Naom",

      "option4": "Ruth",

      "answer": 2,

      "référence": "2 Rois 22:12-16"

    },

    {

      "ques_id": 16,

      "question": "Nommez le fils premier-né de Samuel ?",

      "option1": "Josué",

      "option2": "Joël",

      "option3": "Jonathan",

      "option4": "Joseph",

      "answer": 2,

      "reference": "1 Samuel 8:2"

    },

    {

      "ques_id": 17,

      "question": "Quel était le nom de la femme du roi Saül ?",

      "option1": "Boam",

      "option2": "Miséricorde",

      "option3": "Ahinoam",

      "option4": "Noam",

      "answer": 3,

      "référence": "1 Samuel 14:50"

    },

    {

      "ques_id": 18,

      "question": "Que faut-il pour que quelqu'un comprenne la parole de Dieu ?",

      "option1": "Prière",

      "option2": "Amour",

      "option3": "Esprit Saint",

      "option4": "Anges",

      "answer": 3,

      "reference": "1 Corinthiens 2:11"

    },

    {

      "ques_id": 19,

      "question": "Qui Paul a-t-il dit l'a jugé?",

      "option1": "Satan",

      "option2": "Dieu",

      "option3": "Ami",

      "option4": "Pierre",

      "answer": 2,

      "reference": "1 corinthiens 4:4"

    },

    {

      "ques_id": 20,

      "question": "________ différé rend le cœur malade ?",

      "option1": "Confiance",

      "option2": "Espoir",

      "option3": "Amour",

      "option4": "Prières",

      "answer": 2,

      "référence": "Proverbes 13:12"

    }

  ],

  "Intermédiaire": [

    {

      "ques_id": 1,

      "question": "Qui était la femme de Moïse ??",

      "option1": "Élishéba",

      "option2": "Rebecca",

      "option3": "Mariam",

      "option4": "Zippora",

      "answer": 4

    },

    {

      "ques_id": 2,

      "question": "Qui était la seconde épouse d'Abraham ?",

      "option1": "Esther",

      "option2": "Ketura",

      "option3": "Agar",

      "option4": "Lydie",

      "answer": 2

    },

    {

      "ques_id": 3,

      "question": "Combien de chapitres sont contenus dans le Sermon sur la Montagne ?",

      "option1": "1",

      "option2": "2",

      "option3": "3",

      "option4": "7",

      "answer": 3

    },

    {

      "ques_id": 4,

      "question": "Combien de fois Israël a-t-il marché autour de Jéricho ?",

      "option1": "13",

      "option2": "7",

      "option3": "70",

      "option4": "12",

      "answer":1

    },

    {

      "ques_id": 5,

      "question": "Combien mesure une coudée ?",

      "option1": "environ 12 pouces",

      "option2": "12mm",

      "option3": "environ 18 pouces",

      "option4": "environ 36 pouces",

      "answer": 3

    },

    {

      "ques_id": 6,

      "question": "Où est allé Caïn après avoir tué Abel ?",

      "option1": "Jardin d'Eden",

      "option2": "Terre du Nod",

      "option3": "Grottes de Qumrân",

      "option4": "Mont Ararat",

      "answer": 2

    },

    {

      "ques_id": 7,

      "question": "Qui était le fils de Kish ?",

      "option1": "Noé",

      "option2": "Apôtre Paul",

      "option3": "Abraham",

      "option4": "Roi Saül",

      "answer": 4

    },

    {

      "ques_id": 8,

      "question": "Où habitait Rahab ?",

      "option1": "Jéricho",

      "option2": "Jérusalem",

      "option3": "Ninive",

      "option4": "Ai",

      "answer":1

    },

    {

      "ques_id": 9,

      "question": "Où vivait Dorcas ?",

      "option1": "Béthel",

      "option2": "Joppé",

      "option3": "Césarée",

      "option4": "Antioche",

      "answer": 2

    },

    {

      "ques_id": 10,

      "question": "Où est la 'Rue appelée Droite'",

      "option1": "Jérusalem",

      "option2": "Rome",

      "option3": "Babylone",

      "option4": "Damas",

      "answer": 4

    },

    {

      "ques_id": 11,

      "question": "Après avoir fui pour sauver sa vie, sous quel arbre Elie a-t-il dormi",

      "option1": "Chêne",

      "option2": "Pin",

      "option3": "Genévrier",

      "option4": "Sapin",

      "answer": 3,

      "reference": "1 Rois 19:5"

    },

    {

      "ques_id": 12,

      "question": "Judas a trahi Jésus pour combien de pièces d'argent exactement ?",

      "option1": "30",

      "option2": "20",

      "option3": "50",

      "option4": "10",

      "answer":1,

      "reference": "Matthieu 26:15"

    },

    {

      "ques_id": 13,

      "question": "Nommez le père de David",

      "option1": "Oman",

      "option2": "Jesse",

      "option3": "Josué",

      "option4": "Salomon",

      "answer": 2,

      "reference": "1Samuel 1:12"

    },

    {

      "ques_id": 14,

      "question": "Dieu n'est pas mentionné dans un seul livre de la Bible",

      "option1": "Esther",

      "option2": "Ruth",

      "option3": "Malachie",

      "option4": "Exode",

      "answer":1,

      "référence": "Esther"

    },

    {

      "ques_id": 15,

      "question": "Pour combien de pièces d'argent Josué a-t-il été vendu par ses frères aux Ismaélites",

      "option1": "50",

      "option2": "12",

      "option3": "20",

      "option4": "100",

      "answer": 3,

      "référence": "Genèse 37:28"

    },

    {

      "ques_id": 16,

      "question": "Combien d'apôtres Jésus a-t-il choisis",

      "option1": "12",

      "option2": "14",

      "option3": "10",

      "option4": "08",

      "answer":1,

      "référence": "Luc 6:13"

    },

    {

      "ques_id": 17,

      "question": "L'ange dit à Marie que Jésus régnerait sur la maison dont le personnage de l'Ancien Testament",

      "option1": "David",

      "option2": "Jacob",

      "option3": "Abraham",

      "option4": "Moïse",

      "answer":2,

      "reference": "Luc 1:13"

    },

    {

      "ques_id": 18,

      "question": "Quel prophète a dit 'Hors d'Egypte ai-je appelé mon fils' ?",

      "option1": "Jérémie",

      "option2": "Isaïe",

      "option3": "Osée",

      "option4": "Ézéchiel",

      "answer": 3,

      "reference": "Osée 11:1"

    },

    {

      "ques_id": 19,

      "question": "Quel type d'arbre Jésus a-t-il maudit ?",

      "option1": "Figue",

      "option2": "Vignoble",

      "option3": "Pin",

      "option4": "chêne",

      "answer":1,

      "reference": "Marc 11:12-14"

    },

    {

      "ques_id": 20,

      "question": "Qui Saul a-t-il demandé à un médium d'évoquer pour lui",

      "option1": "Éli",

      "option2": "Nathan",

      "option3": "Samuel",

      "option4": "David",

      "answer": 3,

      "reference": "1 samuel 28:11"

    }

  ],

  "Professionnel": [

    {

      "ques_id": 1,

      "question": "Qui a porté la croix pour le Christ?",

      "option1": "Philippe",

      "option2": "Simon de Cyrène",

      "option3": "Achab",

      "option4": "Michée",

      "answer": 2

    },

    {

      "ques_id": 2,

      "question": "Combien de compagnons les Philistins ont-ils donnés à Samson lors de la fête de Timna?",

      "option1": "30",

      "option2": "31",

      "option3": "32",

      "option4": "33",

      "answer":1

    },

    {

      "ques_id": 3,

      "question": "Quel âge avait Anne la prophétesse quand elle a vu Jésus ?",

      "option1": "83",

      "option2": "84",

      "option3": "88",

      "option4": "92",

      "answer": 2

    },

    {

      "ques_id": 4,

      "question": "Qu'est-ce que la reine de Saba a donné à Salomon ?",

      "option1": "(124 talents d') or, épices et pierres précieuses",

      "option2": "(120 talents d') or, épices et pierres précieuses",

      "option3": "(18 talents d') or, épices et pierres précieuses",

      "option4": "(221 talents d') or, épices et pierres précieuses",

      "answer": 2

    },

    {

      "ques_id": 5,

      "question": "Combien y a-t-il de livres dans l'Ancien Testament ?",

      "option1": "37",

      "option2": "38",

      "option3": "39",

      "option4": "40",

      "answer": 3

    },

    {

      "ques_id": 6,

      "question": "En combien de rivières la rivière d'Eden s'est-elle divisée une fois qu'elle a quitté le jardin ?",

      "option1": "4",

      "option2": "3",

      "option3": "6",

      "option4": "8",

      "answer":1

    },

    {

      "ques_id": 7,

      "question": "Qu'est-ce que Joseph voulait faire quand il a découvert que Marie était enceinte ?",

      "option1": "Organiser une fête",

      "option2": "La divorcer",

      "option3": "Fuyez",

      "option4": "Aucune des réponses ci-dessus",

      "answer": 2

    },

    {

      "ques_id": 8,

      "question": "De quelle couleur était la robe du Grand Prêtre ?",

      "option1": "Bleu",

      "option2": "Blanc",

      "option3": "Vert",

      "option4": "Rouge",

      "answer":1

    },

    {

      "ques_id": 9,

      "question": "Qu'est-ce que Boaz a dit que Naomi vendait ?",

      "option1": "Une parcelle de terrain",

      "option2": "Or",

      "option3": "Son enfant",

      "option4": "Nourriture",

      "answer":1

    },

    {

      "ques_id": 10,

      "question": "Dans la parabole des débiteurs, l'un devait 500 deniers (pence), mais combien devait l'autre",

      "option1": "70",

      "option2": "50",

      "option3": "45",

      "option4": "80",

      "answer": 2

    },

    {

      "ques_id": 11,

      "question": "Quelle quantité de l'esprit d'Elie Elisée a-t-il reçue ?",

      "option1": "Peu",

      "option2": "Portion unique",

      "option3": "Sain",

      "option4": "Portion double",

      "answer": 4

    },

    {

      "ques_id": 12,

      "question": "Qu'y avait-il d'inhabituel chez les 700 soldats benjamites qui pouvaient lancer une pierre et toucher leur cible à chaque fois ?",

      "option1": "Ils étaient tous gauchers",

      "option2": "Ils se ressemblaient tous",

      "option3": "Ils n'avaient pas de chaussures",

      "option4": "Aucune des réponses ci-dessus",

      "answer":1

    },

    {

      "ques_id": 13,

      "question": "Quel était le lien entre Anne et Caïphe ?",

      "option1": "Frère",

      "option2": "Oncle",

      "option3": "Cousins",

      "option4": "Beau-père",

      "answer": 4

    },

    {

      "ques_id": 14,

      "question": "Qu'est-ce qu'il ne faut pas 'jeter avant les porcs'",

      "option1": "Galets",

      "option2": "Pierres",

      "option3": "Perles",

      "option4": "Coller",

      "answer": 3

    },

    {

      "ques_id": 15,

      "question": "En prison, à quelle heure Paul et Silas ont-ils prié et chanté Dieu ?",

      "option1": "Matin",

      "option2": "Après-midi",

      "option3": "Soirée",

      "option4": "Minuit",

      "answer": 4

    },

    {

      "ques_id": 16,

      "question": "Qu'est-ce que Daniel et ses trois amis ont mangé à la place de la viande et de la boisson du roi ?",

      "option1": "Pain",

      "option2": "Vin et pain",

      "option3": "Pulses et eau",

      "option4": "Rien",

      "answer": 3

    },

    {

      "ques_id": 17,

      "question": "Comment s'appelle le cousin de Jésus, né six mois avant lui?",

      "option1": "Jean",

      "option2": "Pierre",

      "option3": "Paul",

      "option4": "Michel",

      "answer":1

    },

    {

      "ques_id": 18,

      "question": "Dans quelle ville vivait le roi Hérode au moment de la naissance de Jésus ?",

      "option1": "Jérusalem",

      "option2": "Rome",

      "option3": "Babylone",

      "option4": "Bethléem",

      "answer":1

    },

    {

      "ques_id": 19,

      "question": "Combien de plaies Dieu a-t-il envoyé sur l'Egypte?",

      "option1": "4",

      "option2": "8",

      "option3": "10",

      "option4": "12",

      "answer": 3

    },

    {

      "ques_id": 20,

      "question": "Pour combien de pièces d'argent Judas a-t-il trahi le Christ ?",

      "option1": "20",

      "option2": "30",

      "option3": "40",

      "option4": "50",

      "answer": 2

    },

    {

      "ques_id": 21,

      "question": "Pendant combien de jours Jésus est-il apparu à ses disciples après sa résurrection?",

      "option1": "30",

      "option2": "7",

      "option3": "40",

      "option4": "11",

      "answer": 3

    },

    {

      "ques_id": 22,

      "question": "Combien d'églises d'Asie Mineure ont été répertoriées dans l'Apocalypse ?",

      "option1": "7",

      "option2": "8",

      "option3": "9",

      "option4": "10",

      "answer":1

    }

  ],

  "Génie": [

    {

      "ques_id": 1,

      "question": "Qui était le fils d'Eléazar, le fils d'Aaron?",

      "option1": "Poutiel",

      "option2": "Coré",

      "option3": "Phinehas",

      "option4": "Izhar",

      "answer": 3

    },

    {

      "ques_id": 2,

      "question": "Qui était le fils d'Omri, le roi d'Israël ?",

      "option1": "Achab",

      "option2": "Joram",

      "option3": "Zimri",

      "option4": "Ginath",

      "answer":1

    },

    {

      "ques_id": 3,

      "question": "Qui était le mari de Naomi du livre de Ruth ?",

      "option1": "Boaz",

      "option2": "Elkana",

      "option3": "Obed",

      "option4": "Élimélec",

      "answer": 4

    },

    {

      "ques_id": 4,

      "question": "Combien y a-t-il de lettres dans le nom le plus long de la Bible ?",

      "option1": "16",

      "option2": "18",

      "option3": "22",

      "option4": "25",

      "answer": 2

    },

    {

      "ques_id": 5,

      "question": "Qui a tué Sisera ?",

      "option1": "David",

      "option2": "Achab",

      "option3": "Saül",

      "option4": "Jaël",

      "answer": 4

    },

    {

      "ques_id": 6,

      "question": "Quelle était la largeur de l'arche de Noé ?",

      "option1": "35 coudées",

      "option2": "50 coudées",

      "option3": "75 coudées",

      "option4": "90 coudées",

      "answer": 2

    },

    {

      "ques_id": 7,

      "question": "Quelle était la largeur de l'Arche d'Alliance ?",

      "option1": "1,5 coudée",

      "option2": "2 coudées",

      "option3": "3 coudées",

      "option4": "1 coudée",

      "answer":1

    },

    {

      "ques_id": 8,

      "question": "Quel était le nom du serviteur d'Elisée ?",

      "option1": "Jéhoram",

      "option2": "Shaphat",

      "option3": "Guéhazi",

      "option4": "Hazaël",

      "answer": 3

    },

    {

      "ques_id": 9,

      "question": "Quel était le nom du célèbre professeur de Paul ?",

      "option1": "Justus",

      "option2": "Gamaliel",

      "option3": "Caïphe",

      "option4": "Socrate",

      "answer": 2

    },

    {

      "ques_id": 10,

      "question": "Quel juge d'Israël est né à Bethléem ?",

      "option1": "David",

      "option2": "Ibzan",

      "option3": "Déborah",

      "option4": "Gédéon",

      "answer": 2

    },

    {

      "ques_id": 11,

      "question": "Lorsqu'il a été approché par Jésus, qui a dit: 'Qu'as-tu à faire avec moi, Jésus, Fils du Dieu Très-Haut? Je t'en adjure par Dieu, ne me tourmente pas'.?",

      "option1": "Légion",

      "option2": "Térah",

      "option3": "Ruben",

      "option4": "Belshazzar",

      "answer":1

    },

    {

      "ques_id": 12,

      "question": "Quel oiseau Jésus dit-il que nous avons plus de valeur ?",

      "option1": "Aigle",

      "option2": "Vautour",

      "option3": "Moineau",

      "option4": "Colombe",

      "answer": 3

    },

    {

      "ques_id": 13,

      "question": "Quelles sont les deux sœurs qui ont épousé Jacob ?",

      "option1": "Dorcas et Léa",

      "option2": "Mariam et Rachel",

      "option3": "Rachel et Léa",

      "option4": "Sarai et Hannah",

      "answer": 3

    },

    {

      "ques_id": 14,

      "question": "Dans quel pays Dieu a-t-il envoyé Abraham pour sacrifier son fils spécial, Isaac?",

      "option1": "Canan",

      "option2": "Macédoine",

      "option3": "Chypre",

      "option4": "Moriah",

      "answer": 4

    },

    {

      "ques_id": 15,

      "question": "De quel Psaume est le verset 'Il me fait coucher dans de verts pâturages, il me conduit près des eaux calmes', d'où ?",

      "option1": "25",

      "option2": "22",

      "option3": "30",

      "option4": "23",

      "answer": 4,

      "reference": "Psaumes 23;2"

    },

    {

      "ques_id": 16,

      "question": "La crainte du seigneur est le début de ........",

      "option1": "Connaissance",

      "option2": "Sagesse",

      "option3": "Argent",

      "option4": "Amour",

      "answer":1,

      "référence": ""

    },

    {

      "ques_id": 17,

      "question": "Dans quelle ville le Seigneur a-t-il dit à Jonas de prêcher ?",

      "option1": "Jérusalem",

      "option2": "Ninive",

      "option3": "Babylone",

      "option4": "Juda",

      "answer": 2,

      "reference": "Jonas 1:2"

    },

    {

      "ques_id": 18,

      "question": "Lequel de ces livres [Philippiens, Colossiens, Galates ou Ephésiens] vient en premier dans la bible",

      "option1": "Colossiens",

      "option2": "Galates",

      "option3": "Éphésiens",

      "option4": "Philippiens",

      "answer": 2,

      "reference": "Nouveau testament, lettres de Paul"

    },

    {

      "ques_id": 19,

      "question": "Combien de chapitres le livre Hébreux compte-t-il ?",

      "option1": "13",

      "option2": "15",

      "option3": "10",

      "option4": "16",

      "answer":1,

      "reference": "Hébreux 1-13"

    },

    {

      "ques_id": 20,

      "question": "Quel est le nom des vents de tempête qui peuvent frapper la crète ?",

      "option1": "Ton de lune",

      "option2": "Euroklydon",

      "option3": "Débordement",

      "option4": "Aucune des réponses ci-dessus",

      "answer": 2,

      "reference": "Actes 2:14"

    }

  ],

  "Expert": [

    {

      "ques_id": 1,

      "question": "Lequel d'entre eux n'était pas un roi d'Israël ou de Juda",

      "option1": "Sennachérib",

      "option2": "Jéhoïachim",

      "option3": "Sédécias",

      "option4": "David",

      "answer":1

    },

    {

      "ques_id": 2,

      "question": "Qui a persuadé Samson de révéler le secret de la grande force",

      "option1": "Dina",

      "option2": "Ruth",

      "option3": "Dalila",

      "option4": "Marthe",

      "answer": 3

    },

    {

      "ques_id": 3,

      "question": "Et ton ciel qui est au-dessus de ta tête sera _____, et la terre qui est sous toi sera de fer",

      "option1": "Laiton",

      "option2": "Acier",

      "option3": "Argent",

      "option4": "Or",

      "answer":1

    },

    {

      "ques_id": 4,

      "question": "Où peut-on trouver les mots: Mets ta confiance en Jéhovah de tout ton cœur et ne t'appuie pas sur ta propre intelligence",

      "option1": "Proverbes 3:5",

      "option2": "Proverbes 5:3",

      "option3": "Proverbes 35:3",

      "option4": "Proverbes 4:3",

      "answer":1

    },

    {

      "ques_id": 5,

      "question": "quel disciple a renié Jésus trois fois",

      "option1": "Pierre",

      "option2": "André",

      "option3": "Jean",

      "option4": "Judas",

      "answer":1

    },

    {

      "ques_id": 6,

      "question": "La mémoire du juste est bénie: mais le nom du méchant sera",

      "option1": "Gagner",

      "option2": "Pourrir",

      "option3": "Floraison",

      "option4": "s'épanouir",

      "answer": 2

    },

    {

      "ques_id": 7,

      "question": "Avant que Jésus ne commence à prêcher, quel était son travail ?",

      "option1": "menuisier",

      "option2": "érudit",

      "option3": "Docteur",

      "option4": "Professeur",

      "answer":1

    },

    {

      "ques_id": 8,

      "question": "Zoan a été utilisé dans la bible comme parallèle pour quelle nation'",

      "option1": "Egypte",

      "option2": "Assyrie",

      "option3": "Babylone",

      "option4": "Sinaï",

      "answer":1

    },

    {

      "ques_id": 9,

      "question": "Quel personnage de l'Ancien Testament a montré sa foi en acceptant d'offrir son fils sur un autel à Dieu ?",

      "option1": "Noé",

      "option2": "Abraham",

      "option3": "Shealtiel",

      "option4": "Moïse",

      "answer": 2

    },

    {

      "ques_id": 10,

      "question":"Qu'est-ce que les marins du navire que faisait Jonas pour augmenter leurs chances de survie",

      "option1": "Ils ont navigué vers le nord",

      "option2": "J'ai jeté la cargaison par-dessus bord",

      "option3": "J'ai supplié Dieu de me pardonner",

      "option4": "Aucune des réponses ci-dessus",

      "answer": 2

    },

    {

      "ques_id": 11,

      "question": "Que faisait Esaü pendant que Jacob volait sa bénédiction ?",

      "option1": "Chasse",

      "option2": "Agriculture",

      "option3": "PÊCHE",

      "option4": "Voyage",

      "answer":1

    },

    {

      "ques_id": 12,

      "question": "Qui a couru du mont carmel à Samarie plus vite qu'Achab ne pouvait conduire son char ?",

      "option1": "Élisée",

      "option2": "Guéhazi",

      "option3": "Élie",

      "option4": "Amos",

      "answer": 3

    },

    {

      "ques_id": 13,

      "question": "Qu'est-ce que Dieu a fait le septième jour, après ?",

      "option1": "Reposé",

      "option2": "Humains créés",

      "option3": "Il a chargé l'homme de prendre soin de ses créations",

      "option4": "Oiseaux créés",

      "answer":1

    },

    {

      "ques_id": 14,

      "question": "Qui a prétendu que le veau d'or était tout simplement sorti du feu ?",

      "option1": "Josué",

      "option2": "Aaron",

      "option3": "Miriam",

      "option4": "Débora",

      "answer": 42

    },

    {

      "ques_id": 15,

      "question": "Qu'est-ce que le roi Salomon a demandé quand Dieu lui est apparu en songe",

      "option1": "Longue vie et connaissance",

      "option2": "La sagesse [pour juger entre le bien et le mal]",

      "option3": "Richesse",

      "option4": "Argent",

      "answer": 2

    },

    {

      "ques_id": 16,

      "question": "Complétez le dicton proverbial ; Quiconque est insensé, quand garder le silence est considéré comme étant ------- ?",

      "option1": "Paisible",

      "option2": "Stupide",

      "option3": "Sage",

      "option4": "Arrogant",

      "answer": 3

    },

    {

      "ques_id": 17,

      "question": "Comment doit-on recevoir le royaume de Dieu?",

      "option1": "Avec des motifs cachés",

      "option2": "Comme un enfant",

      "option3": "Avec fierté",

      "option4": "Par l'intermédiaire d'agents",

      "answer": 2

    },

    {

      "ques_id": 18,

      "question": "Quel était le nom de la première femme d'Abraham",

      "option1": "Sarah",

      "option2": "Miriam",

      "option3": "Roda",

      "option4": "Ruth",

      "answer":1

    },

    {

      "ques_id": 19,

      "question": "Le roi Saül a désobéi à l'ordre de Jéhovah et a épargné la vie de ce roi Amélékite",

      "option1": "Balak",

      "option2": "Dagon",

      "option3": "Agag",

      "option4": "Nathan",

      "answer": 3

    },

    {

      "ques_id": 20,

      "question": "Sur quoi ont été écrits les dix commandements. ",

      "option1": "Deux parchemins",

      "option2": "Deux tablettes de pierre",

      "option3": "Les murs de Jéricho",

      "option4": "Deux livres",

      "answer":1

    }

  ],

  "Maître": [

    {

      "ques_id": 1,

      "question": "À propos de qui a-t-il été enregistré que« tous raisonnaient dans leur cœur ; » Serait-il peut-être le christ?",

      "option1": "Élie",

      "option2": "Jean",

      "option3": "Malachie",

      "option4": "Pierre",

      "answer": 2

    },

    {

      "ques_id": 2,

      "question": "Comment s'appellent les parents de Joseph",

      "option1": "Jacob et Rebeka",

      "option2": "Jacob et Léa",

      "option3": "Jacob et Rachel",

      "option4": "Jacob et Ruth",

      "answer": 3

    },

    {

      "ques_id": 3,

      "question": "De toutes les personnes mentionnées dans la bible, laquelle a vécu le plus longtemps ?",

      "option1": "Mathuselah",

      "option2": "JJared",

      "option3": "Abraham",

      "option4": "Adam",

      "answer":1

    },

    {

      "ques_id": 4,

      "question": "Qu'a dit Jésus à ceux qui accusaient la femme adultère ?",

      "option1": "Voici, il n'y a pas de juste",

      "option2": "Celui qui est sans péché, qu'il jette d'abord une pierre",

      "option3": "Malheur à vous qui accusez cette femme",

      "option4": " la tuer ",

      "answer": 2

    },

    {

      "ques_id": 5,

      "question": "Dans quelle ville toutes les nations iront-elles un jour adorer Dieu ?",

      "option1": "Damas",

      "option2": "Jérusalem",

      "option3": "Cilicie",

      "option4": "Juda",

      "answer": 2

    },

    {

      "ques_id": 6,

      "question": "Lequel des descendants de David régnera pour toujours",

      "option1": "Roboam",

      "option2": "Jésus",

      "option3": "Salomon",

      "option4": "Jéroboam",

      "answer": 2

    },

    {

      "ques_id": 7,

      "question": "Qui était la mère dévote de Timothy",

      "option1": "Lois",

      "option2": "Phoebe",

      "option3": "Eunice",

      "option4": "Madeleine",

      "answer": 3

    },

    {

      "ques_id": 8,

      "question": "Pourquoi le roi Salomon s'est-il détourné de Dieu quand il était vieux",

      "option1": "Ses épouses étrangères ont tourné son cœur après d'autres dieux",

      "option2": "Il est devenu fier",

      "option3": "Il aimait les femmes plus que Dieu",

      "option4": "Il adorait des idoles",

      "answer":1

    },

    {

      "ques_id": 9,

      "question": "Qui s'est enfui vers la tente de Jéhovah pour se mettre à l'abri, mais y a quand même été tué ?",

      "option1": "Joab",

      "option2": "Saül",

      "option3": "Ammon",

      "option4": "Esaü",

      "answer":1

    },

    {

      "ques_id": 10,

      "question": "Quel roi a rêvé d'une grande statue d'un homme faite de différents métaux",

      "option1": "Achab",

      "option2": "David",

      "option3": "malach",

      "option4": "Nabuchodonosor",

      "answer": 4

    },

    {

      "ques_id": 11,

      "question": "Où est le 'meilleur endroit pour prier' ?",

      "option1": "Dans votre placard avec la porte fermée",

      "option2": "Dans l'église",

      "option3": "Dans un endroit calme",

      "option4": "En route",

      "answer":1

    },

    {

      "ques_id": 12,

      "question": "Où peut-on trouver les mots : Aie confiance en Jéhovah de tout ton cœur et ne t'appuie pas sur ta propre intelligence ?",

      "option1": "Proverbes 3:5",

      "option2": "Proverbes 35:3",

      "option3": "Proverbes 5:3",

      "option4": "Proverbes 6:4",

      "answer":1

    },

    {

      "ques_id": 13,

      "question": "Quand Jésus était dans ton désert, qu'est-ce qu'il a été tenté de changer en pains?",

      "option1": "Monticules",

      "option2": "Rochers",

      "option3": "Pierres",

      "option4": "Sol",

      "answer": 3

    },

    {

      "ques_id": 14,

      "question": "Qu'y avait-il de spécial à propos d'Ehud [un juge d'Israël qui a tué Elgon le roi de Moab ?",

      "option1": "Il était très jeune",

      "option2": "Il était gaucher",

      "option3": "Il était aveugle",

      "option4": "Il était très vieux",

      "answer": 2

    },

    {

      "ques_id": 15,

      "question": "Qu'est-il arrivé à la ville de Jéricho après que le prêtre ait fait sonner leurs trompettes",

      "option1": "Les gens ont fui vers un autre pays",

      "option2": "Les animaux sont morts",

      "option3": "Les murs sont tombés",

      "option4": "Les personnes ont migré",

      "answer": 3

    },

    {

      "ques_id": 16,

      "question": "Selon Jean 1:1, qu'y avait-il au commencement avec Dieu",

      "option1": "La Parole",

      "option2": "Un ange",

      "option3": "Jésus",

      "option4": "Jean",

      "answer":1

    },

    {

      "ques_id": 17,

      "question": "Combien y a-t-il de Psaumes dans le livre des Psaumes ?",

      "option1": "150",

      "option2": "170",

      "option3": "120",

      "option4": "190",

      "answer":1

    },

    {

      "ques_id": 18,

      "question": "Ce ne sont pas tous ceux qui me disent \"Seigneur, Seigneur\" qui entreront dans le royaume des cieux. Qui donc entrera dans son royaume",

      "option1": "Celui qui fait la volonté de Dieu",

      "option2": "Celui qui fait des miracles",

      "option3": "Celui qui se fait baptiser",

      "option4": "Celui qui prêche la parole de Dieu",

      "answer":1

    },

    {

      "ques_id": 19,

      "question": "Qui était le premier roi des 10 tribus d'Israël ?",

      "option1": "Jéroboam",

      "option2": "Rehoboth",

      "option3": "Joab",

      "option4": "Roboam",

      "answer":1

    },

    {

      "ques_id": 20,

      "question": "Selon Jérémie, combien d'années la nation d'Israël devait-elle rester captive sous le roi de Babylone ?",

      "option1": "120 ans",

      "option2": "40 ans",

      "option3": "70 ans",

      "option4": "80 ans",

      "answer": 3

    }

  ],

  "Grand maître": [

    {

      "ques_id": 1,

      "question": "Dans quelle rivière Naaman a-t-il dit de se laver pour se débarrasser de la lèpre ?",

      "option1": "Nil",

      "option2": "Jordanie",

      "option3": "Galilée",

      "option4": "La Bible ne dit pas",

      "answer": 2

    },

    {

      "ques_id": 2,

      "question": "Qui était le père de Roboam?",

      "option1": "David",

      "option2": "Nimrod",

      "option3": "Abimélec",

      "option4": "Salomon",

      "answer": 4

    },

    {

      "ques_id": 3,

      "question": "Combien de temps David a-t-il régné en tant que roi ?",

      "option1": "Trente ans",

      "option2": "Quarante ans",

      "option3": "Vingt-cinq ans",

      "option4": "Quatre-vingts ans",

      "answer": 2

    },

    {

      "ques_id": 4,

      "question": "Dans l'explication de Jésus de la parabole du semeur. ce qui est représenté par la semence",

      "option1": "Foi",

      "option2": "La parole de Dieu",

      "option3": "Jésus",

      "option4": "Amour",

      "answer": 2

    },

    {

      "ques_id": 5,

      "question": "Quelle plante est 'la moindre de toutes les graines, mais quand elle est cultivée, c'est la plus grande parmi les herbes ?",

      "option1": "Olive",

      "option2": "Moutarde",

      "option3": "Chêne",

      "option4": "Raisin",

      "answer": 2

    },

    {

      "ques_id": 6,

      "question": "Quel était le nom du frère de Moïse ?",

      "option1": "Alphée",

      "option2": "Jean",

      "option3": "Aaron",

      "option4": "Josué",

      "answer": 3

    },

    {

      "ques_id": 7,

      "question": "De quelle partie du corps d'Adam Dieu a-t-il créé Eve ?",

      "option1": "Coeur",

      "option2": "Cerveau",

      "option3": "Côte",

      "option4": "Tête",

      "answer": 3

    },

    {

      "ques_id": 8,

      "question": "Zacharias et Elizabeth ont été informés par un ange qu'ils auraient un fils, comment devait-il s'appeler '",

      "option1": "Élie",

      "option2": "Jésus",

      "option3": "Jean",

      "option4": "Jacques",

      "answer": 3

    },

    {

      "ques_id": 9,

      "question": "Quel événement significatif est enregistré dans Genèse chapitre 1 et 2",

      "option1": "Transport",

      "option2": "Création",

      "option3": "Purification",

      "option4": "Sacrifice",

      "answer": 2

    },

    {

      "ques_id": 10,

      "question": "Quelle était la relation entre Moïse et Koré",

      "option1": "Ils étaient tous les deux de la tribu de Juda",

      "option2": "Ils étaient frères",

      "option3": "Ils étaient cousins",

      "option4": "Ils étaient amis",

      "answer": 3

    },

    {

      "ques_id": 11,

      "question": "Qu'est-ce que Naomi a dit aux gens de Bethléem de l'appeler",

      "option1": "Mara",

      "option2": "Naama",

      "option3": "Bathsheba",

      "option4": "Marie",

      "answer":1

    },

    {

      "ques_id": 12,

      "question": "Nommez la jeune fille juive qui a épousé un roi perse ?",

      "option1": "Naomi",

      "option2": "Déborah",

      "option3": "Esther",

      "option4": "Jude",

      "answer": 3

    },

    {

      "ques_id": 13,

      "question": "Que symbolisent les sept chandeliers d'or d'Apocalypse 1:20 ?",

      "option1": "Sept congrégation",

      "option2": "Sept anges",

      "option3": "Sept rois",

      "option4": "Sept personnes",

      "answer":1

    },

    {

      "ques_id": 14,

      "question": "Où peut-on trouver les mots suivants : \"mais Dieu a choisi les choses folles du monde, afin de confondre les sages ?",

      "option1": "Actes",

      "option2": "Romains",

      "option3": "1 Corinthiens",

      "option4": "Jean",

      "answer": 3

    },

    {

      "ques_id": 15,

      "question": " Qu'est-ce qui était remarquable chez le frère jumeau de Jacob, Esaü à la naissance",

      "option1": "Il avait des yeux profonds et intenses",

      "option2": "Il était très beau",

      "option3": "Il était roux et poilu",

      "option4": "Il était très noir",

      "answer": 3

    },

    {

      "ques_id": 16,

      "question": ",Qui a coupé les cheveux de Samson ?",

      "option1": "Son ennemi juré, Hulk",

      "option2": "Dalila",

      "option3": "Un autre homme",

      "option4": "Ses amis",

      "answer": 2

    },

    {

      "ques_id": 17,

      "question": "Qui a écrit les livres des 1er et 2e Rois ?",

      "option1": "Élie",

      "option2": "Jérémie",

      "option3": "Gad",

      "option4": "Nathan",

      "answer": 2

    },

    {

      "ques_id": 18,

      "question": "Lequel des évangiles apparaît en dernier dans la Bible",

      "option1": "Nicodème",

      "option2": "Jean",

      "option3": "Andrews",

      "option4": "Marquer",

      "answer": 2

    },

    {

      "ques_id": 19,

      "question": "Qu'est-il arrivé à quelqu'un dont le nom n'a pas été retrouvé écrit dans le livre de vie ?",

      "option1": "Ils ont été déclarés indignes du salut",

      "option2": "Ils ont péri",

      "option3": "Ils sont morts",

      "option4": "Ils ont été jetés dans l'étang de feu",

      "answer": 4

    },

    {

      "ques_id": 20,

      "question": "Qui était l'homme le plus fort qui ait jamais vécu ?",

      "option1": "Goliath",

      "option2": "Samson",

      "option3": "Jésus",

      "option4": "Agag",

      "answer": 2

    }

  ],

  "Légende": [

    {

      "ques_id": 1,

      "question": "Le livre de la Genèse s'ouvre sur le mot hébreu 'bereshit', quelle est la traduction de ce mot en français",

      "option1": "Au début",

      "option2": "Que la lumière soit",

      "option3": "Quand il n'y avait encore rien",

      "option4": "Le seigneur Dieu a dit",

      "answer":1,

      "reference":"Gn 1:1"

    },

    {

      "ques_id": 2,

      "question": "Après avoir endormi l'homme, qu'est-ce que le Seigneur Dieu lui a pris pour en faire une femme",

      "option1": "Une dent",

      "option2": "Un ongle",

      "option3": "Une côte",

      "option4": "Une mèche de cheveux",

      "answer": 3,

      "reference":"Gn 1:2"

    },

    {

      "ques_id": 3,

      "question": "Qu'est-ce que le Seigneur Dieu a béni en premier avec les mots 'Soyez féconds et multipliez-vous'?",

      "option1": "Le premier homme et la première femme",

      "option2": "Les créatures marines et les oiseaux",

      "option3": "Les plantes",

      "option4": "Les animaux terrestres",

      "answer":1,

      "reference":"Gn 1:22"

    },

    {

      "ques_id": 4,

      "question": "Qui était l'ange du seigneur qui a annoncé à Marie qu'elle allait concevoir et enfanter un fils ?",

      "option1": "Gabriel",

      "option2": "Michel",

      "option3": "Raphaël",

      "option4": "Sealtiel",

      "answer":1,

      "reference":"Lc 1:31"

    },

    {

      "ques_id": 5,

      "question": "Quel est le nom de la mère de St .Jean-Baptiste?",

      "option1": "Salomé de Zébédée",

      "option2": "Elisabeth de Zacharie",

      "option3": "Marie de cléofas",

      "option4": "Hérodias de Philippe",

      "answer": 2,

      "reference":"Lc 1:5-6"

    },

    {

      "ques_id": 6,

      "question": "Au début du récit de la Résurrection dans l'évangile de saint Jean, qui a été mentionné comme étant allé au tombeau de Jésus tôt le matin et voyant la pierre enlevée ?",

      "option1": "Marie de Magdala",

      "option2": "Saint-Jean",

      "option3": "Marthe",

      "option4": "Un ange",

      "answer":1,

      "référence":"Jn20:1"

    },

    {

      "ques_id": 7,

      "question": "Dans le récit de la résurrection dans l'évangile de saint Jean, lorsque le seigneur ressuscité est apparu pour la première fois à Marie-Madeleine, elle l'a pris pour qui?",

      "option1": "Le geôlier",

      "option2": "Le centurion",

      "option3": "La niveleuse",

      "option4": "Un ange",

      "answer": 3,

      "reference":"Jn 20:15"

    },

    {

      "ques_id": 8,

      "question": "Dans la généalogie de Jésus donnée dans l'évangile de saint Matthieu, combien d'ensembles de 14 générations ont été mentionnés",

      "option1": "Cinq",

      "option2": "Une note",

      "option3": "Trois",

      "option4": "Une douzaine",

      "answer": 3,

      "reference":"Jean 20:15"



    },

    {

      "ques_id": 9,

      "question": "Dans le prophète Isaïe, il est dit que le garçon qui naîtra de la vierge recevra ce nom qui signifie Dieu - avec- nous?",

      "option1": "Jésus",

      "option2": "Jean",

      "option3": "Emmanuel",

      "option4": "Christos,",

      "answer": 3,

      "reference":"Mt 1 :23"

    },

    {

      "ques_id": 10,

      "question": "Dans la généalogie de Jésus donnée dans l'évangile de saint Matthieu, la première série de 14 générations mentionnées a commencé avec Abraham et s'est terminée avec qui ?",

      "option1": "David",

      "option2": "Moïse",

      "option3": "Jacob",

      "option4": "Jesse",

      "answer":1,

      "reference":"Mt 1:1-6"

    },

    {

      "ques_id": 11,

      "question": "'Parce qu'elle a été tirée de sa chair' , comment le premier homme a-t-il appelé la première femme?",

      "option1": "Adama",

      "option2": "Ève",

      "option3": "Femme",

      "option4": "Femme",

      "answer": 2,

      "reference":"Gn 1:23"

    },

    {

      "ques_id": 12,

      "question": "Qu'est-ce que le Seigneur Dieu a donné pour servir de nourriture à tous les animaux de la terre et à tous les oiseaux du ciel?",

      "option1": "Les plantes vertes",

      "option2": "Plantes à graines",

      "option3": "Arbres fruitiers à graines",

      "option4": "Tout ce qui est comestible",

      "answer":1,

      "reference":"Gn 1:30"

    },

    {

      "ques_id": 13,

      "question": "En quel jour de la création Dieu a-t-il créé le soleil et la lune ?",

      "option1": "Premier",

      "option2": "Deuxième",

      "option3": "Troisième",

      "option4": "Quatrième",

      "answer": 4,

      "reference":"Gn 1:26-31"

    },

    {

      "ques_id": 14,

      "question": "Quel âge avait David lorsqu'il a été oint roi d'Israël ?",

      "option1": "50",

      "option2": "20",

      "option3": "35",

      "option4": "30",

      "answer": 4,

      "reference":"2Samuel 5:4"

    },

    {

      "ques_id": 15,

      "question": " Qui d'autre à part les sages est venu visiter Jésus quand il était petit enfant.",

      "option1": "Archers",

      "option2": "Bergers",

      "option3": "Chasseurs",

      "option4": "Les agriculteurs",

      "answer": 2

    },

    {

      "ques_id": 16,

      "question": "Quelle était la taille de Goliath ?",

      "option1": "6 coudées et une travée",

      "option2": " 8 coudées",

      "option3": "10 coudées et un empan",

      "option4": "12 coudées",

      "answer":1,

      "reference":"1 Samuel 1:4"

    },

    {

      "ques_id": 17,

      "question": "Qu'est-ce que Paul a dit était l'accomplissement de la loi?",

      "option1": "Foi",

      "option2": "Prière",

      "option3": "Amour",

      "option4": "Mariage",

      "answer": 3,

      "reference":"Romains 13:10"

    },

    {

      "ques_id": 18,

      "question": "Quel est le chapitre le plus court de la bible",

      "option1": "Psaumes 117",

      "option2": "Psaumes 18",

      "option3": "Marque 10",

      "option4": "Jean 4",

      "answer":1,

      "reference":"Psaumes 117"

    },

    {

      "ques_id": 19,

      "question": "Qui a dit, 'Je n'ai pas d'argent et d'or, mais ce que j'ai, je te le donne'?",

      "option1": "Paul",

      "option2": "Jacques",

      "option3": "Pierre",

      "option4": "Timothée",

      "answer": 3,

      "reference":"Actes 3:6"

    },

    {

      "ques_id": 20,

      "question": "Quel était l'âge de Moïse [ans] au moment de sa mort",

      "option1": "120",

      "option2": "100",

      "option3": "150",

      "option4": "80",

      "answer":1,

      "reference":"Deutéronome 34:7"

    }

  ],

  "Hors du commun": [

    {

      "ques_id": 1,

      "question": "Qui était la personne la plus âgée enregistrée dans la bible ?",

      "option1": "Mathuselah",

      "option2": "Adam",

      "option3": "Abraham",

      "option4": "Salomon",

      "answer":1,

      "reference":"Genèse 5:27"

    },

    {

      "ques_id": 2,

      "question": "Quel âge avait la personne la plus âgée enregistrée dans la bible ?",

      "option1": "120",

      "option2": "500",

      "option3": "800",

      "option4": "969",

      "answer": 4,

      "reference":"Genèse 5:27"

    },

    {

      "ques_id": 3,

      "question": "Que signifie Jahwe-Schammmah ?",

      "option1": "Dieu avec nous",

      "option2": "Dieu lui-même",

      "option3": "Jésus fils de Dieu",

      "option4": "La vie éternelle",

      "answer": 2,

      "reference":"Ézéchiel 48:35"

    },

    {

      "ques_id": 4,

      "question": "Combien d'années Dieu a-t-il ajouté à la vie du roi Ézéchias en réponse à la prière du roi mourant ?",

      "option1": "20",

      "option2": "50",

      "option3": "15",

      "option4": "100",

      "answer": 3,

      "reference":"2 Rois 20:6"

    },

    {

      "ques_id": 5,

      "question": "Quels prophètes du seigneur le roi Josias de Juda a-t-il consultés ?",

      "option1": "Amos",

      "option2": "Élie",

      "option3": "Élisée",

      "option4": "Hulda",

      "answer": 4,

      "référence":" 2 Rois 22:14-16"

    },

    {

      "ques_id": 6,

      "question": "Quelle cérémonie le roi Josias a-t-il rétablie qui n'avait été célébrée par aucun des rois précédents d'Israël ou de Juda ??",

      "option1": "Pâque",

      "option2": "Rituel de sacrifice",

      "option3": "culte",

      "option4": "Circoncision",

      "answer":1,

      "reference":"2 Rois 23:21"

    },

    {

      "ques_id": 7,

      "question": "De quelle tribu d'Israël était le roi Saül ?",

      "option1": "Juda",

      "option2": "Benjamin",

      "option3": "Amonites",

      "option4": "Israël",

      "answer": 2,

      "reference":"1 Samuel 9:21"

    },

    {

      "ques_id": 8,

      "question": "Lors du retour de l'arche en Israël, quel sacrifice Samuel a-t-il offert au seigneur ?",

      "option1": "A-la chèvre",

      "option2": "Sacrifice humain",

      "option3": "Il a sacrifié les récoltes du jardin",

      "option4": "Agneau de lait",

      "answer": 4,

      "reference":"1 Samuel 7:9"

    },

    {

      "ques_id": 9,

      "question": "Quel était le nom de la femme du roi Saül ?",

      "option1": "Débora",

      "option2": "Nom",

      "option3": "Ahinoam",

      "option4": "Ruth",

      "answer": 3,

      "reference":"1 Samuel 14:50"

    },

    {

      "ques_id": 10,

      "question": "De quoi a-t-on besoin pour comprendre la parole de Dieu ?",

      "option1": "Connaissance",

      "option2": "Saint-Esprit",

      "option3": "Sagesse",

      "option4": "Prières",

      "answer": 2,

      "reference":"1 Corinthiens 2:11"

    },

    {

      "ques_id": 11,

      "question": "Qui a dit Paul qui l'a jugé?",

      "option1": "Dieu",

      "option2": "Térah",

      "option3": "Ruben",

      "option4": "Belshazzar",

      "answer":1,

      "référence":" 1 Corinthiens 4:4"

    },

    {

      "ques_id": 12,

      "question": "Le jour de la Pentecôte, il est venu du Ciel un bruit de précipitation____ ?",

      "option1": "Tonnerre",

      "option2": "Pluie",

      "option3": "Vent",

      "option4": "bruit fort",

      "answer": 3,

      "reference":"Actes 2:2"

    },

    {

      "ques_id": 13,

      "question": "Qui a proposé de payer de l'argent pour avoir le pouvoir de donner le Saint-Esprit ?",

      "option1": "Jean",

      "option2": "Zacharias",

      "option3": "Simon",

      "option4": " Hérode",

      "answer": 3,

      "reference":"Actes 8"

    },

    {

      "ques_id": 14,

      "question": "Quand Jésus a transformé l'eau en vin, il a transformé l'eau qui était dans des jarres en pierre. A quoi servaient normalement ces jarres en pierre?",

      "option1": "Baptiser",

      "option2": "Nettoyage",

      "option3": "Commerce",

      "option4": "Lavage cérémoniel",

      "answer": 4,

      "reference":"Jean 2:6"

    },

    {

      "ques_id": 15,

      "question": "Qui était le père de Nimrod ?",

      "option1": "André",

      "option2": "Josué",

      "option3": "Samson",

      "option4": "Cush",

      "answer": 4,

      "reference":"1 Chroniques 1:10"

    },

    {

      "ques_id": 16,

      "question": "comment s'appelaient les deux fils d'Abraham (par ordre de naissance) ?",

      "option1": "Isaac et Jacob",

      "option2": "Ismaël et Isaac",

      "option3": "Joseph et Jacob",

      "option4": "Caïn et Isaac",

      "answer": 2,

      "reference": "Genèse 16:1-16, 1 Chroniques 1:28"

    },

    {

      "ques_id": 17,

      "question": "Quels étaient les noms des trois fils de Noé dans l'ordre des listes bibliques dans lesquelles ils se trouvent ?",

      "option1": "Jambon, Joseph, Japhet",

      "option2": "Japhet, Ham, Isaac",

      "option3": "Shem, Cham et Japhet",

      "option4": "Shem, Jambon, Joseph",

      "answer": 3,

      "reference":"Genèse 9 :18-19, 1 Chroniques 1 :4"

    },

    {

      "ques_id": 18,

      "question": "Le seigneur a changé le nom d'Abraham en Abraham quand il avait 99 ans. quel était son nom avant cela ?",

      "option1": "Adam",

      "option2": "Abram",

      "option3": "Alpha",

      "option4": "Agag",

      "answer": 2,

      "référence": "Genèse 17:1-5"

    },

    {

      "ques_id": 19,

      "question": "Quel âge avait Abraham à la naissance d'Isaac ?",

      "option1": "103",

      "option2": "90",

      "option3": "100",

      "option4": "50",

      "answer": 3,

      "reference": "Genèse 21:5"

    },

    {

      "ques_id": 20,

      "question": "Combien de livres dans la Bible ont le mot 'Jean' dans leur titre ?",

      "option1": "4",

      "option2": "3",

      "option3": "1",

      "option4": "5",

      "answer":1,

      "référence": "Jean"

    }

  ]

}