{
  "Навічок": [
    {
      "ques_id": 1,
      "question": "Хто першы чалавек, які калі-небудзь жыў?",
      "option1": "Мафусаіл",
      "option2": "Абрагам",
      "option3": "Маісей",
      "option4": "Адам",
      "answer": 4
    },
    {
      "ques_id": 2,
      "question": "Каго праглынула вельмі вялікая рыба?",
      "option1": "Ісус",
      "option2": "Ёна",
      "option3": "Самсон",
      "option4": "Пётр",
      "answer": 2
    },
    {
      "ques_id": 3,
      "question": "Хто з'яўляецца чалавекам, якога Бог выкарыстаў, каб вывесці ізраільцян з Егіпта",
      "option1": "Аарон",
      "option2": "Абрагам",
      "option3": "Маісей",
      "option4": "Ерамія",
      "answer": 3
    },
    {
      "ques_id": 4,
      "question": "Хто быў чалавекам, які забіў Галіяфа",
      "option1": "Дэвід",
      "option2": "Саўл",
      "option3": "Саламон",
      "option4": "Джонатан",
      "answer": 1
    },
    {
      "ques_id": 5,
      "question": "Хто быў першым царом Ізраіля?",
      "option1": "Дэвід",
      "option2": "Саўл",
      "option3": "Саламон",
      "option4": "Маісей",
      "answer": 2
    },
    {
      "ques_id": 6,
      "question": "Якім заняткам займаўся Ісус да свайго служэння",
      "option1": "Стваральнік цацак",
      "option2": "Рыбак",
      "option3": "Захавальнік вінаграднікаў",
      "option4": "Цясьляр",
      "answer": 4
    },
    {
      "ques_id": 7,
      "question": "Як называецца горад, у якім нарадзіўся Ісус?",
      "option1": "Ерусалім",
      "option2": "Віфлеем",
      "option3": "Галілея",
      "option4": "Назарэт",
      "answer": 2
    },
    {
      "ques_id": 8,
      "question": "Як называецца мора, па якім хадзіў Ісус",
      "option1": "Галілейскае мора",
      "option2": "Мёртвае мора",
      "option3": "Чытаць мора",
      "option4": "Міжземнае мора",
      "answer": 1
    },
    {
      "ques_id": 9,
      "question": "Як называецца рака, у якой Ян Хрысціцель хрысціў людзей?",
      "option1": "Еўфрат",
      "option2": "Ніл",
      "option3": "Іарданія",
      "option4": "Тыгр",
      "answer": 3
    },
    {
      "ques_id": 10,
      "question": "Як завуць брата Андрэя? (Абодва былі вучнямі)",
      "option1": "Пётр",
      "option2": "Джон",
      "option3": "Джэймс",
      "option4": "Адам",
      "answer": 1
    },
    {
      "ques_id": 11,
      "question": "Як звалі Маці Ісуса?",
      "option1": "Мэры",
      "option2": "Марта",
      "option3": "Ціпора",
      "option4": "Сара",
      "answer": 1
    },
    {
      "ques_id": 12,
      "question": "Як называўся сад, дзе жылі Адам і Ева?",
      "option1": "Зямля Нод",
      "option2": "Эдэмскі сад",
      "option3": "Віфлеем",
      "option4": "Сад даліны",
      "answer": 2
    },
    {
      "ques_id": 13,
      "question": "Якой ежай Ісус накарміў 5000 чалавек",
      "option1": "Віно",
      "option2": "Боханы хлеба і віна",
      "option3": "Хлеб і рыба",
      "option4": "Вада",
      "answer": 3
    },
    {
      "ques_id": 14,
      "question": "Які метад выкарыстоўвалі рымляне, каб забіць Ісуса?",
      "option1": "Пабіты камянямі",
      "option2": "Крэмацыя",
      "option3": "Распяцце",
      "option4": "Павешаны",
      "answer": 3
    },
    {
      "ques_id": 15,
      "question": "Колькі кошыкаў засталося ад кармлення 5000?",
      "option1": "7",
      "option2": "8",
      "option3": "10",
      "option4": "12",
      "answer": 1,
      "8888": "Мацьвея 15:13"
    },
    {
      "ques_id": 16,
      "question": "Які вучань знайшоў манету ў роце рыбы?",
      "option1": "Эндру",
      "option2": "Пол",
      "option3": "Пётр",
      "option4": "Цімаці",
      "answer": 3,
      "8888": "Мацвея 1:24-27"
    },
    {
      "ques_id": 17,
      "question": "У якой кнізе Бібліі мы чытаем пра Амана",
      "option1": "Зыход",
      "option2": "Эстэр",
      "option3": "Рут",
      "option4": "Малахія",
      "answer": 2,
      "8888": "Эстэр 3"
    },
    {
      "ques_id": 18,
      "question": "Назавіце жонку цара Агрыпы, перад якой Павел стаяў на судзе",
      "option1": "Берніс",
      "option2": "Ірад",
      "option3": "Агаг",
      "option4": "Каяфа",
      "answer": 1,
      "8888": "Дзеі 25:23"
    },
    {
      "ques_id": 19,
      "question": "Колькі гадоў стала Эноху",
      "option1": "400",
      "option2": "350",
      "option3": "230",
      "option4": "365",
      "answer": 4,
      "8888": "Быццё 5:23"
    },
    {
      "ques_id": 20,
      "question": "Колькі яшчэ гадоў Бог дадаў да жыцця караля Эзэкіі ў адказ на малітву паміраючых цароў?",
      "option1": "20",
      "option2": "15",
      "option3": "100",
      "option4": "50",
      "answer": 2,
      "8888": "2 Царстваў 20:6"
    }
  ],
  "Аматар": [
    {
      "ques_id": 1,
      "question": "Хто быў бацькам Ісаака?",
      "option1": "Абрагам",
      "option2": "Якаў",
      "option3": "Ісаў",
      "option4": "Пелек",
      "answer": 1
    },
    {
      "ques_id": 2,
      "question": "Хто быў бацькам Раваама?",
      "option1": "Дэвід",
      "option2": "Німрод",
      "option3": "Авімэлэх",
      "option4": "Саламон",
      "answer": 4
    },
    {
      "ques_id": 3,
      "question": "Хто быў бацькам Мафусаіла?",
      "option1": "Ілля",
      "option2": "Энок",
      "option3": "Сэт",
      "option4": "Джарэд",
      "answer": 2
    },
    {
      "ques_id": 4,
      "question": "Хто забіў Яна Хрысціцеля?",
      "option1": "Цэзар",
      "option2": "Пілат",
      "option3": "Геральд",
      "option4": "Каяфа",
      "answer": 3
    },
    {
      "ques_id": 5,
      "question": "Хто быў першым чалавекам, забітым за веру ў Хрыста?",
      "option1": "Пётр",
      "option2": "Джон",
      "option3": "Барнаба",
      "option4": "Стывен",
      "answer": 4
    },
    {
      "ques_id": 6,
      "question": "Куды ішоў Саўл, калі ўбачыў Ісуса?",
      "option1": "Дамаск",
      "option2": "Грэцыя",
      "option3": "Рым",
      "option4": "Ерусалім",
      "answer": 1
    },
    {
      "ques_id": 7,
      "question": "Дзе Ісус правёў большую частку свайго жыцця на зямлі?",
      "option1": "Ерусалім",
      "option2": "Назарэт",
      "option3": "Аліўная гара",
      "option4": "Егіпет",
      "answer": 2
    },
    {
      "ques_id": 8,
      "question": "Які псальм пачынаецца \"Гасподзь - пастыр мой?\"",
      "option1": "Псальма 91",
      "option2": "Псалом 1",
      "option3": "Псальма 104",
      "option4": "Псальма 23",
      "answer": 4
    },
    {
      "ques_id": 9,
      "question": "Чым быў занятак Паўла, калі ён падарожнічаў у якасці місіянера?",
      "option1": "Пастух",
      "option2": "Прадавец пурпуру",
      "option3": "Стваральнік намётаў",
      "option4": "Пісар",
      "answer": 3
    },
    {
      "ques_id": 10,
      "question": "Як называецца востраў, на якім жыў Барнабас?",
      "option1": "Грэцыя",
      "option2": "Кіпр",
      "option3": "Радос",
      "option4": "Востраў Пасхі",
      "answer": 2
    },
    {
      "ques_id": 11,
      "question": "Калі да яго падышоў Езус і сказаў: «Што Табе да мяне, Ісусе, Сын Бога Усявышняга? Заклінаю цябе Богам, не мучы мяне\".?",
      "option1": "Легіён",
      "option2": "Тэра",
      "option3": "Рувім",
      "option4": "Валтасар",
      "answer": 1
    },
    {
      "ques_id": 12,
      "question": "На думку Езуса, якая птушка ў нас больш каштоўная?",
      "option1": "Арол",
      "option2": "Грыф",
      "option3": "Верабей",
      "option4": "Голуб",
      "answer": 3
    },
    {
      "ques_id": 13,
      "question": "Якія дзве сястры выйшлі замуж за Якава?",
      "option1": "Доркас і Лія",
      "option2": "Марыям і Рахіль",
      "option3": "Рэйчэл і Лія",
      "option4": "Сара і Ханна",
      "answer": 3
    },
    {
      "ques_id": 14,
      "question": "У якую зямлю Бог паслаў Абрагама, каб прынесці ў ахвяру свайго асаблівага сына Ісаака?",
      "option1": "Канан",
      "option2": "Македонія",
      "option3": "Кіпр",
      "option4": "Морыя",
      "answer": 4
    },
    {
      "ques_id": 15,
      "question": "З якой прарочыцай Гасподняй параіўся цар Юдэі Ёсія",
      "option1": "Дэбора",
      "option2": "Хулда",
      "option3": "Наом",
      "option4": "Рут",
      "answer": 2,
      "8888": "2 Царстваў 22:12-16"
    },
    {
      "ques_id": 16,
      "question": "Назавіце імя першынца Самуіла?",
      "option1": "Іісус Навін",
      "option2": "Джоэл",
      "option3": "Джонатан",
      "option4": "Іосіф",
      "answer": 2,
      "8888": "1 Самуіла 8:2"
    },
    {
      "ques_id": 17,
      "question": "Як звалі жонку караля Саўла?",
      "option1": "Бам",
      "option2": "Міласэрнасць",
      "option3": "Ахінаам",
      "option4": "Ноам",
      "answer": 3,
      "8888": "1 Самуіла 14:50"
    },
    {
      "ques_id": 18,
      "question": "Што трэба, каб зразумець Божае слова?",
      "option1": "Малітва",
      "option2": "Каханне",
      "option3": "Святы дух",
      "option4": "Анёлы",
      "answer": 3,
      "8888": "1 Карынфянаў 2:11"
    },
    {
      "ques_id": 19,
      "question": "Каго Павел сказаў, хто судзіў яго?",
      "option1": "Сатана",
      "option2": "Бог",
      "option3": "Сябар",
      "option4": "Пётр",
      "answer": 2,
      "8888": "1 Карынфянаў 4:4"
    },
    {
      "ques_id": 20,
      "question": "________ адкладзенае робіць сэрца хворым?",
      "option1": "Давер",
      "option2": "Надзея",
      "option3": "Каханне",
      "option4": "Малітвы",
      "answer": 2,
      "8888": "Выслоўі 13:12"
    }
  ],
  "Сярэдні ўзровень": [
    {
      "ques_id": 1,
      "question": "Хто была жонкай Майсея??",
      "option1": "Элішэба",
      "option2": "Рэбека",
      "option3": "Марыям",
      "option4": "Ціпора",
      "answer": 4
    },
    {
      "ques_id": 2,
      "question": "Хто была другой жонкай Абрагама?",
      "option1": "Эстэр",
      "option2": "Хітура",
      "option3": "Агар",
      "option4": "Лідзія",
      "answer": 2
    },
    {
      "ques_id": 3,
      "question": "Колькі раздзелаў утрымліваецца ў Нагорнай пропаведзі?",
      "option1": "1",
      "option2": "2",
      "option3": "3",
      "option4": "7",
      "answer": 3
    },
    {
      "ques_id": 4,
      "question": "Колькі разоў Ізраіль абыходзіў Ерыхон?",
      "option1": "13",
      "option2": "7",
      "option3": "70",
      "option4": "12",
      "answer": 1
    },
    {
      "ques_id": 5,
      "question": "Колькі даўжыня складае локаць?",
      "option1": "прыбл. 12 цаляў",
      "option2": "12 мм",
      "option3": "прыбл. 18 цаляў",
      "option4": "прыбл. 36 цаляў",
      "answer": 3
    },
    {
      "ques_id": 6,
      "question": "Куды пайшоў Каін пасля таго, як забіў Авеля?",
      "option1": "Эдэмскі сад",
      "option2": "Зямля Нод",
      "option3": "Пячоры Кумрана",
      "option4": "гара Арарат",
      "answer": 2
    },
    {
      "ques_id": 7,
      "question": "Хто быў сынам Кіша?",
      "option1": "Ной",
      "option2": "Апостал Павел",
      "option3": "Абрагам",
      "option4": "Цар Саўл",
      "answer": 4
    },
    {
      "ques_id": 8,
      "question": "Дзе жыў Рааў?",
      "option1": "Ерыхон",
      "option2": "Ерусалім",
      "option3": "Нінэвія",
      "option4": "Ай",
      "answer": 1
    },
    {
      "ques_id": 9,
      "question": "Дзе жыла Доркас?",
      "option1": "Бэтэль",
      "option2": "Ёппа",
      "option3": "Кесарыя",
      "option4": "Антыёхія",
      "answer": 2
    },
    {
      "ques_id": 10,
      "question": "Дзе \"вуліца Прамая\"",
      "option1": "Ерусалім",
      "option2": "Рым",
      "option3": "Вавілон",
      "option4": "Дамаск",
      "answer": 4
    },
    {
      "ques_id": 11,
      "question": "Пасля ўцёкаў, пад якім дрэвам спаў Ілля",
      "option1": "Дуб",
      "option2": "Сасна",
      "option3": "Ядловец",
      "option4": "Елка",
      "answer": 3,
      "8888": "1 Царстваў 19:5"
    },
    {
      "ques_id": 12,
      "question": "Іуда выдаў Ісуса за колькі менавіта срэбранікаў?",
      "option1": "30",
      "option2": "20",
      "option3": "50",
      "option4": "10",
      "answer": 1,
      "8888": "Мацвея 26:15"
    },
    {
      "ques_id": 13,
      "question": "Назавіце імя бацькі Давіда",
      "option1": "Аман",
      "option2": "Джэсі",
      "option3": "Джошуа",
      "option4": "Саламон",
      "answer": 2,
      "8888": "1 Царстваў 1:12"
    },
    {
      "ques_id": 14,
      "question": "Бог не згадваецца толькі ў 1 кнізе Бібліі",
      "option1": "Эстэр",
      "option2": "Рут",
      "option3": "Малахія",
      "option4": "Зыход",
      "answer": 1,
      "8888": "Эстэр"
    },
    {
      "ques_id": 15,
      "question": "За колькі срэбранікаў быў прададзены Ісус Навін сваімі братамі Ізмаільцянам",
      "option1": "50",
      "option2": "12",
      "option3": "20",
      "option4": "100",
      "answer": 3,
      "8888": "Быццё 37:28"
    },
    {
      "ques_id": 16,
      "question": "Колькі апосталаў выбраў Езус",
      "option1": "12",
      "option2": "14",
      "option3": "10",
      "option4": "08",
      "answer": 1,
      "8888": "Лукі 6:13"
    },
    {
      "ques_id": 17,
      "question": "Анёл сказаў Марыі, што Ісус будзе валадарыць над домам старозапаветнага героя",
      "option1": "Дэвід",
      "option2": "Якаў",
      "option3": "Абрагам",
      "option4": "Маісей",
      "answer":2,
      "8888": "Лукі 1:13"
    },
    {
      "ques_id": 18,
      "question": "Які прарок сказаў: «З Егіпта я паклікаў сына майго»,?",
      "option1": "Ерамія",
      "option2": "Ісая",
      "option3": "Осія",
      "option4": "Езэкііль",
      "answer": 3,
      "8888": "Осія 11:1"
    },
    {
      "ques_id": 19,
      "question": "Якое дрэва пракляў Ісус?",
      "option1": "Інжыр",
      "option2": "Вінаграднік",
      "option3": "Сасна",
      "option4": "дуб",
      "answer": 1,
      "8888": "Марка 11:12-14"
    },
    {
      "ques_id": 20,
      "question": "Каго Саўл прасіў выхаваць для сябе медыума",
      "option1": "Элі",
      "option2": "Натан",
      "option3": "Сэмюэль",
      "option4": "Дэвід",
      "answer": 3,
      "8888": "1 Самуіла 28:11"
    }
  ],
  "Прафесіянал": [
    {
      "ques_id": 1,
      "question": "Хто нёс крыж за Хрыста?",
      "option1": "Філіп",
      "option2": "Сымон Кірынейскі",
      "option3": "Ахаў",
      "option4": "Міхей",
      "answer": 2
    },
    {
      "ques_id": 2,
      "question": "Колькі таварышаў філістымляне далі Самсону на балі ў Тымне?",
      "option1": "30",
      "option2": "31",
      "option3": "32",
      "option4": "33",
      "answer": 1
    },
    {
      "ques_id": 3,
      "question": "Колькі гадоў было прарочыцы Ганне, калі яна ўбачыла Езуса?",
      "option1": "83",
      "option2": "84",
      "option3": "88",
      "option4": "92",
      "answer": 2
    },
    {
      "ques_id": 4,
      "question": "Што дала царыца Савская Саламону?",
      "option1": "(124 таланты) золата, спецый і каштоўных камянёў",
      "option2": "(120 талантаў) золата, спецый і каштоўных камянёў",
      "option3": "(18 талантаў) золата, спецый і каштоўных камянёў",
      "option4": "(221 талент) золата, спецый і каштоўных камянёў",
      "answer": 2
    },
    {
      "ques_id": 5,
      "question": "Колькі кніг у Старым Запавеце?",
      "option1": "37",
      "option2": "38",
      "option3": "39",
      "option4": "40",
      "answer": 3
    },
    {
      "ques_id": 6,
      "question": "На колькі рэк падзялілася рака ў Эдэме, калі яна выйшла з саду?",
      "option1": "4",
      "option2": "3",
      "option3": "6",
      "option4": "8",
      "answer": 1
    },
    {
      "ques_id": 7,
      "question": "Што хацеў зрабіць Язэп, калі даведаўся, што Марыя цяжарная?",
      "option1": "Зладзіць вечарыну",
      "option2": "Развесціся з ёй",
      "option3": "Уцякай",
      "option4": "Нічога з вышэйпералічанага",
      "answer": 2
    },
    {
      "ques_id": 8,
      "question": "Якога колеру была мантыя першасвятара?",
      "option1": "Сіні",
      "option2": "Белы",
      "option3": "Зялёны",
      "option4": "Чырвоны",
      "answer": 1
    },
    {
      "ques_id": 9,
      "question": "Што, па словах Ваоза, прадавала Наэмінь?",
      "option1": "Зямельны ўчастак",
      "option2": "Золата",
      "option3": "Яе дзіця",
      "option4": "Ежа",
      "answer": 1
    },
    {
      "ques_id": 10,
      "question": "У прытчы пра даўжнікоў адзін павінен быў 500 дынарыяў (пенсаў), а колькі вінен быў другі",
      "option1": "70",
      "option2": "50",
      "option3": "45",
      "option4": "80",
      "answer": 2
    },
    {
      "ques_id": 11,
      "question": "Колькі духу Іллі атрымаў Елісей?",
      "option1": "Маленькі",
      "option2": "Адна порцыя",
      "option3": "Здаровы",
      "option4": "Падвойная порцыя",
      "answer": 4
    },
    {
      "ques_id": 12,
      "question": "Што было незвычайнага ў 700 салдатах Веньяміна, якія кожны раз маглі кідаць камень з прашчы і трапляць у цэль?",
      "option1": "Яны ўсе былі леўшунамі",
      "option2": "Яны ўсе выглядалі аднолькава",
      "option3": "У іх не было абутку",
      "option4": "Нічога з вышэйпералічанага",
      "answer": 1
    },
    {
      "ques_id": 13,
      "question": "Якое дачыненне быў Ганна да Каяфы?",
      "option1": "Брат",
      "option2": "Дзядзька",
      "option3": "Стрыечныя браты",
      "option4": "Цесць",
      "answer": 4
    },
    {
      "ques_id": 14,
      "question": "Што нельга \"кідаць перад свіннямі\"",
      "option1": "Галька",
      "option2": "Камяні",
      "option3": "Жэмчуг",
      "option4": "Палка",
      "answer": 3
    },
    {
      "ques_id": 15,
      "question": "Калі ў турме, у які час Павел і Сіла маліліся і спявалі Богу?",
      "option1": "Раніца",
      "option2": "У другой палове дня",
      "option3": "Вечар",
      "option4": "Поўнач",
      "answer": 4
    },
    {
      "ques_id": 16,
      "question": "Што елі Даніла і тры яго сябры замест каралеўскага мяса і піцця?",
      "option1": "Хлеб",
      "option2": "Віно і хлеб",
      "option3": "Бобовыя і вада",
      "option4": "Нічога",
      "answer": 3
    },
    {
      "ques_id": 17,
      "question": "Як завуць стрыечнага брата Ісуса, які нарадзіўся за паўгода да яго?",
      "option1": "Джон",
      "option2": "Пётр",
      "option3": "Пол",
      "option4": "Майкл",
      "answer": 1
    },
    {
      "ques_id": 18,
      "question": "У якім горадзе жыў цар Ірад падчас нараджэння Ісуса?",
      "option1": "Ерусалім",
      "option2": "Рым",
      "option3": "Вавілон",
      "option4": "Віфлеем",
      "answer": 1
    },
    {
      "ques_id": 19,
      "question": "Колькі пошасцяў паслаў Бог на Егіпет?",
      "option1": "4",
      "option2": "8",
      "option3": "10",
      "option4": "12",
      "answer": 3
    },
    {
      "ques_id": 20,
      "question": "За колькі срэбранікаў Юда здрадзіў Хрыста?",
      "option1": "20",
      "option2": "30",
      "option3": "40",
      "option4": "50",
      "answer": 2
    },
    {
      "ques_id": 21,
      "question": "Колькі дзён Ісус з'яўляўся сваім вучням пасля свайго ўваскрасення?",
      "option1": "30",
      "option2": "7",
      "option3": "40",
      "option4": "11",
      "answer": 3
    },
    {
      "ques_id": 22,
      "question": "Колькі цэркваў Малой Азіі было пералічана ў Адкрыцці?",
      "option1": "7",
      "option2": "8",
      "option3": "9",
      "option4": "10",
      "answer": 1
    }
  ],
  "Геній": [
    {
      "ques_id": 1,
      "question": "Хто быў сынам Элеазара, сына Аарона?",
      "option1": "Пуціэль",
      "option2": "Кора",
      "option3": "Фінэес",
      "option4": "Іжар",
      "answer": 3
    },
    {
      "ques_id": 2,
      "question": "Хто быў сынам Амрыя, цара Ізраіля?",
      "option1": "Ахаў",
      "option2": "Ёрам",
      "option3": "Зімры",
      "option4": "Гінат",
      "answer": 1
    },
    {
      "ques_id": 3,
      "question": "Хто быў мужам Наомі з кнігі Рут?",
      "option1": "Баз",
      "option2": "Элкана",
      "option3": "Абед",
      "option4": "Элімелех",
      "answer": 4
    },
    {
      "ques_id": 4,
      "question": "Колькі літар у самым доўгім імені ў Бібліі?",
      "option1": "16",
      "option2": "18",
      "option3": "22",
      "option4": "25",
      "answer": 2
    },
    {
      "ques_id": 5,
      "question": "Хто забіў Сісару?",
      "option1": "Дэвід",
      "option2": "Ахаў",
      "option3": "Саўл",
      "option4": "Джаэль",
      "answer": 4
    },
    {
      "ques_id": 6,
      "question": "Якой шырыні быў Ноеў каўчэг?",
      "option1": "35 локцяў",
      "option2": "50 локцяў",
      "option3": "75 локцяў",
      "option4": "90 локцяў",
      "answer": 2
    },
    {
      "ques_id": 7,
      "question": "Якой шырыні быў Каўчэг Запавету?",
      "option1": "1,5 локця",
      "option2": "2 локці",
      "option3": "3 локці",
      "option4": "1 локаць",
      "answer": 1
    },
    {
      "ques_id": 8,
      "question": "Як звалі слугу Елісея?",
      "option1": "Ёрам",
      "option2": "Шафат",
      "option3": "Гіезій",
      "option4": "Газаэль",
      "answer": 3
    },
    {
      "ques_id": 9,
      "question": "Як звалі вядомага настаўніка Пола?",
      "option1": "Юст",
      "option2": "Гамаліэль",
      "option3": "Каяфа",
      "option4": "Сакрат",
      "answer": 2
    },
    {
      "ques_id": 10,
      "question": "Які суддзя Ізраіля нарадзіўся ў Бэтлееме?",
      "option1": "Дэвід",
      "option2": "Ібзан",
      "option3": "Дэбора",
      "option4": "Гідэон",
      "answer": 2
    },
    {
      "ques_id": 11,
      "question": "Калі да яго падышоў Езус і сказаў: «Што Табе да мяне, Ісусе, Сын Бога Усявышняга? Заклінаю цябе Богам, не мучы мяне\".?",
      "option1": "Легіён",
      "option2": "Тэра",
      "option3": "Рувім",
      "option4": "Валтасар",
      "answer": 1
    },
    {
      "ques_id": 12,
      "question": "На думку Езуса, якая птушка ў нас больш каштоўная?",
      "option1": "Арол",
      "option2": "Грыф",
      "option3": "Верабей",
      "option4": "Голуб",
      "answer": 3
    },
    {
      "ques_id": 13,
      "question": "Якія дзве сястры выйшлі замуж за Якава?",
      "option1": "Доркас і Лія",
      "option2": "Марыям і Рахіль",
      "option3": "Рэйчэл і Лія",
      "option4": "Сара і Ханна",
      "answer": 3
    },
    {
      "ques_id": 14,
      "question": "У якую зямлю Бог паслаў Абрагама, каб прынесці ў ахвяру свайго асаблівага сына Ісаака?",
      "option1": "Канан",
      "option2": "Македонія",
      "option3": "Кіпр",
      "option4": "Морыя",
      "answer": 4
    },
    {
      "ques_id": 15,
      "question": "З якога псальма паходзіць верш \"На зялёных пашах мяне кладзе, ля ціхіх вод вядзе\"?",
      "option1": "25",
      "option2": "22",
      "option3": "30",
      "option4": "23",
      "answer": 4,
      "8888": "Псалмы 23; 2"
    },
    {
      "ques_id": 16,
      "question": "Страх Гасподні пачатак ........ ",
      "option1": "Веды",
      "option2": "Мудрасць",
      "option3": "Грошы",
      "option4": "Каханне",
      "answer": 1,
      "8888": ""
    },
    {
      "ques_id": 17,
      "question": "Супраць якога горада Гасподзь сказаў Ёну прапаведаваць?",
      "option1": "Ерусалім",
      "option2": "Нінэвія",
      "option3": "Вавілон",
      "option4": "Юда",
      "answer": 2,
      "8888": "Ёна 1:2"
    },
    {
      "ques_id": 18,
      "question": "Якая з гэтых кніг [Да Піліпянаў, Каласянаў, Галатаў або Эфесянаў ] стаіць першай у Бібліі",
      "option1": "Каласяны",
      "option2": "Галатаў",
      "option3": "Эфесяне",
      "option4": "Піліпянаў",
      "answer": 2,
      "8888": "Новы Запавет, лісты Паўла"
    },
    {
      "ques_id": 19,
      "question": "Колькі раздзелаў у Габрэйскай кнізе?",
      "option1": "13",
      "option2": "15",
      "option3": "10",
      "option4": "16",
      "answer": 1,
      "8888": "Габрэям 1-13"
    },
    {
      "ques_id": 20,
      "question": "Як называецца штармавы вецер, які можа абрынуцца на Крыт?",
      "option1": "Месяц",
      "option2": "Еўраклідон",
      "option3": "Перапаўненне",
      "option4": "Нічога з вышэйпералічанага",
      "answer": 2,
      "8888": "Дзеі 2:14"
    }
  ],
  "Эксперт": [
    {
      "ques_id": 1,
      "question": "Хто з іх не быў царом Ізраіля ці Юды",
      "option1": "Сенахерыб",
      "option2": "Ёахім",
      "option3": "Сэдэкія",
      "option4": "Дэвід",
      "answer": 1
    },
    {
      "ques_id": 2,
      "question": "Хто пераканаў Самсона раскрыць таямніцу вялікай сілы",
      "option1": "Дзіна",
      "option2": "Рут",
      "option3": "Даліла",
      "option4": "Марта",
      "answer": 3
    },
    {
      "ques_id": 3,
      "question": "І неба тваё над галавой тваёй будзе_____, а зямля пад табою будзе жалезам",
      "option1": "Латунь",
      "option2": "Сталь",
      "option3": "Срэбра",
      "option4": "Золата",
      "answer": 1
    },
    {
      "ques_id": 4,
      "question": "Дзе можна знайсці словы: Спадзявайся на Іегову ўсім сэрцам тваім і не спадзявайся на ўласны розум",
      "option1": "Выслоўі 3:5",
      "option2": "Выслоўі 5:3",
      "option3": "Выслоўі 35:3",
      "option4": "Выслоўі 4:3",
      "answer": 1
    },
    {
      "ques_id": 5,
      "question": "які вучань тройчы адрокся ад Ісуса",
      "option1": "Пётр",
      "option2": "Эндру",
      "option3": "Джон",
      "option4": "Юда",
      "answer": 1
    },
    {
      "ques_id": 6,
      "question": "Памяць праведных дабраславёная, а імя бязбожных застанецца",
      "option1": "Выйграць",
      "option2": "Гнілата",
      "option3": "Квітнець",
      "option4": "росквіт",
      "answer": 2
    },
    {
      "ques_id": 7,
      "question": "Якой была яго праца да таго, як Ісус пачаў прапаведаваць?",
      "option1": "цесляр",
      "option2": "вучоны",
      "option3": "Доктар",
      "option4": "Настаўнік",
      "answer": 1
    },
    {
      "ques_id": 8,
      "question": "Зоан выкарыстоўваўся ў Бібліі як паралель для якой нацыі\"",
      "option1": "Егіпет",
      "option2": "Асірыя",
      "option3": "Вавілон",
      "option4": "Сінай",
      "answer": 1
    },
    {
      "ques_id": 9,
      "question": "Які персанаж Старога Запавету праявіў сваю веру тым, што быў гатовы ахвяраваць свайго сына ў ахвяру Богу",
      "option1": "Ной",
      "option2": "Абрагам",
      "option3": "шэалціэль",
      "option4": "Маісей",
      "answer": 2
    },
    {
      "ques_id": 10,
      "question": "Што зрабілі матросы карабля «Ёна», каб павялічыць свае шанцы на выжыванне",
      "option1": "Яны плылі на поўнач",
      "option2": "Выкінуў груз за борт",
      "option3": "Маліў Бога аб прабачэнні",
      "option4": "Нічога з вышэйпералічанага",
      "answer": 2
    },
    {
      "ques_id": 11,
      "question": "Што рабіў Ісаў, калі Якаў скраў яго дабраславеньне?",
      "option1": "Паляванне",
      "option2": "Сельская гаспадарка",
      "option3": "Рыбалка",
      "option4": "Падарожжа",
      "answer": 1
    },
    {
      "ques_id": 12,
      "question": "Хто бег ад гары Кармэль да Самарыі хутчэй, чым Ахаў мог кіраваць сваёй калясьніцай?",
      "option1": "Елісей",
      "option2": "Гіезій",
      "option3": "Ілля",
      "option4": "Амос",
      "answer": 3
    },
    {
      "ques_id": 13,
      "question": "Што зрабіў Бог на сёмы дзень, пасля?",
      "option1": "Адпачыў",
      "option2": "Створаны чалавек",
      "option3": "Ён даручыў чалавеку клапаціцца пра яго творы",
      "option4": "Створаныя птушкі",
      "answer": 1
    },
    {
      "ques_id": 14,
      "question": "Хто сцвярджаў, што залаты цяля проста выйшаў з агню?",
      "option1": "Іісус Навін",
      "option2": "Аарон",
      "option3": "Мірыям",
      "option4": "Дэбора",
      "answer": 42
    },
    {
      "ques_id": 15,
      "question": "Што прасіў цар Саламон, калі Бог зьявіўся яму ў сьне",
      "option1": "Доўгае жыццё і веды",
      "option2": "Мудрасць [судзіць паміж дабром і злом]",
      "option3": "Багацце",
      "option4": "Грошы",
      "answer": 2
    },
    {
      "ques_id": 16,
      "question": "Завяршыце прыказку; Любы дурны, калі маўчыць, лічыцца -------?",
      "option1": "Спакойна",
      "option2": "Дурны",
      "option3": "Мудры",
      "option4": "Нахабны",
      "answer": 3
    },
    {
      "ques_id": 17,
      "question": "Як трэба атрымаць Валадарства Божае?",
      "option1": "Са схаванымі матывамі",
      "option2": "Як дзіця",
      "option3": "З гонарам",
      "option4": "Праз агентаў",
      "answer": 2
    },
    {
      "ques_id": 18,
      "question": "Як звалі першую жонку Абрагама",
      "option1": "Сара",
      "option2": "Мірыям",
      "option3": "Рода",
      "option4": "Рут",
      "answer": 1
    },
    {
      "ques_id": 19,
      "question": "Цар Саўл не паслухаўся загаду Іеговы і пашкадаваў жыццё цару Амелекітаў",
      "option1": "Балак",
      "option2": "Дагон",
      "option3": "Агаг",
      "option4": "Натан",
      "answer": 3
    },
    {
      "ques_id": 20,
      "question": "На чым напісаны дзесяць запаведзяў. ",
      "option1": "Два скруткі",
      "option2": "Дзве каменныя скрыжалі",
      "option3": "Сцены Ерыхона",
      "option4": "Дзве кнігі",
      "answer": 1
    }
  ],
  "Майстар": [
    {
      "ques_id": 1,
      "question": "Аб кім было запісана, што «ўсе разважалі ў сэрцах сваіх,Можа, гэта Хрыстос?",
      "option1": "Ілля",
      "option2": "Джон",
      "option3": "Малахія",
      "option4": "Пётр",
      "answer": 2
    },
    {
      "ques_id": 2,
      "question": "Як завуць бацькоў Язэпа",
      "option1": "Якаў і Рэбэка",
      "option2": "Якаў і Лія",
      "option3": "Якаў і Рахіль",
      "option4": "Якаў і Рут",
      "answer": 3
    },
    {
      "ques_id": 3,
      "question": "Які з усіх людзей, згаданых у Бібліі, пражыў даўжэй за ўсё?",
      "option1": "Мафусаіл",
      "option2": "Джарэд",
      "option3": "Абрагам",
      "option4": "Адам",
      "answer": 1
    },
    {
      "ques_id": 4,
      "question": "Што Езус сказаў тым, хто абвінаваціў чужаложніцу?",
      "option1": "Вось, няма праведніка",
      "option2": "Хто без граху, няхай першы кіне камень",
      "option3": "Гора таму, хто абвінавачвае гэтую жанчыну",
      "option4": "забіць яе",
      "answer": 2
    },
    {
      "ques_id": 5,
      "question": "У які горад усе народы аднойчы адправяцца пакланяцца Богу?",
      "option1": "Дамаск",
      "option2": "Ерусалім",
      "option3": "Кілікія",
      "option4": "Юда",
      "answer": 2
    },
    {
      "ques_id": 6,
      "question": "Хто з нашчадкаў Давіда будзе валадарыць вечна",
      "option1": "Раваам",
      "option2": "Ісус",
      "option3": "Саламон",
      "option4": "Ераваам",
      "answer": 2
    },
    {
      "ques_id": 7,
      "question": "Хто была набожнай маці Цімафея",
      "option1": "Лоіс",
      "option2": "Фібі",
      "option3": "Юніс",
      "option4": "Магдалена",
      "answer": 3
    },
    {
      "ques_id": 8,
      "question": "Чаму цар Саламон адвярнуўся ад Бога, калі быў стары",
      "option1": "Яго замежныя жонкі скіравалі яго сэрца да іншых багоў",
      "option2": "Ён стаў ганарлівым",
      "option3": "Ён любіў жанчын больш, чым Бога",
      "option4": "Ён пакланяўся ідалам",
      "answer": 1
    },
    {
      "ques_id": 9,
      "question": "Хто ўцёк у намёт Іеговы дзеля бяспекі, але ўсё роўна быў там забіты?",
      "option1": "Ёаў",
      "option2": "Саўл",
      "option3": "Амон",
      "option4": "Ісаў",
      "answer": 1
    },
    {
      "ques_id": 10,
      "question": "Які кароль марыў пра вялікую статую чалавека з розных металаў",
      "option1": "Ахаў",
      "option2": "Дэвід",
      "option3": "малах",
      "option4": "Навухаданосар",
      "answer": 4
    },
    {
      "ques_id": 11,
      "question": "Дзе \"найлепшае месца для малітвы\"?",
      "option1": "У вашай шафе з зачыненымі дзвярыма",
      "option2": "У касцёле",
      "option3": "У ціхім месцы",
      "option4": "У дарозе",
      "answer": 1
    },
    {
      "ques_id": 12,
      "question": "Дзе знайсці словы: Спадзявайся на Іегову ўсім сэрцам, а не спадзявайся на свой розум?",
      "option1": "Выслоўі 3:5",
      "option2": "Выслоўі 35:3",
      "option3": "Выслоўі 5:3",
      "option4": "Выслоўі 6:4",
      "answer": 1
    },
    {
      "ques_id": 13,
      "question": "Калі Езус быў у тваёй пустыні, што Ён спакусіўся ператварыць у боханы хлеба?",
      "option1": "Курганы",
      "option2": "Скалы",
      "option3": "Камяні",
      "option4": "Глеба",
      "answer": 3
    },
    {
      "ques_id": 14,
      "question": "Што было асаблівага ў Эгудзе [суддзі над Ізраілем, які забіў Элгона, цара Маава",
      "option1": "Ён быў вельмі малады",
      "option2": "Ён быў ляўшун",
      "option3": "Ён быў сляпы",
      "option4": "Ён быў вельмі стары",
      "answer": 2
    },
    {
      "ques_id": 15,
      "question": "Што здарылася з горадам Ерыхон пасля таго, як святар затрубіў у іх",
      "option1": "Людзі ўцяклі ў іншую зямлю",
      "option2": "Жывёлы памерлі",
      "option3": "Сцены паваліліся",
      "option4": "Людзі мігравалі",
      "answer": 3
    },
    {
      "ques_id": 16,
      "question": "Згодна з Яна 1:1, што было ў пачатку ў Бога",
      "option1": "Слова",
      "option2": "Анёл",
      "option3": "Ісус",
      "option4": "Джон",
      "answer": 1
    },
    {
      "ques_id": 17,
      "question": "Колькі псалмоў у кнізе псалмоў?",
      "option1": "150",
      "option2": "170",
      "option3": "120",
      "option4": "190",
      "answer": 1
    },
    {
      "ques_id": 18,
      "question": "Ня кожны, хто кажа мне «Госпадзе, Госпадзе», увойдзе ў Валадарства Нябеснае. Хто ж увойдзе ў Валадарства Ягонае",
      "option1": "Той, хто выконвае волю Божую",
      "option2": "Той, хто робіць цуды",
      "option3": "Хто прымае хрост",
      "option4": "Той, хто прапаведуе слова Божае",
      "answer": 1
    },
    {
      "ques_id": 19,
      "question": "Хто быў першым царом 10 плямёнаў Ізраіля?",
      "option1": "Ераваам",
      "option2": "Рэхабот",
      "option3": "Ёаў",
      "option4": "Раваам",
      "answer": 1
    },
    {
      "ques_id": 20,
      "question": "Паводле Ераміі, колькі гадоў ізраільскі народ павінен быў знаходзіцца ў палоне вавілонскага караля?",
      "option1": "120 гадоў",
      "option2": "40 гадоў",
      "option3": "70 гадоў",
      "option4": "80 гадоў",
      "answer": 3
    }
  ],
  "Грандмайстар": [
    {
      "ques_id": 1,
      "question": "У якой рацэ было загадана памыцца Нэеману, каб пазбавіцца ад праказы?",
      "option1": "Ніл",
      "option2": "Іарданія",
      "option3": "Галілея",
      "option4": "Біблія не кажа",
      "answer": 2
    },
    {
      "ques_id": 2,
      "question": "Хто быў бацькам Раваама?",
      "option1": "Дэвід",
      "option2": "Німрод",
      "option3": "Авімэлэх",
      "option4": "Саламон",
      "answer": 4
    },
    {
      "ques_id": 3,
      "question": "Як доўга Давід кіраваў як цар?",
      "option1": "Трыццаць гадоў",
      "option2": "Сорак гадоў",
      "option3": "Дваццаць пяць гадоў",
      "option4": "Восемдзесят гадоў",
      "answer": 2
    },
    {
      "ques_id": 4,
      "question": "У тлумачэнні Езуса прыпавесці пра сейбіта, што ўяўляе сабой насеньне",
      "option1": "Вера",
      "option2": "Слова Божае",
      "option3": "Ісус",
      "option4": "Каханне",
      "answer": 2
    },
    {
      "ques_id": 5,
      "question": "Якая расліна «найменш за ўсё насенне, але калі вырасціць, яна найбольшая сярод зёлак?",
      "option1": "Аліўкавы",
      "option2": "Гарчыца",
      "option3": "Дуб",
      "option4": "Вінаград",
      "answer": 2
    },
    {
      "ques_id": 6,
      "question": "Як звалі брата Майсея?",
      "option1": "Алфей",
      "option2": "Джон",
      "option3": "Аарон",
      "option4": "Джошуа",
      "answer": 3
    },
    {
      "ques_id": 7,
      "question": "З якой часткі цела Адама Бог стварыў Еву?",
      "option1": "Сэрца",
      "option2": "Мозг",
      "option3": "Рэбры",
      "option4": "Галава",
      "answer": 3
    },
    {
      "ques_id": 8,
      "question": "Анёл сказаў Захарыі і Лізавеце, што ў іх будзе сын, як яго назавуць",
      "option1": "Ілля",
      "option2": "Ісус",
      "option3": "Джон",
      "option4": "Джэймс",
      "answer": 3
    },
    {
      "ques_id": 9,
      "question": "Якая значная падзея апісана ў раздзеле 1 і 2 кнігі Быцця",
      "option1": "Транспарт",
      "option2": "Стварэнне",
      "option3": "Ачышчэнне",
      "option4": "Ахвяра",
      "answer": 2
    },
    {
      "ques_id": 10,
      "question": "Якія былі адносіны паміж Майсеем і Караем",
      "option1": "Яны абодва былі з калена Юды",
      "option2": "Яны былі братамі",
      "option3": "Яны былі стрыечнымі братамі",
      "option4": "Яны былі сябрамі",
      "answer": 3
    },
    {
      "ques_id": 11,
      "question": "Як Наомі сказала людзям у Віфлееме называць яе",
      "option1": "Мара",
      "option2": "Наама",
      "option3": "Вірсавія",
      "option4": "Мэры",
      "answer": 1
    },
    {
      "ques_id": 12,
      "question": "Назавіце габрэйскую дзяўчыну, якая выйшла замуж за персідскага цара?",
      "option1": "Наомі",
      "option2": "Дэбора",
      "option3": "Эстэр",
      "option4": "Джуд",
      "answer": 3
    },
    {
      "ques_id": 13,
      "question": "Што сімвалізуюць сем залатых свяцільнікаў з Адкрыцця 1:20?",
      "option1": "Сем сходу",
      "option2": "Сем анёлаў",
      "option3": "Сем каралёў",
      "option4": "Сем чалавек",
      "answer": 1
    },
    {
      "ques_id": 14,
      "question": "Дзе можна знайсці наступныя словы: але Бог выбраў неразумнае свету, каб пасароміць мудрацоў?",
      "option1": "Дзеі",
      "option2": "Рымляне",
      "option3": "1 Карынфянаў",
      "option4": "Джон",
      "answer": 3
    },
    {
      "ques_id": 15,
      "question": "Што было прыкметна ў брате-блізнюку Якава, Ісаве пры нараджэнні",
      "option1": "У яго былі глыбокія інтэнсіўныя вочы",
      "option2": "Ён быў вельмі прыгожы",
      "option3": "Ён быў чырвоны і валасаты",
      "option4": "Ён быў вельмі чорны",
      "answer": 3
    },
    {
      "ques_id": 16,
      "question": "Хто адрэзаў Самсону валасы?",
      "option1": "Яго закляты вораг, Халк",
      "option2": "Даліла",
      "option3": "Іншы чалавек",
      "option4": "Яго сябры",
      "answer": 2
    },
    {
      "ques_id": 17,
      "question": "Хто напісаў 1-ю і 2-ю кнігі Царстваў?",
      "option1": "Ілля",
      "option2": "Ерамія",
      "option3": "Гад",
      "option4": "Натан",
      "answer": 2
    },
    {
      "ques_id": 18,
      "question": "Якое з Евангелляў з'яўляецца апошнім у Бібліі",
      "option1": "Нікадэм",
      "option2": "Джон ",
      "option3": "Эндрус",
      "option4": "Марк",
      "answer": 2
    },
    {
      "ques_id": 19,
      "question": "Што здарылася з тым, чыё імя не было знойдзена запісаным у кнізе жыцця?",
      "option1": "Яны былі прызнаныя нявартымі выратаваньня",
      "option2": "Яны загінулі",
      "option3": "Яны памерлі",
      "option4": "Яны былі кінутыя ў возера вогненнае",
      "answer": 4
    },
    {
      "ques_id": 20,
      "question": "Хто быў наймацнейшым чалавекам з усіх, хто калі-небудзь жыў?",
      "option1": "Галіяф",
      "option2": "Самсон",
      "option3": "Ісус",
      "option4": "Агаг",
      "answer": 2
    }
  ],
  "Легенда": [
    {
      "ques_id": 1,
      "question": "Кніга Быцця пачынаецца габрэйскім словам \"берашыць\", які пераклад гэтага слова на англійскую",
      "option1": "На пачатку",
      "option2": "Хай будзе святло",
      "option3": "Калі яшчэ нічога не было",
      "option4": "Сказаў Пан Бог",
      "answer": 1,
      "8888": "Быццё 1:1"
    },
    {
      "ques_id": 2,
      "question": "Усыпіўшы чалавека, што ўзяў з яго Пан Бог, каб збудаваць у жанчыну",
      "option1": "Зуб",
      "option2": "Пазногаць",
      "option3": "Рабро",
      "option4": "Пасму валасоў",
      "answer": 3,
      "8888": "Быццё 1:2"
    },
    {
      "ques_id": 3,
      "question": "Што першае блаславіў Пан Бог словамі «Пладзіцеся і множцеся»?",
      "option1": "Першыя мужчына і жанчына",
      "option2": "Марскія істоты і птушкі",
      "option3": "Расліны",
      "option4": "Наземныя жывёлы",
      "answer": 1,
      "8888": "Быццё 1:22"
    },
    {
      "ques_id": 4,
      "question": "Хто быў анёл Гасподні, які абвясціў Марыі, што яна зачне і народзіць сына?",
      "option1": "Габрыэль",
      "option2": "Майкл",
      "option3": "Рафаэль",
      "option4": "Sealtiel",
      "answer": 1,
      "8888": "Лк 1:31"
    },
    {
      "ques_id": 5,
      "question": "Як завуць маці святога Яна Хрысціцеля?",
      "option1": "Саламея Зевядзеевая",
      "option2": "Елізавета ад Захарыі",
      "option3": "Марыя Клеофа",
      "option4": "Герадыяда Філіпа",
      "answer": 2,
      "8888":"Лк 1:5-6"
    },
    {
      "ques_id": 6,
      "question": "У пачатку апавядання пра Уваскрасенне ў Евангеллі ад св. Яна згадваецца, што ён ішоў да магілы Ісуса рана раніцай і ўбачыў, што камень быў зняты?",
      "option1": "Марыя з Магдалы",
      "option2": "Святы Ян",
      "option3": "Марта",
      "option4": "Анёл",
      "answer": 1,
      "8888": "Ян 20:1"
    },
    {
      "ques_id": 7,
      "question": "У апавяданні аб уваскрасенні ў Евангеллі ад святога Яна, калі ўваскрослы Пан упершыню з'явіўся Марыі Магдалене, яна прыняла яго за каго?",
      "option1": "Турэмшчык",
      "option2": "Сотнікаў",
      "option3": "Грэйдэр",
      "option4": "Анёл",
      "answer": 3,
      "8888": "Ян 20:15"
    },
    {
      "ques_id": 8,
      "question": "У генеалогіі Ісуса, прыведзенай у Евангеллі ад св. Мацвея, узгадана колькі набораў з 14 пакаленняў",
      "option1": "Пяць",
      "option2": "Ацэнка",
      "option3": "Тры",
      "option4": "Тузін",
      "answer": 3,
      "8888": "Ян 20:15"

    },
    {
      "ques_id": 9,
      "question": "У прарока Ісаі сказана, што хлопчыку, які народзіцца ад нявінніцы, будзе дадзена гэтае імя, якое азначае Бог - з намі?",
      "option1": "Ісус",
      "option2": "Джон",
      "option3": "Эмануэль",
      "option4": "Хрыстос",
      "answer": 3,
      "8888": "Мц 1:23"
    },
    {
      "ques_id": 10,
      "question": "У генеалогіі Ісуса, прыведзенай у Евангеллі ад св. Мацвея, першая група з 14 пакаленняў пачалася з Абрагама і скончылася кім?",
      "option1": "Дэвід",
      "option2": "Маісей",
      "option3": "Якаў",
      "option4": "Джэсі",
      "answer": 1,
      "8888": "Мц 1:1-6"
    },
    {
      "ques_id": 11,
      "question": "\"Таму што яна была ўзятая з яго плоці\", як першы мужчына назваў першую жанчыну?",
      "option1": "Адама",
      "option2": "Ева",
      "option3": "Жанчына",
      "option4": "Жонка",
      "answer": 2,
      "8888": "Быццё 1:23"
    },
    {
      "ques_id": 12,
      "question": "Што даў Гасподзь Бог на ежу ўсім жывёлам зямлі і ўсім птушкам нябесным?",
      "option1": "Зялёныя расліны",
      "option2": "Насенныя расліны",
      "option3": "Насенныя пладовыя дрэвы",
      "option4": "Усё ядомае",
      "answer": 1,
      "8888": "Быццё 1:30"
    },
    {
      "ques_id": 13,
      "question": "У які дзень стварэння Бог стварыў сонца і месяц?",
      "option1": "Першы",
      "option2": "Другі",
      "option3": "Трэці",
      "option4": "Чацвёрты",
      "answer": 4,
      "8888": "Быццё 1:26-31"
    },
    {
      "ques_id": 14,
      "question": "Колькі гадоў было Давіду, калі ён быў памазаны на царства Ізраіля?",
      "option1": "50",
      "option2": "20",
      "option3": "35",
      "option4": "30",
      "answer": 4,
      "8888": "2 Царстваў 5:4"
    },
    {
      "ques_id": 15,
      "question": "Хто яшчэ, акрамя мудрацоў, прыйшоў да Ісуса, калі ён быў маленькім дзіцем.",
      "option1": "Лучнікі",
      "option2": "Пастухі",
      "option3": "Паляўнічыя",
      "option4": "Фермеры",
      "answer": 2
    },
    {
      "ques_id": 16,
      "question": "Якога росту быў Галіяф?",
      "option1": "6 локцяў і пядзя",
      "option2": "8 локцяў",
      "option3": "10 локцяў і пядзя",
      "option4": "12 локцяў",
      "answer": 1,
      "8888":"1 Самуіла 1:4"
    },
    {
      "ques_id": 17,
      "question": "Што, паводле слоў Паўла, было выкананнем закона?",
      "option1": "Вера",
      "option2": "Малітва",
      "option3": "Каханне",
      "option4": "Шлюб",
      "answer": 3,
      "8888": "Рымлянам 13:10"
    },
    {
      "ques_id": 18,
      "question": "Які самы кароткі раздзел у Бібліі",
      "option1": "Псальмы 117",
      "option2": "Псалмы 18",
      "option3": "Марк 10",
      "option4": "Яна 4",
      "answer": 1,
      "8888": "Псальмы 117"
    },
    {
      "ques_id": 19,
      "question": "Хто сказаў: \"Срэбра і золата няма ў мяне, але тое, што ёсць, даю табе\"?",
      "option1": "Пол",
      "option2": "Джэймс",
      "option3": "Пётр",
      "option4": "Цімаці",
      "answer": 3,
      "8888": "Дзеі 3:6"
    },
    {
      "ques_id": 20,
      "question": "Колькі быў узрост Майсея [гадоў] на момант яго смерці",
      "option1": "120",
      "option2": "100",
      "option3": "150",
      "option4": "80",
      "answer": 1,
      "8888": "Другі закон 34:7"
    }
  ],
  "Па-за межамі гэтага свету": [
    {
      "ques_id": 1,
      "question": "Хто быў самым старым чалавекам, запісаным у Бібліі?",
      "option1": "Мафусаіл",
      "option2": "Адам",
      "option3": "Абрагам",
      "option4": "Саламон",
      "answer": 1,
      "8888": "Быццё 5:27"
    },
    {
      "ques_id": 2,
      "question": "Колькі гадоў было самаму старэйшаму чалавеку, запісанаму ў Бібліі?",
      "option1": "120",
      "option2": "500",
      "option3": "800",
      "option4": "969",
      "answer": 4,
      "8888": "Быццё 5:27"
    },
    {
      "ques_id": 3,
      "question": "Што азначае Jahwe-Schammmah?",
      "option1": "З намі Бог",
      "option2": "Сам Бог",
      "option3": "Ісус, сын Божы",
      "option4": "Вечнае жыццё",
      "answer": 2,
      "8888": "Езэкііль 48:35"
    },
    {
      "ques_id": 4,
      "question": "Колькі яшчэ гадоў Бог дадаў да жыцця караля Эзэкіі ў адказ на малітву паміраючага цара?",
      "option1": "20",
      "option2": "50",
      "option3": "15",
      "option4": "100",
      "answer": 3,
      "8888": "2 Царстваў 20:6"
    },
    {
      "ques_id": 5,
      "question": "З якімі прарокамі Гасподнімі кансультаваўся цар Юдэі Ёсія?",
      "option1": "Амос",
      "option2": "Ілля",
      "option3": "Елісей",
      "option4": "Хулда",
      "answer": 4,
      "8888": "2 Царстваў 22:14-16"
    },
    {
      "ques_id": 6,
      "question": "Якую цырымонію аднавіў цар Ёсія, якая не адзначалася ніводным з папярэдніх цароў Ізраіля ці Юдэі??",
      "option1": "Пасха",
      "option2": "Рытуал ахвярапрынашэння",
      "option3": "пакланенне",
      "option4": "Абразанне",
      "answer": 1,
      "8888": "2 Царстваў 23:21"
    },
    {
      "ques_id": 7,
      "question": "З якога калена Ізраіля быў цар Саўл?",
      "option1": "Юда",
      "option2": "Бенджамін",
      "option3": "Аманіты",
      "option4": "Ізраіль",
      "answer": 2,
      "8888":"1 Самуіла 9:21"
    },
    {
      "ques_id": 8,
      "question": "Якую ахвяру Самуіл прынёс Госпаду пасля вяртання каўчэга ў Ізраіль?",
      "option1": "Казел",
      "option2": "Чалавечыя ахвяры",
      "option3": "Ён ахвяраваў садовым ураджаем",
      "option4": "Ягняці",
      "answer": 4,
      "8888":"1 Самуіла 7:9"
    },
    {
      "ques_id": 9,
      "question": "Як звалі жонку цара Саўла?",
      "option1": "Дэбора",
      "option2": "Імя",
      "option3": "Ахінаам",
      "option4": "Рут",
      "answer": 3,
      "8888": "1 Самуіла 14:50"
    },
    {
      "ques_id": 10,
      "question": "Што патрэбна чалавеку, каб зразумець Божае слова?",
      "option1": "Веды",
      "option2": "Святы Дух",
      "option3": "Мудрасць",
      "option4": "Малітвы",
      "answer": 2,
      "8888": "1 Карынфянаў 2:11"
    },
    {
      "ques_id": 11,
      "question": "Хто, па словах Паўла, судзіў яго?",
      "option1": "Бог",
      "option2": "Тэра",
      "option3": "Рувім",
      "option4": "Валтасар",
      "answer": 1,
      "8888": "1 Карынфянаў 4:4"
    },
    {
      "ques_id": 12,
      "question": "У дзень Пяцідзесятніцы з нябёсаў пачуўся шум ____?",
      "option1": "Гром",
      "option2": "Дождж",
      "option3": "Вецер",
      "option4": "гучны шум",
      "answer": 3,
      "8888": "Дзеі 2:2"
    },
    {
      "ques_id": 13,
      "question": "Хто прапанаваў плаціць грошы за сілу даць Святога Духа?",
      "option1": "Джон",
      "option2": "Захарыя",
      "option3": "Сайман",
      "option4": "Ірад",
      "answer": 3,
      "8888": "Дзеі 8"
    },
    {
      "ques_id": 14,
      "question": "Калі Ісус ператварыў ваду ў віно, ён ператварыў ваду, якая была ў каменных збанках. Для чаго гэтыя каменныя збаны звычайна выкарыстоўваліся?",
      "option1": "Хрышчэнне",
      "option2": "Ачыстка",
      "option3": "Гандаль",
      "option4": "Цырыманіяльнае мыццё",
      "answer": 4,
      "8888": "Ян 2:6"
    },
    {
      "ques_id": 15,
      "question": "Хто быў бацькам Німрода?",
      "option1": "Эндру",
      "option2": "Джошуа",
      "option3": "Самсон",
      "option4": "Куш",
      "answer": 4,
      "8888": "1 Хронік 1:10"
    },
    {
      "ques_id": 16,
      "question": "як звалі двух сыноў Абрагама (у парадку іх нараджэння)?",
      "option1": "Ісаак і Якуб",
      "option2": "Ізмаіл і Ісаак",
      "option3": "Язэп і Якуб",
      "option4": "Каін і Ісаак",
      "answer": 2,
      "8888": "Быццё 16:1-16, 1 Хронік 1:28"
    },
    {
      "ques_id": 17,
      "question": "Якія былі імёны трох сыноў Ноя ў парадку біблейскіх спісаў, у якіх яны знаходзяцца?",
      "option1": "Хам, Язэп, Яфет",
      "option2": "Яфет, Хам, Ісаак",
      "option3": "Шэм, Хам і Яфет",
      "option4": "Шэм, Хам, Язэп",
      "answer": 3,
      "8888":"Быццё 9:18-19, 1 Хронік 1:4"
    },
    {
      "ques_id": 18,
      "question": "Гасподзь змяніў імя Абрагама на Абрагам, калі яму было 99 гадоў. Як яго звалі да гэтага?",
      "option1": "Адам",
      "option2": "Абрам",
      "option3": "Альфа",
      "option4": "Агаг",
      "answer": 2,
      "8888": "Быццё 17:1-5"
    },
    {
      "ques_id": 19,
      "question": "Колькі гадоў было Абрагаму, калі нарадзіўся Ісаак?",
      "option1": "103",
      "option2": "90",
      "option3": "100",
      "option4": "50",
      "answer": 3,
      "8888": "Быццё 21:5"
    },
    {
      "ques_id": 20,
      "question": "Колькі кніг у Бібліі маюць у назве слова \"Ян\"?",
      "option1": "4",
      "option2": "3",
      "option3": "1",
      "option4": "5",
      "answer": 1,
      "8888": "Джон"
    }
  ]
}