{ 
  "Începător" : [
    { 
      "ques_id" : 1 , 
      "question" : "Cine este primul om care a trăit vreodată?" , 
      "option1" : "Mathuselah" , 
      "option2" : "Abraham" , 
      "option3" : "Moise" , 
      "option4" : "Adam" , 
      "answer" : 4
     }, 
    { 
      "ques_id" : 2 , 
      "question" : "Cine a fost înghițit de un pește foarte mare?" , 
      "option1" : "Isus" , 
      "option2" : "Iona" , 
      "option3" : "Samson" , 
      "option4" : "Peter" , 
      "answer" : 2
     }, 
    { 
      "ques_id" : 3 , 
      "question" : "Cine este persoana folosită de Dumnezeu pentru a-i scoate pe israeliți din Egipt" , 
      "option1" : "Aaron" , 
      "option2" : "Abraam" , 
      "option3" : "Moise" , 
      "option4" : "Ieremia" , 
      "answer" : 3
     }, 
    { 
      "ques_id" : 4 , 
      "question" : "Cine a fost persoana care l-a ucis pe Goliat" , 
      "option1" : "David" , 
      "option2" : "Saul" , 
      "option3" : "Solomon" , 
      "option4" : "Ionatan" , 
      "answer" : 1
     }, 
    { 
      "ques_id" : 5 , 
      "question" : "Cine a fost primul rege al lui Israel?" , 
      "option1" : "David" , 
      "option2" :"Saul" , 
      "option3" : "Solomon" , 
      "option4" : "Moise" , 
      "answer" : 2
     }, 
    { 
      "ques_id" : 6 , 
      "question" : "Ce ocupație a avut Isus înainte de slujirea sa" , 
      "option1": "ToyMaker" , 
      "option2" : "Fisherman" , 
      "option3" : "Conservator de vie" , 
      "option4" : "Dulgher" , 
      "answer" : 4
     }, 
    { 
      "ques_id" : 7 , 
      "question" : "Ce este numele orașului în care s-a născut Isus?" , 
      "option1" : "Ierusalim" , 
      "option2" : "Bethleem" , 
      "option3" : "Galiliee" , 
      "option4" : "Nazaret" , 
      "answer" : 2
     }, 
    { 
      "ques_id" : 8 , 
      "question" : "Care este numele mării pe care a mers Isus" , 
      "option1" : "Marea Galileii" , 
      "option2" : "Marea Moartă" , 
      "option3" : "Citește marea" , 
      "option4" : "Marea Mediterană",
      "answer" : 1
     }, 
    { 
      "ques_id" : 9 , 
      "question" : "Care este numele râului în care Ioan Botezătorul a botezat oamenii?" , 
      "option1" : "Eufrat" , 
      "option2" : "Nil" , 
      "option3" : "Iordania" , 
      "option4" : "Tigru" , 
      "answer" : 3
     }, 
    { 
      "ques_id" : 10 , 
      "question" : "Care este numele fratelui lui Andrei? (Amândoi erau ucenici)" , 
      "option1" : "Petru" , 
      "option2" : "Ioan" , 
      "option3" : "Iacov" , 
      "option4" : "Adam" ,
      "answer" : 1
     }, 
    { 
      "ques_id" : 11 , 
      "question" : "Cum se numea Mama Iisus?" , 
      "option1" : "Maria" , 
      "option2" : "Martha" , 
      "option3" :"Zipporah" , 
      "option4" : "Sarah" , 
      "answer" : 1
     }, 
    { 
      "ques_id" : 12 , 
      "question" : "Care era numele grădinii în care locuiau Adam și Eva?" , 
      "option1" : "Țara lui Nod" , 
      "option2" : "Grădina Edenului" , 
      "option3" : "Bethleem" , 
      "option4" : "Grădina Văii" , 
      "answer" : 2
     }, 
    { 
      "ques_id" : 13 , 
      "question" : "Cu ce ​​mâncare a hrănit Isus 5.000 de oameni" , 
      "option1" : "Vin" , 
      "option2" : "Pâini și vin" , 
      "option3" : "Pâini și pești" , 
      "option4" : "Apă" , 
      "answer" : 3
     }, 
    { 
      "ques_id" : 14 , 
      "question" : "Ce metodă au folosit romanii pentru a-l ucide pe Isus?" , 
      "option1" : "Lapidat" , 
      "option2" : "Incinerare" , 
      "option3" : "Răstignire" , 
      "option4" : "Spânzurat" , 
      "answer" : 3
     }, 
    { 
      "ques_id" : 15 , 
      "question" : "Câte coșuri au rămas de la hrănirea celor 5000?" , 
      "option1" : "7" , 
      "option2" : "8" , 
      "option3" : "10" , 
      "option4" : "12" , 
      "answer" : 1 , 
      "reference" : "Matei 15:13"
     } ,
    { 
      "ques_id" : 16 , 
      "question" : "Care discipol a găsit o monedă în gura unui pește?" , 
      "option1" : "Andrew" , 
      "option2" : "Paul" , 
      "option3" : "Peter" , 
      "option4" : "Timothy", 
      "answer" : 3 , 
      "reference" : "Matei 1:24-27"
     }, 
    { 
      "ques_id" : 17 , 
      "question" : "În ce carte din Biblie citim despre Haman" , 
      "option1" : "Exodus" , 
      "option2" : "Esther" , 
      "option3" : "Rut" , 
      "option4" : "Malahi" , 
      "answer" : 2 , 
      "reference" : "Esther 3"
     }, 
    { 
      "ques_id" : 18 , 
      "question" : "Numiți soția regelui Agripa, pe care Pavel a fost judecat în fața lui" , 
      "option1" : "Bernince" , 
      "option2" : "Irod" , 
      "option3" : "Agag" , 
      "option4" : " Ciaphas" , 
      "answer" : 1 , 
      "reference" : "Fapte 25:23"
     }, 
    { 
      "ques_id" : 19 , 
      "question" : "Câți ani a devenit Enoh" , 
      "option1" : "400" , 
      "option2" : "350" ,
      "option3" : "230" , 
      "option4" : "365" , 
      "answer" : 4 , 
      "reference" : "Geneza 5:23"
     }, 
    { 
      "ques_id" : 20 , 
      "question" : "Câți ani a mai adăugat Dumnezeu la viața regelui Ezechia ca answer la rugăciunea împăraților pe moarte?" , 
      "option1" : "20" , 
      "option2" : "15" , 
      "option3" : "100" , 
      "option4" :"50" , 
      "answer" : 2 , 
      "reference" : "2 Regi 20:6"
     } 
  ], 
  "Entuziast" : [ 
    { 
      "ques_id" : 1 , 
      "question" : "Cine a fost tatăl lui Isaac?" , 
      "option1" : "Abraham", 
      "option2" : "Iacob" , 
      "option3" : "Esau" , 
      "option4" : "Peleq" , 
      "answer" : 1
     }, 
    { 
      "ques_id" : 2 , 
      "question" : "Cine a fost tatăl lui Roboam ?" , 
      "option1" : "David" , 
      "option2" : "Nimrod" , 
      "option3" : "Abimelech" , 
      "option4" : "Solomon" , 
      "answer" : 4
     }, 
    { 
      "ques_id" : 3 , 
      "question" : "Cine a fost tatăl lui Matusalem?" , 
      "option1" : "Elijah" , 
      "option2" : "Enock" , 
      "option3" : "Seth" , 
      "option4" : "Jared" , 
      "answer" : 2
     }, 
    { 
      "ques_id" : 4 , 
      "question" : "Cine l-a ucis pe Ioan Botezătorul?" , 
      "option1" : "Cezar" , 
      "option2" : "Pilat" , 
      "option3" : "Herold" , 
      "option4" : "Caiafa" , 
      "answer" : 3
     }, 
    { 
      "ques_id" : 5 , 
      "question" : "Cine a fost prima persoană ucisă pentru că a crezut în Hristos?" , 
      "option1" : "Petru" , 
      "option2" : "Ioan" , 
      "option3" : "Barnabas" , 
      "option4" : "Stephen" , 
      "answer" : 4
     }, 
    { 
      "ques_id" : 6 ,
      "question" : "Unde se ducea Saul când L-a văzut pe Isus?" , 
      "option1" : "Damasc" , 
      "option2" : "Grecia" , 
      "option3" : "Roma" , 
      "option4" : "Ierusalim" , 
      "answer" : 1
    }, 
    { 
      "ques_id" : 7 , 
      "question" : "Unde și-a petrecut Isus cea mai mare parte a vieții sale pe pământ?" , 
      "option1" : "Ierusalim" , 
      "option2" : "Nazaret" , 
      "option3" : "Muntele Măslinilor" , 
      "option4" : "Egipt" , 
      "answer" : 2
     }, 
    { 
      "ques_id" : 8 , 
      "question" : "Ce psalm începe, 'Domnul este păstorul meu'?" ,
      "option1" : "Psalmul 91" , 
      "option2" : "Psalmul 1" , 
      "option3" : "Psalmul 104" , 
      "option4" : " Psalmul 23" , 
      "answer" : 4
     }, 
    { 
      "ques_id" : 9 , 
      "question" : "Care a fost ocupația lui Pavel când a călătorit ca misionar?" , 
      "option1" : "Shepherd" , 
      "option2" : "Vânzător de violet" , 
      "option3" : "Fabricator de corturi" , 
      "option4" : "Scrie" , 
      "answer" : 3
     }, 
    { 
      "ques_id" : 10 , 
      "question" : "Cum se numește Insulă pe care a trăit Barnaba?" , 
      "option1" : "Grecia" , 
      "option2" : "Cipru" , 
      "option3" : "Rhodos" , 
      "option4" : "Insula Paștelui" , 
      "answer" : 2
     }, 
    { 
      "ques_id" : 11 , 
      "question" : "Când a fost abordat de Iisus, care i-a spus: 'Ce ai tu cu mine, Iisuse, Fiul Dumnezeului Preaînalt, te conjuro de Dumnezeu, să nu mă chinui'.?" ,
      "option1" : "Legion" , 
      "option2" : "Terah" , 
      "option3" : "Reuben" , 
      "option4" : "Belshazzar" , 
      "answer" : 1
     }, 
    { 
      "ques_id" :12 , 
      "question" : "De ce pasăre spune Isus că avem mai multă valoare?" , 
      "option1" : "Eagle" , 
      "option2" : "Vulture" , 
      "option3" : "Sparrow" , 
      "option4" : "Dove" , 
      "answer" : 3
     }, 
    { 
      "ques_id" : 13 , 
      "question" : "Care două surori s-au căsătorit cu Iacov?" , 
      "option1" : "Dorcas și Leah" , 
      "option2" : "Mariam și Rachel" , 
      "option3" : "Rahela și Leah" , 
      "option4" : "Sarai și Hannah" , 
      "answer" : 3
     }, 
    { 
      " ques_id" : 14 , 
      "question" : "În ce ţară l-a trimis Dumnezeu pe Avraam să-l jertfească pe fiul său special, Isaac?" , 
      "option1" : "Canan" , 
      "option2" : "Macedonia" , 
      "option3" : "Cipru" , 
      "option4" : "Moriah" , 
      "answer" : 4
     }, 
    { 
      "ques_id" : 15 , 
      "question" : "Ce profetesă a Domnului a consultat-o ​​regele Iosia al lui Iuda" , 
      "option1" : "Debora" , 
      "option2" : "Hulda" , 
      "option3" : "Naom" , 
      "option4" : "Rut" , 
      "answer" : 2 , 
      "reference" : "2 Regi 22:12-16"
     }, 
    { 
      "ques_id" : 16 , 
      "question" : "Numiți primul fiu născut al lui Samuel?" , 
      "option1" : "Iosua" ,
      "option2" : "Ioel" , 
      "option3" : "Ionathan" , 
      "option4" : "Iosif" , 
      "answer" : 2 , 
      "reference" : "1 Samnuel 8:2"
     }, 
    { 
      "ques_id" : 17 ,
      "question" : "Cum se numea soția regelui Saul?" , 
      "option1" : "Boam" , 
      "option2" : "Milostivire" , 
      "option3" : "Ahinoam" , 
      "option4" : "Noam" , 
      "answer" : 3 , 
      "reference" : "1 Samuel 14:50"
     }, 
    { 
      "ques_id" : 18 , 
      "question" : "Ce este necesar pentru ca cineva să înțeleagă Cuvântul lui Dumnezeu?" , 
      "option1" : "Rugăciune" , 
      "option2" : "Iubire" , 
      "option3" : "Duh Sfânt" , 
      "option4" : "Îngeri" , 
      "answer" : 3 , 
      "reference" : "1 Corinteni 2:11 "
     }, 
    { 
      "ques_id" : 19 , 
      "question" : "Cine a spus Pavel că l-a judecat?" , 
      "option1" : "Satana" , 
      "option2" : "Dumnezeu" , 
      "option3" : "Prieten" , 
      "option4" : "Petru" , 
      "answer" : 2 , 
      "reference" : "1 Corinteni 4:4"
     }, 
    { 
      "ques_id" : 20 , 
      "question" : "________ amânat face inima bolnavă?" , 
      "option1" : "Încredere" , 
      "option2" : "Speranță" , 
      "option3" : "Iubire" , 
      "option4" : "Rugăciuni" , 
      "answer" : 2 , 
      "reference" : "Proverbe 13:12"
     } 
  ], 
  "Intermediar" : [ 
    { 
      "ques_id" :1 , 
      "question" : "Cine a fost soția lui Moise?" , 
      "option1" : "Elisheba" , 
      "option2" : "Rebecca" , 
      "option3" : "Mariam" , 
      "option4" : "Zipporah" , 
      "answer" : 4
    }, 
    { 
      "ques_id" : 2 , 
      "question" : "Cine a fost a doua soție a lui Avraam?" , 
      "option1" : "Esther" , 
      "option2" : "Keturah" , 
      "option3" : "Hagar" , 
      "option4" : "Lydia" , 
      "answer" : 2
     }, 
    { 
      "ques_id" : 3 , 
      "question" : "Câte capitole sunt cuprinse în Predica de pe Munte?" , 
      "option1" : "1" , 
      "option2" : "2" , 
      "option3" : "3" , 
      "option4" : "7" , 
      "answer" : 3
     }, 
    { 
      "ques_id" : 4 , 
      "question" : "De câte ori a mărșăluit Israelul în jurul Ierihonului?" , 
      "option1" : "13" , 
      "option2" : "7" , 
      "option3" : "70" , 
      "option4" : "12" , 
      "answer" : 1
     }, 
    { 
      "ques_id" : 5 , 
      "question" : "Cât de lung este un cot?" , 
      "option1" : "aproximativ 12 inchi" , 
      "option2" : "12 mm" , 
      "option3" : "aproximativ 18 inchi" , 
      "option4" : "aproximativ 36 inchi" , 
      "answer" : 3
     }, 
    { 
      "ques_id" : 6 , 
      "question" : "Unde s-a dus Cain după ce l-a ucis pe Abel?" , 
      "option1" : "Grădina Edenului" , 
      "option2" : "Țara lui Nod" ,
      "option3" : "Peșterile din Qumran" , 
      "option4" : "Mt. Ararat" , 
      "answer" : 2
     }, 
    { 
      "ques_id" : 7 , 
      "question" : "Cine a fost fiul lui Chiș?" , 
      "option1" : "Noe" ,
      "option2" : "Apostle Paul" , 
      "option3" : "Abraham" , 
      "option4" : "Regele Saul" , 
      "answer" : 4
     }, 
    { 
      "ques_id" : 8 , 
      "question" : "Unde a locuit Rahab? " , 
      "option1" : "Ierihon" , 
      "option2" : "Ierusalim" , 
      "option3" : "Nineve" , 
      "option4" : "Ai" , 
      "answer" : 1
     }, 
    { 
      "ques_id" : 9 , 
      "question" : "Unde locuia Dorcas?" , 
      "option1" : "Betel" , 
      "option2" : "Iope" , 
      "option3" : "Cezareea" , 
      "option4" : "Antiohia" , 
      "answer" : 2
     }, 
    { 
      "ques_id" : 10 , 
      "question" : "Unde este 'Strada numită Dreaptă'" ,
      "option1" : "Ierusalim" , 
      "option2" : "Roma" , 
      "option3" : "Babilon" , 
      "option4" : "Damasc" , 
      "answer" : 4
     } , 
    { 
      "ques_id" : 11 , 
      "question" : "După ce a fugit pentru viață, sub ce copac a dormit Ilie" , 
      "option1" : "Stejar" , 
      "option2" : "Pin" , 
      "option3" : "Ienupăr " , 
      "option4" : "Molid" , 
      "answer" : 3 , 
      "reference" : "1 Regi 19:5"
     },
    { 
      "ques_id" : 12 , 
      "question" : "Iuda L-a trădat pe Isus pentru exact câte monede de argint?" , 
      "option1" : "30" , 
      "option2" : "20" , 
      "option3" : "50" , 
      "option4" : "10", 
      "answer" : 1 , 
      "reference" : "Matei 26:15"
     }, 
    { 
      "ques_id" : 13 , 
      "question" : "Numele tatălui lui David" , 
      "option1" : "Oman" , 
      "option2" : "Isai " , 
      "option3" : "Iosua" , 
      "option4" : "Solomon" , 
      "answer" : 2 , 
      "reference" : "1Samuel 1:12"
     }, 
    { 
      "ques_id" : 14 , 
      "question" : "Dumnezeu este nu este menționat doar într-o singură carte a Bibliei" , 
      "option1" : "Estera" , 
      "option2" : "Rut" , 
      "option3" : "Malahi" , 
      "option4" : "Exodul" , 
      "answer" : 1 , 
      " reference" : "Esther"
     }, 
    { 
      "ques_id" : 15 , 
      "question" : "Pentru câte arginți a fost vândut Iosua de frații săi ismaeliților" , 
      "option1" : "50" , 
      "option2" : " 12" , 
      "option3" : "20" , 
      "option4" : "100" , 
      "answer" : 3 , 
      "reference" : "Geneza 37:28"
     }, 
    { 
      "ques_id" : 16 , 
      "question" : "Cum Mulți apostoli i-a ales Isus" , 
      "option1" : "12" , 
      "option2" : "14" , 
      "option3" : "10" , 
      "option4" : "08" , 
      "answer" :1 , 
      "reference" : "Luca 6:13"
     }, 
    { 
      "ques_id" : 17 , 
      "question" : "Îngerul i-a spus Mariei că Isus va domni peste casa căruia caracter Vechiul Testament" , 
      "option1" : " David" , 
      "option2" :" Iacov " , 
      "option3" : " Avraam " , 
      "option4" : " Moise " , 
      "answer" : 2 , 
      "reference" : " Luca 1:13 "
     } , 
    { 
      " ques_id " : 18 , 
      "question" : " Care profet a spus: 'Din Egipt l-am chemat pe fiul meu'?" ,
      "option1" : "Ieremia" , 
      "option2" : "Isaia" , 
      "option3" : "Osea" , 
      "option4" : "Ezechiel" , 
      "answer" : 3 , 
      "reference" : "Osea 11:1"
     } , 
    { 
      "ques_id" : 19 , 
      "question" : "Ce tip de copac a blestemat Isus?" , 
      "option1" : "Fig" , 
      "option2" : "Via" , 
      "option3" : "Pin" , 
      "option4" : "stejar" , 
      "answer" : 1 , 
      "reference" : "Marcu 11:12-14 "
     }, 
    { 
      "ques_id" : 20 , 
      "question" : "Cine a cerut Saul să-l aducă pe un medium" , 
      "option1" : "Eli" , 
      "option2" : "Nathan" , 
      "option3" : "Samuel" , 
      "option4" : "David" , 
      "answer" : 3 , 
      "reference" : "1 Samuel 28:11"
     } 
  ], 
  "Profesionist" : [
    { 
      "ques_id" : 1 , 
      "question" : "Cine a purtat crucea pentru Hristos?" , 
      "option1" : "Philip" ,
      "option2" : "Simon din Cirene" , 
      "option3" : "Ahab" , 
      "option4" : "Mica" , 
      "answer" : 2
     }, 
    { 
      "ques_id" : 2 , 
      "question" :"Câți tovarăși i-au dat filistenii lui Samson la sărbătoarea din Timna?" , 
      "option1" : "30" , 
      "option2" : "31" , 
      "option3" : "32" , 
      "option4" : "33" , 
      "answer" : 1
     }, 
    { 
      "ques_id" : 3 , 
      "question" : "Câți ani avea Ana profetesa când L-a văzut pe Isus?" , 
      "option1" : "83" , 
      "option2" : "84" , 
      "option3" : "88" , 
      "option4" : "92" , 
      "answer" : 2
     }, 
    { 
      "ques_id" : 4 , 
      "question" : "Ce i-a dat regina din Saba lui Solomon?" , 
      "option1" : "(124 de talanți de aur, mirodenii și pietre prețioase" , 
      "option2" : "(120 de talanți de aur, mirodenii și pietre prețioase" , 
      "option3" : "(18 talanți de) aur , condimente și pietre prețioase" , 
      "option4" : "(221 de talanți de) aur, mirodenii și pietre prețioase" , 
      "answer" : 2
     }, 
    { 
      "ques_id" : 5 , 
      "question" : "Câte cărți sunt acolo în Vechiul Testament?" , 
      "option1" : "37" , 
      "option2" : "38" , 
      "option3" : "39" , 
      "option4" : "40" , 
      "answer" : 3
     }, 
    { 
      "ques_id" : 6 , 
      "question" : "În câte râuri s-a împărțit râul din Eden odată ce a părăsit grădina?" , 
      "option1" : "4" , 
      "option2" :"3" , 
      "option3" : "6" , 
      "option4" : "8" , 
      "answer" : 1
     }, 
    { 
      "ques_id" : 7 , 
      "question" : "Ce a vrut Iosif să facă când a descoperit că Maria era gravidă?", 
      "option1" : "Faceți o petrecere" , 
      "option2" : "Divorțează de ea" , 
      "option3" : "Fugi" , 
      "option4" : "Niciuna dintre cele de mai sus" , 
      "answer" : 2
     }, 
    { 
      "ques_id " : 8 , 
      "question" : "Ce culoare era haina Marelui Preot?" , 
      "option1" : "Albastru" , 
      "option2" : "Alb" , 
      "option3" : "Verde" , 
      "option4" : "Roșu" , 
      "answer" : 1
     }, 
    { 
      "ques_id" : 9 , 
      "question" : "Ce a spus Boaz că vinde Naomi?" , 
      "option1" : "O parcelă de pământ" , 
      "option2" : "Gold" , 
      "option3" : "Copilul ei" , 
      "option4" : "Mâncare" , 
      "answer" : 1
     }, 
    { 
      "ques_id" : 10 , 
      "question" : "În pilda datornicilor, unul datora 500 de denari (bani), dar cât datora celălalt" , 
      "option1" : "70" , 
      "option2" : "50" , 
      "option3" : "45" , 
      "option4" : "80" , 
      "answer" : 2
     }, 
    { 
      "ques_id" : 11 , 
      "question" : "Cat din spiritul lui Ilie a primit Elisei?" , 
      "option1" : "Little" , 
      "option2" : "O singura portie" , 
      "option3" : "Sanatoasa" , 
      "option4" :"Double portion" , 
      "answer" : 4
     }, 
    { 
      "ques_id" : 12 , 
      "question" : "Ce era neobișnuit la cei 700 de soldați benjamiți care puteau arunca o piatră și își loveau ținta de fiecare dată?" , 
      "option1" : "Toți erau stângaci" , 
      "option2": "Toți semănau" , 
      "option3" : "Nu aveau pantofi" , 
      "option4" : "Niciuna dintre cele de mai sus" , 
      "answer" : 1
     }, 
    { 
      "ques_id" : 13 , 
      "question" : "Ce Relația era Ana cu Caiafa?" , 
      "option1" : "Frate" , 
      "option2" : "Unchiul" , 
      "option3" : "Veri" , 
      "option4" : "Socrul" , 
      "answer" : 4
     }, 
    { 
      "ques_id" : 14 , 
      "question" : "Ce nu ar trebui să 'arunci înaintea porcilor'" ,
      "option1" : "Pietrișoare" , 
      "option2" : "Piatre" , 
      "option3" : "Perle" , 
      "option4" : "Lipire" , 
      "answer" : 3
     }, 
    { 
      "ques_id" : 15 , 
      "question" : "Când în închisoare, la ce oră s-au rugat Pavel și Sila și au cântat lui Dumnezeu?" , 
      "option1" : "Dimineața" , 
      "option2" : "După-amiază" , 
      "option3" : "Seara" , 
      "option4" : "Miezul nopții" , 
      "answer" : 4
     }, 
    { 
      "ques_id" : 16 , 
      "question" : "Ce au mâncat Daniel și cei trei prieteni ai săi în loc de carnea și băutura regelui?" , 
      "option1" : "Pâine" , 
      "option2" : "Vin și pâine" , 
      "option3" : "Leguminoase și apă" , 
      "option4" : "Nimic" , 
      "answer" :3
     }, 
    { 
      "ques_id" : 17 , 
      "question" : "Cum se numește vărul lui Isus, născut cu șase luni înaintea lui?" , 
      "option1" : "Ioan" , 
      "option2" : "Petru" , 
      "option3" : "Paul" ,
      "option4" : "Michael" , 
      "answer" : 1
     }, 
    { 
      "ques_id" : 18 , 
      "question" : "În ce oraș locuia regele Irod la momentul nașterii lui Isus?" , 
      "option1" : "Ierusalim" , 
      "option2" : "Roma" , 
      "option3" : "Babilon" , 
      "option4" : "Bethleem" , 
      "answer" : 1
     }, 
    { 
      "ques_id" : 19 , 
      "question" : "Câte plăgi a trimis Dumnezeu asupra Egiptului?" , 
      "option1" : "4" , 
      "option2" : "8" , 
      "option3" : "10" , 
      "option4" : "12" , 
      "answer" : 3
     }, 
    { 
      "ques_id" : 20 , 
      "question" : "Pentru câte piese de argint L-a trădat Iuda pe Hristos?" , 
      "option1" : "20" , 
      "option2" : "30" , 
      "option3" : "40" , 
      "option4" : "50" , 
      "answer" : 2
     }, 
    { 
      "ques_id" : 21 , 
      "question" : "De câte zile S-a arătat Isus ucenicilor Săi după învierea Sa?" , 
      "option1" : "30" , 
      "option2" : "7" , 
      "option3" : "40" , 
      "option4" : "11" , 
      "answer" : 3
     }, 
    { 
      "ques_id" : 22 , 
      "question" : "Câte biserici din Asia Mică au fost enumerate în Apocalipsa?" ,
      "option1" : "7" , 
      "option2" : "8" , 
      "option3" : "9" , 
      "option4" : "10" , 
      "answer" : 1
     } 
  ], 
  "Geniu" : [
    { 
      "ques_id" :1 , 
      "question" : "Cine a fost fiul lui Eleazar, fiul lui Aaron?" , 
      "option1" : "Putiel" , 
      "option2" : "Korah" , 
      "option3" : "Phinehas" , 
      "option4" : "Izhar" , 
      "answer" : 3
     }, 
    { 
      "ques_id" : 2 , 
      "question" : "Cine a fost fiul lui Omri, regele lui Israel?" , 
      "option1" : "Ahab" , 
      "option2" : "Joram" , 
      "option3" : "Zimri" , 
      "option4" : "Ginath" , 
      "answer" : 1
     }, 
    { 
      "ques_id" : 3 , 
      "question" : "Cine a fost soțul lui Naomi din cartea Rut?" , 
      "option1" : "Boaz" , 
      "option2" : "Elkanah" , 
      "option3" : "Obed" , 
      "option4" : "Elimelec" , 
      "answer" : 4
     }, 
    { 
      "ques_id" : 4 , 
      "question" : "Câte litere sunt în cel mai lung nume din Biblie?" , 
      "option1" : "16" , 
      "option2" : "18" , 
      "option3" : "22" , 
      "option4" : "25" , 
      "answer" : 2
     }, 
    { 
      "ques_id" : 5 , 
      "question" : "Cine a ucis-o pe Sisera?" , 
      "option1" : "David" , 
      "option2" : "Ahab" , 
      "option3" : "Saul" ,
      "option4" : "Jael" , 
      "answer" : 4
     }, 
    { 
      "ques_id" : 6 , 
      "question" : "Cât de lată era arca lui Noe?" , 
      "option1" : "35 coți" , 
      "option2" : "50 coți" , 
      "option3": "75 de coți" , 
      "option4" : "90 de coți" , 
      "answer" : 2
     }, 
    { 
      "ques_id" : 7 , 
      "question" : "Cât de lățime era Chivotul Legământului?" , 
      "option1" : "1,5 coți" , 
      "option2" : "2 coți" , 
      "option3" : "3 coți" , 
      "option4" : "1 coți" , 
      "answer" : 1
     }, 
    { 
      "ques_id" : 8 , 
      "question" : "Cum se numea slujitorul lui Elisei?" , 
      "option1" : "Iehoram" , 
      "option2" : "Shaphat" , 
      "option3" : "Gehazi" , 
      "option4" : "Hazael" , 
      "answer" : 3
     }, 
    { 
      "ques_id" : 9 , 
      "question" : "Care era numele celebrului profesor al lui Paul?" , 
      "option1" : "Justus" , 
      "option2" : "Gamaliel" , 
      "option3" : "Caiafa" , 
      "option4" : "Socrate" , 
      "answer" : 2
     }, 
    { 
      "ques_id" : 10 , 
      "question" : "Ce judecător al lui Israel s-a născut în Betleem?" , 
      "option1" : "David" , 
      "option2" : "Ibzan" , 
      "option3" : "Deborah" , 
      "option4" : "Gideon" , 
      "answer" : 2
     }, 
    { 
      "ques_id" : 11 , 
      "question" : "Când a fost abordat de Isus,care a zis: 'Ce ai tu cu mine, Isuse, Fiul Dumnezeului Celui Prea Înalt? Te conjuro de la Dumnezeu, să nu mă chinui.?" ,
      "option1" : "Legion" , 
      "option2" : "Terah" , 
      "option3" : "Reuben" , 
      "option4" : "Belshazzar" , 
      "answer": 1
     }, 
    { 
      "ques_id" : 12 , 
      "question" : "Care pasăre spune Isus că avem mai multă valoare?" , 
      "option1" : "Eagle" , 
      "option2" : "Vulture" , 
      "option3" : "Sparrow" , 
      "option4" : "Dove" , 
      "answer" : 3
     }, 
    { 
      "ques_id" : 13 , 
      "question" : "Care două surori s-au căsătorit cu Iacov?" , 
      "option1" : "Dorcas și Leah" , 
      "option2" : "Mariam și Rachel" , 
      "option3" : "Rahela și Leah" , 
      "option4" : "Sarai și Hannah" , 
      "answer" : 3
     }, 
    { 
      " ques_id" : 14 , 
      "question" : "În ce ţară l-a trimis Dumnezeu pe Avraam să-l jertfească pe fiul său special, Isaac?" , 
      "option1" : "Canan" , 
      "option2" : "Macedonia" , 
      "option3" : "Cipru" , 
      "option4" : "Moriah" , 
      "answer" : 4
     }, 
    { 
      "ques_id" : 15 , 
      "question" : "Din ce psalm este versetul 'El mă face să mă culc în pășuni verzi, mă duce pe lângă ape liniștite'?" ,
      "option1" : "25" , 
      "option2" : "22" , 
      "option3" : "30" , 
      "option4" : "23" , 
      "answer" : 4 , 
      "reference" : "Psalmi 23;2"
     } , 
    { 
      "ques_id" : 16 , 
      "question" :"Frica de domnul este începutul lui ........ " , 
      "option1" : "Cunoaștere" , 
      "option2" : "Înțelepciune" , 
      "option3" : "Bani" , 
      "option4" : "Iubire " , 
      "answer": 1 ,
      "reference" : ""
     }, 
    { 
      "ques_id" : 17 , 
      "question" : " Împotriva ce oraș i-a spus Domnul lui Iona să predice ?" , 
      "option1" : "Ierusalim" , 
      "option2" : "Nineve" , 
      "option3" : "Babilon" , 
      "option4" : "Iuda" , 
      "answer" : 2 , 
      "reference" : "Iona 1:2"
     } , 
    { 
      "ques_id" : 18 , 
      "question" : "Care dintre aceste cărți [Filipeni, Coloseni, Galateni sau Efeseni ] sunt pe primul loc în Biblie" , 
      "option1" : "Coloseni" , 
      "option2" : "Galateni" , 
      "option3" : "Efeseni" , 
      "option4" : "Filipeni" , 
      "answer" : 2 , 
      "reference" : "Noul testament, scrisorile lui Pavel"
     }, 
    { 
      "ques_id" : 19 , 
      "question" : "Câte capitole are Cartea Evrei?" , 
      "option1" : "13" , 
      "option2" : "15" , 
      "option3" : "10" , 
      "option4" : "16" , 
      "answer" : 1 , 
      "reference" : "Evrei 1-13"
     } , 
    { 
      "ques_id" : 20 , 
      "question" : "Cum se numesc vânturile furtunii care pot lovi Creta?" , 
      "option1" : "Moonsoon" , 
      "option2" : "Euroklydon" , 
      "option3" : "Depășire" , 
      "option4" : "Niciuna dintre cele de mai sus" ,
      "answer" : 2 , 
      "reference" : "Fapte 2:14"
     } 
  ], 
  "Expert" : [ 
    { 
      "ques_id" : 1 , 
      "question" : "Care dintre aceștia nu a fost rege al Israelului sau al lui Iuda" , 
      "option1" : "Sanherib", 
      "option2" : "Iehoiachim" , 
      "option3" : "Zedechiah" , 
      "option4" : "David" , 
      "answer" : 1
     }, 
    { 
      "ques_id" : 2 , 
      "question" : "Cine l-a convins pe Samson să dezvăluie secretul marii puteri" , 
      "option1" : "Dinah" , 
      "option2" : "Ruth" , 
      "option3" : "Delilah" , 
      "option4" : "Martha" , 
      "answer" : 3
     }, 
    { 
      "ques_id" : 3 , 
      "question" : "Și cerul tău care este deasupra capului tău va fi_____, iar pământul care este sub tine va fi de fier" , 
      "option1" : "Alama" , 
      "option2" : "Oțel" , 
      "option3" : "Silver" , 
      "option4" : "Gold" , 
      "answer" : 1
     }, 
    { 
      "ques_id" : 4 , 
      "question" : "Unde puteți găsi cuvintele: Încrede-te în Iehova din toată inima și nu te sprijini de propria ta înțelegere " , 
      "option1" : "Proverbe 3:5" , 
      "option2" : "Proverbe 5:3" , 
      "option3" : "Proverbe 35:3" , 
      "option4" : "Proverbe 4:3" , 
      "answer" : 1
     }, 
    { 
      "ques_id" : 5 , 
      "question" : "care discipol L-a negat pe Isus de trei ori" , 
      "option1" : "Peter" , 
      "option2" : "Andrew" , 
      "option3" : "Ioan" , 
      "option4" : "Iuda" ,
      "answer" : 1
     }, 
    { 
      "ques_id" : 6 , 
      "question" : "Binecuvântată este amintirea celor drepți: dar numele celor răi va fi" , 
      "option1" : "Câștig" , 
      "option2" : "Putrec " ,
      "option3" : "Bloom" , 
      "option4" : "flourish" , 
      "answer" : 2
     }, 
    { 
      "ques_id" : 7 , 
      "question" : "Înainte de a începe Isus să predice, care era treaba lui?" , 
      "option1" : "dulgher" , 
      "option2" : "studiu" , 
      "option3" : "Doctor" , 
      "option4" : "Profesor" , 
      "answer" : 1
     }, 
    { 
      "ques_id" : 8 , 
      "question" : "Zoan a fost folosit în Biblie ca o paralelă pentru ce națiune" , 
      "option1" : "Egipt" , 
      "option2" : "Asiria" , 
      "option3" : "Babilon" , 
      "option4" : "Sinai" , 
      "answer" : 1
     }, 
    { 
      "ques_id" : 9 , 
      "question" : "Care personaj din Vechiul Testament și-a arătat credința fiind dispus să-și ofere fiul într-o schimbare lui Dumnezeu " , 
      "option1" : "Noe" , 
      "option2" : "Abraham" , 
      "option3" : "shealtiel" , 
      "option4" : "Moise" , 
      "answer" : 2
     }, 
    { 
      "ques_id" : 10 , 
      "question" : "Pe ce se aflau marinarii navei Iona face pentru a-și crește șansele de supraviețuire" , 
      "option1" : "Au navigat spre nord" , 
      "option2" : "Au aruncat încărcătura peste bord" , 
      "option3" : "L-au implorat iertare pe Dumnezeu" , 
      "option4" : "Niciuna dintre cele de mai sus " , 
      "answer" :2
     }, 
    { 
      "ques_id" : 11 , 
      "question" : "Ce făcea Esau în timp ce Iacob îi fura binecuvântarea?" , 
      "option1" : "Vânătoare" , 
      "option2" : "Agricultura" , 
      "option3" : "Pescuit", 
      "option4" : "Călătorind" , 
      "answer" : 1
     }, 
    { 
      "ques_id" : 12 , 
      "question" : "Cine a fugit de la Muntele Carmel la Samaria mai repede decât a putut Ahab să-și conducă carul?" , 
      "option1" : "Elisei" , 
      "option2" : "Gehazi" , 
      "option3" : "Elijah" , 
      "option4" : "Amos" , 
      "answer" : 3
     }, 
    { 
      "ques_id" : 13 , 
      "question" : "Ce a făcut Dumnezeu în ziua a șaptea, după ?" , 
      "option1" : "Odihnită" , 
      "option2" : "A creat oameni" , 
      "option3" : "El l-a desemnat pe om să aibă grijă de creațiile sale" , 
      "option4" : "A creat păsări" , 
      "answer" : 1
     }, 
    { 
      "ques_id" : 14 , 
      "question" : "Cine a susținut că pur și simplu vițelul de aur a ieșit din foc?" , 
      "option1" : "Joshua" , 
      "option2" : "Aaron" , 
      "option3" : "Miriam" , 
      "option4" : "Debora" , 
      "answer" : 42
     }, 
    { 
      "ques_id" : 15 , 
      "question" : "Ce a cerut regele Solomon când Dumnezeu i s-a arătat în vis" , 
      "option1" : "Viață lungă și cunoaștere" , 
      "option2" : "Înțelepciune [de a judeca între bine și rău]" , 
      "option3" : " Avere" , 
      "option4" : "Bani" , 
      "answer" : 2
     }, 
    { 
      "ques_id" :16 , 
      "question" : "Completează proverbiala zicală; Oricine prost, când tace este considerat ca fiind -------?" , 
      "option1" : "Pașnic" , 
      "option2" : "Prost" , 
      "option3" : "Înțelept" ,
      "option4" : "Arogant" , 
      "answer" : 3
     }, 
    { 
      "ques_id" : 17 , 
      "question" : "Cum ar trebui să primească cineva împărăția lui Dumnezeu?" , 
      "option1" : "Cu motive ascunse" , 
      "option2" : "Ca un copil" , 
      "option3" : "Cu mândrie" , 
      "option4" : "Prin agenți" , 
      "answer" : 2
     }, 
    { 
      "ques_id" : 18 , 
      "question" : "Care era numele primei soții a lui Avraam" , 
      "option1" : "Sarah" , 
      "option2" : "Miriam" , 
      "option3" : "Roda" , 
      "option4" : "Ruth" , 
      "answer" : 1
     }, 
    { 
      "ques_id" : 19 , 
      "question" : " Regele Saul nu a ascultat de porunca lui Iehova și a cruțat viața regelui amelecit" , 
      "option1" : "Balak" , 
      "option2" : "Dagon" , 
      "option3" : "Agag" , 
      "option4" : "Nathan" , 
      "answer" : 3
     }, 
    { 
      "ques_id" : 20 , 
      "question" : "Despre ce au fost scrise cele Zece porunci. " , 
      "option1" : " Două suluri" , 
      "option2" : "Două tăblițe de piatră" , 
      "option3" : "Zidurile Ierihonului" , 
      "option4" : "Două cărți" , 
      "answer" : 1
     } 
  ], 
  "Maestru" : [
    { 
      " ques_id" : 1 ,
      "question" : "Despre cine s-a consemnat că 'toți răzbăteau în inimile lor'; Poate fi el Hristosul?" ,
      "option1" : "Elijah" , 
      "option2" : "Ioan" , 
      "option3" : "Malahi" , 
      "option4" : "Petru", 
      "answer" : 2
     }, 
    { 
      "ques_id" : 2 , 
      "question" : "Care sunt numele părinților lui Iosif" , 
      "option1" : "Iacob și Rebeka" , 
      "option2" : "Iacov și Leah" , 
      "option3" : "Iacob și Rahela" ,
      "option4" : "Iacob și Rut" , 
      "answer" : 3
     }, 
    { 
      "ques_id" : 3 , 
      "question" : "Din toți oamenii menționați în Biblie, care a trăit cea mai lungă?" , 
      "option1" : "Mathuselah" , 
      "option2" : "JJared" , 
      "option3" : "Abraham" , 
      "option4" : "Adam" , 
      "answer" : 1
     }, 
    { 
      "ques_id" : 4 , 
      "question" : "Ce le-a spus Isus celor care au acuzat-o pe adultera?" , 
      "option1" : "Iată, nu este nimeni neprihănit" , 
      "option2" : "Cine este fără de păcat, să arunce mai întâi cu piatra" , 
      "option3" : "Vai de tine, care acuzi această femeie" , 
      "option4" : " ucide-o" , 
      "answer" : 2
     }, 
    { 
      "ques_id" : 5 , 
      "question" : "În ce oraș vor merge într-o zi toate neamurile să se închine lui Dumnezeu?" , 
      "option1" : "Damasc" , 
      "option2" : "Ierusalim" , 
      "option3" : "Cilicia" , 
      "option4" : "Iuda" , 
      "answer" : 2
     }, 
    { 
      "ques_id" : 6 , 
      "question" :"Care dintre urmașii lui David va domni pentru totdeauna" , 
      "option1" : "Roboam" , 
      "option2" : "Isus" , 
      "option3" : "Solomon" , 
      "option4" : "Ieroboam" , 
      "answer" : 2
    }, 
    { 
      "ques_id" : 7 , 
      "question" : "Cine a fost mama devotată a lui Timothy" , 
      "option1" : "Lois" , 
      "option2" : "Phoebe" , 
      "option3" : "Eunice" , 
      "option4" : " Magdalene" , 
      "answer" : 3
     }, 
    { 
      "ques_id" : 8 , 
      "question" : "De ce s-a îndepărtat regele Solomon de la Dumnezeu când era bătrân" , 
      "option1" : "Soțiile lui străine i-au întors inima după alți zei " , 
      "option2" : "A devenit mândru " , 
      "option3" : "El iubea femeile mai mult decât pe Dumnezeu" , 
      "option4" : "Se închina la idoli" , 
      "answer" : 1
     }, 
    { 
      "ques_id" : 9 , 
      "question" : "Cine a fugit în cortul lui Iehova pentru siguranță, dar oricum a fost ucis acolo?" , 
      "option1" : "Ioab" , 
      "option2" : "Saul" , 
      "option3" : "Amon" , 
      "option4" : "Esau" , 
      "answer" : 1
     }, 
    { 
      "ques_id" : 10 , 
      "question" : "Care rege a visat la o statuie mare a unui om făcută din diferite metale" , 
      "option1" : "Ahab" , 
      "option2" : "David" , 
      "option3" : "malach" , 
      "option4" : "Nebucadnețar" , 
      "answer" : 4
     }, 
    { 
      "ques_id" : 11 , 
      "question" : "Unde este 'cel mai bun loc de rugăciune'?" ,
      "option1" :"În dulapul tău cu ușa închisă" , 
      "option2" : "În biserică" , 
      "option3" : "Într-un loc liniștit" , 
      "option4" : "Pe drum" , 
      "answer" : 1
     }, 
    { 
      " ques_id" :12 , 
      "question" : "Unde se pot găsi cuvintele: Încrede-te în Iehova din toată inima ta și nu te sprijini pe propria ta înțelegere?" , 
      "option1" : "Proverbe 3:5" , 
      "option2" : "Proverbe 35:3" , 
      "option3" : "Proverbe 5:3" , 
      "option4" : "Proverbe 6:4" , 
      "answer" : 1
     }, 
    { 
      "ques_id" : 13 , 
      "question" : "Când era Isus în pustia ta, ce a fost el ispitit să transforme în pâini?" , 
      "option1" : "Movile" , 
      "option2" : "Roci" , 
      "option3" : "Piatre" , 
      "option4" : "Soil" , 
      "answer" : 3
     }, 
    { 
      "ques_id" : 14 , 
      "question" : "Ce era special la Ehud [un judecător al Israelului care l-a ucis pe Elgon, regele Moabului" , 
      "option1" : "Era foarte tânăr" , 
      "option2" : "Era stângaci" , 
      "option3" : "El era orb" , 
      "option4" : "Era foarte bătrân" , 
      "answer" : 2
     }, 
    { 
      "ques_id" : 15 , 
      "question" : " Ce s-a întâmplat cu orașul Ierihon după ce preotul a sunat din trâmbiță" , 
      "option1" : "Oamenii au fugit pe un alt pământ" , 
      "option2" : "Animalele au murit" , 
      "option3" : "Au căzut zidurile" , 
      "option4" : "Oamenii au migrat" , 
      "answer" : 3
     }, 
    { 
      "ques_id " : 16 , 
      "question" : "După Ioan 1:1,ce a fost la început cu Dumnezeu" , 
      "option1" : "Cuvântul" , 
      "option2" : "Un înger" , 
      "option3" : "Isus" , 
      "option4" : "Ioan" , 
      "answer" : 1
     },
    { 
      "ques_id" : 17 , 
      "question" : "Câți Psalmi sunt în cartea Psalmilor?" , 
      "option1" : "150" , 
      "option2" : "170" , 
      "option3" : "120" , 
      "option4" : "190" , 
      "answer" : 1
     }, 
    { 
      "ques_id" : 18 , 
      "question" : " Nu oricine îmi zice 'Doamne, Doamne', va intra în împărăția Cerurilor. Cine va intra atunci în împărăția lui" ,
      "option1" : "Cine face voia lui Dumnezeu" , 
      "option2" : " Cel care face minuni" , 
      "option3" : "Cel care se boteza" , 
      "option4" : "Cel ce propovăduiește Cuvântul lui Dumnezeu" , 
      "answer" : 1
     }, 
    { 
      "ques_id" : 19 , 
      "question" : " Cine a fost primul rege al celor 10 triburi ale Israelului?" , 
      "option1" : "Ieroboam" , 
      "option2" : "Rehoboth" , 
      "option3" : "Ioab" , 
      "option4" : "Rehoboam" , 
      "answer" : 1
     }, 
    { 
      "ques_id" : 20 , 
      "question" : "După Ieremia, câți ani trebuia să rămână captiva națiunii Israel sub regele Babilonului?" , 
      "option1" : "120 de ani" , 
      "option2" : "40 de ani" , 
      "option3" : "70 de ani" , 
      "option4" : "80 de ani" , 
      "answer" : 3
     } 
  ], 
  "Mare maestru" : [
    { 
      "ques_id" : 1 , 
      "question" :"În ce râu i s-a spus lui Naaman să se spele pentru a scăpa de lepră?" , 
      "option1" : "Nil" , 
      "option2" : "Iordania" , 
      "option3" : "Galilie" , 
      "option4" : "Biblia nu spune" ,
      "answer" : 2
     }, 
    { 
      "ques_id" : 2 , 
      "question" : "Cine a fost tatăl lui Roboam?" , 
      "option1" : "David" , 
      "option2" : "Nimrod" , 
      "option3" : "Abimelech" , 
      "option4" : "Solomon" , 
      "answer" : 4
     }, 
    { 
      "ques_id" : 3 , 
      "question" : "Cât timp a domnit David ca rege?" , 
      "option1" : "Treizeci de ani" , 
      "option2" : "Patruzeci de ani" , 
      "option3" : "Douăzeci și cinci de ani" , 
      "option4" : "Optzeci de ani" , 
      "answer" : 2
     }, 
    { 
      "ques_id" : 4 , 
      "question" : "În explicația lui Isus despre pilda semănătorului. ceea ce este reprezentat de sămânță" , 
      "option1" : "Credință" , 
      "option2" : "Cuvântul lui Dumnezeu" , 
      "option3" : " Isus" , 
      "option4" : "Iubire" , 
      "answer" : 2
     }, 
    { 
      "ques_id" : 5 , 
      "question" : "Care plantă este 'cea mai mică dintre semințe, dar când este crescută, este cea mai mare printre ierburi?" ,
      "option1" : "Măslin" , 
      "option2" : "Muștar" , 
      "option3" : "Stejar" , 
      "option4" : "Struguri" , 
      "answer" : 2
     }, 
    { 
      "ques_id" : 6 , 
      "question" : "Cum se numea fratele lui Moise?" , 
      "option1" :"Alphaeus" , 
      "option2" : "Ioan" , 
      "option3" : "Aaron" , 
      "option4" : "Iosua" , 
      "answer" : 3
     }, 
    { 
      "ques_id" : 7 , 
      "question": "Din care parte a corpului lui Adam a creat-o Dumnezeu pe Eva?" , 
      "option1" : "Inimă" , 
      "option2" : "Creier" , 
      "option3" : "Costila" , 
      "option4" : "Cap" , 
      "answer" : 3
     }, 
    { 
      "ques_id" : 8 , 
      "question" : "Zaharia și Elisabeta li s-a spus de către un înger că vor avea un fiu, cum se va numi el" , 
      "option1" : "Ilie" , 
      "option2" : "Isus" , 
      "option3" : "Ioan" , 
      "option4" : "James" , 
      "answer" : 3
     }, 
    { 
      "ques_id" : 9 , 
      "question" : "Ce eveniment semnificativ este înregistrat în Geneza capitolele 1 și 2" , 
      "option1" : "Transport" , 
      "option2" : "Crearea" , 
      "option3" : "Purificare" , 
      "option4" : "Sacrificiu" , 
      "answer" : 2
     }, 
    { 
      "ques_id" : 10 , 
      "question" : "Care a fost relația dintre Moise și Core" , 
      "option1" : "Amândoi erau din tribul lui Iuda" , 
      "option2" : "Erau frați" , 
      "option3" : "Erau veri" , 
      "option4" : "Erau prieteni" , 
      "answer" : 3
     }, 
    { 
      "ques_id" : 11 , 
      "question" : "Ce le-a spus Naomi oamenilor din Betleem să o numească" , 
      "option1" : "Mara" , 
      "option2" :"Naama" , 
      "option3" : "Bathsheba" , 
      "option4" : "Maria" , 
      "answer" : 1
     }, 
    { 
      "ques_id" : 12 , 
      "question" : "Numiți fecioara evreiască care s-a căsătorit cu un rege persan?" ,
      "option1" : "Naomi" , 
      "option2" : "Deborah" , 
      "option3" : "Esther" , 
      "option4" : "Jude" , 
      "answer" : 3
     }, 
    { 
      "ques_id" : 13 , 
      "question" : "Ce simbolizează cele șapte sfeșnice de aur din Apocalipsa 1:20?" , 
      "option1" : "Șapte adunări" , 
      "option2" : "Șapte îngeri" , 
      "option3" : "Șapte regi" , 
      "option4" : "Șapte oameni" , 
      "answer" : 1
     }, 
    { 
      "ques_id" : 14 , 
      "question" : "Unde pot fi găsite următoarele cuvinte: 'Dumnezeu a ales nebunile lumii, ca să-i facă de rușine pe înțelepții'?" ,
      "option1" : "Fapte" , 
      "option2" : "Romani" , 
      "option3" : "1 Corinteni" , 
      "option4" : "Ioan" , 
      "answer" : 3
     }, 
    { 
      "ques_id" : 15 , 
      "question" : " Ce a fost remarcabil la fratele geamăn al lui Iacov, Esau la naștere" , 
      "option1" : "Avea ochi profundi și intensi" , 
      "option2" : "Era foarte frumos" , 
      "option3" : "Era roșu și păros" , 
      "option4" : "Era foarte negru" , 
      "answer" : 3
     }, 
    { 
      "ques_id" : 16 , 
      "question" : ",Cine i-a tăiat părul lui Samson ?" , 
      "option1" : "Inamicul său principal, Hulk" , 
      "option2" : "Delilah" ,
      "option3" : "Un alt bărbat" , 
      "option4" : "Prietenii lui" , 
      "answer" : 2
     }, 
    { 
      "ques_id" : 17 , 
      "question" : "Cine a scris cărțile primului și celui de-al doilea regi?" , 
      "option1" :"Elijah" , 
      "option2" : "Ieremia" , 
      "option3" : "Gad" , 
      "option4" : "Nathan" , 
      "answer" : 2
     }, 
    { 
      "ques_id" : 18 , 
      "question" : "Care dintre ele Evangheliile apare ultimul în Biblie" , 
      "option1" : "Nicodemus" , 
      "option2" : "Ioan " , 
      "option3" : "Andrews" , 
      "option4" : "Mark" , 
      "answer" : 2
     }, 
    { 
      "ques_id " : 19 , 
      "question" : "Ce s-a întâmplat cu cineva al cărui nume nu a fost găsit scris în cartea vieții?" , 
      "option1" : "Au fost declarați nevrednici de mântuire" , 
      "option2" : "Au pierit" , 
      "option3" : "Au murit" , 
      "option4" : "Au fost aruncați în lacul de foc" , 
      "answer" : 4
     }, 
    { 
      "ques_id" : 20 , 
      "question" : "Cine a fost cel mai puternic om care a trăit vreodată?" , 
      "option1" : "Goliath" , 
      "option2" : "Samson" , 
      "option3" : "Isus" , 
      "option4" : "Agag" , 
      "answer" : 2
     } 
  ], 
  "Legendă" : [
    { 
      "ques_id" : 1 , 
      "question" : "Cartea Genezei se deschide cu cuvântul ebraic 'bereshit', care este traducerea acestui cuvânt în engleză",
      "option1" : "La început " , 
      "option2" : "Să fie lumină" ,
      "option3" : "Când încă nu era nimic" , 
      "option4" : "Domnul Dumnezeu a spus" , 
      "answer" : 1 , 
      "reference" : "Gn 1:1"
     }, 
    { 
      "ques_id" : 2 , 
      "question" :"După ce l-a adormit adânc pe bărbat, ce i-a luat Domnul Dumnezeu pentru a construi o femeie" , 
      "option1" : "Un dinte" , 
      "option2" : "O unghie" , 
      "option3" : "O coastă" , 
      "option4" : "O șuviță de păr" , 
      "answer" : 3 , 
      "reference" : "Gn 1:2"
     }, 
    { 
      "ques_id" : 3 , 
      "question" : "Cu ce ​​a binecuvântat mai întâi Domnul Dumnezeu cuvintele 'Fii fertil și înmulțește-te'?" ,
      "option1" : "Primul bărbat și prima femeie" , 
      "option2" : "Făpturile și păsările marine" , 
      "option3" : "Plantele" , 
      "option4" : "Animalele terestre" , 
      "answer" : 1 ,
      "reference" : "Gn 1:22"
     }, 
    { 
      "ques_id" : 4 , 
      "question" : "Cine a fost îngerul Domnului care a vestit Mariei că va concepe și va naște un fiu?" , 
      "option1" : "Gabriel" , 
      "option2" : "Michael" , 
      "option3" : "Raphael" , 
      "option4" : "Sealtiel" , 
      "answer" : 1 , 
      "reference" : "Luca 1:31"
     } , 
    { 
      "ques_id" : 5 , 
      "question" : "Cum se numește mama Sfântului Ioan Botezătorul?" , 
      "option1" : "Salomeea lui Zebedeu" , 
      "option2" : "Elizabeta lui Zaharia" , 
      "option3" : "Maria lui Cleofa" , 
      "option4" : "Irodiade a lui Filip" , 
      "answer" : 2 ,
      "reference" : "Lc 1:5-6"
     }, 
    { 
      "ques_id" : 6 , 
      "question" : "La începutul narațiunii Învierii din Evanghelia Sfântului Ioan, despre care a fost menționat că mergea devreme la mormântul lui Isus dimineața și ai văzut piatra îndepărtată?" , 
      "option1" :"Maria Magdalei" , 
      "option2" : "Sfântul Ioan" , 
      "option3" : "Marta" , 
      "option4" : "Un înger" , 
      "answer" : 1 , 
      "reference" : "Ioan 20:1"
     }, 
    { 
      "ques_id" : 7 , 
      "question" : "În relatarea învierii din Evanghelia Sfântului Ioan, când Domnul înviat i s-a arătat pentru prima dată Mariei Magdalena, ea l-a confundat cu cine?" , 
      "option1" : "Temnicerul" , 
      "option2" : "Sutașul" , 
      "option3" : "Creotatorul" , 
      "option4" : "Un înger" , 
      "answer" : 3 , 
      "reference" : "Ioan 20 :15"
     }, 
    { 
      "ques_id" : 8 , 
      "question" : "În genealogia lui Isus dată în Evanghelia Sfântului Matei, câte seturi de 14 generații au fost menționate" , 
      "option1" : "Cinci" , 
      "option2" : "Un scor" , 
      "option3" : "Trei" , 
      "option4" : "O duzină" , 
      "answer" : 3 , 
      "reference" : "Ioan 20:15"
 },     { "ques_id" : 9 ,
      "question" : "În profetul Isaia, se spune că băiatului care se va naște din fecioară i se va da acest nume care înseamnă Dumnezeu – cu noi?" ,
      "option1" : "Isus" ,
      "option2" : "Ioan" ,
      "option3" : "Emmanuel" ,
      "option4" : "Hristos",
      "answer" : 3 ,
      "reference" : "Mt 1:23" },
    {
      "ques_id" :10 ,
      "question" : "În geneologia lui Isus dată în Evanghelia Sfântului Matei, primul set de 14 generații menționate a început cu Avraam și s-a terminat cu cine?" ,
      "option1" : "David" ,
      "option2" : "Moise" ,
      "option3" :"Jacob" ,
      "option4" : "Isai" , 
      "answer" : 1 , 
      "reference" : "Mt 1:1-6"
     }, 
    { 
      "ques_id" : 11 , 
      "question" : "Pentru că a fost luată din din carnea lui, cum a numit-o primul bărbat pe prima femeie?" ,
      "option1" : "Adama" , 
      "option2" : "Eve" , 
      "option3" : "Femeie" , 
      "option4" : "Soție" , 
      "answer" : 2 , 
      "reference" : "Gen 1:23"
     } , 
    { 
      "ques_id" : 12 , 
      "question" : "Ce a dat Domnul Dumnezeu pentru a servi drept hrană tuturor animalelor pământului și tuturor păsărilor cerului?" , 
      "option1" : "Plantele verzi" , 
      "option2" : "Plante cu semințe" , 
      "option3" : "Pomi fructiferi cu semințe" , 
      "option4" : "Orice comestibil" , 
      "answer" : 1 , 
      " reference" : "Gn 1:30"
     }, 
    { 
      "ques_id" : 13 , 
      "question" : "În ce zi a creației a creat Dumnezeu soarele și luna?" , 
      "option1" : "Primul " , 
      "option2" : "A doua" , 
      "option3" : "Al treilea" , 
      "option4" : "Al patrulea" , 
      "answer" : 4 , 
      "reference" : "Gen 1:26-31 "
     }, 
    { 
      "ques_id" : 14 , 
      "question" : "Câți ani avea David când a fost uns rege al Israelului?" , 
      "option1" : "50" ,
      "option2" : "20" , 
      "option3" : "35" , 
      "option4" : "30" , 
      "answer" : 4 , 
      "reference" : "2Samuel 5:4"
     }, 
    { 
      "ques_id" : 15 ,
      "question" : "Cine altcineva, în afară de înțelepți, a venit să-l viziteze pe Isus când era copil mic" ,
      "option1" : "Arcași" , 
      "option2" : "Păstori" , 
      "option3" : "Vânători" , 
      "option4" : "Fermieri" , 
      "answer" : 2
     }, 
    { 
      "ques_id" : 16 , 
      "question" : "Cât de înalt era Goliat?" , 
      "option1" : "6 coți și o palmă" , 
      "option2" : " 8 coți" , 
      "option3" : "10 coți și o palmă" , 
      "option4" : "12 coți" , 
      "answer" : 1 , 
      " reference" : "1 Samuel 1:4"
     }, 
    { 
      "ques_id" : 17 , 
      "question" : " Ce a spus Pavel că este împlinirea legii?" , 
      "option1" : "Credință" , 
      "option2" : "Rugăciune" , 
      "option3" : "Iubire" , 
      "option4" : "Căsătorie" , 
      "answer" : 3 , 
      "reference" : "Romani 13:10"
     } , 
    { 
      "ques_id" : 18 , 
      "question" : "Care este cel mai scurt capitol din Biblie" , 
      "option1" : "Psalmul 117" , 
      "option2" : "Psalmul 18" , 
      "option3" : "Marcu 10" , 
      "option4" : "Ioan 4" , 
      "answer" : 1 , 
      "reference" : "Psalmii 117"
     }, 
    { 
      "ques_id" : 19 , 
      "question" : " Cine a spus ,'Argintul și aurul nu am nimic; dar așa cum am eu, ți-l dau'?" ,
      "option1" : "Paul" , 
      "option2" : "Iacov" , 
      "option3" : "Petru" , 
      "option4" : "Timotei " , 
      "answer" : 3 ,
      "reference" : "Faptele Apostolilor 3:6"
     }, 
    { 
      "ques_id" : 20 , 
      "question" : " Care era vârsta lui Moise [ani] la momentul morții sale" , 
      "option1" : "120" , 
      "option2" : "100" , 
      "option3" : "150" , 
      "option4" : "80" , 
      "answer" : 1 , 
      "reference" : "Deuteronom 34:7"
     } 
  ], 
  "De neînchipuit" : [ 
    { 
      "ques_id" : 1 , 
      "question" : "Cine a fost cea mai în vârstă persoană înregistrată în Biblie?" , 
      "option1" : "Mathuselah" , 
      "option2" : "Adam" , 
      "option3" : "Avraam" , 
      "option4" : "Solomon" , 
      "answer" : 1 , 
      "reference" : "Geneza 5:27"
     } , 
    { 
      "ques_id" : 2 , 
      "question" : "Câți ani avea cea mai în vârstă persoană înregistrată în Biblie?" , 
      "option1" : "120" , 
      "option2" : "500" , 
      "option3" : "800" , 
      "option4" : "969" , 
      "answer" : 4 , 
      "reference" : "Geneza 5:27"
     } , 
    { 
      "ques_id" : 3 , 
      "question" : "Ce înseamnă Jahwe-Schammmah?" , 
      "option1" : "Dumnezeu cu noi" , 
      "option2" : "Dumnezeu Însuși" , 
      "option3" : "Isus, fiul lui Dumnezeu" , 
      "option4" : "Viața veșnică" ,
      "answer" : 2 , 
      "reference" : "Ezechiel 48:35"
     }, 
    { 
      "ques_id" : 4 , 
      "question" : "Câți ani a mai adăugat Dumnezeu la viața regelui Ezechia ca answer la rugăciunea regelui pe moarte?" , 
      "option1" : "20" ,
      "option2" : "50" , 
      "option3" : "15" , 
      "option4" : "100" , 
      "answer" : 3 , 
      "reference" : "2 Regi 20:6"
     }, 
    { 
      "ques_id" : 5 , 
      "question" : "Cu ce ​​profeți ai Domnului i-a consultat regele Iosia al lui Iuda?" , 
      "option1" : "Amos" , 
      "option2" : "Ilie" , 
      "option3" : "Elisei" , 
      "option4" : "Huldah" , 
      "answer" : 4 , 
      "reference" : " 2 Regi 22:14- 16"
     }, 
    { 
      "ques_id" : 6 , 
      "question" : "Ce ceremonie a restabilit regele Iosia, care nu fusese celebrată de niciunul dintre regii anteriori ai Israelului sau ai Iuda?" , 
      "option1" : "Paști" , 
      "option2" : "Ritual de sacrificiu" , 
      "option3" : "închinare" , 
      "option4" : "Tăiere împrejur" , 
      "answer" : 1 , 
      "reference" : "2 Regi 23:21 "
     }, 
    { 
      "ques_id" : 7 , 
      "question" : "Din ce trib al lui Israel era regele Saul?" , 
      "option1" : "Iuda" , 
      "option2" : "Benjamin" , 
      "option3" : "Amoniți" , 
      "option4" : "Israel" , 
      "answer" : 2 , 
      "reference" : "1 Samuel 9:21"
     }, 
    { 
      "ques_id" : 8 , 
      "question" : "La întoarcerea chivotului în Israel, ce jertfă a oferit Samuel domnului?" ,
      "option1" : "A-he capra" , 
      "option2" : "Sacrificiu uman" , 
      "option3" : "A sacrificat recoltele de gradina" , 
      "option4" : "Mielul alaptat" , 
      "answer" : 4 , 
      "reference" :"1 Samuel 7:9"
     }, 
    { 
      "ques_id" : 9 , 
      "question" : "Cum se numea soția regelui Saul?" , 
      "option1" : "Debora" , 
      "option2" : "Naume" , 
      "option3" : "Ahinoam" , 
      "option4" : "Rut" , 
      "answer" : 3 , 
      "reference" : "1 Samuel 14:50"
     }, 
    { 
      "ques_id" : 10 , 
      "question" : "De ce are nevoie cineva pentru a înțelege Cuvântul lui Dumnezeu?" , 
      "option1" : "Cunoaștere" , 
      "option2" : "Duh Sfânt" , 
      "option3" : "Înțelepciune" , 
      "option4" : "Rugăciuni" , 
      "answer" : 2 , 
      "reference" : "1 Corinteni 2:11 "
     }, 
    { 
      "ques_id" : 11 , 
      "question" : "Cine a spus Pavel că l-a judecat?" , 
      "option1" : "Dumnezeu" , 
      "option2" : "Terah" , 
      "option3" : "Ruben" , 
      "option4" : "Belşaţar" , 
      "answer" : 1 , 
      "referinţă" : " 1 Corinteni 4:4"
     }, 
    { 
      "ques_id" : 12 , 
      "question" : "În Ziua Cincizecimii, a venit din Rai un sunet de grăbire____?" , 
      "option1" : "Tunet" , 
      "option2" : "Ploaie" , 
      "option3" : "Vânt" , 
      "option4" : "zgomot puternic" , 
      "answer" : 3 ,
      "reference" : "Fapte 2:2"
     }, 
    { 
      "ques_id" : 13 , 
      "question" : "Cine s-a oferit să plătească bani pentru puterea de a da Duhul Sfânt?" , 
      "option1" : "Ioan" , 
      "option2" : "Zaharia" , 
      "option3" :"Simon" , 
      "option4" : " Irod" , 
      "answer" : 3 , 
      "reference" : "Fapte 8"
     }, 
    { 
      "ques_id" : 14 , 
      "question" : "Când Isus a transformat apa în vin, a transformat apa care era în borcane de piatră Pentru ce erau folosite în mod normal aceste borcane de piatră?" ,
      "option1" : "Botez" , 
      "option2" : "Curățenie" , 
      "option3" : "Comerț" , 
      "option4" : "Spălare ceremonială" , 
      "answer" : 4 , 
      "reference" : "Ioan 2:6"
     }, 
    { 
      "ques_id" : 15 , 
      "question" : "Cine a fost tatăl lui Nimrod?" , 
      "option1" : "Andrew" , 
      "option2" : "Iosua" , 
      "option3" : " Samson" , 
      "option4" : "Cush" , 
      "answer" : 4 , 
      "reference" : "1 Cronici 1:10"
     }, 
    { 
      "ques_id" : 16 , 
      "question" : "care erau numele celor doi fii ai lui Avraam (În ordinea nașterii lor)?" , 
      "option1" : "Isaac și Iacov" , 
      "option2" : "Ismael și Isaac" , 
      "option3" : "Iosif și Iacov" , 
      "option4" : "Cain și Isaac" , 
      "answer" : 2 , 
      "reference" : "Geneza 16:1-16, 1 Cronici 1:28"
     }, 
    { 
      "ques_id" : 17 , 
      "question" : "Care erau numele celor trei fii ai lui Noe în ordinea listelor biblice în care se află? " , 
      "option1" : "Șuncă,Iosif, Iafet" , 
      "option2" : "Iafet, Ham, Isaac" , 
      "option3" : "Sem, Ham și Iafet" , 
      "option4" : "Sem, Ham, Iosif" , 
      "answer" : 3 , 
      "reference" :"Geneza 9:18-19, 1 Cronici 1:4"
     }, 
    { 
      "ques_id" : 18 , 
      "question" : "Domnul i-a schimbat numele lui Avraam în Avraam când avea 99 de ani. Care era numele lui înainte de aceasta?" , 
      "option1" : "Adam" , 
      "option2" : "Abram" , 
      "option3" : "Alfa" , 
      "option4" : "Agag" , 
      "answer" : 2 , 
      "reference" : "Geneza 17:1-5 "
     }, 
    { 
      "ques_id" : 19 , 
      "question" : "Câți ani avea Avraam când s-a născut Isaac?" , 
      "option1" : "103" , 
      "option2" : "90" , 
      "option3" : "100" , 
      "option4" : "50" , 
      "answer" : 3 , 
      "reference" : "Geneza 21:5"
     } , 
    { 
      "ques_id" : 20 , 
      "question" : "Câte cărți din Biblie au cuvântul 'Ioan' în titlu?" ,
      "option1" : "4" , 
      "option2" : "3" , 
      "option3" : "1" , 
      "option4" : "5" , 
      "answer" : 1 , 
      "reference" : "Ioan"
     } 
  ] 
}