{
  "Jaunpienācējs": [
    {
      "ques_id": 1,
      "question": "Kas ir pirmais cilvēks, kurš jebkad dzīvojis?",
      "option1": "Metusala",
      "option2": "Ābrahāms",
      "option3": "Mozus",
      "option4": "Ādams",
      "answer": 4
    },
    {
      "ques_id": 2,
      "question": "Ko norija ļoti liela zivs?",
      "option1": "Jēzus",
      "option2": "Jonah",
      "option3": "Simsons",
      "option4": "Pēteris",
      "answer": 2
    },
    {
      "ques_id": 3,
      "question": "Kas ir tas cilvēks, kuru Dievs izmantoja, lai izvestu izraēliešus no Ēģiptes",
      "option1": "Ārons",
      "option2": "Ābrahāms",
      "option3": "Mozus",
      "option4": "Jeremija",
      "answer": 3
    },
    {
      "ques_id": 4,
      "question": "Kas bija tas, kurš nogalināja Goliātu",
      "option1": "Dāvids",
      "option2": "Sauls",
      "option3": "Zālamans",
      "option4": "Džonatans",
      "answer": 1
    },
    {
      "ques_id": 5,
      "question": "Kas bija pirmais Izraēlas karalis?",
      "option1": "Dāvids",
      "option2": "Sauls",
      "option3": "Zālamans",
      "option4": "Mozus",
      "answer": 2
    },
    {
      "ques_id": 6,
      "question": "Kāda nodarbošanās bija Jēzum pirms savas kalpošanas",
      "option1": "ToyMaker",
      "option2": "Zvejnieks",
      "option3": "Vīna dārza turētājs",
      "option4": "Galdnieks",
      "answer": 4
    },
    {
      "ques_id": 7,
      "question": "Kā sauc pilsētu, kurā dzimis Jēzus?",
      "option1": "Jeruzāleme",
      "option2": "Bētleme",
      "option3": "Galileja",
      "option4": "Nazareth",
      "answer": 2
    },
    {
      "ques_id": 8,
      "question": "Kā sauc jūru, pa kuru staigāja Jēzus",
      "option1": "Galilejas jūra",
      "option2": "Nāves jūra",
      "option3": "Lasīt jūru",
      "option4": "Vidusjūra",
      "answer": 1
    },
    {
      "ques_id": 9,
      "question": "Kā sauc upi, kurā Jānis Kristītājs kristīja cilvēkus?",
      "option1": "Eifrata",
      "option2": "Nīls",
      "option3": "Jordānija",
      "option4": "Tigris",
      "answer": 3
    },
    {
      "ques_id": 10,
      "question": "Kā sauc Andreja brāli? (abi bija mācekļi)",
      "option1": "Pēteris",
      "option2": "Jānis",
      "option3": "Džeimss",
      "option4": "Ādams",
      "answer": 1
    },
    {
      "ques_id": 11,
      "question": "Kā sauca Jēzus māti?",
      "option1": "Marija",
      "option2": "Marta",
      "option3": "Zipporah",
      "option4": "Sāra",
      "answer": 1
    },
    {
      "ques_id": 12,
      "question": "Kā sauca dārzu, kurā dzīvoja Ādams un Ieva?",
      "option1": "Nod zeme",
      "option2": "Ēdenes dārzs",
      "option3": "Bētleme",
      "option4": "Ielejas dārzs",
      "answer": 2
    },
    {
      "ques_id": 13,
      "question": "Ar kādu pārtiku Jēzus pabaroja 5000 cilvēku",
      "option1": "Vīns",
      "option2": "Maizes un vīna klaipi",
      "option3": "Maizes un zivju klaipi",
      "option4": "Ūdens",
      "answer": 3
    },
    {
      "ques_id": 14,
      "question": "Kādu metodi romieši izmantoja, lai nogalinātu Jēzu?",
      "option1": "Akmeņots",
      "option2": "Kremēšana",
      "option3": "Krustā sišana",
      "option4": "Pakārts",
      "answer": 3
    },
    {
      "ques_id": 15,
      "question": "Cik grozu palika pāri no 5000 barošanas?",
      "option1": "7",
      "option2": "8",
      "option3": "10",
      "option4": "12",
      "answer": 1,
      "atsauce": "Mateja 15:13"
    },
    {
      "ques_id": 16,
      "question": "Kurš māceklis atrada monētu zivs mutē?",
      "option1": "Andrū",
      "option2": "Pāvils",
      "option3": "Pēteris",
      "option4": "Timotijs",
      "answer": 3,
      "atsauce": "Mateja 1:24-27"
    },
    {
      "ques_id": 17,
      "question": "Kādā Bībeles grāmatā mēs lasām par Hamanu",
      "option1": "Exodus",
      "option2": "Estere",
      "option3": "Ruta",
      "option4": "Malahi",
      "answer": 2,
      "atsauce": "Estere 3"
    },
    {
      "ques_id": 18,
      "question": "Nosauciet ķēniņa Agripas sievu, kuras priekšā Pāvils stāvēja tiesā.",
      "option1": "Bernice",
      "option2": "Hērods",
      "option3": "Agag",
      "option4": "Kajafa",
      "answer": 1,
      "atsauce": "Apustuļu darbi 25:23"
    },
    {
      "ques_id": 19,
      "question": "Cik vecs kļuva Ēnohs",
      "option1": "400",
      "option2": "350",
      "option3": "230",
      "option4": "365",
      "answer": 4,
      "atsauce": "1. Mozus 5:23"
    },
    {
      "ques_id": 20,
      "question": "Cik gadus vēl Dievs pievienoja ķēniņa Hiskijas dzīvei, atbildot uz mirstošo ķēniņu lūgšanu?",
      "option1": "20",
      "option2": "15",
      "option3": "100",
      "option4": "50",
      "answer": 2,
      "atsauce": "2. Ķēniņu 20:6"
    }
  ],
  "Entuziasts": [
    {
      "ques_id": 1,
      "question": "Kas bija Īzāka tēvs?",
      "option1": "Ābrahāms",
      "option2": "Jēkabs",
      "option3": "Ēsavs",
      "option4": "Peleq",
      "answer": 1
    },
    {
      "ques_id": 2,
      "question": "Kas bija Roboāma tēvs?",
      "option1": "Dāvids",
      "option2": "Nimrods",
      "option3": "Abimelech",
      "option4": "Zālamans",
      "answer": 4
    },
    {
      "ques_id": 3,
      "question": "Kas bija Metuzāla tēvs?",
      "option1": "Elija",
      "option2": "Ēnoks",
      "option3": "Seth",
      "option4": "Jared",
      "answer": 2
    },
    {
      "ques_id": 4,
      "question": "Kas nogalināja Jāni Kristītāju?",
      "option1": "Cēzars",
      "option2": "Pilāts",
      "option3": "Herolds",
      "option4": "Kajafa",
      "answer": 3
    },
    {
      "ques_id": 5,
      "question": "Kas bija pirmais cilvēks, kurš tika nogalināts, jo ticēja Kristum?",
      "option1": "Pēteris",
      "option2": "Jānis",
      "option3": "Barnabas",
      "option4": "Stīvens",
      "answer": 4
    },
    {
      "ques_id": 6,
      "question": "Kur Sauls devās, kad ieraudzīja Jēzu?",
      "option1": "Damaska",
      "option2": "Grieķija",
      "option3": "Roma",
      "option4": "Jeruzāleme",
      "answer": 1
    },
    {
      "ques_id": 7,
      "question": "Kur Jēzus pavadīja lielāko daļu savas dzīves uz zemes?",
      "option1": "Jeruzāleme",
      "option2": "Nācarete",
      "option3": "Olīvu kalns",
      "option4": "Ēģipte",
      "answer": 2
    },
    {
      "ques_id": 8,
      "question": "Kāds psalms sākas: \"Tas Kungs ir mans gans?\"",
      "option1": "91. psalms",
      "option2": "1. psalms",
      "option3": "104. psalms",
      "option4": "23. psalms",
      "answer": 4
    },
    {
      "ques_id": 9,
      "question": "Kāda bija Pāvila nodarbošanās, kad viņš ceļoja kā misionārs?",
      "option1": "gans",
      "option2": "Purpura pārdevējs",
      "option3": "Telts izgatavotājs",
      "option4": "Scribe",
      "answer": 3
    },
    {
      "ques_id": 10,
      "question": "Kā sauc salu, uz kuras dzīvoja Barnaba?",
      "option1": "Grieķija",
      "option2": "Kipra",
      "option3": "Roda",
      "option4": "Lieldienu sala",
      "answer": 2
    },
    {
      "ques_id": 11,
      "question": "Kad viņu uzrunāja Jēzus, kurš sacīja: \"Kas tev ar mani, Jēzu, Visaugstākā Dieva Dēls? Es tevi zvēru pie Dieva, nemoki mani'.?",
      "option1": "Leģions",
      "option2": "Terah",
      "option3": "Rūbens",
      "option4": "Belšacars",
      "answer": 1
    },
    {
      "ques_id": 12,
      "question": "Par kuru putnu, pēc Jēzus vārdiem, mums ir lielāka vērtība?",
      "option1": "Ērglis",
      "option2": "Vulture",
      "option3": "Zvirbulis",
      "option4": "balodis",
      "answer": 3
    },
    {
      "ques_id": 13,
      "question": "Kuras divas māsas apprecējās ar Jēkabu?",
      "option1": "Dorca un Lea",
      "option2": "Mariama un Reičela",
      "option3": "Reičela un Lea",
      "option4": "Sāra un Hanna",
      "answer": 3
    },
    {
      "ques_id": 14,
      "question": "Uz kuru zemi Dievs sūtīja Ābrahāmu upurēt savu īpašo dēlu Īzāku?",
      "option1": "Canan",
      "option2": "Maķedonija",
      "option3": "Kipra",
      "option4": "Morija",
      "answer": 4
    },
    {
      "ques_id": 15,
      "question": "Ar kādu Tā Kunga pravieti apspriedās Jūdas ķēniņš Josija",
      "option1": "Debora",
      "option2": "Huldah",
      "option3": "Naom",
      "option4": "Ruta",
      "answer": 2,
      "atsauce": "2. Ķēniņu 22:12-16"
    },
    {
      "ques_id": 16,
      "question": "Nosaukt Samuela pirmdzimto dēlu?",
      "option1": "Joshua",
      "option2": "Džoels",
      "option3": "Džonatans",
      "option4": "Jāzeps",
      "answer": 2,
      "atsauce": "1. Samuēla 8:2"
    },
    {
      "ques_id": 17,
      "question": "Kā sauca ķēniņa Saula sievu?",
      "option1": "Boam",
      "option2": "Žēlsirdība",
      "option3": "Ahinoam",
      "option4": "Noam",
      "answer": 3,
      "atsauce": "1. Samuēla 14:50"
    },
    {
      "ques_id": 18,
      "question": "Kas ir nepieciešams, lai kāds saprastu Dieva vārdu?",
      "option1": "Lūgšana",
      "option2": "Mīlestība",
      "option3": "Svētais gars",
      "option4": "Eņģeļi",
      "answer": 3,
      "atsauce": "1. Korintiešiem 2:11"
    },
    {
      "ques_id": 19,
      "question": "Kas Pāvils teica, ka viņu tiesāja?",
      "option1": "Sātans",
      "option2": "Dievs",
      "option3": "Draugs",
      "option4": "Pēteris",
      "answer": 2,
      "atsauce": "1. korintiešiem 4:4"
    },
    {
      "ques_id": 20,
      "question": "________ atlikts padara sirdi slimu?",
      "option1": "Uzticēties",
      "option2": "Cerība",
      "option3": "Mīlestība",
      "option4": "Lūgšanas",
      "answer": 2,
      "atsauce": "Salamana Pamācības 13:12"
    }
  ],
  "Vidējais": [
    {
      "ques_id": 1,
      "question": "Kas bija Mozus sieva?",
      "option1": "Elišeba",
      "option2": "Rebeka",
      "option3": "Mariam",
      "option4": "Zipporah",
      "answer": 4
    },
    {
      "ques_id": 2,
      "question": "Kas bija Ābrahāma otrā sieva?",
      "option1": "Estere",
      "option2": "Keturah",
      "option3": "Hāgara",
      "option4": "Lidija",
      "answer": 2
    },
    {
      "ques_id": 3,
      "question": "Cik nodaļu ir Kalna sprediķī?",
      "option1": "1",
      "option2": "2",
      "option3": "3",
      "option4": "7",
      "answer": 3
    },
    {
      "ques_id": 4,
      "question": "Cik reizes Izraēls gāja ap Jēriku?",
      "option1": "13",
      "option2": "7",
      "option3": "70",
      "option4": "12",
      "answer": 1
    },
    {
      "ques_id": 5,
      "question": "Cik garš ir olektis?",
      "option1": "apmēram 12 collas",
      "option2": "12 mm",
      "option3": "apmēram 18 collas",
      "option4": "apmēram 36 collas",
      "answer": 3
    },
    {
      "ques_id": 6,
      "question": "Kur Kains devās pēc Ābela nogalināšanas?",
      "option1": "Ēdenes dārzs",
      "option2": "Nod zeme",
      "option3": "Kumrānas alas",
      "option4": "Ararat kalns",
      "answer": 2
    },
    {
      "ques_id": 7,
      "question": "Kas bija Kiša dēls?",
      "option1": "Noass",
      "option2": "Apustulis Pāvils",
      "option3": "Ābrahāms",
      "option4": "Karalis Sauls",
      "answer": 4
    },
    {
      "ques_id": 8,
      "question": "Kur dzīvoja Rahaba?",
      "option1": "Jericho",
      "option2": "Jeruzāleme",
      "option3": "Nineveh",
      "option4": "Ai",
      "answer": 1
    },
    {
      "ques_id": 9,
      "question": "Kur dzīvoja Dorkasa?",
      "option1": "Bētele",
      "option2": "Joppa",
      "option3": "ķeizareja",
      "option4": "Antiohija",
      "answer": 2
    },
    {
      "ques_id": 10,
      "question": "Kur ir \"Iela, ko sauc par taisnu\"",
      "option1": "Jeruzāleme",
      "option2": "Roma",
      "option3": "Babilona",
      "option4": "Damaska",
      "answer": 4
    },
    {
      "ques_id": 11,
      "question": "Pēc dzīvības bēgšanas, zem kura koka Elija gulēja",
      "option1": "Ozols",
      "option2": "priede",
      "option3": "Kadiķis",
      "option4": "Egle",
      "answer": 3,
      "atsauce": "1. Ķēniņu 19:5"
    },
    {
      "ques_id": 12,
      "question": "Par cik sudraba monētām Jūda nodeva Jēzu?",
      "option1": "30",
      "option2": "20",
      "option3": "50",
      "option4": "10",
      "answer": 1,
      "atsauce": "Mateja 26:15"
    },
    {
      "ques_id": 13,
      "question": "Nosauciet Dāvida tēvu",
      "option1": "Omāna",
      "option2": "Džesija",
      "option3": "Joshua",
      "option4": "Zālamans",
      "answer": 2,
      "atsauce": "1.Samuēls 1:12"
    },
    {
      "ques_id": 14,
      "question": "Dievs nav minēts tikai 1 Bībeles grāmatā",
      "option1": "Estere",
      "option2": "Ruta",
      "option3": "Malahi",
      "option4": "Exodus",
      "answer": 1,
      "atsauce": "Estere"
    },
    {
      "ques_id": 15,
      "question": "Par cik sudraba gabaliem Jozua viņa brāļi pārdeva išmeeliešiem",
      "option1": "50",
      "option2": "12",
      "option3": "20",
      "option4": "100",
      "answer": 3,
      "atsauce": "1. Mozus 37:28"
    },
    {
      "ques_id": 16,
      "question": "Cik apustuļus Jēzus izvēlējās",
      "option1": "12",
      "option2": "14",
      "option3": "10",
      "option4": "08",
      "answer": 1,
      "atsauce": "Lūkas 6:13"
    },
    {
      "ques_id": 17,
      "question": "Eņģelis teica Marijai, ka Jēzus valdīs pār namu, kas ir vecās Derības raksturs",
      "option1": "Dāvids",
      "option2": "Jēkabs",
      "option3": "Ābrahāms",
      "option4": "Mozus",
      "answer":2,
      "atsauce": "Lūkas 1:13"
    },
    {
      "ques_id": 18,
      "question": "Kurš pravietis teica: \"No Ēģiptes esmu izsaucis savu dēlu\"?",
      "option1": "Jeremija",
      "option2": "Jesaja",
      "option3": "Hozeja",
      "option4": "Ecēhiel",
      "answer": 3,
      "atsauce": "Hozejas 11:1"
    },
    {
      "ques_id": 19,
      "question": "Kādu koku Jēzus nolādēja?",
      "option1": "Fig",
      "option2": "Vīna dārzs",
      "option3": "Prie",
      "option4": "ozols",
      "answer": 1,
      "atsauce": "Marka 11:12-14"
    },
    {
      "ques_id": 20,
      "question": "Ko Sauls pieprasīja, lai viņam audzinātu mediju",
      "option1": "Eli",
      "option2": "Neitans",
      "option3": "Samuels",
      "option4": "Dāvids",
      "answer": 3,
      "atsauce": "1 Samuel 28:11"
    }
  ],
  "Profesionālis": [
    {
      "ques_id": 1,
      "question": "Kas nesa krustu Kristum?",
      "option1": "Filips",
      "option2": "Sīmanis no Kirēnas",
      "option3": "Ahab",
      "option4": "Miha",
      "answer": 2
    },
    {
      "ques_id": 2,
      "question": "Cik daudz kompanjonu filistieši deva Simsonam svētkos Timnā?",
      "option1": "30",
      "option2": "31",
      "option3": "32",
      "option4": "33",
      "answer": 1
    },
    {
      "ques_id": 3,
      "question": "Cik veca bija praviete Anna, kad viņa ieraudzīja Jēzu?",
      "option1": "83",
      "option2": "84",
      "option3": "88",
      "option4": "92",
      "answer": 2
    },
    {
      "ques_id": 4,
      "question": "Ko Sābas karaliene deva Salamanam?",
      "option1": "(124 talanti) zelts, garšvielas un dārgakmeņi",
      "option2": "(120 talanti) zelts, garšvielas un dārgakmeņi",
      "option3": "(18 talanti) zelts, garšvielas un dārgakmeņi",
      "option4": "(221 talents) zelts, garšvielas un dārgakmeņi",
      "answer": 2
    },
    {
      "ques_id": 5,
      "question": "Cik grāmatu ir Vecajā Derībā?",
      "option1": "37",
      "option2": "38",
      "option3": "39",
      "option4": "40",
      "answer": 3
    },
    {
      "ques_id": 6,
      "question": "Cik upēs Ēdenes upe sadalījās, kad tā izgāja no dārza?",
      "option1": "4",
      "option2": "3",
      "option3": "6",
      "option4": "8",
      "answer": 1
    },
    {
      "ques_id": 7,
      "question": "Ko Jāzeps gribēja darīt, kad atklāja, ka Marija ir stāvoklī?",
      "option1": "Sarīkojiet ballīti",
      "option2": "Šķirties ar viņu",
      "option3": "Bēgt prom",
      "option4": "Neviens no iepriekšminētajiem",
      "answer": 2
    },
    {
      "ques_id": 8,
      "question": "Kādā krāsā bija virspriestera tērps?",
      "option1": "zils",
      "option2": "Balts",
      "option3": "zaļš",
      "option4": "sarkans",
      "answer": 1
    },
    {
      "ques_id": 9,
      "question": "Ko Boāzs teica, ka Naomi pārdod?",
      "option1": "Zemes gabals",
      "option2": "zelts",
      "option3": "Viņas bērns",
      "option4": "Ēdiens",
      "answer": 1
    },
    {
      "ques_id": 10,
      "question": "Līdzībā par parādniekiem viens bija parādā 500 denārus (pensus), bet cik otrs bija parādā",
      "option1": "70",
      "option2": "50",
      "option3": "45",
      "option4": "80",
      "answer": 2
    },
    {
      "ques_id": 11,
      "question": "Cik daudz Elijas gara saņēma Elīsa?",
      "option1": "Mazais",
      "option2": "Viena porcija",
      "option3": "Veselīgi",
      "option4": "Dubultā porcija",
      "answer": 4
    },
    {
      "ques_id": 12,
      "question": "Kas bija neparasts tajos 700 benjamiešu karavīros, kuri katru reizi varēja pārmest akmeni un trāpīt savā mērķī?",
      "option1": "Viņi visi bija kreiļi",
      "option2": "Viņi visi izskatījās līdzīgi",
      "option3": "Viņiem nebija apavu",
      "option4": "Neviens no iepriekšminētajiem",
      "answer": 1
    },
    {
      "ques_id": 13,
      "question": "Kāda saistība bija Annai ar Kajafu?",
      "option1": "Brālis",
      "option2": "Tēvocis",
      "option3": "Māsīcas",
      "option4": "Sievastēvs",
      "answer": 4
    },
    {
      "ques_id": 14,
      "question": "Ko nevajadzētu \"mest cūku priekšā\"",
      "option1": "Oļi",
      "option2": "Akmeņi",
      "option3": "Pērles",
      "option4": "Nūja",
      "answer": 3
    },
    {
      "ques_id": 15,
      "question": "Kad cietumā, kurā laikā Pāvils un Sīla lūdza un dziedāja Dievu?",
      "option1": "Rīts",
      "option2": "Pēcpusdiena",
      "option3": "Vakars",
      "option4": "Pusnakts",
      "answer": 4
    },
    {
      "ques_id": 16,
      "question": "Ko Daniēls un viņa trīs draugi ēda karaļa gaļas un dzēriena vietā?",
      "option1": "maize",
      "option2": "Vīns un maize",
      "option3": "Pākšaugi un ūdens",
      "option4": "Nekas",
      "answer": 3
    },
    {
      "ques_id": 17,
      "question": "Kā sauc Jēzus brālēnu, kurš dzimis sešus mēnešus pirms viņa?",
      "option1": "Jānis",
      "option2": "Pēteris",
      "option3": "Pāvils",
      "option4": "Maikls",
      "answer": 1
    },
    {
      "ques_id": 18,
      "question": "Kādā pilsētā dzīvoja ķēniņš Hērods Jēzus dzimšanas laikā?",
      "option1": "Jeruzāleme",
      "option2": "Roma",
      "option3": "Babilona",
      "option4": "Bētleme",
      "answer": 1
    },
    {
      "ques_id": 19,
      "question": "Cik daudz mocību Dievs sūtīja Ēģiptei?",
      "option1": "4",
      "option2": "8",
      "option3": "10",
      "option4": "12",
      "answer": 3
    },
    {
      "ques_id": 20,
      "question": "Par cik sudraba gabaliem Jūda nodeva Kristu?",
      "option1": "20",
      "option2": "30",
      "option3": "40",
      "option4": "50",
      "answer": 2
    },
    {
      "ques_id": 21,
      "question": "Cik dienas Jēzus parādījās saviem mācekļiem pēc savas augšāmcelšanās?",
      "option1": "30",
      "option2": "7",
      "option3": "40",
      "option4": "11",
      "answer": 3
    },
    {
      "ques_id": 22,
      "question": "Cik Mazāzijas baznīcu bija uzskaitītas Atklāsmes grāmatā?",
      "option1": "7",
      "option2": "8",
      "option3": "9",
      "option4": "10",
      "answer": 1
    }
  ],
  "Ģēnijs": [
    {
      "ques_id": 1,
      "question": "Kas bija Ārona dēla Eleāzara dēls?",
      "option1": "Putiel",
      "option2": "Korah",
      "option3": "Phinehas",
      "option4": "Izhar",
      "answer": 3
    },
    {
      "ques_id": 2,
      "question": "Kas bija Izraēlas ķēniņa Omrija dēls?",
      "option1": "Ahab",
      "option2": "Joram",
      "option3": "Zimri",
      "option4": "Ginath",
      "answer": 1
    },
    {
      "ques_id": 3,
      "question": "Kas bija Naomi vīrs no Rutes grāmatas?",
      "option1": "Boaz",
      "option2": "Elkana",
      "option3": "Obed",
      "option4": "Elimelech",
      "answer": 4
    },
    {
      "ques_id": 4,
      "question": "Cik burtu ir garākajā nosaukumā Bībelē?",
      "option1": "16",
      "option2": "18",
      "option3": "22",
      "option4": "25",
      "answer": 2
    },
    {
      "ques_id": 5,
      "question": "Kas nogalināja Siseru?",
      "option1": "Dāvids",
      "option2": "Ahab",
      "option3": "Sauls",
      "option4": "Jael",
      "answer": 4
    },
    {
      "ques_id": 6,
      "question": "Cik plats bija Noasa šķirsts?",
      "option1": "35 olektis",
      "option2": "50 olektis",
      "option3": "75 olektis",
      "option4": "90 olektis",
      "answer": 2
    },
    {
      "ques_id": 7,
      "question": "Cik plats bija Derības šķirsts?",
      "option1": "1,5 olektis",
      "option2": "2 olektis",
      "option3": "3 olektis",
      "option4": "1 olektis",
      "answer": 1
    },
    {
      "ques_id": 8,
      "question": "Kā sauca Elīsas kalpu?",
      "option1": "Jehoram",
      "option2": "Shaphat",
      "option3": "Gehazi",
      "option4": "Hazael",
      "answer": 3
    },
    {
      "ques_id": 9,
      "question": "Kā sauca Pāvila slaveno skolotāju?",
      "option1": "Justus",
      "option2": "Gamaliels",
      "option3": "Kajafa",
      "option4": "Sokrats",
      "answer": 2
    },
    {
      "ques_id": 10,
      "question": "Kurš Izraēla tiesnesis ir dzimis Betlēmē?",
      "option1": "Dāvids",
      "option2": "Ibzan",
      "option3": "Debora",
      "option4": "Gideons",
      "answer": 2
    },
    {
      "ques_id": 11,
      "question": "Kad viņu uzrunāja Jēzus, kurš sacīja: \"Kas tev ar mani, Jēzu, Visaugstākā Dieva Dēls? Es tevi zvēru pie Dieva, nemoki mani'.?",
      "option1": "Leģions",
      "option2": "Terah",
      "option3": "Rūbens",
      "option4": "Belšacars",
      "answer": 1
    },
    {
      "ques_id": 12,
      "question": "Par kuru putnu, pēc Jēzus vārdiem, mums ir lielāka vērtība?",
      "option1": "Ērglis",
      "option2": "Vulture",
      "option3": "Zvirbulis",
      "option4": "balodis",
      "answer": 3
    },
    {
      "ques_id": 13,
      "question": "Kuras divas māsas apprecējās ar Jēkabu?",
      "option1": "Dorca un Lea",
      "option2": "Mariama un Reičela",
      "option3": "Reičela un Lea",
      "option4": "Sāra un Hanna",
      "answer": 3
    },
    {
      "ques_id": 14,
      "question": "Uz kuru zemi Dievs sūtīja Ābrahāmu upurēt savu īpašo dēlu Īzāku?",
      "option1": "Canan",
      "option2": "Maķedonija",
      "option3": "Kipra",
      "option4": "Morija",
      "answer": 4
    },
    {
      "ques_id": 15,
      "question": "No kura psalma ir dzejolis \"Viņš liek man apgulties zaļās ganībās, viņš mani ved pie klusiem ūdeņiem\", no kurienes?",
      "option1": "25",
      "option2": "22",
      "option3": "30",
      "option4": "23",
      "answer": 4,
      "atsauce": "Psalmi 23;2"
    },
    {
      "ques_id": 16,
      "question": "Bailes no Kunga ir sākums ......... ",
      "option1": "zināšanas",
      "option2": "Gudrība",
      "option3": "Nauda",
      "option4": "Mīlestība",
      "answer": 1,
      "atsauce": ""
    },
    {
      "ques_id": 17,
      "question": "Pret kuru pilsētu Tas Kungs lika Jonam sludināt?",
      "option1": "Jeruzāleme",
      "option2": "Nineveh",
      "option3": "Babilona",
      "option4": "Jūda",
      "answer": 2,
      "atsauce": "Jonas 1:2"
    },
    {
      "ques_id": 18,
      "question": "Kura no šīm grāmatām [Filipiešiem, Kolosiešiem, Galatiešiem vai Efeziešiem] ir pirmajā vietā Bībelē?",
      "option1": "kolosieši",
      "option2": "Galatians",
      "option3": "Efezieši",
      "option4": "filipieši",
      "answer": 2,
      "atsauce": "Jaunā Derība, Pāvila vēstules"
    },
    {
      "ques_id": 19,
      "question": "Cik nodaļu ir grāmatai Ebrejiem?",
      "option1": "13",
      "option2": "15",
      "option3": "10",
      "option4": "16",
      "answer": 1,
      "atsauce": "Ebrejiem 1-13"
    },
    {
      "ques_id": 20,
      "question": "Kā sauc vētras vējus, kas var skart Krētu?",
      "option1": "Moonsoon",
      "option2": "Euroklydon",
      "option3": "Pārplūde",
      "option4": "Neviens no iepriekšminētajiem",
      "answer": 2,
      "atsauce": "Apustuļu darbi 2:14"
    }
  ],
  "Eksperts": [
    {
      "ques_id": 1,
      "question": "Kurš no šiem nebija Izraēlas vai Jūdas karalis",
      "option1": "Sennaherib",
      "option2": "Jehoiachim",
      "option3": "Zedekija",
      "option4": "Dāvids",
      "answer": 1
    },
    {
      "ques_id": 2,
      "question": "Kas pārliecināja Simsonu atklāt lielā spēka noslēpumu",
      "option1": "Dīna",
      "option2": "Ruta",
      "option3": "Delilah",
      "option4": "Marta",
      "answer": 3
    },
    {
      "ques_id": 3,
      "question": "Un tavas debesis, kas ir virs tavas galvas, būs_____, un zeme, kas ir zem tevis, būs dzelzs",
      "option1": "Misiņš",
      "option2": "tērauds",
      "option3": "Sudrabs",
      "option4": "zelts",
      "answer": 1
    },
    {
      "ques_id": 4,
      "question": "Kur var atrast vārdus: Paļaujieties uz Jehovu no visas sirds un nepaļaujieties uz savu saprātu",
      "option1": "Salamana Pamācības 3:5",
      "option2": "Salamana Pamācības 5:3",
      "option3": "Salamana Pamācības 35:3",
      "option4": "Salamana Pamācības 4:3",
      "answer": 1
    },
    {
      "ques_id": 5,
      "question": "kurš māceklis trīs reizes noliedza Jēzu",
      "option1": "Pēteris",
      "option2": "Andrū",
      "option3": "Jānis",
      "option4": "Jūda",
      "answer": 1
    },
    {
      "ques_id": 6,
      "question": "Taisnīgā piemiņa ir svētīta, bet ļauno vārds būs svētīts",
      "option1": "Uzvarēt",
      "option2": "Puvums",
      "option3": "Bloom",
      "option4": "plaukst",
      "answer": 2
    },
    {
      "ques_id": 7,
      "question": "Kāds bija viņa darbs, pirms Jēzus sāka sludināt?",
      "option1": "galdnieks",
      "option2": "zinātnieks",
      "option3": "Ārsts",
      "option4": "Skolotājs",
      "answer": 1
    },
    {
      "ques_id": 8,
      "question": "Bībelē Zoans tika izmantots kā paralēle kādai tautai",
      "option1": "Ēģipte",
      "option2": "Asīrija",
      "option3": "Babilona",
      "option4": "Sinai",
      "answer": 1
    },
    {
      "ques_id": 9,
      "question": "Kurš Vecās Derības personāžs parādīja savu ticību, būdams gatavs upurēt savu dēlu Dievam.",
      "option1": "Noass",
      "option2": "Ābrahāms",
      "option3": "shealtiel",
      "option4": "Mozus",
      "answer": 2
    },
    {
      "ques_id": 10,
      "question":"Ko darīja kuģa Jonah jūrnieki, lai palielinātu savas izredzes izdzīvot",
      "option1": "Viņi kuģoja uz ziemeļiem",
      "option2": "Izmeta kravu pār bortu",
      "option3": "Lūdzu Dievam piedošanu",
      "option4": "Neviens no iepriekšminētajiem",
      "answer": 2
    },
    {
      "ques_id": 11,
      "question": "Ko darīja Ēsavs, kamēr Jēkabs nozaga viņa svētību?",
      "option1": "Medības",
      "option2": "lauksaimniecība",
      "option3": "makšķerēšana",
      "option4": "Ceļošana",
      "answer": 1
    },
    {
      "ques_id": 12,
      "question": "Kas skrēja no Karmela kalna uz Samariju ātrāk, nekā Ahabs spēja vadīt savus ratus?",
      "option1": "Elīsa",
      "option2": "Gehazi",
      "option3": "Elija",
      "option4": "Amos",
      "answer": 3
    },
    {
      "ques_id": 13,
      "question": "Ko Dievs darīja septītajā dienā pēc?",
      "option1": "Atpūties",
      "option2": "Radīti cilvēki",
      "option3": "Viņš uzdeva cilvēkam rūpēties par saviem darbiem",
      "option4": "Izveidoti putni",
      "answer": 1
    },
    {
      "ques_id": 14,
      "question": "Kurš apgalvoja, ka zelta teļš vienkārši izkāpis no uguns?",
      "option1": "Joshua",
      "option2": "Ārons",
      "option3": "Miriam",
      "option4": "Debora",
      "answer": 42
    },
    {
      "ques_id": 15,
      "question": "Ko lūdza ķēniņš Salamans, kad Dievs viņam parādījās sapnī",
      "option1": "Ilgs mūžs un zināšanas",
      "option2": "Gudrība [spriest starp labo un ļauno]",
      "option3": "Bagātība",
      "option4": "Nauda",
      "answer": 2
    },
    {
      "ques_id": 16,
      "question": "Pabeidz sakāmvārdu teicienu: Ikviens muļķis, ja klusēšana tiek uzskatīta par -------?",
      "option1": "Mierīgs",
      "option2": "Stulbs",
      "option3": "Gudrais",
      "option4": "augstprātīgs",
      "answer": 3
    },
    {
      "ques_id": 17,
      "question": "Kā pieņemt Dieva valstību?",
      "option1": "Ar slēptiem motīviem",
      "option2": "Kā bērns",
      "option3": "Ar lepnumu",
      "option4": "Ar aģentu starpniecību",
      "answer": 2
    },
    {
      "ques_id": 18,
      "question": "Kā sauca Ābrahāma pirmo sievu",
      "option1": "Sāra",
      "option2": "Miriam",
      "option3": "Roda",
      "option4": "Ruta",
      "answer": 1
    },
    {
      "ques_id": 19,
      "question": "Ķēniņš Sauls nepaklausīja Jehovas pavēlei un saudzēja Amelekiešu ķēniņa dzīvību",
      "option1": "Balak",
      "option2": "Dagons",
      "option3": "Agag",
      "option4": "Neitans",
      "answer": 3
    },
    {
      "ques_id": 20,
      "question": "Par ko bija rakstīti desmit baušļi. ",
      "option1": "Divi ruļļi",
      "option2": "Divas akmens plāksnes",
      "option3": "Jērikas sienas",
      "option4": "Divas grāmatas",
      "answer": 1
    }
  ],
  "Meistars": [
    {
      "ques_id": 1,
      "question": "Par ko tika ierakstīts, ka \"visi domāja savās sirdīs\"; Varbūt viņš var būt Kristus?",
      "option1": "Elija",
      "option2": "Jānis",
      "option3": "Malahi",
      "option4": "Pēteris",
      "answer": 2
    },
    {
      "ques_id": 2,
      "question": "Kādi ir Jāzepa vecāku vārdi",
      "option1": "Jēkabs un Rebeka",
      "option2": "Jēkabs un Lea",
      "option3": "Jēkabs un Reičela",
      "option4": "Jēkabs un Rūta",
      "answer": 3
    },
    {
      "ques_id": 3,
      "question": "Kurš no visiem Bībelē minētajiem cilvēkiem dzīvoja visilgāk?",
      "option1": "Metusala",
      "option2": "JJared",
      "option3": "Ābrahāms",
      "option4": "Ādams",
      "answer": 1
    },
    {
      "ques_id": 4,
      "question": "Ko Jēzus teica tiem, kas apsūdzēja laulības pārkāpēju?",
      "option1": "Redzi, nav neviena taisnīga",
      "option2": "Kas bez grēka, lai pirmais met akmeni",
      "option3": "Bēdas jums, kas apsūdz šo sievieti",
      "option4": "nogalini viņu",
      "answer": 2
    },
    {
      "ques_id": 5,
      "question": "Uz kuru pilsētu kādreiz dosies visas tautas pielūgt Dievu?",
      "option1": "Damaska",
      "option2": "Jeruzāleme",
      "option3": "Kilīcija",
      "option4": "Jūda",
      "answer": 2
    },
    {
      "ques_id": 6,
      "question": "Kurš no Dāvida pēcnācējiem valdīs mūžīgi",
      "option1": "Rehabeams",
      "option2": "Jēzus",
      "option3": "Zālamans",
      "option4": "Jerobeāms",
      "answer": 2
    },
    {
      "ques_id": 7,
      "question": "Kas bija Timoteja dievbijīgā māte",
      "option1": "Loisa",
      "option2": "Fēbe",
      "option3": "Eunice",
      "option4": "Magdalēna",
      "answer": 3
    },
    {
      "ques_id": 8,
      "question": "Kāpēc ķēniņš Salamans, būdams vecs, novērsās no Dieva?",
      "option1": "Viņa ārzemju sievas pievērsa viņa sirdi pēc citiem dieviem",
      "option2": "Viņš kļuva lepns",
      "option3": "Viņš mīlēja sievietes vairāk nekā Dievu",
      "option4": "Viņš pielūdza elkus",
      "answer": 1
    },
    {
      "ques_id": 9,
      "question": "Kas aizbēga uz Jehovas telti drošības pēc, bet tur tik un tā tika nogalināts?",
      "option1": "Joab",
      "option2": "Sauls",
      "option3": "Amons",
      "option4": "Ēsavs",
      "answer": 1
    },
    {
      "ques_id": 10,
      "question": "Kurš karalis sapņoja par lielu vīrieša statuju, kas izgatavota no dažādiem metāliem",
      "option1": "Ahab",
      "option2": "Dāvids",
      "option3": "malach",
      "option4": "Nebukadnecars",
      "answer": 4
    },
    {
      "ques_id": 11,
      "question": "Kur ir \"labākā vieta, kur lūgt\"?",
      "option1": "Jūsu skapī ar aizvērtām durvīm",
      "option2": "Baznīcā",
      "option3": "Klusā vietā",
      "option4": "Ceļā",
      "answer": 1
    },
    {
      "ques_id": 12,
      "question": "Kur var atrast vārdus: paļaujieties uz Jehovu no visas sirds un nepaļaujieties uz savu saprātu?",
      "option1": "Salamana Pamācības 3:5",
      "option2": "Salamana Pamācības 35:3",
      "option3": "Salamana Pamācības 5:3",
      "option4": "Salamana Pamācības 6:4",
      "answer": 1
    },
    {
      "ques_id": 13,
      "question": "Kad Jēzus bija tavā tuksnesī, ko viņš kārdināja pārvērst par maizes klaipiem?",
      "option1": "Kalniņi",
      "option2": "klintis",
      "option3": "Akmeņi",
      "option4": "augsne",
      "answer": 3
    },
    {
      "ques_id": 14,
      "question": "Kas bija īpašs Ehudā [Izraēla tiesnesis, kurš nogalināja Moāba ķēniņu Elgonu",
      "option1": "Viņš bija ļoti jauns",
      "option2": "Viņš bija kreilis",
      "option3": "Viņš bija akls",
      "option4": "Viņš bija ļoti vecs",
      "answer": 2
    },
    {
      "ques_id": 15,
      "question": "Kas notika ar Jērikas pilsētu pēc tam, kad priesteris pūta taures",
      "option1": "Tauta aizbēga uz citu zemi",
      "option2": "Dzīvnieki nomira",
      "option3": "Sienas nogāzās",
      "option4": "Cilvēki migrēja",
      "answer": 3
    },
    {
      "ques_id": 16,
      "question": "Saskaņā ar Jāņa 1:1, kas bija sākumā pie Dieva",
      "option1": "Vārds",
      "option2": "Eņģelis",
      "option3": "Jēzus",
      "option4": "Jānis",
      "answer": 1
    },
    {
      "ques_id": 17,
      "question": "Cik psalmu ir psalmu grāmatā?",
      "option1": "150",
      "option2": "170",
      "option3": "120",
      "option4": "190",
      "answer": 1
    },
    {
      "ques_id": 18,
      "question": "Ne katrs, kas man saka: Kungs, Kungs, ieies Debesu valstībā. Kas tad ieies savā valstībā",
      "option1": "Tas, kurš dara Dieva gribu",
      "option2": "Tas, kurš dara brīnumus",
      "option3": "Tas, kurš tiek kristīts",
      "option4": "Tas, kurš sludina Dieva vārdu",
      "answer": 1
    },
    {
      "ques_id": 19,
      "question": "Kas bija pirmais ķēniņš no 10 Izraēlas ciltīm?",
      "option1": "Jerobeāms",
      "option2": "Rehoboth",
      "option3": "Joab",
      "option4": "Rehabeams",
      "answer": 1
    },
    {
      "ques_id": 20,
      "question": "Pēc Jeremijas teiktā, cik gadus Izraēlas tautai bija jāpaliek gūstā Bābeles ķēniņa vadībā?",
      "option1": "120 gadi",
      "option2": "40 gadi",
      "option3": "70 gadi",
      "option4": "80 gadi",
      "answer": 3
    }
  ],
  "Lielmeistars": [
    {
      "ques_id": 1,
      "question": "Kurā upē Naāmanam lika mazgāties, lai atbrīvotos no spitālības?",
      "option1": "Nīls",
      "option2": "Jordan",
      "option3": "Galileja",
      "option4": "Bībele nesaka",
      "answer": 2
    },
    {
      "ques_id": 2,
      "question": "Kas bija Roboāma tēvs?",
      "option1": "Dāvids",
      "option2": "Nimrods",
      "option3": "Abimelech",
      "option4": "Zālamans",
      "answer": 4
    },
    {
      "ques_id": 3,
      "question": "Cik ilgi Dāvids valdīja kā karalis?",
      "option1": "Trīsdesmit gadi",
      "option2": "Četrdesmit gadi",
      "option3": "Divdesmit pieci gadi",
      "option4": "Astoņdesmit gadi",
      "answer": 2
    },
    {
      "ques_id": 4,
      "question": "Jēzus skaidrojumā par līdzību par sējēju. ko attēlo sēkla",
      "option1": "Ticība",
      "option2": "Dieva vārds",
      "option3": "Jēzus",
      "option4": "Mīlestība",
      "answer": 2
    },
    {
      "ques_id": 5,
      "question": "Kurš augs ir \"vismazākais no visām sēklām, bet, kad tas ir izaudzēts, tas ir lielākais starp garšaugiem?",
      "option1": "Olīva",
      "option2": "Sinepes",
      "option3": "Ozols",
      "option4": "Vīnogas",
      "answer": 2
    },
    {
      "ques_id": 6,
      "question": "Kā sauca Mozus brāli?",
      "option1": "Alfejs",
      "option2": "Jānis",
      "option3": "Ārons",
      "option4": "Joshua",
      "answer": 3
    },
    {
      "ques_id": 7,
      "question": "No kuras Ādama ķermeņa daļas Dievs radīja Ievu?",
      "option1": "Sirds",
      "option2": "Smadzenes",
      "option3": "riba",
      "option4": "Galva",
      "answer": 3
    },
    {
      "ques_id": 8,
      "question": "Caharijam un Elizabetei eņģelis teica, ka viņiem būs dēls, kā viņu saukt",
      "option1": "Elija",
      "option2": "Jēzus",
      "option3": "Jānis",
      "option4": "Džeimss",
      "answer": 3
    },
    {
      "ques_id": 9,
      "question": "Kāds nozīmīgs notikums ir ierakstīts Genesis 1. un 2. nodaļā",
      "option1": "Transports",
      "option2": "Izveide",
      "option3": "Attīrīšana",
      "option4": "Upurēšana",
      "answer": 2
    },
    {
      "ques_id": 10,
      "question": "Kādas bija attiecības starp Mozu un Korahu",
      "option1": "Tie abi bija no Jūdas cilts",
      "option2": "Viņi bija brāļi",
      "option3": "Viņi bija brālēni",
      "option4": "Viņi bija draugi",
      "answer": 3
    },
    {
      "ques_id": 11,
      "question": "Ko Naomi lika Betlēmes ļaudīm viņu saukt?",
      "option1": "Māra",
      "option2": "Naama",
      "option3": "Batšeba",
      "option4": "Marija",
      "answer": 1
    },
    {
      "ques_id": 12,
      "question": "Nosauciet ebreju jaunavu, kura apprecējās ar Persijas karali?",
      "option1": "Naomi",
      "option2": "Debora",
      "option3": "Estere",
      "option4": "Džūda",
      "answer": 3
    },
    {
      "ques_id": 13,
      "question": "Ko simbolizē Atklāsmes grāmatas 1:20 septiņi zelta svečturi?",
      "option1": "Septiņas draudze",
      "option2": "Septiņi eņģeļi",
      "option3": "Septiņi karaļi",
      "option4": "Septiņi cilvēki",
      "answer": 1
    },
    {
      "ques_id": 14,
      "question": "Kur var atrast šādus vārdus: \"Bet Dievs izredzējis pasaules neprātīgos, lai liktu kaunā gudros?",
      "option1": "Akti",
      "option2": "romieši",
      "option3": "1 korintieši",
      "option4": "Jānis",
      "answer": 3
    },
    {
      "ques_id": 15,
      "question": "Kas bija pamanāms Jēkaba ​​dvīņubrālī Ēsavā dzimšanas brīdī",
      "option1": "Viņam bija dziļas, intensīvas acis",
      "option2": "Viņš bija ļoti izskatīgs",
      "option3": "Viņš bija sarkans un matains",
      "option4": "Viņš bija ļoti melns",
      "answer": 3
    },
    {
      "ques_id": 16,
      "question": ",Kas Simsonam nogrieza matus?",
      "option1": "Viņa galvenais ienaidnieks Halks",
      "option2": "Delilah",
      "option3": "Cits cilvēks",
      "option4": "Viņa draugi",
      "answer": 2
    },
    {
      "ques_id": 17,
      "question": "Kas sarakstīja 1. un 2. karaļa grāmatas?",
      "option1": "Elija",
      "option2": "Jeremija",
      "option3": "Gad",
      "option4": "Neitans",
      "answer": 2
    },
    {
      "ques_id": 18,
      "question": "Kurš no evaņģēlijiem Bībelē parādās pēdējais",
      "option1": "Nikodems",
      "option2": "Jānis",
      "option3": "Endrjūss",
      "option4": "Atzīme",
      "answer": 2
    },
    {
      "ques_id": 19,
      "question": "Kas notika ar ikvienu, kura vārds nebija ierakstīts dzīvības grāmatā?",
      "option1": "Tie tika atzīti par pestīšanas cienīgiem",
      "option2": "Viņi gāja bojā",
      "option3": "Viņi nomira",
      "option4": "Tie tika iemesti uguns ezerā",
      "answer": 4
    },
    {
      "ques_id": 20,
      "question": "Kurš bija spēcīgākais cilvēks, kāds jebkad dzīvojis?",
      "option1": "Goliāts",
      "option2": "Simsons",
      "option3": "Jēzus",
      "option4": "Agag",
      "answer": 2
    }
  ],
  "Leģenda": [
    {
      "ques_id": 1,
      "question": "Mozus grāmata sākas ar ebreju vārdu \"bereshit\", kāds ir šī vārda tulkojums angļu valodā",
      "option1": "Sākumā ",
      "option2": "Lai top gaisma",
      "option3": "Kad vēl nekā nebija",
      "option4": "Dievs kungs teica",
      "answer": 1,
      "atsauce":"Gn 1:1"
    },
    {
      "ques_id": 2,
      "question": "Ko Kungs Dievs no viņa paņēma pēc vīrieša dziļa iemidzināšanas, lai viņš veidotu sievu",
      "option1": "Zobs",
      "option2": "Nags",
      "option3": "riba",
      "option4": "Matu šķipsna",
      "answer": 3,
      "atsauce":"Gn 1:2"
    },
    {
      "ques_id": 3,
      "question": "Ko tas Kungs Dievs vispirms svētīja ar vārdiem \"Esiet auglīgs un vairojies\"?",
      "option1": "Pirmais vīrietis un sieviete",
      "option2": "Jūras radības un putni",
      "option3": "Augi",
      "option4": "Sauszemes dzīvnieki",
      "answer": 1,
      "atsauce":"Gn 1:22"
    },
    {
      "ques_id": 4,
      "question": "Kas bija tā kunga eņģelis, kas paziņoja Marijai, ka viņa ieņems grūtniecību un dzemdēs dēlu?",
      "option1": "Gabriel",
      "option2": "Maikls",
      "option3": "Rafaels",
      "option4": "Sealtiel",
      "answer": 1,
      "atsauce":"Lk 1:31"
    },
    {
      "ques_id": 5,
      "question": "Kā sauc Sv.Jāņa Kristītāja māti?",
      "option1": "Zebedeja Salome",
      "option2": "Cakarijas Elizabete",
      "option3": "Cleofas Marija",
      "option4": "Hērodija Filipa",
      "answer": 2,
      "atsauce": "Lk 1:5-6"
    },
    {
      "ques_id": 6,
      "question": "Sv. Jāņa evaņģēlija augšāmcelšanās stāstījuma sākumā, kurš tika minēts kā agri no rīta devies pie Jēzus kapa un redzējis, ka akmens tiek noņemts?",
      "option1": "Magdalas Marija",
      "option2": "Sv. Jāņi",
      "option3": "Marta",
      "option4": "Eņģelis",
      "answer": 1,
      "atsauce":"Jņ20:1"
    },
    {
      "ques_id": 7,
      "question": "Sv. Jāņa evaņģēlija augšāmcelšanās stāstā, kad augšāmcēlies kungs pirmo reizi parādījās Marijai Magdalēnai, viņa viņu uzskatīja par ko?",
      "option1": "Cietuma sargs",
      "option2": "Simtnieks",
      "option3": "Greiders",
      "option4": "Eņģelis",
      "answer": 3,
      "atsauce":"Jņ 20:15"
    },
    {
      "ques_id": 8,
      "question": "Cik 14 paaudžu kopas tika minētas Sv. Mateja evaņģēlijā sniegtajā Jēzus ģenealoģijā",
      "option1": "pieci",
      "option2": "Rezultāts",
      "option3": "Trīs",
      "option4": "Ducis",
      "answer": 3,
      "atsauce": "Jāņa 20:15"

    },
    {
      "ques_id": 9,
      "question": "Pravietis Jesaja saka, ka zēnam, kurš piedzims no jaunavas, tiks dots šis vārds, kas nozīmē Dievs - ar mums?",
      "option1": "Jēzus",
      "option2": "Jānis",
      "option3": "Emanuels",
      "option4": "Christos,",
      "answer": 3,
      "atsauce":"Mt 1:23"
    },
    {
      "ques_id": 10,
      "question": "Sv. Mateja evaņģēlijā sniegtajā Jēzus ģeneoloģijā pirmais pieminētais 14 paaudžu kopums sākās ar Ābrahāmu un ar ko beidzās?",
      "option1": "Dāvids",
      "option2": "Mozus",
      "option3": "Jēkabs",
      "option4": "Džesija",
      "answer": 1,
      "atsauce":"Mt 1:1-6"
    },
    {
      "ques_id": 11,
      "question": "\"Tā kā viņa tika izņemta no viņa miesas\", kā pirmais vīrietis sauca pirmo sievieti?",
      "option1": "Adama",
      "option2": "Ieva",
      "option3": "Sieviete",
      "option4": "Sieva",
      "answer": 2,
      "atsauce":"1. Mozus 1:23"
    },
    {
      "ques_id": 12,
      "question": "Ko Dievs kungs ir devis, lai tas kalpotu par barību visiem zemes dzīvniekiem un visiem putniem gaisā?",
      "option1": "Zaļie augi",
      "option2": "Sēklas nesošie augi",
      "option3": "Sēklas nesoši augļu koki",
      "option4": "Viss ēdams",
      "answer": 1,
      "atsauce":"Gn 1:30"
    },
    {
      "ques_id": 13,
      "question": "Kādā radīšanas dienā Dievs radīja sauli un mēnesi?",
      "option1": "Pirmais",
      "option2": "otrais",
      "option3": "trešais",
      "option4": "ceturtais",
      "answer": 4,
      "atsauce":"1. Mozus 1:26-31"
    },
    {
      "ques_id": 14,
      "question": "Cik vecs bija Dāvids, kad jūs tikāt svaidīts Israēla ķēniņš?",
      "option1": "50",
      "option2": "20",
      "option3": "35",
      "option4": "30",
      "answer": 4,
      "atsauce":"2Samuēls 5:4"
    },
    {
      "ques_id": 15,
      "question": "Kurš cits, ja ne gudrie vīri, ieradās pie Jēzus, kad viņš bija mazs bērns.",
      "option1": "Archers",
      "option2": "Gani",
      "option3": "Mednieki",
      "option4": "Lauksaimnieki",
      "answer": 2
    },
    {
      "ques_id": 16,
      "question": "Cik garš bija Goliāts?",
      "option1": "6 olektis un laidums",
      "option2": "8 olektis",
      "option3": "10 olektis un laidums",
      "option4": "12 olektis",
      "answer": 1,
      "atsauce": "1. Samuēla 1:4"
    },
    {
      "ques_id": 17,
      "question": "Ko Pāvils teica par likuma izpildi?",
      "option1": "Ticība",
      "option2": "Lūgšana",
      "option3": "Mīlestība",
      "option4": "Laulība",
      "answer": 3,
      "atsauce":"Romiešiem 13:10"
    },
    {
      "ques_id": 18,
      "question": "Kāda ir Bībeles īsākā nodaļa",
      "option1": "Psalms 117",
      "option2": "Psalms 18",
      "option3": "Mark 10",
      "option4": "Jāņa 4",
      "answer": 1,
      "atsauce": "Psalms 117"
    },
    {
      "ques_id": 19,
      "question": "Kurš teica: \"Sudraba un zelta man nav, bet to, kas man ir, es tev dodu\"?",
      "option1": "Pāvils",
      "option2": "Džeimss",
      "option3": "Pēteris",
      "option4": "Timotijs",
      "answer": 3,
      "atsauce":"Apustuļu darbi 3:6"
    },
    {
      "ques_id": 20,
      "question": "Kāds bija Mozus vecums [gadi] viņa nāves laikā",
      "option1": "120",
      "option2": "100",
      "option3": "150",
      "option4": "80",
      "answer": 1,
      "atsauce":"5. Mozus 34:7"
    }
  ],
  "Nesalīdzināmā pasaulē": [
    {
      "ques_id": 1,
      "question": "Kas bija vecākā persona, kas ierakstīta Bībelē?",
      "option1": "Metusala",
      "option2": "Ādams",
      "option3": "Ābrahāms",
      "option4": "Zālamans",
      "answer": 1,
      "atsauce":"1. Mozus 5:27"
    },
    {
      "ques_id": 2,
      "question": "Cik veca bija vecākajai personai, kas ierakstīta Bībelē?",
      "option1": "120",
      "option2": "500",
      "option3": "800",
      "option4": "969",
      "answer": 4,
      "atsauce":"1. Mozus 5:27"
    },
    {
      "ques_id": 3,
      "question": "Ko nozīmē Jahve-Šamma?",
      "option1": "Dievs ar mums",
      "option2": "pats Dievs",
      "option3": "Jēzus, Dieva dēls",
      "option4": "Mūžīgā dzīve",
      "answer": 2,
      "atsauce":"Ecēhiēls 48:35"
    },
    {
      "ques_id": 4,
      "question": "Cik gadus Dievs vēl pielika ķēniņa Hiskijas dzīvei, atbildot uz mirstošā ķēniņa lūgšanu?",
      "option1": "20",
      "option2": "50",
      "option3": "15",
      "option4": "100",
      "answer": 3,
      "atsauce": "2. Ķēniņu 20:6"
    },
    {
      "ques_id": 5,
      "question": "Ar kādiem tā kunga praviešiem Jūdas ķēniņš Josija apspriedās?",
      "option1": "Amos",
      "option2": "Elija",
      "option3": "Elīsa",
      "option4": "Huldah",
      "answer": 4,
      "atsauce":" 2. Ķēniņu 22:14-16"
    },
    {
      "ques_id": 6,
      "question": "Kādu ceremoniju ķēniņš Josija atjaunoja, ko nebija svinējis neviens no iepriekšējiem Izraēlas vai Jūdas ķēniņiem??",
      "option1": "Pashā svētki",
      "option2": "Upurēšanas rituāls",
      "option3": "pielūgsme",
      "option4": "Apgraizīšana",
      "answer": 1,
      "atsauce":"2. Ķēniņu 23:21"
    },
    {
      "ques_id": 7,
      "question": "No kuras Israēla cilts bija ķēniņš Sauls?",
      "option1": "Jūda",
      "option2": "Benjamin",
      "option3": "Amonīti",
      "option4": "Izraēla",
      "answer": 2,
      "atsauce": "1. Samuēla 9:21"
    },
    {
      "ques_id": 8,
      "question": "Kādu upuri Samuēls upurēja kungam pēc šķirsta atgriešanas Izraēlā?",
      "option1": "A-kaza",
      "option2": "Cilvēku upuris",
      "option3": "Viņš upurēja dārza ražu",
      "option4": "Jērs zīdīšanas laikā",
      "answer": 4,
      "atsauce": "1. Samuēla 7:9"
    },
    {
      "ques_id": 9,
      "question": "Kā sauca ķēniņa Saula sievu?",
      "option1": "Debora",
      "option2": "Naume",
      "option3": "Ahinoam",
      "option4": "Ruta",
      "answer": 3,
      "atsauce": "1. Samuēla 14:50"
    },
    {
      "ques_id": 10,
      "question": "Kas kādam vajadzīgs, lai saprastu Dieva vārdu?",
      "option1": "zināšanas",
      "option2": "Svētais Gars",
      "option3": "Gudrība",
      "option4": "Lūgšanas",
      "answer": 2,
      "atsauce": "1. Korintiešiem 2:11"
    },
    {
      "ques_id": 11,
      "question": "Kas, pēc Pāvila teiktā, viņu tiesāja?",
      "option1": "Dievs",
      "option2": "Terah",
      "option3": "Rūbens",
      "option4": "Belšacars",
      "answer": 1,
      "atsauce": "1. Korintiešiem 4:4"
    },
    {
      "ques_id": 12,
      "question": "Vasarsvētku dienā no debesīm atskanēja steigas skaņa____?",
      "option1": "Pērkons",
      "option2": "Lietus",
      "option3": "Vējš",
      "option4": "skaļš troksnis",
      "answer": 3,
      "atsauce":"Apustuļu darbi 2:2"
    },
    {
      "ques_id": 13,
      "question": "Kas piedāvāja maksāt naudu par spēku dot svēto garu?",
      "option1": "Jānis",
      "option2": "Zakariass",
      "option3": "Saimons",
      "option4": "Hērods",
      "answer": 3,
      "atsauce":"Apustuļu darbi 8"
    },
    {
      "ques_id": 14,
      "question": "Kad Jēzus pārvērta ūdeni vīnā, viņš pārvērta ūdeni, kas bija akmens burkās. Kam šīs akmens burkas parasti izmantoja?",
      "option1": "Kristīšana",
      "option2": "Tīrīšana",
      "option3": "Tirdzniecība",
      "option4": "Svinīgā mazgāšana",
      "answer": 4,
      "atsauce": "Jāņa 2:6"
    },
    {
      "ques_id": 15,
      "question": "Kas bija Nimroda tēvs?",
      "option1": "Andrū",
      "option2": "Joshua",
      "option3": "Samson",
      "option4": "Kušs",
      "answer": 4,
      "atsauce": "1. Laiku 1:10"
    },
    {
      "ques_id": 16,
      "question": "Kādi bija abu Ābrahāma dēlu vārdi (pēc viņu dzimšanas)?",
      "option1": "Īzaks un Jēkabs",
      "option2": "Ismaēls un Īzāks",
      "option3": "Jāzeps un Jēkabs",
      "option4": "Kains un Īzāks",
      "answer": 2,
      "atsauce": "1. Mozus 16:1-16, 1. Laiku 1:28"
    },
    {
      "ques_id": 17,
      "question": "Kā sauca trīs Noas dēlus Bībeles sarakstos, kuros viņi atrodas?",
      "option1": "Šķiņķis, Jāzeps, Jāfets",
      "option2": "Japhet, Ham, Isaac",
      "option3": "Šems, Hams un Jafets",
      "option4": "Shem, Ham, Joseph",
      "answer": 3,
      "atsauce":"1. Mozus 9:18-19, 1. Laiku 1:4"
    },
    {
      "ques_id": 18,
      "question": "Kungs nomainīja Ābrahāmu vārdu uz Ābrahāmu, kad viņam bija 99 gadi. kā viņu sauca pirms tam?",
      "option1": "Ādams",
      "option2": "Ābrams",
      "option3": "Alfa",
      "option4": "Agag",
      "answer": 2,
      "atsauce": "1. Mozus 17:1-5"
    },
    {
      "ques_id": 19,
      "question": "Cik vecs bija Ābrahāms, kad Īzāks piedzima?",
      "option1": "103",
      "option2": "90",
      "option3": "100",
      "option4": "50",
      "answer": 3,
      "atsauce": "1. Mozus 21:5"
    },
    {
      "ques_id": 20,
      "question": "Cik daudzu Bībeles grāmatu nosaukumā ir vārds \"Jānis\"?",
      "option1": "4",
      "option2": "3",
      "option3": "1",
      "option4": "5",
      "answer": 1,
      "atsauce": "Jānis"
    }
  ]
}