{
  "Nybegynder": [
    {
      "ques_id": 1,
      "question": "Hvem er den første mand, der nogensinde har levet?",
      "option1": "Methusalem",
      "option2": "Abraham",
      "option3": "Moses",
      "option4": "Adam",
      "answer": 4
    },
    {
      "ques_id": 2,
      "question": "Hvem blev slugt af en meget stor fisk?",
      "option1": "Jesus",
      "option2": "Jonah",
      "option3": "Samson",
      "option4": "Peter",
      "answer": 2
    },
    {
      "ques_id": 3,
      "question": "Hvem er den person, Gud brugte til at føre israelitterne ud af Egypten",
      "option1": "Aaron",
      "option2": "Abraham",
      "option3": "Moses",
      "option4": "Jeremias",
      "answer": 3
    },
    {
      "ques_id": 4,
      "question": "Hvem var den person, der dræbte Goliat",
      "option1": "David",
      "option2": "Saul",
      "option3": "Salomon",
      "option4": "Jonathan",
      "answer": 1
    },
    {
      "ques_id": 5,
      "question": "Hvem var den første konge af Israel?",
      "option1": "David",
      "option2": "Saul",
      "option3": "Salomon",
      "option4": "Moses",
      "answer": 2
    },
    {
      "ques_id": 6,
      "question": "Hvilket arbejde havde Jesus før sin tjeneste",
      "option1": "ToyMaker",
      "option2": "Fisker",
      "option3": "Vinyardkeeper",
      "option4": "Tømrer",
      "answer": 4
    },
    {
      "ques_id": 7,
      "question": "Hvad er navnet på den by, hvor Jesus blev født?",
      "option1": "Jerusalem",
      "option2": "Bethlehem",
      "option3": "Galilæa",
      "option4": "Nazareth",
      "answer": 2
    },
    {
      "ques_id": 8,
      "question": "Hvad hedder havet, som Jesus gik på",
      "option1": "Galilæas Sø",
      "option2": "Døde hav",
      "option3": "Læse hav",
      "option4": "Middelhavet",
      "answer": 1
    },
    {
      "ques_id": 9,
      "question": "Hvad er navnet på floden, hvori Johannes døberen døbte folk?",
      "option1": "Eufrat",
      "option2": "Nil",
      "option3": "Jordan",
      "option4": "Tigris",
      "answer": 3
    },
    {
      "ques_id": 10,
      "question": "Hvad er navnet på Andreas bror? (Begge var disciple)",
      "option1": "Peter",
      "option2": "John",
      "option3": "James",
      "option4": "Adam",
      "answer": 1
    },
    {
      "ques_id": 11,
      "question": "Hvad var navnet på Jesus mor?",
      "option1": "Mary",
      "option2": "Martha",
      "option3": "Zipporah",
      "option4": "Sarah",
      "answer": 1
    },
    {
      "ques_id": 12,
      "question": "Hvad hed haven, hvor Adam og Eva boede?",
      "option1": "Land of Nod",
      "option2": "Edens Have",
      "option3": "Bethlehem",
      "option4": "Garden of Valley",
      "answer": 2
    },
    {
      "ques_id": 13,
      "question": "Med hvilken mad brød Jesus 5.000 mennesker",
      "option1": "Vin",
      "option2": "Brød og vin",
      "option3": "Brød og fisk",
      "option4": "Vand",
      "answer": 3
    },
    {
      "ques_id": 14,
      "question": "Hvilken metode brugte romerne til at dræbe Jesus?",
      "option1": "Stenet",
      "option2": "Brænding",
      "option3": "Korsfæstelse",
      "option4": "Hængt",
      "answer": 3
    },
    {
      "ques_id": 15,
      "question": "Hvor mange kurve var der tilbage fra fodring af de 5000?",
      "option1": "7",
      "option2": "8",
      "option3": "10",
      "option4": "12",
      "answer": 1,
      "reference": "Mattæus 15:13"
    },
    {
      "ques_id": 16,
      "question": "Hvilken discipel fandt en mønt i munden på en fisk?",
      "option1": "Andrew",
      "option2": "Paul",
      "option3": "Peter",
      "option4": "Timothy",
      "answer": 3,
      "reference": "Mattæus 1:24-27"
    },
    {
      "ques_id": 17,
      "question": "I hvilken bog i Bibelen læser vi om Haman",
      "option1": "Exodus",
      "option2": "Esther",
      "option3": "Ruth",
      "option4": "Malachi",
      "answer": 2,
      "reference": "Esther 3"
    },
    {
      "ques_id": 18,
      "question": "Nævn kong Agrippas hustru, som Paulus stillede for retten",
      "option1": "Bernice",
      "option2": "Herodes",
      "option3": "Agag",
      "option4": "Kajfas",
      "answer": 1,
      "reference": "Apostelgerninger 25:23"
    },
    {
      "ques_id": 19,
      "question": "Hvor gammel blev Enok",
      "option1": "400",
      "option2": "350",
      "option3": "230",
      "option4": "365",
      "answer": 4,
      "reference": "1 Mosebog 5:23"
    },
    {
      "ques_id": 20,
      "question": "Hvor mange år føjede Gud til kong Ezekias' liv som svar på de døende kongers bøn?",
      "option1": "20",
      "option2": "15",
      "option3": "100",
      "option4": "50",
      "answer": 2,
      "reference": "2 Kongebog 20:6"
    }
  ],
  "Entusiast": [
    {
      "ques_id": 1,
      "question": "Hvem var far til Isak?",
      "option1": "Abraham",
      "option2": "Jacob",
      "option3": "Esau",
      "option4": "Peleq",
      "answer": 1
    },
    {
      "ques_id": 2,
      "question": "Hvem var far til Rehabeam?",
      "option1": "David",
      "option2": "Nimrod",
      "option3": "Abimelech",
      "option4": "Salomon",
      "answer": 4
    },
    {
      "ques_id": 3,
      "question": "Hvem var far til Methusalem?",
      "option1": "Elias",
      "option2": "Enock",
      "option3": "Seth",
      "option4": "Jared",
      "answer": 2
    },
    {
      "ques_id": 4,
      "question": "Hvem dræbte Johannes Døberen?",
      "option1": "Cæsar",
      "option2": "Pilate",
      "option3": "Herold",
      "option4": "Kajfas",
      "answer": 3
    },
    {
      "ques_id": 5,
      "question": "Hvem var den første person, der blev dræbt, fordi han troede på Kristus?",
      "option1": "Peter",
      "option2": "John",
      "option3": "Barnabas",
      "option4": "Stephen",
      "answer": 4
    },
    {
      "ques_id": 6,
      "question": "Hvor skulle Saul hen, da han så Jesus?",
      "option1": "Damaskus",
      "option2": "Grækenland",
      "option3": "Rom",
      "option4": "Jerusalem",
      "answer": 1
    },
    {
      "ques_id": 7,
      "question": "Hvor tilbragte Jesus størstedelen af ​​sit liv på jorden?",
      "option1": "Jerusalem",
      "option2": "Nazareth",
      "option3": "Olivenbjerget",
      "option4": "Egypten",
      "answer": 2
    },
    {
      "ques_id": 8,
      "question": "Hvilken salme begynder: 'Herren er min hyrde?'",
      "option1": "Salme 91",
      "option2": "Salme 1",
      "option3": "Salme 104",
      "option4": "Salme 23",
      "answer": 4
    },
    {
      "ques_id": 9,
      "question": "Hvad var Pauls beskæftigelse, da han rejste som missionær?",
      "option1": "Hyrde",
      "option2": "Sælger af Purple",
      "option3": "Teltmager",
      "option4": "Skriver",
      "answer": 3
    },
    {
      "ques_id": 10,
      "question": "Hvad er navnet på øen, som Barnabas boede på?",
      "option1": "Grækenland",
      "option2": "Cypern",
      "option3": "Rhodes",
      "option4": "Påskeøen",
      "answer": 2
    },
    {
      "ques_id": 11,
      "question": "Da Jesus blev henvendt til ham, som sagde: 'Hvad har du med mig at gøre, Jesus, den Højeste Guds Søn? Jeg besværger dig ved Gud, pine mig ikke'.?",
      "option1": "Legion",
      "option2": "Terah",
      "option3": "Reuben",
      "option4": "Belshazzar",
      "answer": 1
    },
    {
      "ques_id": 12,
      "question": "Hvilken fugl siger Jesus, at vi har mere værdi end?",
      "option1": "Ørnen",
      "option2": "Grib",
      "option3": "Sparrow",
      "option4": "Due",
      "answer": 3
    },
    {
      "ques_id": 13,
      "question": "Hvilke to søstre giftede sig med Jakob?",
      "option1": "Dorcas og Lea",
      "option2": "Mariam og Rachel",
      "option3": "Rachel og Lea",
      "option4": "Sarai og Hannah",
      "answer": 3
    },
    {
      "ques_id": 14,
      "question": "Hvilket land sendte Gud Abraham til for at ofre sin særlige søn, Isak?",
      "option1": "Canan",
      "option2": "Makedonien",
      "option3": "Cypern",
      "option4": "Moriah",
      "answer": 4
    },
    {
      "ques_id": 15,
      "question": "Hvilken Herrens profetinde rådspurgte kong Josias af Juda",
      "option1": "Debora",
      "option2": "Huldah",
      "option3": "Naom",
      "option4": "Ruth",
      "answer": 2,
      "reference": "2 Kongebog 22:12-16"
    },
    {
      "ques_id": 16,
      "question": "Nævn Samuels førstefødte søn?",
      "option1": "Joshua",
      "option2": "Joel",
      "option3": "Jonathan",
      "option4": "Joseph",
      "answer": 2,
      "reference": "1 Samuel 8:2"
    },
    {
      "ques_id": 17,
      "question": "Hvad hed kong Sauls kone?",
      "option1": "Boam",
      "option2": "Nåde",
      "option3": "Ahinoam",
      "option4": "Noam",
      "answer": 3,
      "reference": "1 Samuel 14:50"
    },
    {
      "ques_id": 18,
      "question": "Hvad kræves for at nogen forstår Guds ord?",
      "option1": "Bøn",
      "option2": "Kærlighed",
      "option3": "Hellig ånd",
      "option4": "Engle",
      "answer": 3,
      "reference": "1 Korintherbrev 2:11"
    },
    {
      "ques_id": 19,
      "question": "Hvem sagde Paulus dømte ham?",
      "option1": "Satan",
      "option2": "Gud",
      "option3": "Ven",
      "option4": "Peter",
      "answer": 2,
      "reference": "1 Korintherbrev 4:4"
    },
    {
      "ques_id": 20,
      "question": "________ udskudt gør hjertet sygt?",
      "option1": "Tillad",
      "option2": "Håb",
      "option3": "Kærlighed",
      "option4": "Bønner",
      "answer": 2,
      "reference": "Ordsprogene 13:12"
    }
  ],
  "Mellem": [
    {
      "ques_id": 1,
      "question": "Hvem var Moses' hustru?",
      "option1": "Elisheba",
      "option2": "Rebecca",
      "option3": "Mariam",
      "option4": "Zipporah",
      "answer": 4
    },
    {
      "ques_id": 2,
      "question": "Hvem var Abrahams anden hustru?",
      "option1": "Esther",
      "option2": "Keturah",
      "option3": "Hagar",
      "option4": "Lydia",
      "answer": 2
    },
    {
      "ques_id": 3,
      "question": "Hvor mange kapitler er indeholdt i Bjergprædikenen?",
      "option1": "1",
      "option2": "2",
      "option3": "3",
      "option4": "7",
      "answer": 3
    },
    {
      "ques_id": 4,
      "question": "Hvor mange gange marcherede Israel rundt om Jeriko?",
      "option1": "13",
      "option2": "7",
      "option3": "70",
      "option4": "12",
      "answer": 1
    },
    {
      "ques_id": 5,
      "question": "Hvor lang er en alen?",
      "option1": "ca. 12 tommer",
      "option2": "12mm",
      "option3": "ca. 18 tommer",
      "option4": "ca. 36 tommer",
      "answer": 3
    },
    {
      "ques_id": 6,
      "question": "Hvor gik Kain hen, efter at han havde dræbt Abel?",
      "option1": "Edens Have",
      "option2": "Land of Nod",
      "option3": "Qumrans huler",
      "option4": "Mt. Ararat",
      "answer": 2
    },
    {
      "ques_id": 7,
      "question": "Hvem var søn af Kisj?",
      "option1": "Noah",
      "option2": "Apostel Paulus",
      "option3": "Abraham",
      "option4": "Kong Saul",
      "answer": 4
    },
    {
      "ques_id": 8,
      "question": "Hvor boede Rahab?",
      "option1": "Jeriko",
      "option2": "Jerusalem",
      "option3": "Nineveh",
      "option4": "Ai",
      "answer": 1
    },
    {
      "ques_id": 9,
      "question": "Hvor boede Dorcas?",
      "option1": "Betel",
      "option2": "Joppa",
      "option3": "Cæsarea",
      "option4": "Antiochia",
      "answer": 2
    },
    {
      "ques_id": 10,
      "question": "Hvor er 'gaden der hedder lige'",
      "option1": "Jerusalem",
      "option2": "Rom",
      "option3": "Babylon",
      "option4": "Damaskus",
      "answer": 4
    },
    {
      "ques_id": 11,
      "question": "Efter at han flygtede for sit liv, hvilket træ sov Elias under",
      "option1": "Eg",
      "option2": "Fyr",
      "option3": "Enebær",
      "option4": "Gran",
      "answer": 3,
      "reference": "1 Kongebog 19:5"
    },
    {
      "ques_id": 12,
      "question": "Judas forrådte Jesus for præcis hvor mange sølvmønter?",
      "option1": "30",
      "option2": "20",
      "option3": "50",
      "option4": "10",
      "answer": 1,
      "reference": "Mattæus 26:15"
    },
    {
      "ques_id": 13,
      "question": "Navngiv Davids far",
      "option1": "Oman",
      "option2": "Jesse",
      "option3": "Joshua",
      "option4": "Salomon",
      "answer": 2,
      "reference": "1Samuel 1:12"
    },
    {
      "ques_id": 14,
      "question": "Gud er ikke nævnt i kun 1 bog i Bibelen",
      "option1": "Esther",
      "option2": "Ruth",
      "option3": "Malachi",
      "option4": "Exodus",
      "answer": 1,
      "reference": "Esther"
    },
    {
      "ques_id": 15,
      "question": "For hvor mange sølvstykker blev Josva solgt af hans brødre til ismeelitterne",
      "option1": "50",
      "option2": "12",
      "option3": "20",
      "option4": "100",
      "answer": 3,
      "reference": "1. Mosebog 37:28"
    },
    {
      "ques_id": 16,
      "question": "Hvor mange apostle valgte Jesus",
      "option1": "12",
      "option2": "14",
      "option3": "10",
      "option4": "08",
      "answer": 1,
      "reference": "Lukas 6:13"
    },
    {
      "ques_id": 17,
      "question": "Engelen sagde til Maria, at Jesus ville regere over huset, hvis gammeltestamentlige karakter",
      "option1": "David",
      "option2": " Jakob",
      "option3": "Abraham",
      "option4": "Moses",
      "answer":2,
      "reference": "Lukas 1:13"
    },
    {
      "ques_id": 18,
      "question": "Hvilken profet sagde: 'Fra Egypten har jeg kaldt min søn'?",
      "option1": "Jeremias",
      "option2": "Esajas",
      "option3": "Hosea",
      "option4": "Ezekiel",
      "answer": 3,
      "reference": "Hosea 11:1"
    },
    {
      "ques_id": 19,
      "question": "Hvilken type træ forbandede Jesus?",
      "option1": "Fig",
      "option2": "Vingård",
      "option3": "Fyr",
      "option4": "eg",
      "answer": 1,
      "reference": "Mark 11:12-14"
    },
    {
      "ques_id": 20,
      "question": "Hvem bad Saul et medium opdrage til ham",
      "option1": "Eli",
      "option2": "Nathan",
      "option3": "Samuel",
      "option4": "David",
      "answer": 3,
      "reference": "1 samuel 28:11"
    }
  ],
  "Pro": [
    {
      "ques_id": 1,
      "question": "Hvem bar korset for Kristus?",
      "option1": "Philip",
      "option2": "Simon af Kyrene",
      "option3": "Ahab",
      "option4": "Mika",
      "answer": 2
    },
    {
      "ques_id": 2,
      "question": "Hvor mange ledsagere gav filistrene Samson ved festen i Timna?",
      "option1": "30",
      "option2": "31",
      "option3": "32",
      "option4": "33",
      "answer": 1
    },
    {
      "ques_id": 3,
      "question": "Hvor gammel var profetinden Anna, da hun så Jesus?",
      "option1": "83",
      "option2": "84",
      "option3": "88",
      "option4": "92",
      "answer": 2
    },
    {
      "ques_id": 4,
      "question": "Hvad gav dronningen af ​​Saba til Salomon?",
      "option1": "(124 talenter) guld, krydderier og ædelstene",
      "option2": "(120 talenter) guld, krydderier og ædelstene",
      "option3": "(18 talenter) guld, krydderier og ædelstene",
      "option4": "(221 talenter) guld, krydderier og ædelstene",
      "answer": 2
    },
    {
      "ques_id": 5,
      "question": "Hvor mange bøger er der i Det Gamle Testamente?",
      "option1": "37",
      "option2": "38",
      "option3": "39",
      "option4": "40",
      "answer": 3
    },
    {
      "ques_id": 6,
      "question": "Hvor mange floder delte floden i Eden sig i, da den forlod haven?",
      "option1": "4",
      "option2": "3",
      "option3": "6",
      "option4": "8",
      "answer": 1
    },
    {
      "ques_id": 7,
      "question": "Hvad ville Josef gøre, da han opdagede, at Maria var gravid?",
      "option1": "Hold en fest",
      "option2": "Skil dig fra hende",
      "option3": "Løb væk",
      "option4": "Ingen af ​​ovenstående",
      "answer": 2
    },
    {
      "ques_id": 8,
      "question": "Hvilken farve var ypperstepræstens kappe?",
      "option1": "Blå",
      "option2": "Hvid",
      "option3": "Grøn",
      "option4": "Rød",
      "answer": 1
    },
    {
      "ques_id": 9,
      "question": "Hvad sagde Boaz, Naomi solgte?",
      "option1": "Et stykke jord",
      "option2": "Guld",
      "option3": "Hendes barn",
      "option4": "Mad",
      "answer": 1
    },
    {
      "ques_id": 10,
      "question": "I lignelsen om debitorerne skyldte den ene 500 denarer (pence), men hvor meget skyldte den anden",
      "option1": "70",
      "option2": "50",
      "option3": "45",
      "option4": "80",
      "answer": 2
    },
    {
      "ques_id": 11,
      "question": "Hvor meget af Elias' ånd modtog Elisa?",
      "option1": "Lille",
      "option2": "Enkelt portion",
      "option3": "Sund",
      "option4": "Dobbelt portion",
      "answer": 4
    },
    {
      "ques_id": 12,
      "question": "Hvad var usædvanligt ved de 700 benjamitiske soldater, der kunne slynge en sten og ramme deres mål hver gang?",
      "option1": "De var alle venstrehåndede",
      "option2": "De lignede alle ens",
      "option3": "De havde ingen sko",
      "option4": "Ingen af ​​ovenstående",
      "answer": 1
    },
    {
      "ques_id": 13,
      "question": "Hvilket forhold var Annas til Kajfas?",
      "option1": "Bror",
      "option2": "Onkel",
      "option3": "Fætre og kusiner",
      "option4": "Svigerfar",
      "answer": 4
    },
    {
      "ques_id": 14,
      "question": "Hvad skal du ikke 'kaste for svin'",
      "option1": "Småsten",
      "option2": "Sten",
      "option3": "Perler",
      "option4": "Stick",
      "answer": 3
    },
    {
      "ques_id": 15,
      "question": "Hvornår i fængslet, hvornår bad og sang Paulus og Silas til Gud?",
      "option1": "Morgen",
      "option2": "Eftermiddag",
      "option3": "Aften",
      "option4": "Midnat",
      "answer": 4
    },
    {
      "ques_id": 16,
      "question": "Hvad spiste Daniel og hans tre venner i stedet for kongens kød og drikke?",
      "option1": "Brød",
      "option2": "Vin og brød",
      "option3": "Impulser og vand",
      "option4": "Intet",
      "answer": 3
    },
    {
      "ques_id": 17,
      "question": "Hvad er navnet på Jesu fætter, født seks måneder før ham?",
      "option1": "John",
      "option2": "Peter",
      "option3": "Paul",
      "option4": "Michael",
      "answer": 1
    },
    {
      "ques_id": 18,
      "question": "I hvilken by boede kong Herodes på tidspunktet for Jesu fødsel?",
      "option1": "Jerusalem",
      "option2": "Rom",
      "option3": "Babylon",
      "option4": "Bethlehem",
      "answer": 1
    },
    {
      "ques_id": 19,
      "question": "Hvor mange plager sendte Gud over Egypten?",
      "option1": "4",
      "option2": "8",
      "option3": "10",
      "option4": "12",
      "answer": 3
    },
    {
      "ques_id": 20,
      "question": "For hvor mange sølvstykker forrådte Judas Kristus?",
      "option1": "20",
      "option2": "30",
      "option3": "40",
      "option4": "50",
      "answer": 2
    },
    {
      "ques_id": 21,
      "question": "I hvor mange dage viste Jesus sig for sine disciple efter sin opstandelse?",
      "option1": "30",
      "option2": "7",
      "option3": "40",
      "option4": "11",
      "answer": 3
    },
    {
      "ques_id": 22,
      "question": "Hvor mange kirker i Lilleasien var opført i Åbenbaringen?",
      "option1": "7",
      "option2": "8",
      "option3": "9",
      "option4": "10",
      "answer": 1
    }
  ],
  "Geni": [
    {
      "ques_id": 1,
      "question": "Hvem var søn af Eleazar, Arons søn?",
      "option1": "Putiel",
      "option2": "Korah",
      "option3": "Phinehas",
      "option4": "Izhar",
      "answer": 3
    },
    {
      "ques_id": 2,
      "question": "Hvem var søn af Omri, Israels konge?",
      "option1": "Ahab",
      "option2": "Joram",
      "option3": "Zimri",
      "option4": "Ginath",
      "answer": 1
    },
    {
      "ques_id": 3,
      "question": "Hvem var Naomis mand fra Ruths Bog?",
      "option1": "Boaz",
      "option2": "Elkanah",
      "option3": "Obedet",
      "option4": "Elimelech",
      "answer": 4
    },
    {
      "ques_id": 4,
      "question": "Hvor mange bogstaver er der i det længste navn i Bibelen?",
      "option1": "16",
      "option2": "18",
      "option3": "22",
      "option4": "25",
      "answer": 2
    },
    {
      "ques_id": 5,
      "question": "Hvem dræbte Sisera?",
      "option1": "David",
      "option2": "Ahab",
      "option3": "Saul",
      "option4": "Jael",
      "answer": 4
    },
    {
      "ques_id": 6,
      "question": "Hvor bred var Noas ark?",
      "option1": "35 alen",
      "option2": "50 alen",
      "option3": "75 alen",
      "option4": "90 alen",
      "answer": 2
    },
    {
      "ques_id": 7,
      "question": "Hvor bred var Pagtens Ark?",
      "option1": "1,5 alen",
      "option2": "2 alen",
      "option3": "3 alen",
      "option4": "1 alen",
      "answer": 1
    },
    {
      "ques_id": 8,
      "question": "Hvad hed Elisas tjener?",
      "option1": "Jehoram",
      "option2": "Shaphat",
      "option3": "Gehazi",
      "option4": "Hazael",
      "answer": 3
    },
    {
      "ques_id": 9,
      "question": "Hvad var navnet på Pauls berømte lærer?",
      "option1": "Just",
      "option2": "Gamaliel",
      "option3": "Kajfas",
      "option4": "Sokrates",
      "answer": 2
    },
    {
      "ques_id": 10,
      "question": "Hvilken dommer i Israel blev født i Betlehem?",
      "option1": "David",
      "option2": "Ibzan",
      "option3": "Deborah",
      "option4": "Gideon",
      "answer": 2
    },
    {
      "ques_id": 11,
      "question": "Da Jesus blev henvendt til ham, som sagde: 'Hvad har du med mig at gøre, Jesus, den Højeste Guds Søn? Jeg besværger dig ved Gud, pine mig ikke'.?",
      "option1": "Legion",
      "option2": "Terah",
      "option3": "Reuben",
      "option4": "Belshazzar",
      "answer": 1
    },
    {
      "ques_id": 12,
      "question": "Hvilken fugl siger Jesus, at vi har mere værdi end?",
      "option1": "Ørnen",
      "option2": "Grib",
      "option3": "Sparrow",
      "option4": "Due",
      "answer": 3
    },
    {
      "ques_id": 13,
      "question": "Hvilke to søstre giftede sig med Jakob?",
      "option1": "Dorcas og Lea",
      "option2": "Mariam og Rachel",
      "option3": "Rachel og Lea",
      "option4": "Sarai og Hannah",
      "answer": 3
    },
    {
      "ques_id": 14,
      "question": "Hvilket land sendte Gud Abraham til for at ofre sin særlige søn, Isak?",
      "option1": "Canan",
      "option2": "Makedonien",
      "option3": "Cypern",
      "option4": "Moriah",
      "answer": 4
    },
    {
      "ques_id": 15,
      "question": "Hvilken salme er verset 'H e får mig til at ligge i grønne græsgange, han fører mig hen til stille vande' fra?",
      "option1": "25",
      "option2": "22",
      "option3": "30",
      "option4": "23",
      "answer": 4,
      "reference": "Salme 23;2"
    },
    {
      "ques_id": 16,
      "question": "Frygten for Herren er begyndelsen på ........",
      "option1": "Viden",
      "option2": "Visdom",
      "option3": "Penge",
      "option4": "Kærlighed",
      "answer": 1,
      "reference": ""
    },
    {
      "ques_id": 17,
      "question": "Hvilken by bad Herren Jonas om at prædike imod?",
      "option1": "Jerusalem",
      "option2": "Nineve",
      "option3": "Babylon",
      "option4": "Juda",
      "answer": 2,
      "reference": "Jonas 1:2"
    },
    {
      "ques_id": 18,
      "question": "Hvilken af ​​disse bøger [Filipperne, Kolosserne, Galaterne eller Efeserne] kommer først i Bibelen",
      "option1": "Kolossenserne",
      "option2": "Galaterne",
      "option3": "Efeserne",
      "option4": "Filipperne",
      "answer": 2,
      "reference": "Nyt testamente, Paulus' breve"
    },
    {
      "ques_id": 19,
      "question": "Hvor mange kapitler har Hebræerbogen?",
      "option1": "13",
      "option2": "15",
      "option3": "10",
      "option4": "16",
      "answer": 1,
      "reference": "Hebræerne 1-13"
    },
    {
      "ques_id": 20,
      "question": "Hvad hedder stormvindene, der kan ramme Kreta?",
      "option1": "Månesun",
      "option2": "Euroklydon",
      "option3": "Overløb",
      "option4": "Ingen af ​​ovenstående",
      "answer": 2,
      "reference": "ApG 2:14"
    }
  ],
  "Ekspert": [
    {
      "ques_id": 1,
      "question": "Hvem af disse var ikke en konge af Israel eller Juda",
      "option1": "Senacherib",
      "option2": "Jehojakim",
      "option3": "Zedekias",
      "option4": "David",
      "answer": 1
    },
    {
      "ques_id": 2,
      "question": "Hvem overtalte Samson til at afsløre hemmeligheden bag den store styrke",
      "option1": "Dinah",
      "option2": "Ruth",
      "option3": "Delilah",
      "option4": "Martha",
      "answer": 3
    },
    {
      "ques_id": 3,
      "question": "Og din himmel, som er over dit hoved, skal være_____, og jorden, som er under dig, skal være jern",
      "option1": "Messing",
      "option2": "Stål",
      "option3": "Sølv",
      "option4": "Guld",
      "answer": 1
    },
    {
      "ques_id": 4,
      "question": "Hvor kan man finde ordene: Stol på Jehova af hele dit hjerte og stol ikke på din egen forstand",
      "option1": "Ordsprogene 3:5",
      "option2": "Ordsprogene 5:3",
      "option3": "Ordsprogene 35:3",
      "option4": "Ordsprogene 4:3",
      "answer": 1
    },
    {
      "ques_id": 5,
      "question": "hvilken discipel fornægtede Jesus tre gange",
      "option1": "Peter",
      "option2": "Andrew",
      "option3": "John",
      "option4": "Judas",
      "answer": 1
    },
    {
      "ques_id": 6,
      "question": "De retfærdiges minde er velsignet, men de ugudeliges navn skal",
      "option1": "Vind",
      "option2": "Rådne",
      "option3": "Bloom",
      "option4": "blomstre",
      "answer": 2
    },
    {
      "ques_id": 7,
      "question": "Før Jesus begyndte at prædike, hvad var hans job?",
      "option1": "tømrer",
      "option2": "lærd",
      "option3": "Læge",
      "option4": "Lærer",
      "answer": 1
    },
    {
      "ques_id": 8,
      "question": "Zoan blev brugt i Bibelen som en parallel til hvilken nation'",
      "option1": "Egypten",
      "option2": "Assyrien",
      "option3": "Babylon",
      "option4": "Sinai",
      "answer": 1
    },
    {
      "ques_id": 9,
      "question": "Hvilken karakter fra det gamle testamente viste sin tro ved at være villig til at tilbyde sin søn på et alter til Gud",
      "option1": "Noah",
      "option2": "Abraham",
      "option3": "shealtiel",
      "option4": "Moses",
      "answer": 2
    },
    {
      "ques_id": 10,
      "question":"Hvad gjorde sømændene på skibet jonah for at øge deres chancer for at overleve",
      "option1": "De sejlede nordpå",
      "option2": "Smed lasten overbord",
      "option3": "Tigget Gud om tilgivelse",
      "option4": "Ingen af ​​ovenstående",
      "answer": 2
    },
    {
      "ques_id": 11,
      "question": "Hvad lavede Esau, mens Jakob stjal hans velsignelse?",
      "option1": "Jagt",
      "option2": "Landbrug",
      "option3": "Fiske",
      "option4": "Rejser",
      "answer": 1
    },
    {
      "ques_id": 12,
      "question": "Hvem løb fra Karmelbjerget til Samaria hurtigere end Akab kunne køre sin vogn?",
      "option1": "Elisha",
      "option2": "Gehazi",
      "option3": "Elias",
      "option4": "Amos",
      "answer": 3
    },
    {
      "ques_id": 13,
      "question": "Hvad gjorde Gud på den syvende dag efter?",
      "option1": "Hvilet",
      "option2": "Skapede mennesker",
      "option3": "Han gav mennesket til opgave at tage sig af sine kreationer",
      "option4": "Oprettet fugle",
      "answer": 1
    },
    {
      "ques_id": 14,
      "question": "Hvem påstod, at guldkalven simpelthen kom ud af ilden?",
      "option1": "Joshua",
      "option2": "Aaron",
      "option3": "Miriam",
      "option4": "Debora",
      "answer": 42
    },
    {
      "ques_id": 15,
      "question": "Hvad bad kong Salomon om, da Gud viste sig for ham i en drøm",
      "option1": "Langt liv og viden",
      "option2": "Visdom [at dømme mellem godt og ondt]",
      "option3": "Rigdom",
      "option4": "Penge",
      "answer": 2
    },
    {
      "ques_id": 16,
      "question": "Fuldfør det ordsproglige ordsprog; Enhver, der er tåbelig, når man tier, anses for at være -------?",
      "option1": "Fredelig",
      "option2": "Dumt",
      "option3": "Klog",
      "option4": "Arrogant",
      "answer": 3
    },
    {
      "ques_id": 17,
      "question": "Hvordan skal man modtage Guds rige?",
      "option1": "Med skjulte motiver",
      "option2": "Som et barn",
      "option3": "Med stolthed",
      "option4": "Gennem agenter",
      "answer": 2
    },
    {
      "ques_id": 18,
      "question": "Hvad hed Abrahams første kone",
      "option1": "Sarah",
      "option2": "Miriam",
      "option3": "Roda",
      "option4": "Ruth",
      "answer": 1
    },
    {
      "ques_id": 19,
      "question": "Kong Saul adlød ikke Jehovas befaling og skånede livet for den amelekitiske konge",
      "option1": "Balak",
      "option2": "Dagon",
      "option3": "Agag",
      "option4": "Nathan",
      "answer": 3
    },
    {
      "ques_id": 20,
      "question": "Hvad blev de ti bud skrevet om. ",
      "option1": "To ruller",
      "option2": "To stentavler",
      "option3": "Jerikos mure",
      "option4": "To bøger",
      "answer": 1
    }
  ],
  "Mester": [
    {
      "ques_id": 1,
      "question": "Om hvem blev det registreret, at 'alle ræsonnerede i deres hjerter;' Må han måske være Kristus?",
      "option1": "Elias",
      "option2": "John",
      "option3": "Malachi",
      "option4": "Peter",
      "answer": 2
    },
    {
      "ques_id": 2,
      "question": "Hvad hedder Josephs forældre",
      "option1": "Jacob og Rebeka",
      "option2": "Jacob og Lea",
      "option3": "Jacob og Rachel",
      "option4": "Jacob og Ruth",
      "answer": 3
    },
    {
      "ques_id": 3,
      "question": "Hvilken af ​​alle de mennesker, der er nævnt i Bibelen, levede længst?",
      "option1": "Methusalem",
      "option2": "JJared",
      "option3": "Abraham",
      "option4": "Adam",
      "answer": 1
    },
    {
      "ques_id": 4,
      "question": "Hvad sagde Jesus til dem, der anklagede horkvinde?",
      "option1": "Se, der er ingen retfærdig",
      "option2": "Den, der er uden synd, kast først en sten",
      "option3": "Ve dig, der anklager denne kvinde",
      "option4": " dræb hende",
      "answer": 2
    },
    {
      "ques_id": 5,
      "question": "Til hvilken by vil alle nationer en dag gå for at tilbede Gud?",
      "option1": "Damaskus",
      "option2": "Jerusalem",
      "option3": "Cilicia",
      "option4": "Juda",
      "answer": 2
    },
    {
      "ques_id": 6,
      "question": "Hvem af Davids efterkommere skal regere for evigt",
      "option1": "Rehabeam",
      "option2": "Jesus",
      "option3": "Salomon",
      "option4": "Jeroboam",
      "answer": 2
    },
    {
      "ques_id": 7,
      "question": "Hvem var Timothy's hengivne mor",
      "option1": "Lois",
      "option2": "Phoebe",
      "option3": "Eunice",
      "option4": "Magdalene",
      "answer": 3
    },
    {
      "ques_id": 8,
      "question": "Hvorfor vendte kong Salomon sig bort fra Gud, da han var gammel",
      "option1": "Hans udenlandske hustruer vendte hans hjerte efter andre guder",
      "option2": "Han blev stolt",
      "option3": "Han elskede kvinder mere end Gud",
      "option4": "Han tilbad idoler",
      "answer": 1
    },
    {
      "ques_id": 9,
      "question": "Hvem flygtede til Jehovas telt for sikkerhed, men blev alligevel dræbt der?",
      "option1": "Joab",
      "option2": "Saul",
      "option3": "Ammon",
      "option4": "Esau",
      "answer": 1
    },
    {
      "ques_id": 10,
      "question": "Hvilken konge drømte om en stor statue af en mand lavet af forskellige metaller",
      "option1": "Ahab",
      "option2": "David",
      "option3": "malach",
      "option4": "Nebukadnezar",
      "answer": 4
    },
    {
      "ques_id": 11,
      "question": "Hvor er det 'bedste sted at bede'?",
      "option1": "I dit skab med døren lukket",
      "option2": "I kirken",
      "option3": "På et roligt sted",
      "option4": "På vej",
      "answer": 1
    },
    {
      "ques_id": 12,
      "question": "Hvor kan man finde ordene: Stol på Jehova af hele dit hjerte og stol ikke på din egen forståelse?",
      "option1": "Ordsprogene 3:5",
      "option2": "Ordsprogene 35:3",
      "option3": "Ordsprogene 5:3",
      "option4": "Ordsprogene 6:4",
      "answer": 1
    },
    {
      "ques_id": 13,
      "question": "Da Jesus var i dig ørken, hvad blev han fristet til at forvandle til brød?",
      "option1": "Mounds",
      "option2": "Sten",
      "option3": "Sten",
      "option4": "Jord",
      "answer": 3
    },
    {
      "ques_id": 14,
      "question": "Hvad var specielt ved Ehud [en dommer over Israel, der dræbte Elgon, kongen af ​​Moab",
      "option1": "Han var meget ung",
      "option2": "Han var venstrehåndet",
      "option3": "Han var blind",
      "option4": "Han var meget gammel",
      "answer": 2
    },
    {
      "ques_id": 15,
      "question": "Hvad skete der med byen Jeriko, efter at præsten blæste i deres trompeter",
      "option1": "Folket flygtede til et andet land",
      "option2": "Dyrene døde",
      "option3": "Vægge faldt ned",
      "option4": "Folk migrerede",
      "answer": 3
    },
    {
      "ques_id": 16,
      "question": "Ifølge Johannes 1:1, hvad var der i begyndelsen hos Gud",
      "option1": "Ordet",
      "option2": "En engel",
      "option3": "Jesus",
      "option4": "John",
      "answer": 1
    },
    {
      "ques_id": 17,
      "question": "Hvor mange salmer er der i salmernes bog?",
      "option1": "150",
      "option2": "170",
      "option3": "120",
      "option4": "190",
      "answer": 1
    },
    {
      "ques_id": 18,
      "question": " Ikke enhver, der siger til mig 'Herre, Herre', skal gå ind i Himmeriget. Hvem skal så gå ind i sit rige",
      "option1": "Den, der gør Guds vilje",
      "option2": "Den, der udfører mirakler",
      "option3": "Den, der bliver døbt",
      "option4": "Den, der prædiker Guds ord",
      "answer": 1
    },
    {
      "ques_id": 19,
      "question": "Hvem var den første konge af Israels 10 stammer?",
      "option1": "Jeroboam",
      "option2": "Rehoboth",
      "option3": "Joab",
      "option4": "Rehabeam",
      "answer": 1
    },
    {
      "ques_id": 20,
      "question": "Ifølge Jeremias, hvor mange år skulle nationen israel forblive fanget under Babylons konge?",
      "option1": "120 år",
      "option2": "40 år",
      "option3": "70 år",
      "option4": "80 år",
      "answer": 3
    }
  ],
  "Stormester": [
    {
      "ques_id": 1,
      "question": "Hvilken flod fik Naaman besked på at skylle sig i for at slippe af med spedalskhed?",
      "option1": "Nil",
      "option2": "Jordan",
      "option3": "Galilæa",
      "option4": "Bibelen siger ikke",
      "answer": 2
    },
    {
      "ques_id": 2,
      "question": "Hvem var far til Rehabeam?",
      "option1": "David",
      "option2": "Nimrod",
      "option3": "Abimelech",
      "option4": "Salomon",
      "answer": 4
    },
    {
      "ques_id": 3,
      "question": "Hvor længe regerede David som konge?",
      "option1": "Tredive år",
      "option2": "Fyrre år",
      "option3": "Femogtyve år",
      "option4": "80 år",
      "answer": 2
    },
    {
      "ques_id": 4,
      "question": "I Jesu forklaring af lignelsen om såmanden. hvad repræsenteres af sæden",
      "option1": "Tro",
      "option2": "Guds ord",
      "option3": "Jesus",
      "option4": "Kærlighed",
      "answer": 2
    },
    {
      "ques_id": 5,
      "question": "Hvilken plante er 'mindst af alle frø, men når den er dyrket, er den den største blandt urter?",
      "option1": "Oliven",
      "option2": "Sennep",
      "option3": "Eg",
      "option4": "Drue",
      "answer": 2
    },
    {
      "ques_id": 6,
      "question": "Hvad hed Moses' bror?",
      "option1": "Alphaeus",
      "option2": "John",
      "option3": "Aaron",
      "option4": "Joshua",
      "answer": 3
    },
    {
      "ques_id": 7,
      "question": "Fra hvilken del af Adams krop skabte Gud Eva?",
      "option1": "Hjerte",
      "option2": "Hjerne",
      "option3": "Ribben",
      "option4": "Hoved",
      "answer": 3
    },
    {
      "ques_id": 8,
      "question": "Zacharias og Elizabeth fik at vide af en engel, at de ville have en søn, hvad skulle han hedde'",
      "option1": "Elias",
      "option2": "Jesus",
      "option3": "John",
      "option4": "James",
      "answer": 3
    },
    {
      "ques_id": 9,
      "question": "Hvilken betydningsfuld begivenhed er registreret i Første Mosebog kapitel 1 og 2",
      "option1": "Transport",
      "option2": "Skabelse",
      "option3": "Oprensning",
      "option4": "Ofring",
      "answer": 2
    },
    {
      "ques_id": 10,
      "question": "Hvad var forholdet mellem Moses og Kora",
      "option1": "De var begge fra Judas stamme",
      "option2": "De var brødre",
      "option3": "De var fætre",
      "option4": "De var venner",
      "answer": 3
    },
    {
      "ques_id": 11,
      "question": "Hvad sagde Naomi til folket i Betlehem at de skulle kalde hende",
      "option1": "Mara",
      "option2": "Naama",
      "option3": "Bathseba",
      "option4": "Mary",
      "answer": 1
    },
    {
      "ques_id": 12,
      "question": "Nævn den jødiske pige, der giftede sig med en persisk konge?",
      "option1": "Naomi",
      "option2": "Deborah",
      "option3": "Esther",
      "option4": "Jude",
      "answer": 3
    },
    {
      "ques_id": 13,
      "question": "Hvad symboliserer de syv gyldne lysestager i Åbenbaringen 1:20?",
      "option1": "Syv menighed",
      "option2": "Syv engle",
      "option3": "Syv konger",
      "option4": "Syv personer",
      "answer": 1
    },
    {
      "ques_id": 14,
      "question": "Hvor kan følgende ord findes:\"Men Gud udvalgte verdens tåbelige ting for at gøre de vise mænd til skamme?",
      "option1": "Handlinger",
      "option2": "Romerne",
      "option3": "1. Korintherbrev",
      "option4": "John",
      "answer": 3
    },
    {
      "ques_id": 15,
      "question": " Hvad var bemærkelsesværdigt ved Jakobs tvillingebror, Esau ved fødslen",
      "option1": "Han havde dybe intense øjne",
      "option2": "Han var meget smuk",
      "option3": "Han var rød og behåret",
      "option4": "Han var meget sort",
      "answer": 3
    },
    {
      "ques_id": 16,
      "question": ",Hvem klippede Samsons hår af?",
      "option1": "Hans ærkefjende, Hulken",
      "option2": "Delilah",
      "option3": "En anden mand",
      "option4": "Hans venner",
      "answer": 2
    },
    {
      "ques_id": 17,
      "question": "Hvem skrev 1. og 2. Kongebog?",
      "option1": "Elias",
      "option2": "Jeremias",
      "option3": "Gad",
      "option4": "Nathan",
      "answer": 2
    },
    {
      "ques_id": 18,
      "question": "Hvilket af evangelierne optræder sidst i Bibelen",
      "option1": "Nikodemus",
      "option2": "John",
      "option3": "Andrews",
      "option4": "Mark",
      "answer": 2
    },
    {
      "ques_id": 19,
      "question": "Hvad skete der med nogen, hvis navn ikke blev fundet skrevet i livets bog?",
      "option1": "De blev erklæret uværdige til frelse",
      "option2": "De omkom",
      "option3": "De døde",
      "option4": "De blev kastet i ildsøen",
      "answer": 4
    },
    {
      "ques_id": 20,
      "question": "Hvem var den stærkeste mand, der nogensinde har levet?",
      "option1": "Goliat",
      "option2": "Samson",
      "option3": "Jesus",
      "option4": "Agag",
      "answer": 2
    }
  ],
  "Legende": [
    {
      "ques_id": 1,
      "question": "Første Mosebog åbner med det hebraiske ord 'bereshit', hvad er dette ords oversættelse til engelsk",
      "option1": "I begyndelsen",
      "option2": "Lad der blive lys",
      "option3": "Når der endnu ikke var noget",
      "option4": "Herren Gud sagde",
      "answer": 1,
      "reference": "Gn 1:1"
    },
    {
      "ques_id": 2,
      "question": "Efter at have lagt manden i dyb søvn, hvad tog Herren Gud fra ham for at bygge til en kvinde",
      "option1": "En tand",
      "option2": "En fingernegl",
      "option3": "Et ribben",
      "option4": "En hårstrå",
      "answer": 3,
      "reference":"Gn 1:2"
    },
    {
      "ques_id": 3,
      "question": "Hvad velsignede Herren Gud først med ordene 'Vær frugtbar og former dig'?",
      "option1": "Den første mand og kvinde",
      "option2": "Havdyrene og fuglene",
      "option3": "Planterne",
      "option4": "Landdyrene",
      "answer": 1,
      "reference":"Gn 1:22"
    },
    {
      "ques_id": 4,
      "question": "Hvem var Herrens engel, der meddelte Maria, at hun ville blive gravid og føde en søn?",
      "option1": "Gabriel",
      "option2": "Michael",
      "option3": "Raphael",
      "option4": "Sealtiel",
      "answer": 1,
      "reference":"Luk 1:31"
    },
    {
      "ques_id": 5,
      "question": "Hvad hedder moderen til St. Johannes Døberen?",
      "option1": "Salome af Zebedæus",
      "option2": "Elizabeth af Zacharias",
      "option3": "Maria af cleofas",
      "option4": "Herodias of Philip",
      "answer": 2,
      "reference":"Luk 1:5-6"
    },
    {
      "ques_id": 6,
      "question": "Ved starten af ​​opstandelsesberetningen i Johannesevangeliet, hvem blev nævnt som at gå til Jesu grav tidligt om morgenen og se stenen fjernet?",
      "option1": "Maria af Magdala",
      "option2": "St. John",
      "option3": "Martha",
      "option4": "En engel",
      "answer": 1,
      "reference": "Joh 20:1"
    },
    {
      "ques_id": 7,
      "question": "I opstandelsesberetningen i Johannesevangeliet, da den opstandne herre første gang viste sig for Maria Magdalene, forvekslede hun ham med hvem?",
      "option1": "Fængselsvagten",
      "option2": "Hovedsmanden",
      "option3": "Graderen",
      "option4": "En engel",
      "answer": 3,
      "reference": "Joh 20:15"
    },
    {
      "ques_id": 8,
      "question": "Hvor mange sæt af 14 generationer blev nævnt i Jesu slægtsbog givet i St. Mathews evangelium",
      "option1": "Fem",
      "option2": "En score",
      "option3": "Tre",
      "option4": "Et dusin",
      "answer": 3,
      "reference":"Johannes 20:15"

    },
    {
      "ques_id": 9,
      "question": "I profeten Esajas siges det, at den dreng, der skal fødes af jomfruen, skal få dette navn, som betyder Gud - med- os?",
      "option1": "Jesus",
      "option2": "John",
      "option3": "Emmanuel",
      "option4": "Christos,",
      "answer": 3,
      "reference":"Mt 1:23"
    },
    {
      "ques_id": 10,
      "question": "I Jesu geneologi givet i St. Mathews evangelium startede det første sæt på 14 nævnte generationer med Abraham og sluttede med hvem?",
      "option1": "David",
      "option2": "Moses",
      "option3": "Jacob",
      "option4": "Jesse",
      "answer": 1,
      "reference":"Mt 1:1-6"
    },
    {
      "ques_id": 11,
      "question": "'Fordi hun blev taget fra hans kød', hvad kaldte den første mand den første kvinde?",
      "option1": "Adama",
      "option2": "Eva",
      "option3": "Kvinde",
      "option4": "Kone",
      "answer": 2,
      "reference":"Gen 1:23"
    },
    {
      "ques_id": 12,
      "question": "Hvad gav Herren Gud til føde for alle landets dyr og alle himlens fugle?",
      "option1": "De grønne planter",
      "option2": "Frøbærende planter",
      "option3": "Frøbærende frugttræer",
      "option4": "Alt spiseligt",
      "answer": 1,
      "reference":"Gn 1:30"
    },
    {
      "ques_id": 13,
      "question": "På hvilken skabelsesdag skabte Gud solen og månen?",
      "option1": "Først",
      "option2": "Anden",
      "option3": "Tredje",
      "option4": "Fjerde",
      "answer": 4,
      "reference":"1 Mos 1:26-31"
    },
    {
      "ques_id": 14,
      "question": "Hvor gammel var David, da han blev salvet til Israels konge?",
      "option1": "50",
      "option2": "20",
      "option3": "35",
      "option4": "30",
      "answer": 4,
      "reference":"2Samuel 5:4"
    },
    {
      "ques_id": 15,
      "question": "Hvem andre end de vise mænd kom for at besøge Jesus, da han var et lille barn.",
      "option1": "Bueskytter",
      "option2": "Hyrder",
      "option3": "Jægere",
      "option4": "Landmænd",
      "answer": 2
    },
    {
      "ques_id": 16,
      "question": "Hvor høj var Goliat?",
      "option1": "6 alen og et spænd",
      "option2": " 8 alen",
      "option3": "10 alen og et spænd",
      "option4": "12 alen",
      "answer": 1,
      "reference":"1 Samuel 1:4"
    },
    {
      "ques_id": 17,
      "question": "Hvad sagde Paulus var opfyldelsen af ​​loven?",
      "option1": "Tro",
      "option2": "Bøn",
      "option3": "Kærlighed",
      "option4": "Ægteskab",
      "answer": 3,
      "reference":"Romerne 13:10"
    },
    {
      "ques_id": 18,
      "question": "Hvad er det korteste kapitel i Bibelen",
      "option1": "Salme 117",
      "option2": "Salme 18",
      "option3": "Mark 10",
      "option4": "John 4",
      "answer": 1,
      "reference":"Salme 117"
    },
    {
      "ques_id": 19,
      "question": "Hvem sagde: 'Sølv og guld har jeg intet, men det jeg har, giver jeg dig'?",
      "option1": "Paul",
      "option2": "James",
      "option3": "Peter",
      "option4": "Timothy",
      "answer": 3,
      "reference":"Apostelgerninger 3:6"
    },
    {
      "ques_id": 20,
      "question": "Hvad var Moses[år] på tidspunktet for hans bortgang",
      "option1": "120",
      "option2": "100",
      "option3": "150",
      "option4": "80",
      "answer": 1,
      "reference":"5 Mosebog 34:7"
    }
  ],
  "Ud af denne verden": [
    {
      "ques_id": 1,
      "question": "Hvem var den ældste person, der er registreret i Bibelen?",
      "option1": "Methusalem",
      "option2": "Adam",
      "option3": "Abraham",
      "option4": "Salomon",
      "answer": 1,
      "reference":"1 Mosebog 5:27"
    },
    {
      "ques_id": 2,
      "question": "Hvor gammel var den ældste person i Bibelen?",
      "option1": "120",
      "option2": "500",
      "option3": "800",
      "option4": "969",
      "answer": 4,
      "reference":"1 Mosebog 5:27"
    },
    {
      "ques_id": 3,
      "question": "Hvad betyder Jahwe-Schammmah?",
      "option1": "Gud med os",
      "option2": "Gud selv",
      "option3": "Jesus Guds søn",
      "option4": "Evigt liv",
      "answer": 2,
      "reference":"Ezekiel 48:35"
    },
    {
      "ques_id": 4,
      "question": "Hvor mange år føjede Gud til kong Ezekias' liv som svar på den døende konges bøn?",
      "option1": "20",
      "option2": "50",
      "option3": "15",
      "option4": "100",
      "answer": 3,
      "reference":"2 Kongebog 20:6"
    },
    {
      "ques_id": 5,
      "question": "Hvilke Herrens profeter rådførte Kong Josias af Juda?",
      "option1": "Amos",
      "option2": "Elias",
      "option3": "Elisha",
      "option4": "Huldah",
      "answer": 4,
      "reference":" 2 Kongebog 22:14-16"
    },
    {
      "ques_id": 6,
      "question": "Hvilken ceremoni genindsatte kong Josiah, som ikke var blevet fejret af nogen af ​​de tidligere konger af Israel eller Juda?",
      "option1": "Påske",
      "option2": "Offerritual",
      "option3": "tilbedelse",
      "option4": "Omskæring",
      "answer": 1,
      "reference":"2 Kongebog 23:21"
    },
    {
      "ques_id": 7,
      "question": "Af hvilken Israels stamme var kong Saul?",
      "option1": "Juda",
      "option2": "Benjamin",
      "option3": "Amonitter",
      "option4": "Israel",
      "answer": 2,
      "reference":"1 Samuel 9:21"
    },
    {
      "ques_id": 8,
      "question": "Når arken vendte tilbage til Israel, hvilket offer ofrede Samuel til Herren?",
      "option1": "A-han ged",
      "option2": "Menneskeofring",
      "option3": "Han ofrede havehøst",
      "option4": "Diende lam",
      "answer": 4,
      "reference":"1 Samuel 7:9"
    },
    {
      "ques_id": 9,
      "question": "Hvad hed kong Sauls kone?",
      "option1": "Debora",
      "option2": "Naume",
      "option3": "Ahinoam",
      "option4": "Ruth",
      "answer": 3,
      "reference":"1 Samuel 14:50"
    },
    {
      "ques_id": 10,
      "question": "Hvad behøver nogen for at forstå Guds ord?",
      "option1": "Viden",
      "option2": "Helligånd",
      "option3": "Visdom",
      "option4": "Bønner",
      "answer": 2,
      "reference":"1 Korintherbrev 2:11"
    },
    {
      "ques_id": 11,
      "question": "Hvem sagde Paulus dømte ham?",
      "option1": "Gud",
      "option2": "Terah",
      "option3": "Reuben",
      "option4": "Belshazzar",
      "answer": 1,
      "reference":" 1 Korintherbrev 4:4"
    },
    {
      "ques_id": 12,
      "question": "Pinsedag kom der en lyd fra Himlen af ​​en brusende ____?",
      "option1": "Torden",
      "option2": "Regn",
      "option3": "Vind",
      "option4": "høj støj",
      "answer": 3,
      "reference":"Apostelgerninger 2:2"
    },
    {
      "ques_id": 13,
      "question": "Hvem tilbød at betale penge for magten til at give Helligånden?",
      "option1": "John",
      "option2": "Zacharias",
      "option3": "Simon",
      "option4": " Herodes",
      "answer": 3,
      "reference":"Apostelgerninger 8"
    },
    {
      "ques_id": 14,
      "question": "Da Jesus forvandlede vand til vin, forvandlede han vand, der var i stenkrukker. Hvad blev disse stenkrukker normalt brugt til?",
      "option1": "Døb",
      "option2": "Rengøring",
      "option3": "Handel",
      "option4": "Ceremoniel vask",
      "answer": 4,
      "reference":"Johannes 2:6"
    },
    {
      "ques_id": 15,
      "question": "Hvem var Nimrods far?",
      "option1": "Andrew",
      "option2": "Joshua",
      "option3": " Samson",
      "option4": "Cush",
      "answer": 4,
      "reference": "1 Krønikebog 1:10"
    },
    {
      "ques_id": 16,
      "question": "hvad var navnene på Abrahams to sønner (i rækkefølge efter deres fødsel)?",
      "option1": "Isak og Jakob",
      "option2": "Ismael og Isak",
      "option3": "Joseph og Jakob",
      "option4": "Kain og Isak",
      "answer": 2,
      "reference": "1 Mosebog 16:1-16, 1 Krønikebog 1:28"
    },
    {
      "ques_id": 17,
      "question": "Hvad var navnene på de tre sønner af Noa i rækkefølgen af ​​bibellister, de er på?",
      "option1": "Skinke, Josef, Jafet",
      "option2": "Japhet, Ham, Isak",
      "option3": "Sem, Ham og Jafet",
      "option4": "Shem, Ham, Joseph",
      "answer": 3,
      "reference":"1 Mosebog 9:18-19, 1 Krønikebog 1:4"
    },
    {
      "ques_id": 18,
      "question": "Herren ændrede Abrahams navn til Abraham, da han var 99 år. hvad hed han før det?",
      "option1": "Adam",
      "option2": "Abram",
      "option3": "Alfa",
      "option4": "Agag",
      "answer": 2,
      "reference": "1 Mosebog 17:1-5"
    },
    {
      "ques_id": 19,
      "question": "Hvor gammel var Abraham, da Isak blev født?",
      "option1": "103",
      "option2": "90",
      "option3": "100",
      "option4": "50",
      "answer": 3,
      "reference": "1 Mosebog 21:5"
    },
    {
      "ques_id": 20,
      "question": "Hvor mange bøger i Bibelen har ordet 'John' i deres titel?",
      "option1": "4",
      "option2": "3",
      "option3": "1",
      "option4": "5",
      "answer": 1,
      "reference": "John"
    }
  ]
}