{
  "Новак": [
    {
      "ques_id": 1,
      "question": "Кой е първият човек, който някога е живял?",
      "option1": "Матусала",
      "option2": "Авраам",
      "option3": "Мойсей",
      "option4": "Адам",
      "answer": 4
    },
    {
      "ques_id": 2,
      "question": "Кой беше погълнат от много голяма риба?",
      "option1": "Исус",
      "option2": "Йона",
      "option3": "Самсон",
      "option4": "Петър",
      "answer": 2
    },
    {
      "ques_id": 3,
      "question": "Кой е човекът, който Бог използва, за да изведе израилтяните от Египет",
      "option1": "Аарон",
      "option2": "Авраам",
      "option3": "Мойсей",
      "option4": "Еремия",
      "answer": 3
    },
    {
      "ques_id": 4,
      "question": "Кой е човекът, който уби Голиат",
      "option1": "Давид",
      "option2": "Саул",
      "option3": "Соломон",
      "option4": "Джонатан",
      "answer": 1
    },
    {
      "ques_id": 5,
      "question": "Кой е първият цар на Израел?",
      "option1": "Давид",
      "option2": "Саул",
      "option3": "Соломон",
      "option4": "Мойсей",
      "answer": 2
    },
    {
      "ques_id": 6,
      "question": "Каква професия е имал Исус преди служението си",
      "option1": "Производител на играчки",
      "option2": "Рибар",
      "option3": "Лозар",
      "option4": "Дърводелец",
      "answer": 4
    },
    {
      "ques_id": 7,
      "question": "Как се казва градът, в който се роди Исус?",
      "option1": "Йерусалим",
      "option2": "Витлеем",
      "option3": "Галилея",
      "option4": "Назарет",
      "answer": 2
    },
    {
      "ques_id": 8,
      "question": "Как се нарича морето, по което ходи Исус?",
      "option1": "Галилейско езеро",
      "option2": "Мъртво море",
      "option3": "Прочети море",
      "option4": "Средиземно море",
      "answer": 1
    },
    {
      "ques_id": 9,
      "question": "Как се нарича реката, в която Йоан Кръстител кръщавал хората?",
      "option1": "Ефрат",
      "option2": "Нил",
      "option3": "Йордан",
      "option4": "Тигър",
      "answer": 3
    },
    {
      "ques_id": 10,
      "question": "Как се казва братът на Андрей? (И двамата бяха ученици)",
      "option1": "Петър",
      "option2": "Йоан",
      "option3": "Джеймс",
      "option4": "Адам",
      "answer": 1
    },
    {
      "ques_id": 11,
      "question": "Как се казваше Майката на Исус?",
      "option1": "Мария",
      "option2": "Марта",
      "option3": "Зипора",
      "option4": "Сара",
      "answer": 1
    },
    {
      "ques_id": 12,
      "question": "Как се наричаше градината, в която живееха Адам и Ева?",
      "option1": "Земя на Нод",
      "option2": "Райска градина",
      "option3": "Витлеем",
      "option4": "Градина на долината",
      "answer": 2
    },
    {
      "ques_id": 13,
      "question": "С каква храна нахрани Исус 5000 души",
      "option1": "Вино",
      "option2": "Хлябове и вино",
      "option3": "Хлябове и риби",
      "option4": "Вода",
      "answer": 3
    },
    {
      "ques_id": 14,
      "question": "Какъв метод са използвали римляните, за да убият Исус?",
      "option1": "Напушен",
      "option2": "Кремация",
      "option3": "Разпятие",
      "option4": "Обесен",
      "answer": 3
    },
    {
      "ques_id": 15,
      "question": "Колко кошници са останали от нахранването на 5000?",
      "option1": "7",
      "option2": "8",
      "option3": "10",
      "option4": "12",
      "answer": 1,
      "справка": "Матей 15:13"
    },
    {
      "ques_id": 16,
      "question": "Кой ученик е намерил монета в устата на риба?",
      "option1": "Андрю",
      "option2": "Павел",
      "option3": "Петър",
      "option4": "Тимотей",
      "answer": 3,
      "справка": "Матей 1:24-27"
    },
    {
      "ques_id": 17,
      "question": "В коя книга от Библията четем за Аман",
      "option1": "Изход",
      "option2": "Естер",
      "option3": "Рут",
      "option4": "Малахия",
      "answer": 2,
      "справка": "Естир 3"
    },
    {
      "ques_id": 18,
      "question": "Назови жената на цар Агрипа, пред която Павел стоеше на съд",
      "option1": "Бернис",
      "option2": "Ирод",
      "option3": "Агаг",
      "option4": "Каяфа",
      "answer": 1,
      "справка": "Деяния 25:23"
    },
    {
      "ques_id": 19,
      "question": "На колко години стана Енох",
      "option1": "400",
      "option2": "350",
      "option3": "230",
      "option4": "365",
      "answer": 4,
      "справка": "Битие 5:23"
    },
    {
      "ques_id": 20,
      "question": "Колко още години Бог прибави към живота на цар Езекия в отговор на молитвата на умиращите царе?",
      "option1": "20",
      "option2": "15",
      "option3": "100",
      "option4": "50",
      "answer": 2,
      "справка": "4 Царе 20:6"
    }
  ],
  "Ентусиаст": [
    {
      "ques_id": 1,
      "question": "Кой е бащата на Исаак?",
      "option1": "Авраам",
      "option2": "Яков",
      "option3": "Исав",
      "option4": "Пелек",
      "answer": 1
    },
    {
      "ques_id": 2,
      "question": "Кой беше бащата на Ровоама?",
      "option1": "Давид",
      "option2": "Нимрод",
      "option3": "Авимелех",
      "option4": "Соломон",
      "answer": 4
    },
    {
      "ques_id": 3,
      "question": "Кой е бащата на Матусала?",
      "option1": "Илия",
      "option2": "Енок",
      "option3": "Сет",
      "option4": "Джаред",
      "answer": 2
    },
    {
      "ques_id": 4,
      "question": "Кой уби Йоан Кръстител?",
      "option1": "Цезар",
      "option2": "Пилат",
      "option3": "Херолд",
      "option4": "Каяфа",
      "answer": 3
    },
    {
      "ques_id": 5,
      "question": "Кой е първият човек, убит, защото е повярвал в Христос?",
      "option1": "Петър",
      "option2": "Йоан",
      "option3": "Варнава",
      "option4": "Стефан",
      "answer": 4
    },
    {
      "ques_id": 6,
      "question": "Къде отиде Савел, когато видя Исус?",
      "option1": "Дамаск",
      "option2": "Гърция",
      "option3": "Рим",
      "option4": "Йерусалим",
      "answer": 1
    },
    {
      "ques_id": 7,
      "question": "Къде Исус е прекарал по-голямата част от живота си на земята?",
      "option1": "Йерусалим",
      "option2": "Назарет",
      "option3": "Елеонската планина",
      "option4": "Египет",
      "answer": 2
    },
    {
      "ques_id": 8,
      "question": "Какъв псалм започва: \"Господ е пастир мой?\"",
      "option1": "Псалм 91",
      "option2": "Псалм 1",
      "option3": "Псалм 104",
      "option4": "Псалм 23",
      "answer": 4
    },
    {
      "ques_id": 9,
      "question": "Какво е било заниманието на Павел, докато е пътувал като мисионер?",
      "option1": "Овчар",
      "option2": "Продавач на лилаво",
      "option3": "Майстор на палатки",
      "option4": "Писар",
      "answer": 3
    },
    {
      "ques_id": 10,
      "question": "Какво е името на острова, на който е живял Варнава?",
      "option1": "Гърция",
      "option2": "Кипър",
      "option3": "Родос",
      "option4": "Великденски остров",
      "answer": 2
    },
    {
      "ques_id": 11,
      "question": "Когато Исус се приближи до Него, той каза: 'Какво общо имаш с мен, Исусе, Сине на Всевишния Бог? Заклевам те в Бога, не ме мъчи.",
      "option1": "Легион",
      "option2": "Тарах",
      "option3": "Рубен",
      "option4": "Валтасар",
      "answer": 1
    },
    {
      "ques_id": 12,
      "question": "Коя птица казва Исус, че имаме по-голяма стойност от?",
      "option1": "Орел",
      "option2": "Лешояд",
      "option3": "Врабче",
      "option4": "Гълъб",
      "answer": 3
    },
    {
      "ques_id": 13,
      "question": "Кои две сестри се ожениха за Яков?",
      "option1": "Доркас и Лия",
      "option2": "Мариам и Рейчъл",
      "option3": "Рейчъл и Лия",
      "option4": "Сарая и Анна",
      "answer": 3
    },
    {
      "ques_id": 14,
      "question": "В коя земя Бог изпрати Авраам да пожертва своя специален син, Исаак?",
      "option1": "Канан",
      "option2": "Македония",
      "option3": "Кипър",
      "option4": "Мория",
      "answer": 4
    },
    {
      "ques_id": 15,
      "question": "С каква пророчица Господня се е допитвал цар Иосия Юдейски",
      "option1": "Дебора",
      "option2": "Олда",
      "option3": "Наом",
      "option4": "Рут",
      "answer": 2,
      "справка": "4 Царе 22:12-16"
    },
    {
      "ques_id": 16,
      "question": "Име на първородния син на Самуил?",
      "option1": "Джошуа",
      "option2": "Джоел",
      "option3": "Джонатан",
      "option4": "Йосиф",
      "answer": 2,
      "справка": "1 Царе 8:2"
    },
    {
      "ques_id": 17,
      "question": "Как се казваше жената на цар Саул?",
      "option1": "Боам",
      "option2": "Милост",
      "option3": "Ахиноам",
      "option4": "Ноам",
      "answer": 3,
      "справка": "1 Царе 14:50"
    },
    {
      "ques_id": 18,
      "question": "Какво се изисква, за да може някой да разбере Божието слово?",
      "option1": "Молитва",
      "option2": "Любов",
      "option3": "Свети Дух",
      "option4": "Ангели",
      "answer": 3,
      "препратка": "1 Коринтяни 2:11"
    },
    {
      "ques_id": 19,
      "question": "Кой каза Павел да го съди?",
      "option1": "Сатана",
      "option2": "Бог",
      "option3": "Приятел",
      "option4": "Петър",
      "answer": 2,
      "Позоваване": "1 Коринтяни 4:4"
    },
    {
      "ques_id": 20,
      "question": "________ отложеното разболява сърцето?",
      "option1": "Доверие",
      "option2": "Надежда",
      "option3": "Любов",
      "option4": "Молитви",
      "answer": 2,
      "справка": "Притчи 13:12"
    }
  ],
  "Средно ниво": [
    {
      "ques_id": 1,
      "question": "Коя беше жената на Мойсей?",
      "option1": "Елишева",
      "option2": "Ребека",
      "option3": "Мариам",
      "option4": "Зипора",
      "answer": 4
    },
    {
      "ques_id": 2,
      "question": "Коя беше втората жена на Авраам?",
      "option1": "Естер",
      "option2": "Кетура",
      "option3": "Агар",
      "option4": "Лидия",
      "answer": 2
    },
    {
      "ques_id": 3,
      "question": "Колко глави се съдържат в Проповедта на планината?",
      "option1": "1",
      "option2": "2",
      "option3": "3",
      "option4": "7",
      "answer": 3
    },
    {
      "ques_id": 4,
      "question": "Колко пъти Израел е обикалял Йерихон?",
      "option1": "13",
      "option2": "7",
      "option3": "70",
      "option4": "12",
      "answer": 1
    },
    {
      "ques_id": 5,
      "question": "Колко е дълъг един лакът?",
      "option1": "приблизително 12 инча",
      "option2": "12мм",
      "option3": "приблизително 18 инча",
      "option4": "приблизително 36 инча",
      "answer": 3
    },
    {
      "ques_id": 6,
      "question": "Къде отиде Каин, след като уби Авел?",
      "option1": "Райска градина",
      "option2": "Земя на Нод",
      "option3": "Пещерите на Кумран",
      "option4": "Връх Арарат",
      "answer": 2
    },
    {
      "ques_id": 7,
      "question": "Кой беше синът на Кис?",
      "option1": "Ной",
      "option2": "Апостол Павел",
      "option3": "Авраам",
      "option4": "Цар Саул",
      "answer": 4
    },
    {
      "ques_id": 8,
      "question": "Къде е живяла Раав?",
      "option1": "Йерихон",
      "option2": "Йерусалим",
      "option3": "Ниневия",
      "option4": "Ай",
      "answer": 1
    },
    {
      "ques_id": 9,
      "question": "Къде е живял Доркас?",
      "option1": "Бетел",
      "option2": "Йопия",
      "option3": "Кесария",
      "option4": "Антиохия",
      "answer": 2
    },
    {
      "ques_id": 10,
      "question": "Къде е \"Улицата, наречена Права\"",
      "option1": "Йерусалим",
      "option2": "Рим",
      "option3": "Вавилон",
      "option4": "Дамаск",
      "answer": 4
    },
    {
      "ques_id": 11,
      "question": "След като побягна за живота си, под кое дърво спа Илия",
      "option1": "Дъб",
      "option2": "Бор",
      "option3": "Хвойна",
      "option4": "Смърч",
      "answer": 3,
      "справка": "3 Царе 19:5"
    },
    {
      "ques_id": 12,
      "question": "Юда предаде Исус за точно колко сребърни монети?",
      "option1": "30",
      "option2": "20",
      "option3": "50",
      "option4": "10",
      "answer": 1,
      "справка": "Матей 26:15"
    },
    {
      "ques_id": 13,
      "question": "Име на бащата на Давид",
      "option1": "Оман",
      "option2": "Джеси",
      "option3": "Джошуа",
      "option4": "Соломон",
      "answer": 2,
      "справка": "1 Царе 1:12"
    },
    {
      "ques_id": 14,
      "question": "Бог не е споменат само в една книга от Библията",
      "option1": "Естер",
      "option2": "Рут",
      "option3": "Малахия",
      "option4": "Изход",
      "answer": 1,
      "референция": "Естер"
    },
    {
      "ques_id": 15,
      "question":"Защото колко сребърника продаде Исус от братята си на исмаиляните",
      "option1": "50",
      "option2": "12",
      "option3": "20",
      "option4": "100",
      "answer": 3,
      "справка": "Битие 37:28"
    },
    {
      "ques_id": 16,
      "question": "Колко апостоли избра Исус",
      "option1": "12",
      "option2": "14",
      "option3": "10",
      "option4": "08",
      "answer": 1,
      "справка": "Лука 6:13"
    },
    {
      "ques_id": 17,
      "question": "Ангелът каза на Мария, че Исус ще царува над дома, от който старозаветен характер",
      "option1": "Давид",
      "option2": " Яков",
      "option3": "Авраам",
      "option4": "Мойсей",
      "answer":2,
      "справка": "Лука 1:13"
    },
    {
      "ques_id": 18,
      "question": "Кой пророк е казал : \" От Египет повиках сина си \"?",
      "option1": "Еремия",
      "option2": "Исая",
      "option3": "Осия",
      "option4": "Езекиил",
      "answer": 3,
      "справка": "Осия 11:1"
    },
    {
      "ques_id": 19,
      "question": "Какъв вид дърво прокле Исус?",
      "option1": "Фиг",
      "option2": "Лозе",
      "option3": "Бор",
      "option4": "дъб",
      "answer": 1,
      "справка": "Марк 11:12-14"
    },
    {
      "ques_id": 20,
      "question": "Кой поиска Саул медиум да го възпита",
      "option1": "Ели",
      "option2": "Натан",
      "option3": "Самуил",
      "option4": "Давид",
      "answer": 3,
      "Справка": "1 Царе 28:11"
    }
  ],
  "Про": [
    {
      "ques_id": 1,
      "question": "Кой носи кръста за Христос?",
      "option1": "Филип",
      "option2": "Симон от Киринея",
      "option3": "Ахав",
      "option4": "Михей",
      "answer": 2
    },
    {
      "ques_id": 2,
      "question":"Колко другари дадоха филистимците на Самсона на празника в Тамна?",
      "option1": "30",
      "option2": "31",
      "option3": "32",
      "option4": "33",
      "answer": 1
    },
    {
      "ques_id": 3,
      "question": "На колко години е била пророчицата Анна, когато е видяла Исус?",
      "option1": "83",
      "option2": "84",
      "option3": "88",
      "option4": "92",
      "answer": 2
    },
    {
      "ques_id": 4,
      "question": "Какво даде Савската царица на Соломон?",
      "option1": "(124 таланта от) злато, подправки и скъпоценни камъни",
      "option2": "(120 таланта от) злато, подправки и скъпоценни камъни",
      "option3": "(18 таланта от) злато, подправки и скъпоценни камъни",
      "option4": "(221 таланта от) злато, подправки и скъпоценни камъни",
      "answer": 2
    },
    {
      "ques_id": 5,
      "question": "Колко книги има в Стария Завет?",
      "option1": "37",
      "option2": "38",
      "option3": "39",
      "option4": "40",
      "answer": 3
    },
    {
      "ques_id": 6,
      "question": "На колко реки се е разделила реката в Едем, след като е напуснала градината?",
      "option1": "4",
      "option2": "3",
      "option3": "6",
      "option4": "8",
      "answer": 1
    },
    {
      "ques_id": 7,
      "question": "Какво искаше да направи Йосиф, когато откри, че Мария е бременна?",
      "option1": "Хвърли парти",
      "option2": "Разведи се",
      "option3": "Бягай",
      "option4": "Нито едно от горепосочените",
      "answer": 2
    },
    {
      "ques_id": 8,
      "question": "Какъв цвят беше дрехата на първосвещеника?",
      "option1": "Синьо",
      "option2": "Бял",
      "option3": "Зелен",
      "option4": "Червен",
      "answer": 1
    },
    {
      "ques_id": 9,
      "question": "Какво каза Вооз Ноемин продаваше?",
      "option1": "Парцел земя",
      "option2": "Злато",
      "option3": "Нейното дете",
      "option4": "Храна",
      "answer": 1
    },
    {
      "ques_id": 10,
      "question": "В притчата за длъжниците единият дължеше 500 динария (пенса), но колко дължеше другият",
      "option1": "70",
      "option2": "50",
      "option3": "45",
      "option4": "80",
      "answer": 2
    },
    {
      "ques_id": 11,
      "question": "Колко от духа на Илия получи Елисей?",
      "option1": "Малък",
      "option2": "Единична порция",
      "option3": "Здравословен",
      "option4": "Двойна порция",
      "answer": 4
    },
    {
      "ques_id": 12,
      "question": "Какво беше необичайно за 700-те вениамински войници, които можеха да хвърлят камък и да удрят целта си всеки път?",
      "option1": "Всички бяха левичари",
      "option2": "Всички си приличаха",
      "option3": "Нямаха обувки",
      "option4": "Нито едно от горепосочените",
      "answer": 1
    },
    {
      "ques_id": 13,
      "question": "Каква връзка е бил Анна с Каяфа?",
      "option1": "Брат",
      "option2": "Чичо",
      "option3": "Братовчеди",
      "option4": "Тъст",
      "answer": 4
    },
    {
      "ques_id": 14,
      "question": "Какво не трябва да \"хвърляте пред свинете\"",
      "option1": "Камъчета",
      "option2": "Камъни",
      "option3": "Перли",
      "option4": "Стик",
      "answer": 3
    },
    {
      "ques_id": 15,
      "question": "Когато в затвора по кое време Павел и Сила се молеха и пееха на Бога?",
      "option1": "Утро",
      "option2": "Следобед",
      "option3": "Вечер",
      "option4": "Полунощ",
      "answer": 4
    },
    {
      "ques_id": 16,
      "question": "Какво яли Даниил и тримата му приятели вместо царското месо и питие?",
      "option1": "Хляб",
      "option2": "Вино и хляб",
      "option3": "Варива и вода",
      "option4": "Нищо",
      "answer": 3
    },
    {
      "ques_id": 17,
      "question": "Как се казва братовчедът на Исус, роден шест месеца преди него?",
      "option1": "Йоан",
      "option2": "Петър",
      "option3": "Павел",
      "option4": "Майкъл",
      "answer": 1
    },
    {
      "ques_id": 18,
      "question": "В кой град е живял цар Ирод по времето на раждането на Исус?",
      "option1": "Йерусалим",
      "option2": "Рим",
      "option3": "Вавилон",
      "option4": "Витлеем",
      "answer": 1
    },
    {
      "ques_id": 19,
      "question": "Колко язви изпрати Бог върху Египет?",
      "option1": "4",
      "option2": "8",
      "option3": "10",
      "option4": "12",
      "answer": 3
    },
    {
      "ques_id": 20,
      "question": "За колко сребърника предаде Юда Христос?",
      "option1": "20",
      "option2": "30",
      "option3": "40",
      "option4": "50",
      "answer": 2
    },
    {
      "ques_id": 21,
      "question": "Защото колко дни Исус се явяваше на учениците Си след възкресението Си?",
      "option1": "30",
      "option2": "7",
      "option3": "40",
      "option4": "11",
      "answer": 3
    },
    {
      "ques_id": 22,
      "question": "Колко църкви в Мала Азия са изброени в Откровение?",
      "option1": "7",
      "option2": "8",
      "option3": "9",
      "option4": "10",
      "answer": 1
    }
  ],
  "Гений": [
    {
      "ques_id": 1,
      "question":"Кой беше син на Елеазара, син на Аарон?",
      "option1": "Путиел",
      "option2": "Корей",
      "option3": "Финеес",
      "option4": "Изхар",
      "answer": 3
    },
    {
      "ques_id": 2,
      "question": "Кой беше синът на Амрия, царят на Израел?",
      "option1": "Ахав",
      "option2": "Йорам",
      "option3": "Зимри",
      "option4": "Гинат",
      "answer": 1
    },
    {
      "ques_id": 3,
      "question": "Кой беше мъжът на Ноемин от книгата на Рут?",
      "option1": "Боаз",
      "option2": "Елкана",
      "option3": "Обед",
      "option4": "Елимелех",
      "answer": 4
    },
    {
      "ques_id": 4,
      "question": "Колко букви има в най-дългото име в Библията?",
      "option1": "16",
      "option2": "18",
      "option3": "22",
      "option4": "25",
      "answer": 2
    },
    {
      "ques_id": 5,
      "question": "Кой уби Сисара?",
      "option1": "Давид",
      "option2": "Ахав",
      "option3": "Саул",
      "option4": "Джаел",
      "answer": 4
    },
    {
      "ques_id": 6,
      "question": "Колко широк е бил Ноевият ковчег?",
      "option1": "35 лакътя",
      "option2": "50 лакътя",
      "option3": "75 лакътя",
      "option4": "90 лакътя",
      "answer": 2
    },
    {
      "ques_id": 7,
      "question": "Колко широк беше ковчегът на завета?",
      "option1": "1,5 лакътя",
      "option2": "2 лакътя",
      "option3": "3 лакътя",
      "option4": "1 лакът",
      "answer": 1
    },
    {
      "ques_id": 8,
      "question": "Как се казваше слугата на Елисей?",
      "option1": "Йорам",
      "option2": "Шафат",
      "option3": "Гихази",
      "option4": "Хазаел",
      "answer": 3
    },
    {
      "ques_id": 9,
      "question": "Как се казваше прочутият учител на Павел?",
      "option1": "Юстус",
      "option2": "Гамалиил",
      "option3": "Каяфа",
      "option4": "Сократ",
      "answer": 2
    },
    {
      "ques_id": 10,
      "question": "Кой съдия на Израел е роден във Витлеем?",
      "option1": "Давид",
      "option2": "Ибзан",
      "option3": "Дебора",
      "option4": "Гедеон",
      "answer": 2
    },
    {
      "ques_id": 11,
      "question": "Когато Исус се приближи до Него, той каза: \"Какво общо имаш с мен, Исусе, Сине на Всевишния Бог? Заклевам те в Бога, не ме мъчи.",
      "option1": "Легион",
      "option2": "Тарах",
      "option3": "Рубен",
      "option4": "Валтасар",
      "answer": 1
    },
    {
      "ques_id": 12,
      "question": "Коя птица казва Исус, че имаме по-голяма стойност от?",
      "option1": "Орел",
      "option2": "Лешояд",
      "option3": "Врабче",
      "option4": "Гълъб",
      "answer": 3
    },
    {
      "ques_id": 13,
      "question": "Кои две сестри се ожениха за Яков?",
      "option1": "Доркас и Лия",
      "option2": "Мариам и Рейчъл",
      "option3": "Рейчъл и Лия",
      "option4": "Сарая и Анна",
      "answer": 3
    },
    {
      "ques_id": 14,
      "question": "В коя земя Бог изпрати Авраам да пожертва своя специален син, Исаак?",
      "option1": "Канан",
      "option2": "Македония",
      "option3": "Кипър",
      "option4": "Мория",
      "answer": 4
    },
    {
      "ques_id": 15,
      "question": "Кой псалм е стихът \"Той ме кара да лежа на зелени пасбища, Той ме води при тихи води?",
      "option1": "25",
      "option2": "22",
      "option3": "30",
      "option4": "23",
      "answer": 4,
      "справка": "Псалми 23; 2"
    },
    {
      "ques_id": 16,
      "question": "Страхът от Господа е началото на ........ ",
      "option1": "Знание",
      "option2": "Мъдрост",
      "option3": "Пари",
      "option4": "Любов",
      "answer": 1,
      "референция": ""
    },
    {
      "ques_id": 17,
      "question": "В кой град Господ каза на Йона да проповядва?",
      "option1": "Йерусалим",
      "option2": "Ниневия",
      "option3": "Вавилон",
      "option4": "Юда",
      "answer": 2,
      "справка": "Йона 1:2"
    },
    {
      "ques_id": 18,
      "question": "Коя от тези книги [Филипяни, Колосяни, Галатяни или Ефесяни] са на първо място в Библията",
      "option1": "Колосяни",
      "option2": "Галатяни",
      "option3": "Ефесяни",
      "option4": "Филипяни",
      "answer": 2,
      "препратка": "Нов завет, писма на Павел"
    },
    {
      "ques_id": 19,
      "question": "Колко глави има книгата Евреи?",
      "option1": "13",
      "option2": "15",
      "option3": "10",
      "option4": "16",
      "answer": 1,
      "справка": "Евреи 1-13"
    },
    {
      "ques_id": 20,
      "question": "Как се наричат буреносните ветрове, които могат да ударят Крит?",
      "option1": "Лунен сун",
      "option2": "Евроклидон",
      "option3": "Преливане",
      "option4": "Нито едно от горепосочените",
      "answer": 2,
      "справка": "Деяния 2:14"
    }
  ],
  "Експерт": [
    {
      "ques_id": 1,
      "question":"Кой от тях не беше цар на Израил или на Юда",
      "option1": "Сенахериб",
      "option2": "Йоахим",
      "option3": "Седекия",
      "option4": "Давид",
      "answer": 1
    },
    {
      "ques_id": 2,
      "question": "Който убеди Самсон да разкрие тайната на голямата сила",
      "option1": "Дина",
      "option2": "Рут",
      "option3": "Далила",
      "option4": "Марта",
      "answer": 3
    },
    {
      "ques_id": 3,
      "question":"И небето ти, което е над главата ти, ще be_____, и земята, която е под тебе, ще бъде желязна.",
      "option1": "Месинг",
      "option2": "Стомана",
      "option3": "Сребро",
      "option4": "Злато",
      "answer": 1
    },
    {
      "ques_id": 4,
      "question": "Къде може да се намерят думите: Уповавай на Йехова с цялото си сърце и не се облягай на собствения си разум ",
      "option1": "Притчи 3:5",
      "option2": "Притчи 5:3",
      "option3": "Притчи 35:3",
      "option4": "Притчи 4:3",
      "answer": 1
    },
    {
      "ques_id": 5,
      "question": "който ученик се отрече от Исус три пъти",
      "option1": "Петър",
      "option2": "Андрю",
      "option3": "Йоан",
      "option4": "Юда",
      "answer": 1
    },
    {
      "ques_id": 6,
      "question":"Паметта на праведния е благословена, а името на нечестивите ще бъде благословено.",
      "option1": "Победа",
      "option2": "Гниене",
      "option3": "Блум",
      "option4": "процъфтява",
      "answer": 2
    },
    {
      "ques_id": 7,
      "question": "Преди Исус да започне да проповядва, каква беше неговата работа?",
      "option1": "дърводелец",
      "option2": "учен",
      "option3": "Доктор",
      "option4": "Учител",
      "answer": 1
    },
    {
      "ques_id": 8,
      "question": "Зоан е бил използван в Библията като паралел за коя нация",
      "option1": "Египет",
      "option2": "Асирия",
      "option3": "Вавилон",
      "option4": "Синай",
      "answer": 1
    },
    {
      "ques_id": 9,
      "question": "Кой старозаветен герой показа вярата си, като беше готов да предложи сина си на олтар на Бога",
      "option1": "Ной",
      "option2": "Авраам",
      "option3": "Салатиел",
      "option4": "Мойсей",
      "answer": 2
    },
    {
      "ques_id": 10,
      "question": "Какво направиха моряците на кораба Йона, за да увеличат шансовете си за оцеляване",
      "option1": "Те отплаваха на север",
      "option2": "Изхвърли товара зад борда",
      "option3": "Молеше Бога за прошка",
      "option4": "Нито едно от горепосочените",
      "answer": 2
    },
    {
      "ques_id": 11,
      "question": "Какво правеше Исав, когато Яков открадна благословията му?",
      "option1": "Лов",
      "option2": "Земеделие",
      "option3": "ФИшинг",
      "option4": "Пътуване",
      "answer": 1
    },
    {
      "ques_id": 12,
      "question": "Кой избяга от планината Кармил в Самария по-бързо, отколкото Ахав можеше да кара колесницата си?",
      "option1": "Елисей",
      "option2": "Гихази",
      "option3": "Илия",
      "option4": "Амос",
      "answer": 3
    },
    {
      "ques_id": 13,
      "question": "Какво направи Бог на седмия ден, след това?",
      "option1": "Отпочинали",
      "option2": "Създадени хора",
      "option3": "Той възложи на човека да се грижи за неговите творения",
      "option4": "Създадени птици",
      "answer": 1
    },
    {
      "ques_id": 14,
      "question": "Кой твърдеше, че златният телец просто е излязъл от огъня?",
      "option1": "Джошуа",
      "option2": "Аарон",
      "option3": "Мириам",
      "option4": "Дебора",
      "answer": 42
    },
    {
      "ques_id": 15,
      "question": "Какво поиска цар Соломон, когато Бог му се яви насън",
      "option1": "Дълъг живот и знание",
      "option2": "Мъдрост [да съди между добро и зло]",
      "option3": "Богатство",
      "option4": "Пари",
      "answer": 2
    },
    {
      "ques_id": 16,
      "question": "Довършете пословичната поговорка; Всеки, който е глупав, когато мълчи, се обявява за -------?.",
      "option1": "Мирно",
      "option2": "Глупаво",
      "option3": "Мъдър",
      "option4": "Арогантен",
      "answer": 3
    },
    {
      "ques_id": 17,
      "question": "Как трябва човек да приеме Божието царство?",
      "option1": "Със скрити мотиви",
      "option2": "Като дете",
      "option3": "С гордост",
      "option4": "Чрез агенти",
      "answer": 2
    },
    {
      "ques_id": 18,
      "question": "Как се казваше първата жена на Авраам",
      "option1": "Сара",
      "option2": "Мириам",
      "option3": "Рода",
      "option4": "Рут",
      "answer": 1
    },
    {
      "ques_id": 19,
      "question": "Цар Саул не се подчинил на заповедта на Йехова и пощадил живота на това, което цар Амелекий",
      "option1": "Балак",
      "option2": "Дагон",
      "option3": "Агаг",
      "option4": "Натан",
      "answer": 3
    },
    {
      "ques_id": 20,
      "question": "За какво са написани Десетте заповеди. ",
      "option1": "Два свитъка",
      "option2": "Две каменни плочи",
      "option3": "Стените на Йерихон",
      "option4": "Две книги",
      "answer": 1
    }
  ],
  "Майстор": [
    {
      "ques_id": 1,
      "question": "За кого е записано, че \"всички размишляваха в сърцата си\"? Може ли Той да е Христос?",
      "option1": "Илия",
      "option2": "Йоан",
      "option3": "Малахия",
      "option4": "Петър",
      "answer": 2
    },
    {
      "ques_id": 2,
      "question": "Какви са имената на родителите на Йосиф",
      "option1": "Яков и Ребека",
      "option2": "Яков и Лия",
      "option3": "Яков и Рахил",
      "option4": "Яков и Рут",
      "answer": 3
    },
    {
      "ques_id": 3,
      "question": "От всички хора, споменати в Библията, кой е живял най-дълго?",
      "option1": "Матусала",
      "option2": "JJared",
      "option3": "Авраам",
      "option4": "Адам",
      "answer": 1
    },
    {
      "ques_id": 4,
      "question": "Какво каза Исус на онези, които обвиниха прелюбодейката?",
      "option1": "Ето, няма праведен",
      "option2": "Който е безгрешен, нека пръв хвърли камък",
      "option3": "Горко на вас, които обвинявате тази жена",
      "option4": "убий я",
      "answer": 2
    },
    {
      "ques_id": 5,
      "question": "В кой град ще отидат всички народи един ден, за да се поклонят на Бога?",
      "option1": "Дамаск",
      "option2": "Йерусалим",
      "option3": "Киликия",
      "option4": "Юда",
      "answer": 2
    },
    {
      "ques_id": 6,
      "question": "Кой от потомците на Давид ще царува вечно",
      "option1": "Ровоам",
      "option2": "Исус",
      "option3": "Соломон",
      "option4": "Еровоам",
      "answer": 2
    },
    {
      "ques_id": 7,
      "question": "Коя беше благочестивата майка на Тимотей",
      "option1": "Лоис",
      "option2": "Фийби",
      "option3": "Юнис",
      "option4": "Магдалена",
      "answer": 3
    },
    {
      "ques_id": 8,
      "question": "Защо цар Соломон се отвърна от Бога, когато остаря?",
      "option1": "Чуждите му жени обърнаха сърцето му към други богове",
      "option2": "Той стана горд ",
      "option3": "Той обичаше жените повече от Бога",
      "option4": "Той се покланяше на идоли",
      "answer": 1
    },
    {
      "ques_id": 9,
      "question": "Кой побягна в шатъра на Йехова за безопасност, но въпреки това беше убит там?",
      "option1": "Йоав",
      "option2": "Саул",
      "option3": "Амон",
      "option4": "Исав",
      "answer": 1
    },
    {
      "ques_id": 10,
      "question": "Кой цар сънува голяма статуя на човек, направена от различни метали",
      "option1": "Ахав",
      "option2": "Давид",
      "option3": "малах",
      "option4": "Навуходоносор",
      "answer": 4
    },
    {
      "ques_id": 11,
      "question": "Къде е \"най-доброто място за молитва\"?",
      "option1": "В килера ти със затворена врата",
      "option2": "В църквата",
      "option3": "На тихо място",
      "option4": "По пътя",
      "answer": 1
    },
    {
      "ques_id": 12,
      "question": "Къде могат да се намерят думите: Уповавай на Йехова с цялото си сърце и не се облягай на собствения си разум?",
      "option1": "Притчи 3:5",
      "option2": "Притчи 35:3",
      "option3": "Притчи 5:3",
      "option4": "Притчи 6:4",
      "answer": 1
    },
    {
      "ques_id": 13,
      "question": "Когато Исус беше в твоята пустиня, какво беше изкушен да превърне в хлябове?",
      "option1": "Могили",
      "option2": "Скали",
      "option3": "Камъни",
      "option4": "Почва",
      "answer": 3
    },
    {
      "ques_id": 14,
      "question": "Какво беше специално за Аод [съдия над Израел, който уби моавския цар Елгон",
      "option1": "Той беше много млад",
      "option2": "Той беше левичар",
      "option3": "Той беше сляп",
      "option4": "Той беше много стар",
      "answer": 2
    },
    {
      "ques_id": 15,
      "question": "Какво се случи с град Йерихон, след като свещеникът наду тръбите им",
      "option1": "Народът избяга в друга земя",
      "option2": "Животните умряха",
      "option3": "Стените паднаха",
      "option4": "Хората мигрираха",
      "answer": 3
    },
    {
      "ques_id": 16,
      "question": "Според Йоан 1:1, това, което беше в началото с Бога",
      "option1": "Словото",
      "option2": "Ангел",
      "option3": "Исус",
      "option4": "Йоан",
      "answer": 1
    },
    {
      "ques_id": 17,
      "question": "Колко псалма има в книгата на Псалмите?",
      "option1": "150",
      "option2": "170",
      "option3": "120",
      "option4": "190",
      "answer": 1
    },
    {
      "ques_id": 18,
      "question":"Не всеки, който Ми казва: Господи! Господи, ще влезе в небесното царство. Който и тъй, ще влезе в царството Му.",
      "option1": "Който върши Божията воля",
      "option2": "Този, който върши чудеса",
      "option3": "Този, който се кръщава",
      "option4": "Който проповядва словото Божие",
      "answer": 1
    },
    {
      "ques_id": 19,
      "question": "Кой е първият цар на 10-те племена на Израел?",
      "option1": "Еровоам",
      "option2": "Рехобот",
      "option3": "Йоав",
      "option4": "Ровоам",
      "answer": 1
    },
    {
      "ques_id": 20,
      "question": "Според Еремия, колко години е трябвало да остане израилевият народ в плен при вавилонския цар?",
      "option1": "120 години",
      "option2": "40 години",
      "option3": "70 години",
      "option4": "80 години",
      "answer": 3
    }
  ],
  "Велик майстор": [
    {
      "ques_id": 1,
      "question": "В коя река беше казано на Нееман да се измие, за да се отърве от проказата?",
      "option1": "Нил",
      "option2": "Йордан",
      "option3": "Галилея",
      "option4": "Библията не казва",
      "answer": 2
    },
    {
      "ques_id": 2,
      "question": "Кой беше бащата на Ровоама?",
      "option1": "Давид",
      "option2": "Нимрод",
      "option3": "Авимелех",
      "option4": "Соломон",
      "answer": 4
    },
    {
      "ques_id": 3,
      "question": "Колко дълго Давид царува?",
      "option1": "Тридесет години",
      "option2": "Четиридесет години",
      "option3": "Двадесет и пет години",
      "option4": "Осемдесет години",
      "answer": 2
    },
    {
      "ques_id": 4,
      "question": "В обяснението на Исус за притчата за сеяча. това, което е представено от семето",
      "option1": "Вяра",
      "option2": "Божието слово",
      "option3": "Исус",
      "option4": "Любов",
      "answer": 2
    },
    {
      "ques_id": 5,
      "question": "Кое растение е \"най-малкото от всички семена, но когато се отглежда, то е най-голямото сред билките?",
      "option1": "Маслина",
      "option2": "Горчица",
      "option3": "Дъб",
      "option4": "Грозде",
      "answer": 2
    },
    {
      "ques_id": 6,
      "question": "Как се казваше братът на Мойсей?",
      "option1": "Алфей",
      "option2": "Йоан",
      "option3": "Аарон",
      "option4": "Джошуа",
      "answer": 3
    },
    {
      "ques_id": 7,
      "question": "От коя част от тялото на Адам Бог е създал Ева?",
      "option1": "Сърце",
      "option2": "Мозък",
      "option3": "Ребро",
      "option4": "Глава",
      "answer": 3
    },
    {
      "ques_id": 8,
      "question": "Един ангел казал на Захария и Елисавета, че ще имат син, как щял да се нарича той",
      "option1": "Илия",
      "option2": "Исус",
      "option3": "Йоан",
      "option4": "Джеймс",
      "answer": 3
    },
    {
      "ques_id": 9,
      "question": "Какво значимо събитие е записано в Битие глави 1 и 2",
      "option1": "Транспорт",
      "option2": "Сътворение",
      "option3": "Пречистване",
      "option4": "Жертвоприношение",
      "answer": 2
    },
    {
      "ques_id": 10,
      "question": "Каква беше връзката между Мойсей и Корей",
      "option1": "И двамата бяха от племето на Юда",
      "option2": "Те бяха братя",
      "option3": "Те бяха братовчеди",
      "option4": "Те бяха приятели",
      "answer": 3
    },
    {
      "ques_id": 11,
      "question": "Какво каза Ноемин на хората във Витлеем да я повикат",
      "option1": "Мара",
      "option2": "Наама",
      "option3": "Витсавее",
      "option4": "Мария",
      "answer": 1
    },
    {
      "ques_id": 12,
      "question": "Назовете еврейската девойка, която се омъжи за персийски цар?",
      "option1": "Наоми",
      "option2": "Дебора",
      "option3": "Естер",
      "option4": "Юда",
      "answer": 3
    },
    {
      "ques_id": 13,
      "question": "Какво символизират седемте златни светилника от Откровение 1:20?",
      "option1": "Седем конгрегация",
      "option2": "Седем ангела",
      "option3": "Седем царе",
      "option4": "Седем души",
      "answer": 1
    },
    {
      "ques_id": 14,
      "question": "Къде могат да се намерят следните думи: \"Но Бог избра глупавите неща на света, за да посрами мъдрите?",
      "option1": "Деяния",
      "option2": "Римляни",
      "option3": "1 Коринтяни",
      "option4": "Йоан",
      "answer": 3
    },
    {
      "ques_id": 15,
      "question": "Това, което беше забележимо за брата близнак на Яков, Исав при раждането",
      "option1": "Той имаше дълбоки интензивни очи",
      "option2": "Той беше много красив",
      "option3": "Той беше червен и космат",
      "option4": "Той беше много черен",
      "answer": 3
    },
    {
      "ques_id": 16,
      "question": "Кой отряза косата на Самсон?",
      "option1": "Неговият заклет враг, Хълк",
      "option2": "Далила",
      "option3": "Друг мъж",
      "option4": "Неговите приятели",
      "answer": 2
    },
    {
      "ques_id": 17,
      "question": "Кой е написал книгите на 1-ви и 2-ри царе?",
      "option1": "Илия",
      "option2": "Еремия",
      "option3": "Гад",
      "option4": "Натан",
      "answer": 2
    },
    {
      "ques_id": 18,
      "question": "Кое от евангелията се появява последно в Библията",
      "option1": "Никодим",
      "option2": "Йоан",
      "option3": "Андрюс",
      "option4": "Марк",
      "answer": 2
    },
    {
      "ques_id": 19,
      "question": "Какво стана с някой, чието име не се намери записано в книгата на живота?",
      "option1": "Те бяха обявени за недостойни за спасение",
      "option2": "Те загинаха",
      "option3": "Те умряха",
      "option4": "Те бяха хвърлени в огненото езеро",
      "answer": 4
    },
    {
      "ques_id": 20,
      "question": "Кой беше най-силният човек, живял някога?",
      "option1": "Голиат",
      "option2": "Самсон",
      "option3": "Исус",
      "option4": "Агаг",
      "answer": 2
    }
  ],
  "Легенда": [
    {
      "ques_id": 1,
      "question": "Книгата Битие започва с еврейската дума \"bereshit\", какъв е преводът на тази дума на английски",
      "option1": "В началото",
      "option2": "Да бъде светлина",
      "option3": "Когато все още нямаше нищо",
      "option4": "Господ Бог каза",
      "answer": 1,
      "референция":"Gn 1:1"
    },
    {
      "ques_id": 2,
      "question": "След като заспа дълбоко мъжа, какво му отне Господ Бог, за да го вгради в жена",
      "option1": "Зъб",
      "option2": "Нокът",
      "option3": "Ребро",
      "option4": "Кичур коса",
      "answer": 3,
      "референция":"Gn 1:2"
    },
    {
      "ques_id": 3,
      "question": "Какво благослови първо Господ Бог с думите \"Бъди плодовит и се размножавай\"?",
      "option1": "Първият мъж и жена",
      "option2": "Морските създания и птици",
      "option3": "Растенията",
      "option4": "Сухоземните животни",
      "answer": 1,
      "справка":"Битие 1:22"
    },
    {
      "ques_id": 4,
      "question": "Кой беше ангелът Господен, който извести на Мария, че ще зачене и ще роди син?",
      "option1": "Габриел",
      "option2": "Майкъл",
      "option3": "Рафаел",
      "option4": "Сийлтиел",
      "answer": 1,
      "референция":"Lk 1:31"
    },
    {
      "ques_id": 5,
      "question": "Как се казва майката на св. Йоан Кръстител?",
      "option1": "Саломе Зеведеева",
      "option2": "Елисавета от Захария",
      "option3": "Мария от Клеофас",
      "option4": "Иродиада от Филип",
      "answer": 2,
      "справка":"Лк 1:5-6"
    },
    {
      "ques_id": 6,
      "question": "В началото на разказа за Възкресението в св. Евангелието на Йоан, за когото се споменава, че е отишъл на гроба на Исус рано сутринта и е видял камъка отстранен?",
      "option1": "Мария от Магдала",
      "option2": "Св. Йоан",
      "option3": "Марта",
      "option4": "Ангел",
      "answer": 1,
      "референция":"Jn20:1"
    },
    {
      "ques_id": 7,
      "question": "В разказа за възкресението в Св. Евангелието на Йоан, когато възкръсналият Господ се явил за първи път на Мария Магдалена, тя го объркала с кого?",
      "option1": "Тъмничарят",
      "option2": "Центурионът",
      "option3": "Градерът",
      "option4": "Ангел",
      "answer": 3,
      "справка":"Йоан 20:15"
    },
    {
      "ques_id": 8,
      "question": "В родословието на Исус, дадено в Евангелието на св. Матю, колко комплекта от 14 поколения бяха споменати",
      "option1": "Пет",
      "option2": "А резултат",
      "option3": "Три",
      "option4": "Дузина",
      "answer": 3,
      "справка":"Йоан 20:15"

    },
    {
      "ques_id": 9,
      "question": "В пророк Исая се казва, че момчето, което ще се роди от девицата, ще получи това име, което означава Бог - с нас?",
      "option1": "Исус",
      "option2": "Йоан",
      "option3": "Емануил",
      "option4": "Христос,",
      "answer": 3,
      "справка":"Mt 1:23"
    },
    {
      "ques_id": 10,
      "question": "В генеологията на Исус, дадена в Евангелието на Свети Матей, първата група от 14 споменати поколения започва с Авраам и завършва с кого?",
      "option1": "Давид",
      "option2": "Мойсей",
      "option3": "Яков",
      "option4": "Джеси",
      "answer": 1,
      "справка":"Mt 1:1-6"
    },
    {
      "ques_id": 11,
      "question": "Защото тя беше взета от плътта му', какво нарече първият мъж първата жена?",
      "option1": "Адама",
      "option2": "Ева",
      "option3": "Жена",
      "option4": "Съпруга",
      "answer": 2,
      "справка":"Битие 1:23"
    },
    {
      "ques_id": 12,
      "question": "Какво даде Господ Бог, за да служи за храна на всички животни на земята и на всички въздушни птици?",
      "option1": "Зелените растения",
      "option2": "Семеноносни растения",
      "option3": "Семеноносни плодни дръвчета",
      "option4": "Всичко годно за консумация",
      "answer": 1,
      "справка":"Gn 1:30"
    },
    {
      "ques_id": 13,
      "question": "В кой ден от сътворението Бог сътвори слънцето и луната?",
      "option1": "Първи ",
      "option2": "Втори",
      "option3": "Трети",
      "option4": "Четвърти",
      "answer": 4,
      "справка":"Битие 1:26-31"
    },
    {
      "ques_id": 14,
      "question": "На колко години беше Давид, когато беше помазан за цар на Израел?",
      "option1": "50",
      "option2": "20",
      "option3": "35",
      "option4": "30",
      "answer": 4,
      "справка":"2 Царе 5:4"
    },
    {
      "ques_id": 15,
      "question": "Кой друг, освен мъдреците, дойде да посети Исус, когато беше малко дете.",
      "option1": "Стрелци",
      "option2": "Овчари",
      "option3": "Ловци",
      "option4": "Земеделци",
      "answer": 2
    },
    {
      "ques_id": 16,
      "question": "Колко висок беше Голиат?",
      "option1": "6 лакътя и една педя",
      "option2": " 8 лакътя",
      "option3": "10 лакътя и една педя",
      "option4": "12 лакътя",
      "answer": 1,
      "справка":"1 Царе 1:4"
    },
    {
      "ques_id": 17,
      "question": "Какво каза Павел, че е изпълнението на закона?",
      "option1": "Вяра",
      "option2": "Молитва",
      "option3": "Любов",
      "option4": "Брак",
      "answer": 3,
      "справка":"Римляни 13:10"
    },
    {
      "ques_id": 18,
      "question": "Коя е най-кратката глава в Библията",
      "option1": "Псалми 117",
      "option2": "Псалми 18",
      "option3": "Марк 10",
      "option4": "Йоан 4",
      "answer": 1,
      "справка":"Псалми 117"
    },
    {
      "ques_id": 19,
      "question":"Който рече : 'Сребро и злато нямам . Но каквото имам, давам ти го?",
      "option1": "Павел",
      "option2": "Джеймс",
      "option3": "Петър",
      "option4": "Тимотей",
      "answer": 3,
      "справка":"Деяния 3:6"
    },
    {
      "ques_id": 20,
      "question": "Каква беше възрастта на Мойсей по време на смъртта му?",
      "option1": "120",
      "option2": "100",
      "option3": "150",
      "option4": "80",
      "answer": 1,
      "справка":"Второзаконие 34:7"
    }
  ],
  "Извън този свят": [
    {
      "ques_id": 1,
      "question": "Кой е най-възрастният човек, записан в Библията?",
      "option1": "Матусала",
      "option2": "Адам",
      "option3": "Авраам",
      "option4": "Соломон",
      "answer": 1,
      "справка": "Битие 5:27"
    },
    {
      "ques_id": 2,
      "question": "На колко години е най-възрастният човек, записан в Библията?",
      "option1": "120",
      "option2": "500",
      "option3": "800",
      "option4": "969",
      "answer": 4,
      "справка": "Битие 5:27"
    },
    {
      "ques_id": 3,
      "question": "Какво означава Jahwe-Schammmah?",
      "option1": "Бог с нас",
      "option2": "Самият Бог",
      "option3": "Исус син на Бога",
      "option4": "Вечен живот",
      "answer": 2,
      "справка":"Езекил 48:35"
    },
    {
      "ques_id": 4,
      "question": "Още колко години Бог прибави към живота на цар Езекия в отговор на молитвата на умиращия цар?",
      "option1": "20",
      "option2": "50",
      "option3": "15",
      "option4": "100",
      "answer": 3,
      "справка":"4 Царе 20:6"
    },
    {
      "ques_id": 5,
      "question":"До какви пророци се е допитвал Господният цар Йосия Юдейски?",
      "option1": "Амос",
      "option2": "Илия",
      "option3": "Елисей",
      "option4": "Олда",
      "answer": 4,
      "справка":" 4 Царе 22:14-16"
    },
    {
      "ques_id": 6,
      "question": "Каква церемония възвърна цар Йосия, която не е била празнувана от никой от предишните царе на Израел или Юда?",
      "option1": "Пасха",
      "option2": "Жертвен ритуал",
      "option3": "поклонение",
      "option4": "Обрязване",
      "answer": 1,
      "препратка":"4 Царе 23:21"
    },
    {
      "ques_id": 7,
      "question": "От кое племе на Израел беше цар Саул?",
      "option1": "Юда",
      "option2": "Бенджамин",
      "option3": "Амонит",
      "option4": "Израел",
      "answer": 2,
      "справка":"1 Царе 9:21"
    },
    {
      "ques_id": 8,
      "question": "И когато ковчегът се върна в Израил, каква жертва принесе Самуил на Господа?",
      "option1": "А-той козел",
      "option2": "Човешко жертвоприношение",
      "option3": "Той пожертва градинските реколти",
      "option4": "Агне сукалче",
      "answer": 4,
      "справка":"1 Царе 7:9"
    },
    {
      "ques_id": 9,
      "question": "Как се казваше жената на цар Саул?",
      "option1": "Дебора",
      "option2": "Науме",
      "option3": "Ахиноам",
      "option4": "Рут",
      "answer": 3,
      "справка":"1 Царе 14:50"
    },
    {
      "ques_id": 10,
      "question": "От какво се нуждае някой, за да разбере Божието слово?",
      "option1": "Знание",
      "option2": "Свети Дух",
      "option3": "Мъдрост",
      "option4": "Молитви",
      "answer": 2,
      "препратка":"1 Коринтяни 2:11"
    },
    {
      "ques_id": 11,
      "question": "Кой каза Павел, че го съди?",
      "option1": "Бог",
      "option2": "Тарах",
      "option3": "Рубен",
      "option4": "Валтасар",
      "answer": 1,
      "справка":"1 Коринтяни 4:4"
    },
    {
      "ques_id": 12,
      "question": "В деня на Петдесятница, дойде от небето звук на rushing____?",
      "option1": "Гръм",
      "option2": "Дъжд",
      "option3": "Вятър",
      "option4": "силен шум",
      "answer": 3,
      "справка":"Деяния 2:2"
    },
    {
      "ques_id": 13,
      "question": "Кой е платил пари за силата да даде Святия Дух?",
      "option1": "Йоан",
      "option2": "Захария",
      "option3": "Симон",
      "option4": " Ирод",
      "answer": 3,
      "справка":"Деяния 8"
    },
    {
      "ques_id": 14,
      "question": "Когато Исус превърна водата във вино, той превърна водата, която беше в каменни делви. За какво обикновено се използват тези каменни буркани?",
      "option1": "Кръщаване",
      "option2": "Почистване",
      "option3": "Търговия",
      "option4": "Церемониално измиване",
      "answer": 4,
      "справка":"Йоан 2:6"
    },
    {
      "ques_id": 15,
      "question": "Кой е бащата на Нимрод?",
      "option1": "Андрю",
      "option2": "Джошуа",
      "option3": " Самсон",
      "option4": "Куш",
      "answer": 4,
      "справка":"1 Летописи 1:10"
    },
    {
      "ques_id": 16,
      "question": "Какви бяха имената на двамата сина на Авраам (по реда на тяхното раждане)?",
      "option1": "Исаак и Яков",
      "option2": "Исмаил и Исаак",
      "option3": "Йосиф и Яков",
      "option4": "Каин и Исаак",
      "answer": 2,
      "справка": "Битие 16:1-16, 1 Летописи 1:28"
    },
    {
      "ques_id": 17,
      "question": "Какви са имената на тримата синове на Ной по реда на библейските списъци, в които се намират?",
      "option1": "Хам, Йосиф, Яфет",
      "option2": "Яфет, Хам, Исаак",
      "option3": "Сим, Хам и Яфет",
      "option4": "Сим, Хам, Йосиф",
      "answer": 3,
      "справка":"Битие 9:18-19, 1 Летописи 1:4"
    },
    {
      "ques_id": 18,
      "question": "Господ промени името на Авраам на Авраам, когато той беше на 99 години. Как се казваше преди това?",
      "option1": "Адам",
      "option2": "Аврам",
      "option3": " Алфа",
      "option4": "Агаг",
      "answer": 2,
      "справка": "Битие 17:1-5"
    },
    {
      "ques_id": 19,
      "question": "На колко години беше Авраам, когато се роди Исаак?",
      "option1": "103",
      "option2": "90",
      "option3": "100",
      "option4": "50",
      "answer": 3,
      "справка": "Битие 21:5"
    },
    {
      "ques_id": 20,
      "question": "Колко книги в Библията имат думата 'Йоан' в заглавието си?",
      "option1": "4",
      "option2": "3",
      "option3": "1",
      "option4": "5",
      "answer": 1,
      "референция": "Йоан"
    }
  ]
}