{
  "Новак": [
    {
      "1111": 1,
      "2222": "Кой е първият човек, който някога е живял?",
      "3333": "Матусала",
      "4444": "Авраам",
      "5555": "Мойсей",
      "6666": "Адам",
      "7777": 4
    },
    {
      "1111": 2,
      "2222": "Кой беше погълнат от много голяма риба?",
      "3333": "Исус",
      "4444": "Йона",
      "5555": "Самсон",
      "6666": "Петър",
      "7777": 2
    },
    {
      "1111": 3,
      "2222": "Кой е човекът, който Бог използва, за да изведе израилтяните от Египет",
      "3333": "Аарон",
      "4444": "Авраам",
      "5555": "Мойсей",
      "6666": "Еремия",
      "7777": 3
    },
    {
      "1111": 4,
      "2222": "Кой е човекът, който уби Голиат",
      "3333": "Давид",
      "4444": "Саул",
      "5555": "Соломон",
      "6666": "Джонатан",
      "7777": 1
    },
    {
      "1111": 5,
      "2222": "Кой е първият цар на Израел?",
      "3333": "Давид",
      "4444": "Саул",
      "5555": "Соломон",
      "6666": "Мойсей",
      "7777": 2
    },
    {
      "1111": 6,
      "2222": "Каква професия е имал Исус преди служението си",
      "3333": "Производител на играчки",
      "4444": "Рибар",
      "5555": "Лозар",
      "6666": "Дърводелец",
      "7777": 4
    },
    {
      "1111": 7,
      "2222": "Как се казва градът, в който се роди Исус?",
      "3333": "Йерусалим",
      "4444": "Витлеем",
      "5555": "Галилея",
      "6666": "Назарет",
      "7777": 2
    },
    {
      "1111": 8,
      "2222": "Как се нарича морето, по което ходи Исус?",
      "3333": "Галилейско езеро",
      "4444": "Мъртво море",
      "5555": "Прочети море",
      "6666": "Средиземно море",
      "7777": 1
    },
    {
      "1111": 9,
      "2222": "Как се нарича реката, в която Йоан Кръстител кръщавал хората?",
      "3333": "Ефрат",
      "4444": "Нил",
      "5555": "Йордан",
      "6666": "Тигър",
      "7777": 3
    },
    {
      "1111": 10,
      "2222": "Как се казва братът на Андрей? (И двамата бяха ученици)",
      "3333": "Петър",
      "4444": "Йоан",
      "5555": "Джеймс",
      "6666": "Адам",
      "7777": 1
    },
    {
      "1111": 11,
      "2222": "Как се казваше Майката на Исус?",
      "3333": "Мария",
      "4444": "Марта",
      "5555": "Зипора",
      "6666": "Сара",
      "7777": 1
    },
    {
      "1111": 12,
      "2222": "Как се наричаше градината, в която живееха Адам и Ева?",
      "3333": "Земя на Нод",
      "4444": "Райска градина",
      "5555": "Витлеем",
      "6666": "Градина на долината",
      "7777": 2
    },
    {
      "1111": 13,
      "2222": "С каква храна нахрани Исус 5000 души",
      "3333": "Вино",
      "4444": "Хлябове и вино",
      "5555": "Хлябове и риби",
      "6666": "Вода",
      "7777": 3
    },
    {
      "1111": 14,
      "2222": "Какъв метод са използвали римляните, за да убият Исус?",
      "3333": "Напушен",
      "4444": "Кремация",
      "5555": "Разпятие",
      "6666": "Обесен",
      "7777": 3
    },
    {
      "1111": 15,
      "2222": "Колко кошници са останали от нахранването на 5000?",
      "3333": "7",
      "4444": "8",
      "5555": "10",
      "6666": "12",
      "7777": 1,
      "справка": "Матей 15:13"
    },
    {
      "1111": 16,
      "2222": "Кой ученик е намерил монета в устата на риба?",
      "3333": "Андрю",
      "4444": "Павел",
      "5555": "Петър",
      "6666": "Тимотей",
      "7777": 3,
      "справка": "Матей 1:24-27"
    },
    {
      "1111": 17,
      "2222": "В коя книга от Библията четем за Аман",
      "3333": "Изход",
      "4444": "Естер",
      "5555": "Рут",
      "6666": "Малахия",
      "7777": 2,
      "справка": "Естир 3"
    },
    {
      "1111": 18,
      "2222": "Назови жената на цар Агрипа, пред която Павел стоеше на съд",
      "3333": "Бернис",
      "4444": "Ирод",
      "5555": "Агаг",
      "6666": "Каяфа",
      "7777": 1,
      "справка": "Деяния 25:23"
    },
    {
      "1111": 19,
      "2222": "На колко години стана Енох",
      "3333": "400",
      "4444": "350",
      "5555": "230",
      "6666": "365",
      "7777": 4,
      "справка": "Битие 5:23"
    },
    {
      "1111": 20,
      "2222": "Колко още години Бог прибави към живота на цар Езекия в отговор на молитвата на умиращите царе?",
      "3333": "20",
      "4444": "15",
      "5555": "100",
      "6666": "50",
      "7777": 2,
      "справка": "4 Царе 20:6"
    }
  ],
  "Ентусиаст": [
    {
      "1111": 1,
      "2222": "Кой е бащата на Исаак?",
      "3333": "Авраам",
      "4444": "Яков",
      "5555": "Исав",
      "6666": "Пелек",
      "7777": 1
    },
    {
      "1111": 2,
      "2222": "Кой беше бащата на Ровоама?",
      "3333": "Давид",
      "4444": "Нимрод",
      "5555": "Авимелех",
      "6666": "Соломон",
      "7777": 4
    },
    {
      "1111": 3,
      "2222": "Кой е бащата на Матусала?",
      "3333": "Илия",
      "4444": "Енок",
      "5555": "Сет",
      "6666": "Джаред",
      "7777": 2
    },
    {
      "1111": 4,
      "2222": "Кой уби Йоан Кръстител?",
      "3333": "Цезар",
      "4444": "Пилат",
      "5555": "Херолд",
      "6666": "Каяфа",
      "7777": 3
    },
    {
      "1111": 5,
      "2222": "Кой е първият човек, убит, защото е повярвал в Христос?",
      "3333": "Петър",
      "4444": "Йоан",
      "5555": "Варнава",
      "6666": "Стефан",
      "7777": 4
    },
    {
      "1111": 6,
      "2222": "Къде отиде Савел, когато видя Исус?",
      "3333": "Дамаск",
      "4444": "Гърция",
      "5555": "Рим",
      "6666": "Йерусалим",
      "7777": 1
    },
    {
      "1111": 7,
      "2222": "Къде Исус е прекарал по-голямата част от живота си на земята?",
      "3333": "Йерусалим",
      "4444": "Назарет",
      "5555": "Елеонската планина",
      "6666": "Египет",
      "7777": 2
    },
    {
      "1111": 8,
      "2222": "Какъв псалм започва: \"Господ е пастир мой?\"",
      "3333": "Псалм 91",
      "4444": "Псалм 1",
      "5555": "Псалм 104",
      "6666": "Псалм 23",
      "7777": 4
    },
    {
      "1111": 9,
      "2222": "Какво е било заниманието на Павел, докато е пътувал като мисионер?",
      "3333": "Овчар",
      "4444": "Продавач на лилаво",
      "5555": "Майстор на палатки",
      "6666": "Писар",
      "7777": 3
    },
    {
      "1111": 10,
      "2222": "Какво е името на острова, на който е живял Варнава?",
      "3333": "Гърция",
      "4444": "Кипър",
      "5555": "Родос",
      "6666": "Великденски остров",
      "7777": 2
    },
    {
      "1111": 11,
      "2222": "Когато Исус се приближи до Него, той каза: 'Какво общо имаш с мен, Исусе, Сине на Всевишния Бог? Заклевам те в Бога, не ме мъчи.",
      "3333": "Легион",
      "4444": "Тарах",
      "5555": "Рубен",
      "6666": "Валтасар",
      "7777": 1
    },
    {
      "1111": 12,
      "2222": "Коя птица казва Исус, че имаме по-голяма стойност от?",
      "3333": "Орел",
      "4444": "Лешояд",
      "5555": "Врабче",
      "6666": "Гълъб",
      "7777": 3
    },
    {
      "1111": 13,
      "2222": "Кои две сестри се ожениха за Яков?",
      "3333": "Доркас и Лия",
      "4444": "Мариам и Рейчъл",
      "5555": "Рейчъл и Лия",
      "6666": "Сарая и Анна",
      "7777": 3
    },
    {
      "1111": 14,
      "2222": "В коя земя Бог изпрати Авраам да пожертва своя специален син, Исаак?",
      "3333": "Канан",
      "4444": "Македония",
      "5555": "Кипър",
      "6666": "Мория",
      "7777": 4
    },
    {
      "1111": 15,
      "2222": "С каква пророчица Господня се е допитвал цар Иосия Юдейски",
      "3333": "Дебора",
      "4444": "Олда",
      "5555": "Наом",
      "6666": "Рут",
      "7777": 2,
      "справка": "4 Царе 22:12-16"
    },
    {
      "1111": 16,
      "2222": "Име на първородния син на Самуил?",
      "3333": "Джошуа",
      "4444": "Джоел",
      "5555": "Джонатан",
      "6666": "Йосиф",
      "7777": 2,
      "справка": "1 Царе 8:2"
    },
    {
      "1111": 17,
      "2222": "Как се казваше жената на цар Саул?",
      "3333": "Боам",
      "4444": "Милост",
      "5555": "Ахиноам",
      "6666": "Ноам",
      "7777": 3,
      "справка": "1 Царе 14:50"
    },
    {
      "1111": 18,
      "2222": "Какво се изисква, за да може някой да разбере Божието слово?",
      "3333": "Молитва",
      "4444": "Любов",
      "5555": "Свети Дух",
      "6666": "Ангели",
      "7777": 3,
      "препратка": "1 Коринтяни 2:11"
    },
    {
      "1111": 19,
      "2222": "Кой каза Павел да го съди?",
      "3333": "Сатана",
      "4444": "Бог",
      "5555": "Приятел",
      "6666": "Петър",
      "7777": 2,
      "Позоваване": "1 Коринтяни 4:4"
    },
    {
      "1111": 20,
      "2222": "________ отложеното разболява сърцето?",
      "3333": "Доверие",
      "4444": "Надежда",
      "5555": "Любов",
      "6666": "Молитви",
      "7777": 2,
      "справка": "Притчи 13:12"
    }
  ],
  "Средно ниво": [
    {
      "1111": 1,
      "2222": "Коя беше жената на Мойсей?",
      "3333": "Елишева",
      "4444": "Ребека",
      "5555": "Мариам",
      "6666": "Зипора",
      "7777": 4
    },
    {
      "1111": 2,
      "2222": "Коя беше втората жена на Авраам?",
      "3333": "Естер",
      "4444": "Кетура",
      "5555": "Агар",
      "6666": "Лидия",
      "7777": 2
    },
    {
      "1111": 3,
      "2222": "Колко глави се съдържат в Проповедта на планината?",
      "3333": "1",
      "4444": "2",
      "5555": "3",
      "6666": "7",
      "7777": 3
    },
    {
      "1111": 4,
      "2222": "Колко пъти Израел е обикалял Йерихон?",
      "3333": "13",
      "4444": "7",
      "5555": "70",
      "6666": "12",
      "7777": 1
    },
    {
      "1111": 5,
      "2222": "Колко е дълъг един лакът?",
      "3333": "приблизително 12 инча",
      "4444": "12мм",
      "5555": "приблизително 18 инча",
      "6666": "приблизително 36 инча",
      "7777": 3
    },
    {
      "1111": 6,
      "2222": "Къде отиде Каин, след като уби Авел?",
      "3333": "Райска градина",
      "4444": "Земя на Нод",
      "5555": "Пещерите на Кумран",
      "6666": "Връх Арарат",
      "7777": 2
    },
    {
      "1111": 7,
      "2222": "Кой беше синът на Кис?",
      "3333": "Ной",
      "4444": "Апостол Павел",
      "5555": "Авраам",
      "6666": "Цар Саул",
      "7777": 4
    },
    {
      "1111": 8,
      "2222": "Къде е живяла Раав?",
      "3333": "Йерихон",
      "4444": "Йерусалим",
      "5555": "Ниневия",
      "6666": "Ай",
      "7777": 1
    },
    {
      "1111": 9,
      "2222": "Къде е живял Доркас?",
      "3333": "Бетел",
      "4444": "Йопия",
      "5555": "Кесария",
      "6666": "Антиохия",
      "7777": 2
    },
    {
      "1111": 10,
      "2222": "Къде е \"Улицата, наречена Права\"",
      "3333": "Йерусалим",
      "4444": "Рим",
      "5555": "Вавилон",
      "6666": "Дамаск",
      "7777": 4
    },
    {
      "1111": 11,
      "2222": "След като побягна за живота си, под кое дърво спа Илия",
      "3333": "Дъб",
      "4444": "Бор",
      "5555": "Хвойна",
      "6666": "Смърч",
      "7777": 3,
      "справка": "3 Царе 19:5"
    },
    {
      "1111": 12,
      "2222": "Юда предаде Исус за точно колко сребърни монети?",
      "3333": "30",
      "4444": "20",
      "5555": "50",
      "6666": "10",
      "7777": 1,
      "справка": "Матей 26:15"
    },
    {
      "1111": 13,
      "2222": "Име на бащата на Давид",
      "3333": "Оман",
      "4444": "Джеси",
      "5555": "Джошуа",
      "6666": "Соломон",
      "7777": 2,
      "справка": "1 Царе 1:12"
    },
    {
      "1111": 14,
      "2222": "Бог не е споменат само в една книга от Библията",
      "3333": "Естер",
      "4444": "Рут",
      "5555": "Малахия",
      "6666": "Изход",
      "7777": 1,
      "референция": "Естер"
    },
    {
      "1111": 15,
      "2222":"Защото колко сребърника продаде Исус от братята си на исмаиляните",
      "3333": "50",
      "4444": "12",
      "5555": "20",
      "6666": "100",
      "7777": 3,
      "справка": "Битие 37:28"
    },
    {
      "1111": 16,
      "2222": "Колко апостоли избра Исус",
      "3333": "12",
      "4444": "14",
      "5555": "10",
      "6666": "08",
      "7777": 1,
      "справка": "Лука 6:13"
    },
    {
      "1111": 17,
      "2222": "Ангелът каза на Мария, че Исус ще царува над дома, от който старозаветен характер",
      "3333": "Давид",
      "4444": " Яков",
      "5555": "Авраам",
      "6666": "Мойсей",
      "7777":2,
      "справка": "Лука 1:13"
    },
    {
      "1111": 18,
      "2222": "Кой пророк е казал : \" От Египет повиках сина си \"?",
      "3333": "Еремия",
      "4444": "Исая",
      "5555": "Осия",
      "6666": "Езекиил",
      "7777": 3,
      "справка": "Осия 11:1"
    },
    {
      "1111": 19,
      "2222": "Какъв вид дърво прокле Исус?",
      "3333": "Фиг",
      "4444": "Лозе",
      "5555": "Бор",
      "6666": "дъб",
      "7777": 1,
      "справка": "Марк 11:12-14"
    },
    {
      "1111": 20,
      "2222": "Кой поиска Саул медиум да го възпита",
      "3333": "Ели",
      "4444": "Натан",
      "5555": "Самуил",
      "6666": "Давид",
      "7777": 3,
      "Справка": "1 Царе 28:11"
    }
  ],
  "Про": [
    {
      "1111": 1,
      "2222": "Кой носи кръста за Христос?",
      "3333": "Филип",
      "4444": "Симон от Киринея",
      "5555": "Ахав",
      "6666": "Михей",
      "7777": 2
    },
    {
      "1111": 2,
      "2222":"Колко другари дадоха филистимците на Самсона на празника в Тамна?",
      "3333": "30",
      "4444": "31",
      "5555": "32",
      "6666": "33",
      "7777": 1
    },
    {
      "1111": 3,
      "2222": "На колко години е била пророчицата Анна, когато е видяла Исус?",
      "3333": "83",
      "4444": "84",
      "5555": "88",
      "6666": "92",
      "7777": 2
    },
    {
      "1111": 4,
      "2222": "Какво даде Савската царица на Соломон?",
      "3333": "(124 таланта от) злато, подправки и скъпоценни камъни",
      "4444": "(120 таланта от) злато, подправки и скъпоценни камъни",
      "5555": "(18 таланта от) злато, подправки и скъпоценни камъни",
      "6666": "(221 таланта от) злато, подправки и скъпоценни камъни",
      "7777": 2
    },
    {
      "1111": 5,
      "2222": "Колко книги има в Стария Завет?",
      "3333": "37",
      "4444": "38",
      "5555": "39",
      "6666": "40",
      "7777": 3
    },
    {
      "1111": 6,
      "2222": "На колко реки се е разделила реката в Едем, след като е напуснала градината?",
      "3333": "4",
      "4444": "3",
      "5555": "6",
      "6666": "8",
      "7777": 1
    },
    {
      "1111": 7,
      "2222": "Какво искаше да направи Йосиф, когато откри, че Мария е бременна?",
      "3333": "Хвърли парти",
      "4444": "Разведи се",
      "5555": "Бягай",
      "6666": "Нито едно от горепосочените",
      "7777": 2
    },
    {
      "1111": 8,
      "2222": "Какъв цвят беше дрехата на първосвещеника?",
      "3333": "Синьо",
      "4444": "Бял",
      "5555": "Зелен",
      "6666": "Червен",
      "7777": 1
    },
    {
      "1111": 9,
      "2222": "Какво каза Вооз Ноемин продаваше?",
      "3333": "Парцел земя",
      "4444": "Злато",
      "5555": "Нейното дете",
      "6666": "Храна",
      "7777": 1
    },
    {
      "1111": 10,
      "2222": "В притчата за длъжниците единият дължеше 500 динария (пенса), но колко дължеше другият",
      "3333": "70",
      "4444": "50",
      "5555": "45",
      "6666": "80",
      "7777": 2
    },
    {
      "1111": 11,
      "2222": "Колко от духа на Илия получи Елисей?",
      "3333": "Малък",
      "4444": "Единична порция",
      "5555": "Здравословен",
      "6666": "Двойна порция",
      "7777": 4
    },
    {
      "1111": 12,
      "2222": "Какво беше необичайно за 700-те вениамински войници, които можеха да хвърлят камък и да удрят целта си всеки път?",
      "3333": "Всички бяха левичари",
      "4444": "Всички си приличаха",
      "5555": "Нямаха обувки",
      "6666": "Нито едно от горепосочените",
      "7777": 1
    },
    {
      "1111": 13,
      "2222": "Каква връзка е бил Анна с Каяфа?",
      "3333": "Брат",
      "4444": "Чичо",
      "5555": "Братовчеди",
      "6666": "Тъст",
      "7777": 4
    },
    {
      "1111": 14,
      "2222": "Какво не трябва да \"хвърляте пред свинете\"",
      "3333": "Камъчета",
      "4444": "Камъни",
      "5555": "Перли",
      "6666": "Стик",
      "7777": 3
    },
    {
      "1111": 15,
      "2222": "Когато в затвора по кое време Павел и Сила се молеха и пееха на Бога?",
      "3333": "Утро",
      "4444": "Следобед",
      "5555": "Вечер",
      "6666": "Полунощ",
      "7777": 4
    },
    {
      "1111": 16,
      "2222": "Какво яли Даниил и тримата му приятели вместо царското месо и питие?",
      "3333": "Хляб",
      "4444": "Вино и хляб",
      "5555": "Варива и вода",
      "6666": "Нищо",
      "7777": 3
    },
    {
      "1111": 17,
      "2222": "Как се казва братовчедът на Исус, роден шест месеца преди него?",
      "3333": "Йоан",
      "4444": "Петър",
      "5555": "Павел",
      "6666": "Майкъл",
      "7777": 1
    },
    {
      "1111": 18,
      "2222": "В кой град е живял цар Ирод по времето на раждането на Исус?",
      "3333": "Йерусалим",
      "4444": "Рим",
      "5555": "Вавилон",
      "6666": "Витлеем",
      "7777": 1
    },
    {
      "1111": 19,
      "2222": "Колко язви изпрати Бог върху Египет?",
      "3333": "4",
      "4444": "8",
      "5555": "10",
      "6666": "12",
      "7777": 3
    },
    {
      "1111": 20,
      "2222": "За колко сребърника предаде Юда Христос?",
      "3333": "20",
      "4444": "30",
      "5555": "40",
      "6666": "50",
      "7777": 2
    },
    {
      "1111": 21,
      "2222": "Защото колко дни Исус се явяваше на учениците Си след възкресението Си?",
      "3333": "30",
      "4444": "7",
      "5555": "40",
      "6666": "11",
      "7777": 3
    },
    {
      "1111": 22,
      "2222": "Колко църкви в Мала Азия са изброени в Откровение?",
      "3333": "7",
      "4444": "8",
      "5555": "9",
      "6666": "10",
      "7777": 1
    }
  ],
  "Гений": [
    {
      "1111": 1,
      "2222":"Кой беше син на Елеазара, син на Аарон?",
      "3333": "Путиел",
      "4444": "Корей",
      "5555": "Финеес",
      "6666": "Изхар",
      "7777": 3
    },
    {
      "1111": 2,
      "2222": "Кой беше синът на Амрия, царят на Израел?",
      "3333": "Ахав",
      "4444": "Йорам",
      "5555": "Зимри",
      "6666": "Гинат",
      "7777": 1
    },
    {
      "1111": 3,
      "2222": "Кой беше мъжът на Ноемин от книгата на Рут?",
      "3333": "Боаз",
      "4444": "Елкана",
      "5555": "Обед",
      "6666": "Елимелех",
      "7777": 4
    },
    {
      "1111": 4,
      "2222": "Колко букви има в най-дългото име в Библията?",
      "3333": "16",
      "4444": "18",
      "5555": "22",
      "6666": "25",
      "7777": 2
    },
    {
      "1111": 5,
      "2222": "Кой уби Сисара?",
      "3333": "Давид",
      "4444": "Ахав",
      "5555": "Саул",
      "6666": "Джаел",
      "7777": 4
    },
    {
      "1111": 6,
      "2222": "Колко широк е бил Ноевият ковчег?",
      "3333": "35 лакътя",
      "4444": "50 лакътя",
      "5555": "75 лакътя",
      "6666": "90 лакътя",
      "7777": 2
    },
    {
      "1111": 7,
      "2222": "Колко широк беше ковчегът на завета?",
      "3333": "1,5 лакътя",
      "4444": "2 лакътя",
      "5555": "3 лакътя",
      "6666": "1 лакът",
      "7777": 1
    },
    {
      "1111": 8,
      "2222": "Как се казваше слугата на Елисей?",
      "3333": "Йорам",
      "4444": "Шафат",
      "5555": "Гихази",
      "6666": "Хазаел",
      "7777": 3
    },
    {
      "1111": 9,
      "2222": "Как се казваше прочутият учител на Павел?",
      "3333": "Юстус",
      "4444": "Гамалиил",
      "5555": "Каяфа",
      "6666": "Сократ",
      "7777": 2
    },
    {
      "1111": 10,
      "2222": "Кой съдия на Израел е роден във Витлеем?",
      "3333": "Давид",
      "4444": "Ибзан",
      "5555": "Дебора",
      "6666": "Гедеон",
      "7777": 2
    },
    {
      "1111": 11,
      "2222": "Когато Исус се приближи до Него, той каза: \"Какво общо имаш с мен, Исусе, Сине на Всевишния Бог? Заклевам те в Бога, не ме мъчи.",
      "3333": "Легион",
      "4444": "Тарах",
      "5555": "Рубен",
      "6666": "Валтасар",
      "7777": 1
    },
    {
      "1111": 12,
      "2222": "Коя птица казва Исус, че имаме по-голяма стойност от?",
      "3333": "Орел",
      "4444": "Лешояд",
      "5555": "Врабче",
      "6666": "Гълъб",
      "7777": 3
    },
    {
      "1111": 13,
      "2222": "Кои две сестри се ожениха за Яков?",
      "3333": "Доркас и Лия",
      "4444": "Мариам и Рейчъл",
      "5555": "Рейчъл и Лия",
      "6666": "Сарая и Анна",
      "7777": 3
    },
    {
      "1111": 14,
      "2222": "В коя земя Бог изпрати Авраам да пожертва своя специален син, Исаак?",
      "3333": "Канан",
      "4444": "Македония",
      "5555": "Кипър",
      "6666": "Мория",
      "7777": 4
    },
    {
      "1111": 15,
      "2222": "Кой псалм е стихът \"Той ме кара да лежа на зелени пасбища, Той ме води при тихи води?",
      "3333": "25",
      "4444": "22",
      "5555": "30",
      "6666": "23",
      "7777": 4,
      "справка": "Псалми 23; 2"
    },
    {
      "1111": 16,
      "2222": "Страхът от Господа е началото на ........ ",
      "3333": "Знание",
      "4444": "Мъдрост",
      "5555": "Пари",
      "6666": "Любов",
      "7777": 1,
      "референция": ""
    },
    {
      "1111": 17,
      "2222": "В кой град Господ каза на Йона да проповядва?",
      "3333": "Йерусалим",
      "4444": "Ниневия",
      "5555": "Вавилон",
      "6666": "Юда",
      "7777": 2,
      "справка": "Йона 1:2"
    },
    {
      "1111": 18,
      "2222": "Коя от тези книги [Филипяни, Колосяни, Галатяни или Ефесяни] са на първо място в Библията",
      "3333": "Колосяни",
      "4444": "Галатяни",
      "5555": "Ефесяни",
      "6666": "Филипяни",
      "7777": 2,
      "препратка": "Нов завет, писма на Павел"
    },
    {
      "1111": 19,
      "2222": "Колко глави има книгата Евреи?",
      "3333": "13",
      "4444": "15",
      "5555": "10",
      "6666": "16",
      "7777": 1,
      "справка": "Евреи 1-13"
    },
    {
      "1111": 20,
      "2222": "Как се наричат буреносните ветрове, които могат да ударят Крит?",
      "3333": "Лунен сун",
      "4444": "Евроклидон",
      "5555": "Преливане",
      "6666": "Нито едно от горепосочените",
      "7777": 2,
      "справка": "Деяния 2:14"
    }
  ],
  "Експерт": [
    {
      "1111": 1,
      "2222":"Кой от тях не беше цар на Израил или на Юда",
      "3333": "Сенахериб",
      "4444": "Йоахим",
      "5555": "Седекия",
      "6666": "Давид",
      "7777": 1
    },
    {
      "1111": 2,
      "2222": "Който убеди Самсон да разкрие тайната на голямата сила",
      "3333": "Дина",
      "4444": "Рут",
      "5555": "Далила",
      "6666": "Марта",
      "7777": 3
    },
    {
      "1111": 3,
      "2222":"И небето ти, което е над главата ти, ще be_____, и земята, която е под тебе, ще бъде желязна.",
      "3333": "Месинг",
      "4444": "Стомана",
      "5555": "Сребро",
      "6666": "Злато",
      "7777": 1
    },
    {
      "1111": 4,
      "2222": "Къде може да се намерят думите: Уповавай на Йехова с цялото си сърце и не се облягай на собствения си разум ",
      "3333": "Притчи 3:5",
      "4444": "Притчи 5:3",
      "5555": "Притчи 35:3",
      "6666": "Притчи 4:3",
      "7777": 1
    },
    {
      "1111": 5,
      "2222": "който ученик се отрече от Исус три пъти",
      "3333": "Петър",
      "4444": "Андрю",
      "5555": "Йоан",
      "6666": "Юда",
      "7777": 1
    },
    {
      "1111": 6,
      "2222":"Паметта на праведния е благословена, а името на нечестивите ще бъде благословено.",
      "3333": "Победа",
      "4444": "Гниене",
      "5555": "Блум",
      "6666": "процъфтява",
      "7777": 2
    },
    {
      "1111": 7,
      "2222": "Преди Исус да започне да проповядва, каква беше неговата работа?",
      "3333": "дърводелец",
      "4444": "учен",
      "5555": "Доктор",
      "6666": "Учител",
      "7777": 1
    },
    {
      "1111": 8,
      "2222": "Зоан е бил използван в Библията като паралел за коя нация",
      "3333": "Египет",
      "4444": "Асирия",
      "5555": "Вавилон",
      "6666": "Синай",
      "7777": 1
    },
    {
      "1111": 9,
      "2222": "Кой старозаветен герой показа вярата си, като беше готов да предложи сина си на олтар на Бога",
      "3333": "Ной",
      "4444": "Авраам",
      "5555": "Салатиел",
      "6666": "Мойсей",
      "7777": 2
    },
    {
      "1111": 10,
      "2222": "Какво направиха моряците на кораба Йона, за да увеличат шансовете си за оцеляване",
      "3333": "Те отплаваха на север",
      "4444": "Изхвърли товара зад борда",
      "5555": "Молеше Бога за прошка",
      "6666": "Нито едно от горепосочените",
      "7777": 2
    },
    {
      "1111": 11,
      "2222": "Какво правеше Исав, когато Яков открадна благословията му?",
      "3333": "Лов",
      "4444": "Земеделие",
      "5555": "ФИшинг",
      "6666": "Пътуване",
      "7777": 1
    },
    {
      "1111": 12,
      "2222": "Кой избяга от планината Кармил в Самария по-бързо, отколкото Ахав можеше да кара колесницата си?",
      "3333": "Елисей",
      "4444": "Гихази",
      "5555": "Илия",
      "6666": "Амос",
      "7777": 3
    },
    {
      "1111": 13,
      "2222": "Какво направи Бог на седмия ден, след това?",
      "3333": "Отпочинали",
      "4444": "Създадени хора",
      "5555": "Той възложи на човека да се грижи за неговите творения",
      "6666": "Създадени птици",
      "7777": 1
    },
    {
      "1111": 14,
      "2222": "Кой твърдеше, че златният телец просто е излязъл от огъня?",
      "3333": "Джошуа",
      "4444": "Аарон",
      "5555": "Мириам",
      "6666": "Дебора",
      "7777": 42
    },
    {
      "1111": 15,
      "2222": "Какво поиска цар Соломон, когато Бог му се яви насън",
      "3333": "Дълъг живот и знание",
      "4444": "Мъдрост [да съди между добро и зло]",
      "5555": "Богатство",
      "6666": "Пари",
      "7777": 2
    },
    {
      "1111": 16,
      "2222": "Довършете пословичната поговорка; Всеки, който е глупав, когато мълчи, се обявява за -------?.",
      "3333": "Мирно",
      "4444": "Глупаво",
      "5555": "Мъдър",
      "6666": "Арогантен",
      "7777": 3
    },
    {
      "1111": 17,
      "2222": "Как трябва човек да приеме Божието царство?",
      "3333": "Със скрити мотиви",
      "4444": "Като дете",
      "5555": "С гордост",
      "6666": "Чрез агенти",
      "7777": 2
    },
    {
      "1111": 18,
      "2222": "Как се казваше първата жена на Авраам",
      "3333": "Сара",
      "4444": "Мириам",
      "5555": "Рода",
      "6666": "Рут",
      "7777": 1
    },
    {
      "1111": 19,
      "2222": "Цар Саул не се подчинил на заповедта на Йехова и пощадил живота на това, което цар Амелекий",
      "3333": "Балак",
      "4444": "Дагон",
      "5555": "Агаг",
      "6666": "Натан",
      "7777": 3
    },
    {
      "1111": 20,
      "2222": "За какво са написани Десетте заповеди. ",
      "3333": "Два свитъка",
      "4444": "Две каменни плочи",
      "5555": "Стените на Йерихон",
      "6666": "Две книги",
      "7777": 1
    }
  ],
  "Майстор": [
    {
      "1111": 1,
      "2222": "За кого е записано, че \"всички размишляваха в сърцата си\"? Може ли Той да е Христос?",
      "3333": "Илия",
      "4444": "Йоан",
      "5555": "Малахия",
      "6666": "Петър",
      "7777": 2
    },
    {
      "1111": 2,
      "2222": "Какви са имената на родителите на Йосиф",
      "3333": "Яков и Ребека",
      "4444": "Яков и Лия",
      "5555": "Яков и Рахил",
      "6666": "Яков и Рут",
      "7777": 3
    },
    {
      "1111": 3,
      "2222": "От всички хора, споменати в Библията, кой е живял най-дълго?",
      "3333": "Матусала",
      "4444": "JJared",
      "5555": "Авраам",
      "6666": "Адам",
      "7777": 1
    },
    {
      "1111": 4,
      "2222": "Какво каза Исус на онези, които обвиниха прелюбодейката?",
      "3333": "Ето, няма праведен",
      "4444": "Който е безгрешен, нека пръв хвърли камък",
      "5555": "Горко на вас, които обвинявате тази жена",
      "6666": "убий я",
      "7777": 2
    },
    {
      "1111": 5,
      "2222": "В кой град ще отидат всички народи един ден, за да се поклонят на Бога?",
      "3333": "Дамаск",
      "4444": "Йерусалим",
      "5555": "Киликия",
      "6666": "Юда",
      "7777": 2
    },
    {
      "1111": 6,
      "2222": "Кой от потомците на Давид ще царува вечно",
      "3333": "Ровоам",
      "4444": "Исус",
      "5555": "Соломон",
      "6666": "Еровоам",
      "7777": 2
    },
    {
      "1111": 7,
      "2222": "Коя беше благочестивата майка на Тимотей",
      "3333": "Лоис",
      "4444": "Фийби",
      "5555": "Юнис",
      "6666": "Магдалена",
      "7777": 3
    },
    {
      "1111": 8,
      "2222": "Защо цар Соломон се отвърна от Бога, когато остаря?",
      "3333": "Чуждите му жени обърнаха сърцето му към други богове",
      "4444": "Той стана горд ",
      "5555": "Той обичаше жените повече от Бога",
      "6666": "Той се покланяше на идоли",
      "7777": 1
    },
    {
      "1111": 9,
      "2222": "Кой побягна в шатъра на Йехова за безопасност, но въпреки това беше убит там?",
      "3333": "Йоав",
      "4444": "Саул",
      "5555": "Амон",
      "6666": "Исав",
      "7777": 1
    },
    {
      "1111": 10,
      "2222": "Кой цар сънува голяма статуя на човек, направена от различни метали",
      "3333": "Ахав",
      "4444": "Давид",
      "5555": "малах",
      "6666": "Навуходоносор",
      "7777": 4
    },
    {
      "1111": 11,
      "2222": "Къде е \"най-доброто място за молитва\"?",
      "3333": "В килера ти със затворена врата",
      "4444": "В църквата",
      "5555": "На тихо място",
      "6666": "По пътя",
      "7777": 1
    },
    {
      "1111": 12,
      "2222": "Къде могат да се намерят думите: Уповавай на Йехова с цялото си сърце и не се облягай на собствения си разум?",
      "3333": "Притчи 3:5",
      "4444": "Притчи 35:3",
      "5555": "Притчи 5:3",
      "6666": "Притчи 6:4",
      "7777": 1
    },
    {
      "1111": 13,
      "2222": "Когато Исус беше в твоята пустиня, какво беше изкушен да превърне в хлябове?",
      "3333": "Могили",
      "4444": "Скали",
      "5555": "Камъни",
      "6666": "Почва",
      "7777": 3
    },
    {
      "1111": 14,
      "2222": "Какво беше специално за Аод [съдия над Израел, който уби моавския цар Елгон",
      "3333": "Той беше много млад",
      "4444": "Той беше левичар",
      "5555": "Той беше сляп",
      "6666": "Той беше много стар",
      "7777": 2
    },
    {
      "1111": 15,
      "2222": "Какво се случи с град Йерихон, след като свещеникът наду тръбите им",
      "3333": "Народът избяга в друга земя",
      "4444": "Животните умряха",
      "5555": "Стените паднаха",
      "6666": "Хората мигрираха",
      "7777": 3
    },
    {
      "1111": 16,
      "2222": "Според Йоан 1:1, това, което беше в началото с Бога",
      "3333": "Словото",
      "4444": "Ангел",
      "5555": "Исус",
      "6666": "Йоан",
      "7777": 1
    },
    {
      "1111": 17,
      "2222": "Колко псалма има в книгата на Псалмите?",
      "3333": "150",
      "4444": "170",
      "5555": "120",
      "6666": "190",
      "7777": 1
    },
    {
      "1111": 18,
      "2222":"Не всеки, който Ми казва: Господи! Господи, ще влезе в небесното царство. Който и тъй, ще влезе в царството Му.",
      "3333": "Който върши Божията воля",
      "4444": "Този, който върши чудеса",
      "5555": "Този, който се кръщава",
      "6666": "Който проповядва словото Божие",
      "7777": 1
    },
    {
      "1111": 19,
      "2222": "Кой е първият цар на 10-те племена на Израел?",
      "3333": "Еровоам",
      "4444": "Рехобот",
      "5555": "Йоав",
      "6666": "Ровоам",
      "7777": 1
    },
    {
      "1111": 20,
      "2222": "Според Еремия, колко години е трябвало да остане израилевият народ в плен при вавилонския цар?",
      "3333": "120 години",
      "4444": "40 години",
      "5555": "70 години",
      "6666": "80 години",
      "7777": 3
    }
  ],
  "Велик майстор": [
    {
      "1111": 1,
      "2222": "В коя река беше казано на Нееман да се измие, за да се отърве от проказата?",
      "3333": "Нил",
      "4444": "Йордан",
      "5555": "Галилея",
      "6666": "Библията не казва",
      "7777": 2
    },
    {
      "1111": 2,
      "2222": "Кой беше бащата на Ровоама?",
      "3333": "Давид",
      "4444": "Нимрод",
      "5555": "Авимелех",
      "6666": "Соломон",
      "7777": 4
    },
    {
      "1111": 3,
      "2222": "Колко дълго Давид царува?",
      "3333": "Тридесет години",
      "4444": "Четиридесет години",
      "5555": "Двадесет и пет години",
      "6666": "Осемдесет години",
      "7777": 2
    },
    {
      "1111": 4,
      "2222": "В обяснението на Исус за притчата за сеяча. това, което е представено от семето",
      "3333": "Вяра",
      "4444": "Божието слово",
      "5555": "Исус",
      "6666": "Любов",
      "7777": 2
    },
    {
      "1111": 5,
      "2222": "Кое растение е \"най-малкото от всички семена, но когато се отглежда, то е най-голямото сред билките?",
      "3333": "Маслина",
      "4444": "Горчица",
      "5555": "Дъб",
      "6666": "Грозде",
      "7777": 2
    },
    {
      "1111": 6,
      "2222": "Как се казваше братът на Мойсей?",
      "3333": "Алфей",
      "4444": "Йоан",
      "5555": "Аарон",
      "6666": "Джошуа",
      "7777": 3
    },
    {
      "1111": 7,
      "2222": "От коя част от тялото на Адам Бог е създал Ева?",
      "3333": "Сърце",
      "4444": "Мозък",
      "5555": "Ребро",
      "6666": "Глава",
      "7777": 3
    },
    {
      "1111": 8,
      "2222": "Един ангел казал на Захария и Елисавета, че ще имат син, как щял да се нарича той",
      "3333": "Илия",
      "4444": "Исус",
      "5555": "Йоан",
      "6666": "Джеймс",
      "7777": 3
    },
    {
      "1111": 9,
      "2222": "Какво значимо събитие е записано в Битие глави 1 и 2",
      "3333": "Транспорт",
      "4444": "Сътворение",
      "5555": "Пречистване",
      "6666": "Жертвоприношение",
      "7777": 2
    },
    {
      "1111": 10,
      "2222": "Каква беше връзката между Мойсей и Корей",
      "3333": "И двамата бяха от племето на Юда",
      "4444": "Те бяха братя",
      "5555": "Те бяха братовчеди",
      "6666": "Те бяха приятели",
      "7777": 3
    },
    {
      "1111": 11,
      "2222": "Какво каза Ноемин на хората във Витлеем да я повикат",
      "3333": "Мара",
      "4444": "Наама",
      "5555": "Витсавее",
      "6666": "Мария",
      "7777": 1
    },
    {
      "1111": 12,
      "2222": "Назовете еврейската девойка, която се омъжи за персийски цар?",
      "3333": "Наоми",
      "4444": "Дебора",
      "5555": "Естер",
      "6666": "Юда",
      "7777": 3
    },
    {
      "1111": 13,
      "2222": "Какво символизират седемте златни светилника от Откровение 1:20?",
      "3333": "Седем конгрегация",
      "4444": "Седем ангела",
      "5555": "Седем царе",
      "6666": "Седем души",
      "7777": 1
    },
    {
      "1111": 14,
      "2222": "Къде могат да се намерят следните думи: \"Но Бог избра глупавите неща на света, за да посрами мъдрите?",
      "3333": "Деяния",
      "4444": "Римляни",
      "5555": "1 Коринтяни",
      "6666": "Йоан",
      "7777": 3
    },
    {
      "1111": 15,
      "2222": "Това, което беше забележимо за брата близнак на Яков, Исав при раждането",
      "3333": "Той имаше дълбоки интензивни очи",
      "4444": "Той беше много красив",
      "5555": "Той беше червен и космат",
      "6666": "Той беше много черен",
      "7777": 3
    },
    {
      "1111": 16,
      "2222": "Кой отряза косата на Самсон?",
      "3333": "Неговият заклет враг, Хълк",
      "4444": "Далила",
      "5555": "Друг мъж",
      "6666": "Неговите приятели",
      "7777": 2
    },
    {
      "1111": 17,
      "2222": "Кой е написал книгите на 1-ви и 2-ри царе?",
      "3333": "Илия",
      "4444": "Еремия",
      "5555": "Гад",
      "6666": "Натан",
      "7777": 2
    },
    {
      "1111": 18,
      "2222": "Кое от евангелията се появява последно в Библията",
      "3333": "Никодим",
      "4444": "Йоан",
      "5555": "Андрюс",
      "6666": "Марк",
      "7777": 2
    },
    {
      "1111": 19,
      "2222": "Какво стана с някой, чието име не се намери записано в книгата на живота?",
      "3333": "Те бяха обявени за недостойни за спасение",
      "4444": "Те загинаха",
      "5555": "Те умряха",
      "6666": "Те бяха хвърлени в огненото езеро",
      "7777": 4
    },
    {
      "1111": 20,
      "2222": "Кой беше най-силният човек, живял някога?",
      "3333": "Голиат",
      "4444": "Самсон",
      "5555": "Исус",
      "6666": "Агаг",
      "7777": 2
    }
  ],
  "Легенда": [
    {
      "1111": 1,
      "2222": "Книгата Битие започва с еврейската дума \"bereshit\", какъв е преводът на тази дума на английски",
      "3333": "В началото",
      "4444": "Да бъде светлина",
      "5555": "Когато все още нямаше нищо",
      "6666": "Господ Бог каза",
      "7777": 1,
      "референция":"Gn 1:1"
    },
    {
      "1111": 2,
      "2222": "След като заспа дълбоко мъжа, какво му отне Господ Бог, за да го вгради в жена",
      "3333": "Зъб",
      "4444": "Нокът",
      "5555": "Ребро",
      "6666": "Кичур коса",
      "7777": 3,
      "референция":"Gn 1:2"
    },
    {
      "1111": 3,
      "2222": "Какво благослови първо Господ Бог с думите \"Бъди плодовит и се размножавай\"?",
      "3333": "Първият мъж и жена",
      "4444": "Морските създания и птици",
      "5555": "Растенията",
      "6666": "Сухоземните животни",
      "7777": 1,
      "справка":"Битие 1:22"
    },
    {
      "1111": 4,
      "2222": "Кой беше ангелът Господен, който извести на Мария, че ще зачене и ще роди син?",
      "3333": "Габриел",
      "4444": "Майкъл",
      "5555": "Рафаел",
      "6666": "Сийлтиел",
      "7777": 1,
      "референция":"Lk 1:31"
    },
    {
      "1111": 5,
      "2222": "Как се казва майката на св. Йоан Кръстител?",
      "3333": "Саломе Зеведеева",
      "4444": "Елисавета от Захария",
      "5555": "Мария от Клеофас",
      "6666": "Иродиада от Филип",
      "7777": 2,
      "справка":"Лк 1:5-6"
    },
    {
      "1111": 6,
      "2222": "В началото на разказа за Възкресението в св. Евангелието на Йоан, за когото се споменава, че е отишъл на гроба на Исус рано сутринта и е видял камъка отстранен?",
      "3333": "Мария от Магдала",
      "4444": "Св. Йоан",
      "5555": "Марта",
      "6666": "Ангел",
      "7777": 1,
      "референция":"Jn20:1"
    },
    {
      "1111": 7,
      "2222": "В разказа за възкресението в Св. Евангелието на Йоан, когато възкръсналият Господ се явил за първи път на Мария Магдалена, тя го объркала с кого?",
      "3333": "Тъмничарят",
      "4444": "Центурионът",
      "5555": "Градерът",
      "6666": "Ангел",
      "7777": 3,
      "справка":"Йоан 20:15"
    },
    {
      "1111": 8,
      "2222": "В родословието на Исус, дадено в Евангелието на св. Матю, колко комплекта от 14 поколения бяха споменати",
      "3333": "Пет",
      "4444": "А резултат",
      "5555": "Три",
      "6666": "Дузина",
      "7777": 3,
      "справка":"Йоан 20:15"

    },
    {
      "1111": 9,
      "2222": "В пророк Исая се казва, че момчето, което ще се роди от девицата, ще получи това име, което означава Бог - с нас?",
      "3333": "Исус",
      "4444": "Йоан",
      "5555": "Емануил",
      "6666": "Христос,",
      "7777": 3,
      "справка":"Mt 1:23"
    },
    {
      "1111": 10,
      "2222": "В генеологията на Исус, дадена в Евангелието на Свети Матей, първата група от 14 споменати поколения започва с Авраам и завършва с кого?",
      "3333": "Давид",
      "4444": "Мойсей",
      "5555": "Яков",
      "6666": "Джеси",
      "7777": 1,
      "справка":"Mt 1:1-6"
    },
    {
      "1111": 11,
      "2222": "Защото тя беше взета от плътта му', какво нарече първият мъж първата жена?",
      "3333": "Адама",
      "4444": "Ева",
      "5555": "Жена",
      "6666": "Съпруга",
      "7777": 2,
      "справка":"Битие 1:23"
    },
    {
      "1111": 12,
      "2222": "Какво даде Господ Бог, за да служи за храна на всички животни на земята и на всички въздушни птици?",
      "3333": "Зелените растения",
      "4444": "Семеноносни растения",
      "5555": "Семеноносни плодни дръвчета",
      "6666": "Всичко годно за консумация",
      "7777": 1,
      "справка":"Gn 1:30"
    },
    {
      "1111": 13,
      "2222": "В кой ден от сътворението Бог сътвори слънцето и луната?",
      "3333": "Първи ",
      "4444": "Втори",
      "5555": "Трети",
      "6666": "Четвърти",
      "7777": 4,
      "справка":"Битие 1:26-31"
    },
    {
      "1111": 14,
      "2222": "На колко години беше Давид, когато беше помазан за цар на Израел?",
      "3333": "50",
      "4444": "20",
      "5555": "35",
      "6666": "30",
      "7777": 4,
      "справка":"2 Царе 5:4"
    },
    {
      "1111": 15,
      "2222": "Кой друг, освен мъдреците, дойде да посети Исус, когато беше малко дете.",
      "3333": "Стрелци",
      "4444": "Овчари",
      "5555": "Ловци",
      "6666": "Земеделци",
      "7777": 2
    },
    {
      "1111": 16,
      "2222": "Колко висок беше Голиат?",
      "3333": "6 лакътя и една педя",
      "4444": " 8 лакътя",
      "5555": "10 лакътя и една педя",
      "6666": "12 лакътя",
      "7777": 1,
      "справка":"1 Царе 1:4"
    },
    {
      "1111": 17,
      "2222": "Какво каза Павел, че е изпълнението на закона?",
      "3333": "Вяра",
      "4444": "Молитва",
      "5555": "Любов",
      "6666": "Брак",
      "7777": 3,
      "справка":"Римляни 13:10"
    },
    {
      "1111": 18,
      "2222": "Коя е най-кратката глава в Библията",
      "3333": "Псалми 117",
      "4444": "Псалми 18",
      "5555": "Марк 10",
      "6666": "Йоан 4",
      "7777": 1,
      "справка":"Псалми 117"
    },
    {
      "1111": 19,
      "2222":"Който рече : 'Сребро и злато нямам . Но каквото имам, давам ти го?",
      "3333": "Павел",
      "4444": "Джеймс",
      "5555": "Петър",
      "6666": "Тимотей",
      "7777": 3,
      "справка":"Деяния 3:6"
    },
    {
      "1111": 20,
      "2222": "Каква беше възрастта на Мойсей по време на смъртта му?",
      "3333": "120",
      "4444": "100",
      "5555": "150",
      "6666": "80",
      "7777": 1,
      "справка":"Второзаконие 34:7"
    }
  ],
  "Извън този свят": [
    {
      "1111": 1,
      "2222": "Кой е най-възрастният човек, записан в Библията?",
      "3333": "Матусала",
      "4444": "Адам",
      "5555": "Авраам",
      "6666": "Соломон",
      "7777": 1,
      "справка": "Битие 5:27"
    },
    {
      "1111": 2,
      "2222": "На колко години е най-възрастният човек, записан в Библията?",
      "3333": "120",
      "4444": "500",
      "5555": "800",
      "6666": "969",
      "7777": 4,
      "справка": "Битие 5:27"
    },
    {
      "1111": 3,
      "2222": "Какво означава Jahwe-Schammmah?",
      "3333": "Бог с нас",
      "4444": "Самият Бог",
      "5555": "Исус син на Бога",
      "6666": "Вечен живот",
      "7777": 2,
      "справка":"Езекил 48:35"
    },
    {
      "1111": 4,
      "2222": "Още колко години Бог прибави към живота на цар Езекия в отговор на молитвата на умиращия цар?",
      "3333": "20",
      "4444": "50",
      "5555": "15",
      "6666": "100",
      "7777": 3,
      "справка":"4 Царе 20:6"
    },
    {
      "1111": 5,
      "2222":"До какви пророци се е допитвал Господният цар Йосия Юдейски?",
      "3333": "Амос",
      "4444": "Илия",
      "5555": "Елисей",
      "6666": "Олда",
      "7777": 4,
      "справка":" 4 Царе 22:14-16"
    },
    {
      "1111": 6,
      "2222": "Каква церемония възвърна цар Йосия, която не е била празнувана от никой от предишните царе на Израел или Юда?",
      "3333": "Пасха",
      "4444": "Жертвен ритуал",
      "5555": "поклонение",
      "6666": "Обрязване",
      "7777": 1,
      "препратка":"4 Царе 23:21"
    },
    {
      "1111": 7,
      "2222": "От кое племе на Израел беше цар Саул?",
      "3333": "Юда",
      "4444": "Бенджамин",
      "5555": "Амонит",
      "6666": "Израел",
      "7777": 2,
      "справка":"1 Царе 9:21"
    },
    {
      "1111": 8,
      "2222": "И когато ковчегът се върна в Израил, каква жертва принесе Самуил на Господа?",
      "3333": "А-той козел",
      "4444": "Човешко жертвоприношение",
      "5555": "Той пожертва градинските реколти",
      "6666": "Агне сукалче",
      "7777": 4,
      "справка":"1 Царе 7:9"
    },
    {
      "1111": 9,
      "2222": "Как се казваше жената на цар Саул?",
      "3333": "Дебора",
      "4444": "Науме",
      "5555": "Ахиноам",
      "6666": "Рут",
      "7777": 3,
      "справка":"1 Царе 14:50"
    },
    {
      "1111": 10,
      "2222": "От какво се нуждае някой, за да разбере Божието слово?",
      "3333": "Знание",
      "4444": "Свети Дух",
      "5555": "Мъдрост",
      "6666": "Молитви",
      "7777": 2,
      "препратка":"1 Коринтяни 2:11"
    },
    {
      "1111": 11,
      "2222": "Кой каза Павел, че го съди?",
      "3333": "Бог",
      "4444": "Тарах",
      "5555": "Рубен",
      "6666": "Валтасар",
      "7777": 1,
      "справка":"1 Коринтяни 4:4"
    },
    {
      "1111": 12,
      "2222": "В деня на Петдесятница, дойде от небето звук на rushing____?",
      "3333": "Гръм",
      "4444": "Дъжд",
      "5555": "Вятър",
      "6666": "силен шум",
      "7777": 3,
      "справка":"Деяния 2:2"
    },
    {
      "1111": 13,
      "2222": "Кой е платил пари за силата да даде Святия Дух?",
      "3333": "Йоан",
      "4444": "Захария",
      "5555": "Симон",
      "6666": " Ирод",
      "7777": 3,
      "справка":"Деяния 8"
    },
    {
      "1111": 14,
      "2222": "Когато Исус превърна водата във вино, той превърна водата, която беше в каменни делви. За какво обикновено се използват тези каменни буркани?",
      "3333": "Кръщаване",
      "4444": "Почистване",
      "5555": "Търговия",
      "6666": "Церемониално измиване",
      "7777": 4,
      "справка":"Йоан 2:6"
    },
    {
      "1111": 15,
      "2222": "Кой е бащата на Нимрод?",
      "3333": "Андрю",
      "4444": "Джошуа",
      "5555": " Самсон",
      "6666": "Куш",
      "7777": 4,
      "справка":"1 Летописи 1:10"
    },
    {
      "1111": 16,
      "2222": "Какви бяха имената на двамата сина на Авраам (по реда на тяхното раждане)?",
      "3333": "Исаак и Яков",
      "4444": "Исмаил и Исаак",
      "5555": "Йосиф и Яков",
      "6666": "Каин и Исаак",
      "7777": 2,
      "справка": "Битие 16:1-16, 1 Летописи 1:28"
    },
    {
      "1111": 17,
      "2222": "Какви са имената на тримата синове на Ной по реда на библейските списъци, в които се намират?",
      "3333": "Хам, Йосиф, Яфет",
      "4444": "Яфет, Хам, Исаак",
      "5555": "Сим, Хам и Яфет",
      "6666": "Сим, Хам, Йосиф",
      "7777": 3,
      "справка":"Битие 9:18-19, 1 Летописи 1:4"
    },
    {
      "1111": 18,
      "2222": "Господ промени името на Авраам на Авраам, когато той беше на 99 години. Как се казваше преди това?",
      "3333": "Адам",
      "4444": "Аврам",
      "5555": " Алфа",
      "6666": "Агаг",
      "7777": 2,
      "справка": "Битие 17:1-5"
    },
    {
      "1111": 19,
      "2222": "На колко години беше Авраам, когато се роди Исаак?",
      "3333": "103",
      "4444": "90",
      "5555": "100",
      "6666": "50",
      "7777": 3,
      "справка": "Битие 21:5"
    },
    {
      "1111": 20,
      "2222": "Колко книги в Библията имат думата 'Йоан' в заглавието си?",
      "3333": "4",
      "4444": "3",
      "5555": "1",
      "6666": "5",
      "7777": 1,
      "референция": "Йоан"
    }
  ]
}