{
  "Αρχάριος": [
    {
      "ques_id": 1,
      "question": "Ποιος είναι ο πρώτος άνθρωπος που έζησε ποτέ;",
      "option1": "Μεθουσάλα",
      "option2": "Αβραάμ",
      "option3": "Μωυσής",
      "option4": "Αδάμ",
      "answer": 4
    },
    {
      "ques_id": 2,
      "question": "Ποιον κατάπιε ένα πολύ μεγάλο ψάρι;",
      "option1": "Ιησούς",
      "option2": "Ιωνάς",
      "option3": "Samson",
      "option4": "Πέτρος",
      "answer": 2
    },
    {
      "ques_id": 3,
      "question": "Ποιο είναι το πρόσωπο που χρησιμοποίησε ο Θεός για να οδηγήσει τους Ισραηλίτες έξω από την Αίγυπτο",
      "option1": "Aaron",
      "option2": "Αβραάμ",
      "option3": "Μωυσής",
      "option4": "Jeremiah",
      "answer": 3
    },
    {
      "ques_id": 4,
      "question": "Ποιος ήταν αυτός που σκότωσε τον Γολιάθ",
      "option1": "David",
      "option2": "Σαούλ",
      "option3": "Solomon",
      "option4": "Τζόναθαν",
      "answer": 1
    },
    {
      "ques_id": 5,
      "question": "Ποιος ήταν ο πρώτος Βασιλιάς του Ισραήλ;",
      "option1": "David",
      "option2": "Σαούλ",
      "option3": "Solomon",
      "option4": "Μωυσής",
      "answer": 2
    },
    {
      "ques_id": 6,
      "question": "Τι ασχολία είχε ο Ιησούς πριν από τη διακονία του",
      "option1": "ToyMaker",
      "option2": "Ψαράς",
      "option3": "Φύλακας αμπελώνα",
      "option4": "Ξυλουργός",
      "answer": 4
    },
    {
      "ques_id": 7,
      "question": "Πώς λέγεται η πόλη στην οποία γεννήθηκε ο Ιησούς;",
      "option1": "Ιερουσαλήμ",
      "option2": "Βηθλεέμ",
      "option3": "Γαλιλαία",
      "option4": "Ναζαρέτ",
      "answer": 2
    },
    {
      "ques_id": 8,
      "question": "Πώς λέγεται η θάλασσα πάνω στην οποία περπάτησε ο Ιησούς",
      "option1": "Θάλασσα της Γαλιλαίας",
      "option2": "Νεκρά θάλασσα",
      "option3": "Read sea",
      "option4": "Μεσόγειος θάλασσα",
      "answer": 1
    },
    {
      "ques_id": 9,
      "question": "Πώς λέγεται το ποτάμι στο οποίο ο Ιωάννης ο Βαπτιστής βάφτιζε τους ανθρώπους;",
      "option1": "Ευφράτης",
      "option2": "Nile",
      "option3": "Ιορδανία",
      "option4": "Τίγρης",
      "answer": 3
    },
    {
      "ques_id": 10,
      "question": "Πώς λέγεται ο αδελφός του Ανδρέα; (Και οι δύο ήταν μαθητές)",
      "option1": "Πέτρος",
      "option2": "Γιάννης",
      "option3": "Τζέιμς",
      "option4": "Αδάμ",
      "answer": 1
    },
    {
      "ques_id": 11,
      "question": "Ποιο ήταν το όνομα της μητέρας του Ιησού;",
      "option1": "Μαίρη",
      "option2": "Μάρθα",
      "option3": "Zipporah",
      "option4": "Σάρα",
      "answer": 1
    },
    {
      "ques_id": 12,
      "question": "Πώς λεγόταν ο κήπος όπου ζούσαν ο Αδάμ και η Εύα;",
      "option1": "Land of Nod",
      "option2": "Κήπος της Εδέμ",
      "option3": "Βηθλεέμ",
      "option4": "Garden of Valley",
      "answer": 2
    },
    {
      "ques_id": 13,
      "question": "Με ποια τροφή τάισε ο Ιησούς 5.000 ανθρώπους",
      "option1": "Κρασί",
      "option2": "Ψωμί και κρασί",
      "option3": "Ψωμί και ψάρια",
      "option4": "Νερό",
      "answer": 3
    },
    {
      "ques_id": 14,
      "question": "Τι μέθοδο χρησιμοποίησαν οι Ρωμαίοι για να σκοτώσουν τον Ιησού;",
      "option1": "Stoned",
      "option2": "Cemation",
      "option3": "Σταύρωση",
      "option4": "Κρεμασμένος",
      "answer": 3
    },
    {
      "ques_id": 15,
      "question": "Πόσα καλάθια περισσεύουν από το τάισμα των 5000;",
      "option1": "7",
      "option2": "8",
      "option3": "10",
      "option4": "12",
      "answer": 1,
      "reference": "Ματθαίος 15:13"
    },
    {
      "ques_id": 16,
      "question": "Ποιος μαθητής βρήκε ένα νόμισμα στο στόμα ενός ψαριού;",
      "option1": "Andrew",
      "option2": "Paul",
      "option3": "Πέτρος",
      "option4": "Timothy",
      "answer": 3,
      "reference": "Ματθαίος 1:24-27"
    },
    {
      "ques_id": 17,
      "question": "Σε ποιο βιβλίο της Βίβλου διαβάζουμε για τον Αμάν",
      "option1": "Έξοδος",
      "option2": "Esther",
      "option3": "Ρουθ",
      "option4": "Malachi",
      "answer": 2,
      "reference": "Esther 3"
    },
    {
      "ques_id": 18,
      "question": "Ονομάστε τη γυναίκα του βασιλιά Αγρίππα, στην οποία ο Παύλος στάθηκε ενώπιον της δίκης",
      "option1": "Bernice",
      "option2": "Ηρώδης",
      "option3": "Agag",
      "option4": "Καϊάφας",
      "answer": 1,
      "reference": "Πράξεις 25:23"
    },
    {
      "ques_id": 19,
      "question": "Πόσο χρονών έγινε ο Ενώχ",
      "option1": "400",
      "option2": "350",
      "option3": "230",
      "option4": "365",
      "answer": 4,
      "reference": "Γένεση 5:23"
    },
    {
      "ques_id": 20,
      "question": "Πόσα χρόνια ακόμη ο Θεός πρόσθεσε στη ζωή του βασιλιά Εζεκία ως απάντηση στην προσευχή των βασιλιάδων που πεθαίνουν;",
      "option1": "20",
      "option2": "15",
      "option3": "100",
      "option4": "50",
      "answer": 2,
      "reference": "2 Βασιλέων 20:6"
    }
  ],
  "Ενθουσιώδης": [
    {
      "ques_id": 1,
      "question": "Ποιος ήταν ο πατέρας του Ισαάκ;",
      "option1": "Αβραάμ",
      "option2": "Jacob",
      "option3": "Ησαύ",
      "option4": "Peleq",
      "answer": 1
    },
    {
      "ques_id": 2,
      "question": "Ποιος ήταν ο πατέρας του Ροβοάμ;",
      "option1": "David",
      "option2": "Nimrod",
      "option3": "Αμπιμέλεχ",
      "option4": "Solomon",
      "answer": 4
    },
    {
      "ques_id": 3,
      "question": "Ποιος ήταν ο πατέρας του Μαθουσάλα;",
      "option1": "Ηλίας",
      "option2": "Enock",
      "option3": "Seth",
      "option4": "Jared",
      "answer": 2
    },
    {
      "ques_id": 4,
      "question": "Ποιος σκότωσε τον Ιωάννη τον Βαπτιστή;",
      "option1": "Caesar",
      "option2": "Πιλάτος",
      "option3": "Herold",
      "option4": "Καϊάφας",
      "answer": 3
    },
    {
      "ques_id": 5,
      "question": "Ποιος ήταν ο πρώτος που σκοτώθηκε επειδή πίστεψε στον Χριστό;",
      "option1": "Πέτρος",
      "option2": "Γιάννης",
      "option3": "Βαρνάβας",
      "option4": "Στέφανος",
      "answer": 4
    },
    {
      "ques_id": 6,
      "question": "Πού πήγαινε ο Σαούλ όταν είδε τον Ιησού;",
      "option1": "Δαμασκός",
      "option2": "Ελλάδα",
      "option3": "Ρώμη",
      "option4": "Ιερουσαλήμ",
      "answer": 1
    },
    {
      "ques_id": 7,
      "question": "Πού πέρασε ο Ιησούς το μεγαλύτερο μέρος της ζωής του στη γη;",
      "option1": "Ιερουσαλήμ",
      "option2": "Ναζαρέτ",
      "option3": "Όρος των Ελαιών",
      "option4": "Αίγυπτος",
      "answer": 2
    },
    {
      "ques_id": 8,
      "question": "Τι Ψαλμός αρχίζει, \"Ο Κύριος είναι ο ποιμένας μου;\"",
      "option1": "Ψαλμός 91",
      "option2": "Ψαλμός 1",
      "option3": "Ψαλμός 104",
      "option4": "Ψαλμός 23",
      "answer": 4
    },
    {
      "ques_id": 9,
      "question": "Ποιο ήταν το επάγγελμα του Παύλου καθώς ταξίδευε ως ιεραπόστολος;",
      "option1": "Βοσκός",
      "option2": "Seller of Purple",
      "option3": "Tent maker",
      "option4": "Γραφέας",
      "answer": 3
    },
    {
      "ques_id": 10,
      "question": "Πώς λέγεται το νησί στο οποίο έζησε ο Βαρνάβας;",
      "option1": "Ελλάδα",
      "option2": "Κύπρος",
      "option3": "Ρόδος",
      "option4": "Νησί του Πάσχα",
      "answer": 2
    },
    {
      "ques_id": 11,
      "question": "Όταν τον πλησίασε ο Ιησούς, ο οποίος είπε: \"Τι σχέση έχεις με μένα, Ιησού, Υιέ του Υψίστου Θεού; Σε προσκυνώ στο Θεό, μη με βασανίζεις\".;",
      "option1": "Legion",
      "option2": "Terah",
      "option3": "Ρούμπεν",
      "option4": "Βελτάσαρ",
      "answer": 1
    },
    {
      "ques_id": 12,
      "question": "Ποιο πουλί λέει ο Ιησούς ότι έχουμε μεγαλύτερη αξία;",
      "option1": "Αετός",
      "option2": "Vulture",
      "option3": "Sparrow",
      "option4": "Περιστέρι",
      "answer": 3
    },
    {
      "ques_id": 13,
      "question": "Ποιες δύο αδερφές παντρεύτηκαν τον Τζέικομπ;",
      "option1": "Η Δόρκας και η Λία",
      "option2": "Mariam and Rachel",
      "option3": "Ραχήλ και Λία",
      "option4": "Sarai and Hannah",
      "answer": 3
    },
    {
      "ques_id": 14,
      "question": "Σε ποια χώρα έστειλε ο Θεός τον Αβραάμ για να θυσιάσει τον ιδιαίτερο γιο του, τον Ισαάκ;",
      "option1": "Canan",
      "option2": "Μακεδονία",
      "option3": "Κύπρος",
      "option4": "Moriah",
      "answer": 4
    },
    {
      "ques_id": 15,
      "question": "Ποια προφήτισσα του Κυρίου συμβουλεύτηκε ο βασιλιάς Ιωσίας του Ιούδα",
      "option1": "Debora",
      "option2": "Huldah",
      "option3": "Naom",
      "option4": "Ρουθ",
      "answer": 2,
      "reference": "Β' Βασιλέων 22:12-16"
    },
    {
      "ques_id": 16,
      "question": "Ονομάστε τον πρώτο γεννημένο γιο του Σαμουήλ;",
      "option1": "Τζόσουα",
      "option2": "Joel",
      "option3": "Τζόναθαν",
      "option4": "Ιωσήφ",
      "answer": 2,
      "reference": "1 Σαμουήλ 8:2"
    },
    {
      "ques_id": 17,
      "question": "Πώς λεγόταν η γυναίκα του βασιλιά Σαούλ;",
      "option1": "Boam",
      "option2": "Έλεος",
      "option3": "Ahinoam",
      "option4": "Noam",
      "answer": 3,
      "reference": "1 Σαμουήλ 14:50"
    },
    {
      "ques_id": 18,
      "question": "Τι απαιτείται για να καταλάβει κάποιος τον λόγο του Θεού;",
      "option1": "Προσευχή",
      "option2": "Αγάπη",
      "option3": "Άγιο πνεύμα",
      "option4": "Άγγελοι",
      "answer": 3,
      "reference": "Α' Κορινθίους 2:11"
    },
    {
      "ques_id": 19,
      "question": "Ποιος είπε ο Παύλος ότι τον έκρινε;",
      "option1": "Σατανάς",
      "option2": "Θεός",
      "option3": "Φίλος",
      "option4": "Πέτρος",
      "answer": 2,
      "reference": "Α' Κορινθίους 4:4"
    },
    {
      "ques_id": 20,
      "question": "________ η αναβολή αρρωσταίνει την καρδιά;",
      "option1": "Εμπιστοσύνη",
      "option2": "Ελπίδα",
      "option3": "Αγάπη",
      "option4": "Προσευχές",
      "answer": 2,
      "reference": "Παροιμίες 13:12"
    }
  ],
  "Μεσαίος": [
    {
      "ques_id": 1,
      "question": "Ποια ήταν η γυναίκα του Μωυσή",
      "option1": "Elisheba",
      "option2": "Rebecca",
      "option3": "Mariam",
      "option4": "Zipporah",
      "answer": 4
    },
    {
      "ques_id": 2,
      "question": "Ποια ήταν η δεύτερη γυναίκα του Αβραάμ;",
      "option1": "Esther",
      "option2": "Keturah",
      "option3": "Hagar",
      "option4": "Λυδία",
      "answer": 2
    },
    {
      "ques_id": 3,
      "question": "Πόσα κεφάλαια περιέχει η Επί του Όρους Ομιλία;",
      "option1": "1",
      "option2": "2",
      "option3": "3",
      "option4": "7",
      "answer": 3
    },
    {
      "ques_id": 4,
      "question": "Πόσες φορές το Ισραήλ παρέλασε γύρω από την Ιεριχώ;",
      "option1": "13",
      "option2": "7",
      "option3": "70",
      "option4": "12",
      "answer": 1
    },
    {
      "ques_id": 5,
      "question": "Πόσο είναι ένα πήχη;",
      "option1": "περίπου 12 ίντσες",
      "option2": "12mm",
      "option3": "περίπου 18 ίντσες",
      "option4": "περίπου 36 ίντσες",
      "answer": 3
    },
    {
      "ques_id": 6,
      "question": "Πού πήγε ο Κάιν αφού σκότωσε τον Άβελ;",
      "option1": "Κήπος της Εδέμ",
      "option2": "Land of Nod",
      "option3": "Σπηλιά του Κουμράν",
      "option4": "Mt. Ararat",
      "answer": 2
    },
    {
      "ques_id": 7,
      "question": "Ποιος ήταν ο γιος του Kish;",
      "option1": "Νώε",
      "option2": "Απόστολος Παύλος",
      "option3": "Αβραάμ",
      "option4": "Βασιλιάς Σαούλ",
      "answer": 4
    },
    {
      "ques_id": 8,
      "question": "Πού ζούσε η Ραάβ;",
      "option1": "Jericho",
      "option2": "Ιερουσαλήμ",
      "option3": "Νινευή",
      "option4": "Ai",
      "answer": 1
    },
    {
      "ques_id": 9,
      "question": "Πού έζησε η Ντόρκα;",
      "option1": "Bethel",
      "option2": "Joppa",
      "option3": "Καισάρεια",
      "option4": "Αντιόχεια",
      "answer": 2
    },
    {
      "ques_id": 10,
      "question": "Πού είναι η \"Οδός που ονομάζεται Straight\"",
      "option1": "Ιερουσαλήμ",
      "option2": "Ρώμη",
      "option3": "Babylon",
      "option4": "Δαμασκός",
      "answer": 4
    },
    {
      "ques_id": 11,
      "question": "Αφού έφυγε για να σώσει τη ζωή του, κάτω από ποιο δέντρο κοιμήθηκε ο Ηλίας",
      "option1": "Oak",
      "option2": "Πεύκο",
      "option3": "Juniper",
      "option4": "Ερυθρελάτη",
      "answer": 3,
      "reference": "Α' Βασιλέων 19:5"
    },
    {
      "ques_id": 12,
      "question": "Ο Ιούδας πρόδωσε τον Ιησού για πόσα ακριβώς ασημένια νομίσματα;",
      "option1": "30",
      "option2": "20",
      "option3": "50",
      "option4": "10",
      "answer": 1,
      "reference": "Ματθαίος 26:15"
    },
    {
      "ques_id": 13,
      "question": "Ονομάστε τον πατέρα του Ντέιβιντ",
      "option1": "Ομάν",
      "option2": "Jesse",
      "option3": "Τζόσουα",
      "option4": "Solomon",
      "answer": 2,
      "reference": "1 Σαμουήλ 1:12"
    },
    {
      "ques_id": 14,
      "question": "Ο Θεός δεν αναφέρεται μόνο σε 1 βιβλίο της Βίβλου",
      "option1": "Esther",
      "option2": "Ρουθ",
      "option3": "Malachi",
      "option4": "Έξοδος",
      "answer": 1,
      "reference": "Esther"
    },
    {
      "ques_id": 15,
      "question": "Για πόσα αργύρια πουλήθηκε ο Τζόσουα από τους αδελφούς του στους Ισμεελίτες",
      "option1": "50",
      "option2": "12",
      "option3": "20",
      "option4": "100",
      "answer": 3,
      "reference": "Γένεση 37:28"
    },
    {
      "ques_id": 16,
      "question": "Πόσους αποστόλους διάλεξε ο Ιησούς",
      "option1": "12",
      "option2": "14",
      "option3": "10",
      "option4": "08",
      "answer": 1,
      "reference": "Λουκάς 6:13"
    },
    {
      "ques_id": 17,
      "question": "Ο άγγελος είπε στη Μαρία ότι ο Ιησούς θα βασίλευε στο σπίτι του οποίου ο χαρακτήρας της Παλαιάς Διαθήκης",
      "option1": "David",
      "option2": "Jacob",
      "option3": "Αβραάμ",
      "option4": "Μωυσής",
      "answer":2,
      "reference": "Λουκάς 1:13"
    },
    {
      "ques_id": 18,
      "question": "Ποιος προφήτης είπε: \"Από την Αίγυπτο κάλεσα τον γιο μου\"",
      "option1": "Ιερεμίας",
      "option2": "Ησαΐας",
      "option3": "Ωσηέ",
      "option4": "Ιεζεκιήλ",
      "answer": 3,
      "reference": "Ωσηέ 11:1"
    },
    {
      "ques_id": 19,
      "question": "Τι τύπο δέντρου καταράστηκε ο Ιησούς;",
      "option1": "Εικ",
      "option2": "Αμπέλι",
      "option3": "Πεύκο",
      "option4": "βελανιδιά",
      "answer": 1,
      "reference": "Mark 11:12-14"
    },
    {
      "ques_id": 20,
      "question": "Ποιον ζήτησε από τον Σαούλ ένα μέσο να του ανακαλέσει",
      "option1": "Eli",
      "option2": "Nathan",
      "option3": "Σαμουήλ",
      "option4": "David",
      "answer": 3,
      "reference": "1 Samuel 28:11"
    }
  ],
  "Επαγγελματίας": [
    {
      "ques_id": 1,
      "question": "Ποιος κουβαλούσε το σταυρό για τον Χριστό;",
      "option1": "Φίλιππος",
      "option2": "Σίμων ο Κυρηναίος",
      "option3": "Αχαάβ",
      "option4": "Μίχας",
      "answer": 2
    },
    {
      "ques_id": 2,
      "question": "Πόσους συντρόφους έδωσαν οι Φιλισταίοι στον Σαμψών στη γιορτή στην Τιμνά;",
      "option1": "30",
      "option2": "31",
      "option3": "32",
      "option4": "33",
      "answer": 1
    },
    {
      "ques_id": 3,
      "question": "Πόσων χρονών ήταν η προφήτισσα Άννα όταν είδε τον Ιησού;",
      "option1": "83",
      "option2": "84",
      "option3": "88",
      "option4": "92",
      "answer": 2
    },
    {
      "ques_id": 4,
      "question": "Τι έδωσε η βασίλισσα της Σάβα στον Σολομώντα;",
      "option1": "(124 τάλαντα) χρυσό, μπαχαρικά και πολύτιμες πέτρες",
      "option2": "(120 τάλαντα) χρυσό, μπαχαρικά και πολύτιμες πέτρες",
      "option3": "(18 τάλαντα) χρυσό, μπαχαρικά και πολύτιμες πέτρες",
      "option4": "(221 τάλαντα) χρυσού, μπαχαρικών και πολύτιμων λίθων",
      "answer": 2
    },
    {
      "ques_id": 5,
      "question": "Πόσα βιβλία υπάρχουν στην Παλαιά Διαθήκη;",
      "option1": "37",
      "option2": "38",
      "option3": "39",
      "option4": "40",
      "answer": 3
    },
    {
      "ques_id": 6,
      "question": "Σε πόσα ποτάμια χωρίστηκε το ποτάμι στην Εδέμ μόλις έφυγε από τον κήπο;",
      "option1": "4",
      "option2": "3",
      "option3": "6",
      "option4": "8",
      "answer": 1
    },
    {
      "ques_id": 7,
      "question": "Τι ήθελε να κάνει ο Ιωσήφ όταν ανακάλυψε ότι η Μαρία ήταν έγκυος;",
      "option1": "Κάντε ένα πάρτι",
      "option2": "Χώρισέ την",
      "option3": "Τρέξε μακριά",
      "option4": "Κανένα από τα παραπάνω",
      "answer": 2
    },
    {
      "ques_id": 8,
      "question": "Τι χρώμα ήταν το χιτώνα του Αρχιερέα;",
      "option1": "Μπλε",
      "option2": "Λευκό",
      "option3": "Πράσινο",
      "option4": "Κόκκινο",
      "answer": 1
    },
    {
      "ques_id": 9,
      "question": "Τι είπε ο Βοόζ ότι πουλούσε η Ναομί;",
      "option1": "Ένα αγροτεμάχιο",
      "option2": "Χρυσός",
      "option3": "Το παιδί της",
      "option4": "Φαγητό",
      "answer": 1
    },
    {
      "ques_id": 10,
      "question": "Στην παραβολή των οφειλετών ο ένας χρωστούσε 500 δηνάρια (πένες), αλλά πόσα χρωστούσε ο άλλος",
      "option1": "70",
      "option2": "50",
      "option3": "45",
      "option4": "80",
      "answer": 2
    },
    {
      "ques_id": 11,
      "question": "Πόσο από το πνεύμα του Ηλία έλαβε ο Ελισσαιέ;",
      "option1": "Μικρό",
      "option2": "Μονή μερίδα",
      "option3": "Wholesome",
      "option4": "Διπλή μερίδα",
      "answer": 4
    },
    {
      "ques_id": 12,
      "question": "Τι ήταν το ασυνήθιστο με τους 700 Βενιαμίτες στρατιώτες που μπορούσαν να σφεντήσουν μια πέτρα και να χτυπήσουν τον στόχο τους κάθε φορά;",
      "option1": "Ήταν όλοι αριστερόχειρες",
      "option2": "Όλοι έμοιαζαν",
      "option3": "Δεν είχαν παπούτσια",
      "option4": "Κανένα από τα παραπάνω",
      "answer": 1
    },
    {
      "ques_id": 13,
      "question": "Τι σχέση είχε η Άννας με τον Καϊάφα",
      "option1": "Αδελφός",
      "option2": "Θείος",
      "option3": "Ξαδέρφια",
      "option4": "Πεθερός",
      "answer": 4
    },
    {
      "ques_id": 14,
      "question": "Τι δεν πρέπει να \"πετάς μπροστά στους χοίρους\"",
      "option1": "Βότσαλα",
      "option2": "Πέτρες",
      "option3": "Μαργαριτάρια",
      "option4": "Στικ",
      "answer": 3
    },
    {
      "ques_id": 15,
      "question": "Πότε ήταν στη φυλακή, ποια ώρα ο Παύλος και ο Σίλας προσευχήθηκαν και έψαλαν στον Θεό;",
      "option1": "Πρωί",
      "option2": "Απόγευμα",
      "option3": "Βράδυ",
      "option4": "Μεσάνυχτα",
      "answer": 4
    },
    {
      "ques_id": 16,
      "question": "Τι έφαγαν ο Δανιήλ και οι τρεις φίλοι του αντί για το κρέας και το ποτό του βασιλιά;",
      "option1": "Ψωμί",
      "option2": "Κρασί και ψωμί",
      "option3": "Οσπρια και νερό",
      "option4": "Τίποτα",
      "answer": 3
    },
    {
      "ques_id": 17,
      "question": "Πώς λέγεται ο ξάδερφος του Ιησού, που γεννήθηκε έξι μήνες πριν από αυτόν;",
      "option1": "Γιάννης",
      "option2": "Πέτρος",
      "option3": "Paul",
      "option4": "Michael",
      "answer": 1
    },
    {
      "ques_id": 18,
      "question": "Σε ποια πόλη ζούσε ο βασιλιάς Ηρώδης την εποχή της γέννησης του Ιησού;",
      "option1": "Ιερουσαλήμ",
      "option2": "Ρώμη",
      "option3": "Babylon",
      "option4": "Βηθλεέμ",
      "answer": 1
    },
    {
      "ques_id": 19,
      "question": "Πόσες πληγές έστειλε ο Θεός στην Αίγυπτο;",
      "option1": "4",
      "option2": "8",
      "option3": "10",
      "option4": "12",
      "answer": 3
    },
    {
      "ques_id": 20,
      "question": "Για πόσα αργύρια πρόδωσε ο Ιούδας τον Χριστό;",
      "option1": "20",
      "option2": "30",
      "option3": "40",
      "option4": "50",
      "answer": 2
    },
    {
      "ques_id": 21,
      "question": "Για πόσες ημέρες εμφανίστηκε ο Ιησούς στους μαθητές του μετά την ανάστασή του;",
      "option1": "30",
      "option2": "7",
      "option3": "40",
      "option4": "11",
      "answer": 3
    },
    {
      "ques_id": 22,
      "question": "Πόσες εκκλησίες της Μικράς Ασίας καταγράφηκαν στην Αποκάλυψη",
      "option1": "7",
      "option2": "8",
      "option3": "9",
      "option4": "10",
      "answer": 1
    }
  ],
  "Διάνοια": [
    {
      "ques_id": 1,
      "question": "Ποιος ήταν ο γιος του Ελεάζαρ, του γιου του Ααρών",
      "option1": "Putiel",
      "option2": "Koah",
      "option3": "Phinehas",
      "option4": "Izhar",
      "answer": 3
    },
    {
      "ques_id": 2,
      "question": "Ποιος ήταν ο γιος του Ομρί, του βασιλιά του Ισραήλ;",
      "option1": "Αχαάβ",
      "option2": "Joram",
      "option3": "Zimri",
      "option4": "Ginath",
      "answer": 1
    },
    {
      "ques_id": 3,
      "question": "Ποιος ήταν ο σύζυγος της Ναομί από το βιβλίο της Ρουθ;",
      "option1": "Βοόζ",
      "option2": "Elkanah",
      "option3": "Όμπεντ",
      "option4": "Ελιμελέχ",
      "answer": 4
    },
    {
      "ques_id": 4,
      "question": "Πόσα γράμματα έχει το μεγαλύτερο όνομα στη Βίβλο;",
      "option1": "16",
      "option2": "18",
      "option3": "22",
      "option4": "25",
      "answer": 2
    },
    {
      "ques_id": 5,
      "question": "Ποιος σκότωσε τον Σισέρα;",
      "option1": "David",
      "option2": "Αχαάβ",
      "option3": "Σαούλ",
      "option4": "Jael",
      "answer": 4
    },
    {
      "ques_id": 6,
      "question": "Πόσο πλάτος ήταν η κιβωτός του Νώε;",
      "option1": "35 πήχεις",
      "option2": "50 πήχεις",
      "option3": "75 πήχεις",
      "option4": "90 πήχεις",
      "answer": 2
    },
    {
      "ques_id": 7,
      "question": "Πόσο πλάτος ήταν η Κιβωτός της Διαθήκης;",
      "option1": "1,5 πήχεις",
      "option2": "2 πήχεις",
      "option3": "3 πήχεις",
      "option4": "1 cubit",
      "answer": 1
    },
    {
      "ques_id": 8,
      "question": "Πώς λεγόταν ο υπηρέτης του Ελισσαιέ;",
      "option1": "Ιεχοράμ",
      "option2": "Shafat",
      "option3": "Gehazi",
      "option4": "Hazael",
      "answer": 3
    },
    {
      "ques_id": 9,
      "question": "Πώς λεγόταν ο διάσημος δάσκαλος του Παύλου;",
      "option1": "Justus",
      "option2": "Γαμαλιήλ",
      "option3": "Καϊάφας",
      "option4": "Σωκράτης",
      "answer": 2
    },
    {
      "ques_id": 10,
      "question": "Ποιος δικαστής του Ισραήλ γεννήθηκε στη Βηθλεέμ;",
      "option1": "David",
      "option2": "Ibzan",
      "option3": "Deborah",
      "option4": "Gideon",
      "answer": 2
    },
    {
      "ques_id": 11,
      "question": "Όταν τον πλησίασε ο Ιησούς, ο οποίος είπε: \"Τι σχέση έχεις με μένα, Ιησού, Υιέ του Υψίστου Θεού; Σε προσκυνώ στο Θεό, μη με βασανίζεις\".;",
      "option1": "Legion",
      "option2": "Terah",
      "option3": "Ρούμπεν",
      "option4": "Βελτάσαρ",
      "answer": 1
    },
    {
      "ques_id": 12,
      "question": "Ποιο πουλί λέει ο Ιησούς ότι έχουμε μεγαλύτερη αξία;",
      "option1": "Αετός",
      "option2": "Vulture",
      "option3": "Sparrow",
      "option4": "Περιστέρι",
      "answer": 3
    },
    {
      "ques_id": 13,
      "question": "Ποιες δύο αδερφές παντρεύτηκαν τον Τζέικομπ;",
      "option1": "Η Δόρκας και η Λία",
      "option2": "Mariam and Rachel",
      "option3": "Ραχήλ και Λία",
      "option4": "Sarai and Hannah",
      "answer": 3
    },
    {
      "ques_id": 14,
      "question": "Σε ποια χώρα έστειλε ο Θεός τον Αβραάμ για να θυσιάσει τον ιδιαίτερο γιο του, τον Ισαάκ;",
      "option1": "Canan",
      "option2": "Μακεδονία",
      "option3": "Κύπρος",
      "option4": "Moriah",
      "answer": 4
    },
    {
      "ques_id": 15,
      "question": "Από ποιον Ψαλμό είναι ο στίχος \"Η με κάνει να ξαπλώσω σε πράσινα βοσκοτόπια, με οδηγεί δίπλα σε ήσυχα νερά\"",
      "option1": "25",
      "option2": "22",
      "option3": "30",
      "option4": "23",
      "answer": 4,
      "reference": "Ψαλμοί 23;2"
    },
    {
      "ques_id": 16,
      "question": "Ο φόβος του κυρίου είναι η αρχή του ........",
      "option1": "Γνώση",
      "option2": "Σοφία",
      "option3": "Χρήματα",
      "option4": "Αγάπη",
      "answer": 1,
      "reference": ""
    },
    {
      "ques_id": 17,
      "question": "Σε ποια πόλη είπε ο Κύριος στον Ιωνά να κηρύξει;",
      "option1": "Ιερουσαλήμ",
      "option2": "Νινευή",
      "option3": "Babylon",
      "option4": "Ιούδας",
      "answer": 2,
      "reference": "Ιωνάς 1:2"
    },
    {
      "ques_id": 18,
      "question": "Ποιο από αυτά τα βιβλία [Φιλιππησίους, Κολοσσαείς, Γαλάτες ή Εφεσίους] είναι πρώτο στη Βίβλο",
      "option1": "Colossians",
      "option2": "Γαλάτες",
      "option3": "Εφεσίους",
      "option4": "Φίλιπποι",
      "answer": 2,
      "reference": "Καινή Διαθήκη, επιστολές του Παύλου"
    },
    {
      "ques_id": 19,
      "question": "Πόσα κεφάλαια έχει το Βιβλίο Εβραίους;",
      "option1": "13",
      "option2": "15",
      "option3": "10",
      "option4": "16",
      "answer": 1,
      "reference": "Εβραίους 1-13"
    },
    {
      "ques_id": 20,
      "question": "Πώς λέγονται οι θυελλώδεις άνεμοι που μπορούν να χτυπήσουν την Κρήτη;",
      "option1": "Moonsoon",
      "option2": "Euroklydon",
      "option3": "Υπερχείλιση",
      "option4": "Κανένα από τα παραπάνω",
      "answer": 2,
      "reference": "Πράξεις 2:14"
    }
  ],
  "Ειδικός": [
    {
      "ques_id": 1,
      "question": "Ποιος από αυτούς δεν ήταν βασιλιάς του Ισραήλ ή του Ιούδα",
      "option1": "Sennacherib",
      "option2": "Ιωακείμ",
      "option3": "Σεδεκίας",
      "option4": "David",
      "answer": 1
    },
    {
      "ques_id": 2,
      "question": "Ποιος έπεισε τον Σαμψών να αποκαλύψει το μυστικό της μεγάλης δύναμης",
      "option1": "Dinah",
      "option2": "Ρουθ",
      "option3": "Delilah",
      "option4": "Μάρθα",
      "answer": 3
    },
    {
      "ques_id": 3,
      "question": "Και ο ουρανός σου που είναι πάνω από το κεφάλι σου θα είναι_____, και η γη που είναι κάτω από σένα θα είναι σίδηρος",
      "option1": "Ορείχαλκος",
      "option2": "Χάλυβας",
      "option3": "Ασημί",
      "option4": "Χρυσός",
      "answer": 1
    },
    {
      "ques_id": 4,
      "question": "Πού μπορεί κανείς να βρει τις λέξεις: Εμπιστεύσου τον Ιεχωβά με όλη σου την καρδιά και μη στηρίζεσαι στη δική σου κατανόηση",
      "option1": "Παροιμίες 3:5",
      "option2": "Παροιμίες 5:3",
      "option3": "Παροιμίες 35:3",
      "option4": "Παροιμίες 4:3",
      "answer": 1
    },
    {
      "ques_id": 5,
      "question": "ο οποίος μαθητής αρνήθηκε τον Ιησού τρεις φορές",
      "option1": "Πέτρος",
      "option2": "Andrew",
      "option3": "Γιάννης",
      "option4": "Ιούδας",
      "answer": 1
    },
    {
      "ques_id": 6,
      "question": "Η μνήμη των δικαίων είναι ευλογημένη, αλλά το όνομα των κακών",
      "option1": "Νίκη",
      "option2": "Rot",
      "option3": "Bloom",
      "option4": "ανθίσει",
      "answer": 2
    },
    {
      "ques_id": 7,
      "question": "Πριν ο Ιησούς αρχίσει να κηρύττει, ποια ήταν η δουλειά του;",
      "option1": "ξυλουργός",
      "option2": "λόγιος",
      "option3": "Γιατρέ",
      "option4": "Δάσκαλος",
      "answer": 1
    },
    {
      "ques_id": 8,
      "question": "Ο Ζόαν χρησιμοποιήθηκε στη Βίβλο ως παράλληλος για ποιο έθνος\"",
      "option1": "Αίγυπτος",
      "option2": "Ασσυρία",
      "option3": "Babylon",
      "option4": "Σινά",
      "answer": 1
    },
    {
      "ques_id": 9,
      "question": "Ποιος χαρακτήρας της Παλαιάς Διαθήκης έδειξε την πίστη του με το να είναι πρόθυμος να προσφέρει το γιο του σε μια αλλαγή στον Θεό",
      "option1": "Νώε",
      "option2": "Αβραάμ",
      "option3": "shealtiel",
      "option4": "Μωυσής",
      "answer": 2
    },
    {
      "ques_id": 10,
      "question":"Τι έκαναν οι ναύτες του πλοίου jonah για να αυξήσουν τις πιθανότητές τους να επιβιώσουν",
      "option1": "Έπλευσαν βόρεια",
      "option2": "Πέταξε το φορτίο στη θάλασσα",
      "option3": "Παρακάλεσε τον Θεό για συγχώρεση",
      "option4": "Κανένα από τα παραπάνω",
      "answer": 2
    },
    {
      "ques_id": 11,
      "question": "Τι έκανε ο Ησαύ ενώ ο Ιακώβ έκλεψε την ευλογία του;",
      "option1": "Κυνήγι",
      "option2": "Γεωργία",
      "option3": "Ψάρεμα",
      "option4": "Ταξιδεύοντας",
      "answer": 1
    },
    {
      "ques_id": 12,
      "question": "Ποιος έτρεξε από το όρος Κάρμηλο στη Σαμάρεια γρηγορότερα από όσο μπορούσε ο Αχαάβ να οδηγήσει το άρμα του;",
      "option1": "Ελισσαίος",
      "option2": "Gehazi",
      "option3": "Ηλίας",
      "option4": "Amos",
      "answer": 3
    },
    {
      "ques_id": 13,
      "question": "Τι έκανε ο Θεός την έβδομη μέρα, μετά;",
      "option1": "Ξεκουρασμένος",
      "option2": "Δημιουργήθηκαν άνθρωποι",
      "option3": "Ανάθεσε στον άνθρωπο να φροντίζει τα δημιουργήματά του",
      "option4": "Δημιουργημένα πουλιά",
      "answer": 1
    },
    {
      "ques_id": 14,
      "question": "Ποιος ισχυρίστηκε ότι το χρυσό μοσχάρι απλά βγήκε από τη φωτιά;",
      "option1": "Τζόσουα",
      "option2": "Aaron",
      "option3": "Miriam",
      "option4": "Debora",
      "answer": 42
    },
    {
      "ques_id": 15,
      "question": "Τι ζήτησε ο βασιλιάς Σολομών όταν του εμφανίστηκε ο Θεός σε όνειρο",
      "option1": "Μακρά ζωή και γνώση",
      "option2": "Σοφία [για να κρίνεις μεταξύ καλού και κακού]",
      "option3": "Πλούτος",
      "option4": "Χρήματα",
      "answer": 2
    },
    {
      "ques_id": 16,
      "question": "Συμπληρώστε την παροιμιώδη ρήση: Κάθε ανόητος, όταν σιωπά θεωρείται -------;",
      "option1": "Ειρηνικό",
      "option2": "Ηλίθιο",
      "option3": "Σοφός",
      "option4": "Αγέρωχος",
      "answer": 3
    },
    {
      "ques_id": 17,
      "question": "Πώς πρέπει να λάβει κανείς τη βασιλεία του Θεού;",
      "option1": "Με κρυφά κίνητρα",
      "option2": "Σαν παιδί",
      "option3": "Με περηφάνια",
      "option4": "Μέσω αντιπροσώπων",
      "answer": 2
    },
    {
      "ques_id": 18,
      "question": "Πώς λεγόταν η πρώτη γυναίκα του Αβραάμ",
      "option1": "Σάρα",
      "option2": "Miriam",
      "option3": "Roda",
      "option4": "Ρουθ",
      "answer": 1
    },
    {
      "ques_id": 19,
      "question": "Ο βασιλιάς Σαούλ παρήκουσε την εντολή του Ιεχωβά και χάρισε τη ζωή αυτού του Αμελεκίτη βασιλιά",
      "option1": "Μπαλάκ",
      "option2": "Dagon",
      "option3": "Agag",
      "option4": "Nathan",
      "answer": 3
    },
    {
      "ques_id": 20,
      "question": "Σε τι γράφτηκαν οι δέκα εντολές",
      "option1": "Δύο κύλινδροι",
      "option2": "Δύο πέτρινες πλάκες",
      "option3": "Τα τείχη της Ιεριχούς",
      "option4": "Δύο βιβλία",
      "answer": 1
    }
  ],
  "Δάσκαλος": [
    {
      "ques_id": 1,
      "question": "Για ποιον καταγράφηκε ότι \"όλοι συλλογίζονταν στις καρδιές τους\" Ίσως αυτός να είναι ο Χριστός;",
      "option1": "Ηλίας",
      "option2": "Γιάννης",
      "option3": "Malachi",
      "option4": "Πέτρος",
      "answer": 2
    },
    {
      "ques_id": 2,
      "question": "Πώς λέγονται οι γονείς του Ιωσήφ",
      "option1": "Jacob and Rebeka",
      "option2": "Jacob and Leah",
      "option3": "Jacob and Rachel",
      "option4": "Jacob and Ruth",
      "answer": 3
    },
    {
      "ques_id": 3,
      "question": "Από όλους τους ανθρώπους που αναφέρονται στη Βίβλο, ποιος έζησε περισσότερο;",
      "option1": "Μεθουσάλα",
      "option2": "JJared",
      "option3": "Αβραάμ",
      "option4": "Αδάμ",
      "answer": 1
    },
    {
      "ques_id": 4,
      "question": "Τι είπε ο Ιησούς σε αυτούς που κατηγόρησαν τη μοιχίδα;",
      "option1": "Ιδού, δεν υπάρχει δίκαιος",
      "option2": "Όποιος είναι αναμάρτητος, ας ρίξει πρώτα μια πέτρα",
      "option3": "Αλίμονο σε σένα που κατηγορείς αυτήν τη γυναίκα",
      "option4": "σκοτώστε την",
      "answer": 2
    },
    {
      "ques_id": 5,
      "question": "Σε ποια πόλη θα πάνε όλα τα έθνη μια μέρα να προσκυνήσουν τον Θεό;",
      "option1": "Δαμασκός",
      "option2": "Ιερουσαλήμ",
      "option3": "Κιλικία",
      "option4": "Ιούδας",
      "answer": 2
    },
    {
      "ques_id": 6,
      "question": "Ποιος από τους απογόνους του Δαβίδ θα βασιλεύει για πάντα",
      "option1": "Ροβοάμ",
      "option2": "Ιησούς",
      "option3": "Solomon",
      "option4": "Ιεροβοάμ",
      "answer": 2
    },
    {
      "ques_id": 7,
      "question": "Ποια ήταν η αφοσιωμένη μητέρα του Τιμόθεου",
      "option1": "Λόις",
      "option2": "Phoebe",
      "option3": "Eunice",
      "option4": "Μαγδαληνή",
      "answer": 3
    },
    {
      "ques_id": 8,
      "question": "Γιατί ο βασιλιάς Σολομών απομακρύνθηκε από τον Θεό όταν ήταν γέρος",
      "option1": "Οι ξένες γυναίκες του έστρεψαν την καρδιά του μετά από άλλους θεούς",
      "option2": "Έγινε περήφανος",
      "option3": "Αγαπούσε τις γυναίκες περισσότερο από τον Θεό",
      "option4": "Λάτρευε τα είδωλα",
      "answer": 1
    },
    {
      "ques_id": 9,
      "question": "Ποιος κατέφυγε στη σκηνή του Ιεχωβά για ασφάλεια, αλλά σκοτώθηκε εκεί ούτως ή άλλως;",
      "option1": "Ιωάβ",
      "option2": "Σαούλ",
      "option3": "Ammon",
      "option4": "Ησαύ",
      "answer": 1
    },
    {
      "ques_id": 10,
      "question": "Ποιος βασιλιάς ονειρεύτηκε ένα μεγάλο άγαλμα ενός ανθρώπου από διαφορετικά μέταλλα",
      "option1": "Αχαάβ",
      "option2": "David",
      "option3": "μαλάχ",
      "option4": "Ναβουχοδονόσορ",
      "answer": 4
    },
    {
      "ques_id": 11,
      "question": "Πού είναι το \"καλύτερο μέρος για προσευχή\";",
      "option1": "Στην ντουλάπα σου με την πόρτα κλειστή",
      "option2": "Στην εκκλησία",
      "option3": "Σε ένα ήσυχο μέρος",
      "option4": "Στο δρόμο",
      "answer": 1
    },
    {
      "ques_id": 12,
      "question": "Πού μπορεί κανείς να βρει τις λέξεις: Εμπιστεύσου τον Ιεχωβά με όλη σου την καρδιά και μη στηρίζεσαι στη δική σου κατανόηση;",
      "option1": "Παροιμίες 3:5",
      "option2": "Παροιμίες 35:3",
      "option3": "Παροιμίες 5:3",
      "option4": "Παροιμίες 6:4",
      "answer": 1
    },
    {
      "ques_id": 13,
      "question": "Όταν ο Ιησούς ήταν στην έρημο σου, τι μπήκε στον πειρασμό να μετατρέψει σε καρβέλια ψωμί;",
      "option1": "Mounds",
      "option2": "Βράχοι",
      "option3": "Πέτρες",
      "option4": "Έδαφος",
      "answer": 3
    },
    {
      "ques_id": 14,
      "question": "Τι ιδιαίτερο είχε ο Αχούδ [ένας δικαστής του Ισραήλ που σκότωσε τον Έλγκον, τον βασιλιά του Μωάβ",
      "option1": "Ήταν πολύ νέος",
      "option2": "Ήταν αριστερόχειρας",
      "option3": "Ήταν τυφλός",
      "option4": "Ήταν πολύ μεγάλος",
      "answer": 2
    },
    {
      "ques_id": 15,
      "question": "Τι συνέβη στην πόλη της Ιεριχούς αφού ο ιερέας σάλπισε τις σάλπιγγές τους",
      "option1": "Οι άνθρωποι κατέφυγαν σε άλλη χώρα",
      "option2": "Τα ζώα πέθαναν",
      "option3": "Τείχη έπεσαν",
      "option4": "Άνθρωποι μετανάστευσαν",
      "answer": 3
    },
    {
      "ques_id": 16,
      "question": "Σύμφωνα με τον Ιωάννη 1:1, αυτό που ήταν στην αρχή με τον Θεό",
      "option1": "The Word",
      "option2": "Ένας άγγελος",
      "option3": "Ιησούς",
      "option4": "Γιάννης",
      "answer": 1
    },
    {
      "ques_id": 17,
      "question": "Πόσοι Ψαλμοί υπάρχουν στο βιβλίο των Ψαλμών;",
      "option1": "150",
      "option2": "170",
      "option3": "120",
      "option4": "190",
      "answer": 1
    },
    {
      "ques_id": 18,
      "question": "Δεν θα μπει στη βασιλεία των ουρανών καθένας που μου λέει \"Κύριε, Κύριε",
      "option1": "Αυτός που κάνει το θέλημα του Θεού",
      "option2": "Αυτός που κάνει θαύματα",
      "option3": "Αυτός που βαφτίζεται",
      "option4": "Αυτός που κηρύττει τον λόγο του Θεού",
      "answer": 1
    },
    {
      "ques_id": 19,
      "question": "Ποιος ήταν ο πρώτος βασιλιάς από τις 10 φυλές του Ισραήλ;",
      "option1": "Ιεροβοάμ",
      "option2": "Rehoboth",
      "option3": "Ιωάβ",
      "option4": "Ροβοάμ",
      "answer": 1
    },
    {
      "ques_id": 20,
      "question": "Σύμφωνα με τον Ιερεμία, πόσα χρόνια έπρεπε να παραμείνει το έθνος του Ισραήλ αιχμάλωτο υπό τον Βασιλιά της Βαβυλώνας;",
      "option1": "120 χρόνια",
      "option2": "40 χρόνια",
      "option3": "70 χρόνια",
      "option4": "80 χρόνια",
      "answer": 3
    }
  ],
  "Μεγάλος δάσκαλος": [
    {
      "ques_id": 1,
      "question": "Σε ποιο ποτάμι είπαν ο Νεεμάν να πλυθεί για να απαλλαγεί από τη λέπρα;",
      "option1": "Nile",
      "option2": "Ιορδανία",
      "option3": "Γαλιλαία",
      "option4": "Η Βίβλος δεν λέει",
      "answer": 2
    },
    {
      "ques_id": 2,
      "question": "Ποιος ήταν ο πατέρας του Ροβοάμ;",
      "option1": "David",
      "option2": "Nimrod",
      "option3": "Αμπιμέλεχ",
      "option4": "Solomon",
      "answer": 4
    },
    {
      "ques_id": 3,
      "question": "Πόσο καιρό κυβέρνησε ο Δαβίδ ως βασιλιάς;",
      "option1": "Τριάντα χρόνια",
      "option2": "Σαράντα χρόνια",
      "option3": "Είκοσι πέντε χρόνια",
      "option4": "Ογδόντα χρόνια",
      "answer": 2
    },
    {
      "ques_id": 4,
      "question": "Στην εξήγηση του Ιησού για την παραβολή του σπορέα. αυτό που αντιπροσωπεύεται από τον σπόρο",
      "option1": "Πίστη",
      "option2": "Ο λόγος του Θεού",
      "option3": "Ιησούς",
      "option4": "Αγάπη",
      "answer": 2
    },
    {
      "ques_id": 5,
      "question": "Ποιο φυτό είναι ο μικρότερος από όλους τους σπόρους, αλλά όταν καλλιεργείται, είναι το μεγαλύτερο από τα βότανα;",
      "option1": "Ελιά",
      "option2": "Μουστάρδα",
      "option3": "Oak",
      "option4": "Σταφύλι",
      "answer": 2
    },
    {
      "ques_id": 6,
      "question": "Πώς λεγόταν ο Μωυσής αδελφός",
      "option1": "Alphaeus",
      "option2": "Γιάννης",
      "option3": "Aaron",
      "option4": "Τζόσουα",
      "answer": 3
    },
    {
      "ques_id": 7,
      "question": "Από ποιο μέρος του σώματος του Αδάμ δημιούργησε ο Θεός την Εύα;",
      "option1": "Καρδιά",
      "option2": "Εγκέφαλος",
      "option3": "Rib",
      "option4": "Κεφάλι",
      "answer": 3
    },
    {
      "ques_id": 8,
      "question": "Ένας άγγελος είπε στον Ζαχαρία και στην Ελισάβετ ότι θα κάνουν γιο, πώς θα τον έλεγαν",
      "option1": "Ηλίας",
      "option2": "Ιησούς",
      "option3": "Γιάννης",
      "option4": "Τζέιμς",
      "answer": 3
    },
    {
      "ques_id": 9,
      "question": "Τι σημαντικό γεγονός καταγράφεται στο κεφάλαιο 1 και 2 της Γένεσης",
      "option1": "Μεταφορές",
      "option2": "Δημιουργία",
      "option3": "Καθαρισμός",
      "option4": "Θυσία",
      "answer": 2
    },
    {
      "ques_id": 10,
      "question": "Ποια ήταν η σχέση μεταξύ του Μωυσή και του Κορέ",
      "option1": "Ήταν και οι δύο από τη φυλή του Ιούδα",
      "option2": "Ήταν αδέρφια",
      "option3": "Ήταν ξαδέρφια",
      "option4": "Ήταν φίλοι",
      "answer": 3
    },
    {
      "ques_id": 11,
      "question": "Τι είπε η Ναόμι στους ανθρώπους στη Βηθλεέμ να την καλέσουν",
      "option1": "Mara",
      "option2": "Naama",
      "option3": "Bathsheba",
      "option4": "Μαίρη",
      "answer": 1
    },
    {
      "ques_id": 12,
      "question": "Ονομάστε την Εβραία κοπέλα που παντρεύτηκε έναν Πέρση βασιλιά;",
      "option1": "Naomi",
      "option2": "Deborah",
      "option3": "Esther",
      "option4": "Jude",
      "answer": 3
    },
    {
      "ques_id": 13,
      "question": "Τι συμβολίζουν οι επτά χρυσοί λυχνοστάτες της Αποκάλυψης 1:20;",
      "option1": "Επτά εκκλησίασμα",
      "option2": "Επτά άγγελοι",
      "option3": "Επτά βασιλιάδες",
      "option4": "Επτά άτομα",
      "answer": 1
    },
    {
      "ques_id": 14,
      "question": "Πού μπορούν να βρεθούν οι ακόλουθες λέξεις: αλλά ο Θεός διάλεξε τα ανόητα πράγματα του κόσμου, για να ντροπιάσει τους σοφούς;",
      "option1": "Πράξεις",
      "option2": "Romans",
      "option3": "Α' Κορινθίους",
      "option4": "Γιάννης",
      "answer": 3
    },
    {
      "ques_id": 15,
      "question": "Τι ήταν αξιοσημείωτο για τον δίδυμο αδερφό του Ιακώβ, τον Ησαύ κατά τη γέννηση",
      "option1": "Είχε βαθιά έντονα μάτια",
      "option2": "Ήταν πολύ όμορφος",
      "option3": "Ήταν κόκκινος και τριχωτός",
      "option4": "Ήταν πολύ μαύρος",
      "answer": 3
    },
    {
      "ques_id": 16,
      "question": "Ποιος έκοψε τα μαλλιά του Σαμψών;",
      "option1": "Ο αρχαίος εχθρός του, ο Hulk",
      "option2": "Delilah",
      "option3": "Ένας άλλος άντρας",
      "option4": "Οι φίλοι του",
      "answer": 2
    },
    {
      "ques_id": 17,
      "question": "Ποιος έγραψε τα βιβλία του 1ου και του 2ου Βασιλιά;",
      "option1": "Ηλίας",
      "option2": "Ιερεμίας",
      "option3": "Gad",
      "option4": "Nathan",
      "answer": 2
    },
    {
      "ques_id": 18,
      "question": "Ποιο από τα ευαγγέλια εμφανίζεται τελευταίο στη Βίβλο",
      "option1": "Νικόδημος",
      "option2": "Γιάννης",
      "option3": "Andrews",
      "option4": "Σήμα",
      "answer": 2
    },
    {
      "ques_id": 19,
      "question": "Τι απέγινε κάποιος που το όνομά του δεν βρέθηκε γραμμένο στο βιβλίο της ζωής;",
      "option1": "Κηρύχθηκαν ανάξιοι σωτηρίας",
      "option2": "Χάθηκαν",
      "option3": "Πέθανε",
      "option4": "Ρίχτηκαν στη λίμνη της φωτιάς",
      "answer": 4
    },
    {
      "ques_id": 20,
      "question": "Ποιος ήταν ο πιο δυνατός άνθρωπος που έζησε ποτέ;",
      "option1": "Γολιάθ",
      "option2": "Samson",
      "option3": "Ιησούς",
      "option4": "Agag",
      "answer": 2
    }
  ],
  "Θρύλος": [
    {
      "ques_id": 1,
      "question": "Το βιβλίο της Γένεσης ανοίγει με την εβραϊκή λέξη \"bereshit\", ποια είναι η μετάφραση αυτής της λέξης στα αγγλικά",
      "option1": "Στην αρχή ",
      "option2": "Ας γίνει φως",
      "option3": "Όταν ακόμα δεν υπήρχε τίποτα",
      "option4": "Ο Κύριος ο Θεός είπε",
      "answer": 1,
      "reference":"Γν 1:1"
    },
    {
      "ques_id": 2,
      "question": "Αφού έβαλε τον άντρα σε βαθύ ύπνο τι του πήρε ο Κύριος ο Θεός για να χτίσει σε γυναίκα",
      "option1": "Ένα δόντι",
      "option2": "Ένα νύχι",
      "option3": "Ένα πλευρό",
      "option4": "Ένα σκέλος από μαλλιά",
      "answer": 3,
      "reference":"Γν 1:2"
    },
    {
      "ques_id": 3,
      "question": "Τι ευλόγησε πρώτα ο Κύριος ο Θεός με τα λόγια \"Γίνε γόνιμος και πολλαπλασιάστηκε\"",
      "option1": "Ο πρώτος άνδρας και γυναίκα",
      "option2": "Τα θαλάσσια πλάσματα και πουλιά",
      "option3": "Τα φυτά",
      "option4": "Τα ζώα της ξηράς",
      "answer": 1,
      "reference":"Γν 1:22"
    },
    {
      "ques_id": 4,
      "question": "Ποιος ήταν ο άγγελος του κυρίου που ανακοίνωσε στη Μαρία ότι θα συλλάβει και θα γεννήσει γιο;",
      "option1": "Γαβριήλ",
      "option2": "Michael",
      "option3": "Ραφαήλ",
      "option4": "Sealtiel",
      "answer": 1,
      "reference":"Λουκ 1:31"
    },
    {
      "ques_id": 5,
      "question": "Πώς λέγεται η μητέρα του Αγίου Ιωάννη του Βαπτιστή;",
      "option1": "Σαλώμη του Ζεβεδαίου",
      "option2": "Ελισάβετ του Ζαχαρία",
      "option3": "Η Μαρία της Κλεόφας",
      "option4": "Ηρωδιάδα του Φιλίππου",
      "answer": 2,
      "reference": "Λουκ 1:5-6"
    },
    {
      "ques_id": 6,
      "question": "Στην αρχή της αφήγησης της Ανάστασης στο ευαγγέλιο του Αγίου Ιωάννη, που αναφέρθηκε ότι πήγε στον τάφο του Ιησού νωρίς το πρωί και είδε την πέτρα να αφαιρείται;",
      "option1": "Mary of Magdala",
      "option2": "St. John",
      "option3": "Μάρθα",
      "option4": "Ένας άγγελος",
      "answer": 1,
      "reference":"Ιωάννης 20:1"
    },
    {
      "ques_id": 7,
      "question": "Στην αφήγηση της αναστάσεως στο ευαγγέλιο του Αγίου Ιωάννη, όταν ο αναστημένος Κύριος εμφανίστηκε για πρώτη φορά στη Μαρία τη Μαγδαληνή, εκείνη τον μπέρδεψε με ποιον;",
      "option1": "Ο δεσμοφύλακας",
      "option2": "Ο εκατόνταρχος",
      "option3": "Ο βαθμολογητής",
      "option4": "Ένας άγγελος",
      "answer": 3,
      "reference": "Ιωάννης 20:15"
    },
    {
      "ques_id": 8,
      "question": "Στη γενεαλογία του Ιησού που δίνεται στο Ευαγγέλιο του Αγίου Ματθαίου, πόσα σύνολα 14 γενεών αναφέρθηκαν",
      "option1": "Πέντε",
      "option2": "Μια παρτιτούρα",
      "option3": "Τρία",
      "option4": "Μια ντουζίνα",
      "answer": 3,
      "reference":"Ιωάννης 20:15"

    },
    {
      "ques_id": 9,
      "question": "Στον προφήτη Ησαΐα λέγεται ότι στο αγόρι που θα γεννηθεί από την παρθένο θα δοθεί αυτό το όνομα που σημαίνει ο Θεός - μαζί μας",
      "option1": "Ιησούς",
      "option2": "Γιάννης",
      "option3": "Εμμανουήλ",
      "option4": "Χρήστος",
      "answer": 3,
      "reference":"Mt 1:23"
    },
    {
      "ques_id": 10,
      "question": "Στη γενεολογία του Ιησού που δίνεται στο Ευαγγέλιο του Αγίου Ματθαίου, το πρώτο σύνολο των 14 γενεών που αναφέρονται ξεκίνησε με τον Αβραάμ και τελείωσε με ποιον;",
      "option1": "David",
      "option2": "Μωυσής",
      "option3": "Jacob",
      "option4": "Jesse",
      "answer": 1,
      "reference":"Mt 1:1-6"
    },
    {
      "ques_id": 11,
      "question": "\"Επειδή αφαιρέθηκε από τη σάρκα του\", πώς ονόμασε ο πρώτος άντρας την πρώτη γυναίκα;",
      "option1": "Adama",
      "option2": "Εύα",
      "option3": "Γυναίκα",
      "option4": "Γυναίκα",
      "answer": 2,
      "reference":"Γεν. 1:23"
    },
    {
      "ques_id": 12,
      "question": "Τι έδωσε ο Κύριος ο Θεός για να χρησιμεύσει ως τροφή για όλα τα ζώα της γης και όλα τα πουλιά του ουρανού",
      "option1": "Τα πράσινα φυτά",
      "option2": "Σποροφόρα φυτά",
      "option3": "Σποροφόρα οπωροφόρα δέντρα",
      "option4": "Οτιδήποτε βρώσιμο",
      "answer": 1,
      "reference":"Gn 1:30"
    },
    {
      "ques_id": 13,
      "question": "Σε ποια ημέρα της δημιουργίας δημιούργησε ο Θεός τον ήλιο και τη σελήνη;",
      "option1": "Πρώτα",
      "option2": "Δεύτερο",
      "option3": "Τρίτο",
      "option4": "Τέταρτο",
      "answer": 4,
      "reference":"Γεν. 1:26-31"
    },
    {
      "ques_id": 14,
      "question": "Πόσων χρονών ήταν ο Δαβίδ όταν χρίστηκε βασιλιάς του Ισραήλ;",
      "option1": "50",
      "option2": "20",
      "option3": "35",
      "option4": "30",
      "answer": 4,
      "reference":"2 Σαμουήλ 5:4"
    },
    {
      "ques_id": 15,
      "question": "Ποιος άλλος εκτός από τους σοφούς ήρθε να επισκεφτεί τον Ιησού όταν ήταν μικρό παιδί.",
      "option1": "Τοξότες",
      "option2": "Βοσκοί",
      "option3": "Κυνηγοί",
      "option4": "Farmers",
      "answer": 2
    },
    {
      "ques_id": 16,
      "question": "Τι ύψος ήταν ο Γολιάθ;",
      "option1": "6 πήχεις και ένα άνοιγμα",
      "option2": "8 πήχεις",
      "option3": "10 πήχεις και ένα άνοιγμα",
      "option4": "12 πήχεις",
      "answer": 1,
      "reference":"1 Σαμουήλ 1:4"
    },
    {
      "ques_id": 17,
      "question": "Τι είπε ο Παύλος ότι ήταν η εκπλήρωση του νόμου;",
      "option1": "Πίστη",
      "option2": "Προσευχή",
      "option3": "Αγάπη",
      "option4": "Γάμος",
      "answer": 3,
      "reference":"Ρωμαίους 13:10"
    },
    {
      "ques_id": 18,
      "question": "Ποιο είναι το συντομότερο κεφάλαιο στη Βίβλο",
      "option1": "Ψαλμός 117",
      "option2": "Ψαλμός 18",
      "option3": "Mark 10",
      "option4": "Ιωάννης 4",
      "answer": 1,
      "reference":"Ψαλμός 117"
    },
    {
      "ques_id": 19,
      "question": "Ποιος είπε, \"Ασήμι και χρυσάφι δεν έχω, αλλά όσα έχω σου δίνω\"",
      "option1": "Paul",
      "option2": "James",
      "option3": "Πέτρος",
      "option4": "Timothy",
      "answer": 3,
      "reference":"Πράξεις 3:6"
    },
    {
      "ques_id": 20,
      "question": "Ποια ήταν η ηλικία του Μωυσή [χρόνια] την εποχή του θανάτου του",
      "option1": "120",
      "option2": "100",
      "option3": "150",
      "option4": "80",
      "answer": 1,
      "reference":"Δευτερονόμιο 34:7"
    }
  ],
  "Εκτός αυτού του κόσμου": [
    {
      "ques_id": 1,
      "question": "Ποιος ήταν ο γηραιότερος άνθρωπος που έχει καταγραφεί στη Βίβλο;",
      "option1": "Μεθουσάλα",
      "option2": "Αδάμ",
      "option3": "Αβραάμ",
      "option4": "Solomon",
      "answer": 1,
      "reference":"Γένεση 5:27"
    },
    {
      "ques_id": 2,
      "question": "Πόσων ετών ήταν το γηραιότερο άτομο που καταγράφηκε στη Βίβλο;",
      "option1": "120",
      "option2": "500",
      "option3": "800",
      "option4": "969",
      "answer": 4,
      "reference":"Γένεση 5:27"
    },
    {
      "ques_id": 3,
      "question": "Τι σημαίνει Jahwe-Schammmah;",
      "option1": "Ο Θεός μαζί μας",
      "option2": "Ο ίδιος ο Θεός",
      "option3": "Ιησούς γιος του Θεού",
      "option4": "Αιώνια ζωή",
      "answer": 2,
      "reference":"Ιεζεκιήλ 48:35"
    },
    {
      "ques_id": 4,
      "question": "Πόσα χρόνια ακόμη ο Θεός πρόσθεσε στη ζωή του βασιλιά Εζεκία ως απάντηση στην προσευχή του βασιλιά που πεθαίνει;",
      "option1": "20",
      "option2": "50",
      "option3": "15",
      "option4": "100",
      "answer": 3,
      "reference":"Β' Βασιλέων 20:6"
    },
    {
      "ques_id": 5,
      "question": "Ποιους προφήτες του Κυρίου συμβουλεύτηκε ο βασιλιάς Ιωσίας του Ιούδα;",
      "option1": "Amos",
      "option2": "Ηλίας",
      "option3": "Ελισσαίος",
      "option4": "Huldah",
      "answer": 4,
      "reference":" Β' Βασιλέων 22:14-16"
    },
    {
      "ques_id": 6,
      "question": "Ποια τελετή επανέφερε ο βασιλιάς Ιωσίας που δεν είχε γιορταστεί από κανέναν από τους προηγούμενους βασιλιάδες του Ισραήλ ή του Ιούδα;;",
      "option1": "Πάσχα",
      "option2": "Τελετουργικό θυσίας",
      "option3": "λατρεία",
      "option4": "Περιτομή",
      "answer": 1,
      "reference":"Β' Βασιλέων 23:21"
    },
    {
      "ques_id": 7,
      "question": "Από ποια φυλή του Ισραήλ ήταν ο βασιλιάς Σαούλ;",
      "option1": "Ιούδα",
      "option2": "Benjamin",
      "option3": "Αμονίτες",
      "option4": "Ισραήλ",
      "answer": 2,
      "reference":"1 Σαμουήλ 9:21"
    },
    {
      "ques_id": 8,
      "question": "Μετά την επιστροφή της κιβωτού στο Ισραήλ, ποια θυσία πρόσφερε ο Σαμουήλ στον Κύριο;",
      "option1": "A-he goat",
      "option2": "Ανθρωποθυσία",
      "option3": "Θυσίασε σοδειές κήπων",
      "option4": "Αρνί θηλάζον",
      "answer": 4,
      "reference":"1 Σαμουήλ 7:9"
    },
    {
      "ques_id": 9,
      "question": "Πώς λεγόταν η γυναίκα του βασιλιά Σαούλ;",
      "option1": "Debora",
      "option2": "Naume",
      "option3": "Ahinoam",
      "option4": "Ρουθ",
      "answer": 3,
      "reference":"1 Σαμουήλ 14:50"
    },
    {
      "ques_id": 10,
      "question": "Τι χρειάζεται κανείς για να καταλάβει τον λόγο του Θεού;",
      "option1": "Γνώση",
      "option2": "Άγιο Πνεύμα",
      "option3": "Σοφία",
      "option4": "Προσευχές",
      "answer": 2,
      "reference":"Α' Κορινθίους 2:11"
    },
    {
      "ques_id": 11,
      "question": "Ποιος είπε ο Παύλος ότι τον έκρινε;",
      "option1": "Θεός",
      "option2": "Terah",
      "option3": "Ρούμπεν",
      "option4": "Βελτάσαρ",
      "answer": 1,
      "reference": "Α' Κορινθίους 4:4"
    },
    {
      "ques_id": 12,
      "question": "Την Ημέρα της Πεντηκοστής, ακούστηκε ένας ήχος από τον Παράδεισο για ορμή____;",
      "option1": "Thunder",
      "option2": "Βροχή",
      "option3": "Άνεμος",
      "option4": "δυνατός θόρυβος",
      "answer": 3,
      "reference":"Πράξεις 2:2"
    },
    {
      "ques_id": 13,
      "question": "Ποιος προσφέρθηκε να πληρώσει χρήματα για τη δύναμη να δώσει το Άγιο πνεύμα;",
      "option1": "Γιάννης",
      "option2": "Ζαχαρίας",
      "option3": "Simon",
      "option4": "Ηρώδης",
      "answer": 3,
      "reference":"Πράξεις 8"
    },
    {
      "ques_id": 14,
      "question": "Όταν ο Ιησούς μετέτρεψε το νερό σε κρασί, μετέτρεψε το νερό που ήταν σε πέτρινα πιθάρια. Σε τι χρησίμευαν συνήθως αυτά τα πέτρινα πιθάρια;",
      "option1": "Βάπτιση",
      "option2": "Καθαρισμός",
      "option3": "Διαπραγμάτευση",
      "option4": "Τελετουργικό πλύσιμο",
      "answer": 4,
      "reference":"Ιωάννης 2:6"
    },
    {
      "ques_id": 15,
      "question": "Ποιος ήταν ο πατέρας του Νεμρώδ;",
      "option1": "Andrew",
      "option2": "Τζόσουα",
      "option3": "Σαμψών",
      "option4": "Cush",
      "answer": 4,
      "reference":"1 Chronicles 1:10"
    },
    {
      "ques_id": 16,
      "question": "ποια ήταν τα ονόματα των δύο γιων του Αβραάμ (με σειρά γέννησής τους);",
      "option1": "Isaac and Jacob",
      "option2": "Ισμαήλ και Ισαάκ",
      "option3": "Ιωσήφ και Ιακώβ",
      "option4": "Κάιν και Ισαάκ",
      "answer": 2,
      "reference": "Γένεση 16:1-16, 1 Χρονικών 1:28"
    },
    {
      "ques_id": 17,
      "question": "Ποια ήταν τα ονόματα των τριών γιων του Νώε με τη σειρά των καταλόγων της Βίβλου που βρίσκονται;",
      "option1": "Χαμ, Ιωσήφ, Ιάφεθ",
      "option2": "Japhet, Ham, Isaac",
      "option3": "Σεμ, Χαμ και Ιάφεθ",
      "option4": "Shem, Ham, Joseph",
      "answer": 3,
      "reference":"Γένεση 9:18-19, 1 Χρονικών 1:4"
    },
    {
      "ques_id": 18,
      "question": "Ο άρχοντας άλλαξε το όνομα του Αβραάμ σε Αβραάμ όταν ήταν 99 ετών. πώς ήταν το όνομά του πριν;",
      "option1": "Αδάμ",
      "option2": "Abram",
      "option3": "Alpha",
      "option4": "Agag",
      "answer": 2,
      "reference": "Γένεση 17:1-5"
    },
    {
      "ques_id": 19,
      "question": "Πόσων χρονών ήταν ο Αβραάμ όταν γεννήθηκε ο Ισαάκ;",
      "option1": "103",
      "option2": "90",
      "option3": "100",
      "option4": "50",
      "answer": 3,
      "reference": "Γένεση 21:5"
    },
    {
      "ques_id": 20,
      "question": "Πόσα βιβλία στη Βίβλο έχουν τη λέξη \"Γιάννης\" στον τίτλο τους;",
      "option1": "4",
      "option2": "3",
      "option3": "1",
      "option4": "5",
      "answer": 1,
      "reference": "Γιάννης"
    }
  ]
}