{

  "Iniciante": [

    {

      "ques_id": 1,

      "question": "Quem é o primeiro homem que já viveu?",

      "option1": "Metusalém",

      "option2": "Abraão",

      "option3": "Moisés",

      "option4": "Adão",

      "answer": 4

    },

    {

      "ques_id": 2,

      "question": "Quem foi engolido por um peixe muito grande?",

      "option1": "Jesus",

      "option2": "Jonas",

      "option3": "Sansão",

      "option4": "Pedro",

      "answer": 2

    },

    {

      "ques_id": 3,

      "question": "Quem é a pessoa que Deus usou para tirar os israelitas do Egito",

      "option1": "Aarão",

      "option2": "Abraão",

      "option3": "Moisés",

      "option4": "Jeremias",

      "answer": 3

    },

    {

      "ques_id": 4,

      "question": "Quem foi a pessoa que matou Golias",

      "option1": "Davi",

      "option2": "Saulo",

      "option3": "Salomão",

      "option4": "Jonathan",

      "answer":1

    },

    {

      "ques_id": 5,

      "question": "Quem foi o primeiro Rei de Israel?",

      "option1": "Davi",

      "option2": "Saulo",

      "option3": "Salomão",

      "option4": "Moisés",

      "answer": 2

    },

    {

      "ques_id": 6,

      "question": "Que ocupação Jesus tinha antes de seu ministério",

      "option1": "Fabricante de brinquedos",

      "option2": "Pescador",

      "option3": "Guardião da vinha",

      "option4": "Carpinteiro",

      "answer": 4

    },

    {

      "ques_id": 7,

      "question": "Qual é o nome da cidade em que Jesus nasceu?",

      "option1": "Jerusalém",

      "option2": "Belém",

      "option3": "Galiléia",

      "option4": "Nazaré",

      "answer": 2

    },

    {

      "ques_id": 8,

      "question": "Qual é o nome do mar sobre o qual Jesus andou",

      "option1": "Mar da Galileia",

      "option2": "Mar Morto",

      "option3": "Ler mar",

      "option4": "Mar Mediterrâneo",

      "answer":1

    },

    {

      "ques_id": 9,

      "question": "Qual é o nome do rio em que João Batista batizou as pessoas?",

      "option1": "Eufrates",

      "option2": "Nilo",

      "option3": "Jordânia",

      "option4": "Tigre",

      "answer": 3

    },

    {

      "ques_id": 10,

      "question": "Qual é o nome do irmão de André? (Ambos eram discípulos)",

      "option1": "Pedro",

      "option2": "João",

      "option3": "James",

      "option4": "Adão",

      "answer":1

    },

    {

      "ques_id": 11,

      "question": "Qual era o nome de Jesus Mãe?",

      "option1": "Maria",

      "option2": "Marta",

      "option3": "Zípora",

      "option4": "Sara",

      "answer":1

    },

    {

      "ques_id": 12,

      "question": "Qual era o nome do jardim onde Adão e Eva viviam?",

      "option1": "Terra de Nod",

      "option2": "Jardim do Éden",

      "option3": "Belém",

      "option4": "Jardim do Vale",

      "answer": 2

    },

    {

      "ques_id": 13,

      "question": "Com que comida Jesus alimentou 5.000 pessoas",

      "option1": "Vinho",

      "option2": "Pães e vinho",

      "option3": "Pães e peixes",

      "option4": "Água",

      "answer": 3

    },

    {

      "ques_id": 14,

      "question": "Que método os romanos usaram para matar jesus?",

      "option1": "Apedrejado",

      "option2": "Cremação",

      "option3": "Crucificação",

      "option4": "Enforcado",

      "answer": 3

    },

    {

      "ques_id": 15,

      "question": "Quantas cestas sobraram da alimentação dos 5000?",

      "option1": "7",

      "option2": "8",

      "option3": "10",

      "option4": "12",

      "answer":1,

      "reference": "Mateus 15:13"

    },

    {

      "ques_id": 16,

      "question": "Qual discípulo encontrou uma moeda na boca de um peixe?",

      "option1": "André",

      "option2": "Paulo",

      "option3": "Pedro",

      "option4": "Timóteo",

      "answer": 3,

      "reference": "Mateus 1:24-27"

    },

    {

      "ques_id": 17,

      "question": "Em qual livro da bíblia lemos sobre Hamã",

      "option1": "Êxodo",

      "option2": "Ester",

      "option3": "Rute",

      "option4": "Malaquias",

      "answer": 2,

      "reference": "Ester 3"

    },

    {

      "ques_id": 18,

      "question": "Diga o nome da esposa do rei Agripa, que Paulo estava diante do julgamento",

      "option1": "Bernince",

      "option2": "Herodes",

      "option3": "Agague",

      "option4": "Ciafas",

      "answer":1,

      "reference": "Atos 25:23"

    },

    {

      "ques_id": 19,

      "question": "Quantos anos Enoque se tornou",

      "option1": "400",

      "option2": "350",

      "option3": "230",

      "option4": "365",

      "answer": 4,

      "reference": "Gênesis 5:23"

    },

    {

      "ques_id": 20,

      "question": "Quantos anos mais Deus acrescentou à vida do rei Ezequias em responda à oração dos reis moribundos?",

      "option1": "20",

      "option2": "15",

      "option3": "100",

      "option4": "50",

      "answer": 2,

      "reference": "2 Reis 20:6"

    }

  ],

  "Entusiasta": [

    {

      "ques_id": 1,

      "question": "Quem foi o pai de Isaac?",

      "option1": "Abraão",

      "option2": "Jacó",

      "option3": "Esaú",

      "option4": "Peleq",

      "answer":1

    },

    {

      "ques_id": 2,

      "question": "Quem foi o pai de Roboão?",

      "option1": "Davi",

      "option2": "Nimrod",

      "option3": "Abimeleque",

      "option4": "Salomão",

      "answer": 4

    },

    {

      "ques_id": 3,

      "question": "Quem foi o pai de Matusalém?",

      "option1": "Elias",

      "option2": "Enock",

      "option3": "Seth",

      "option4": "Jared",

      "answer": 2

    },

    {

      "ques_id": 4,

      "question": "Quem matou João Batista?",

      "option1": "César",

      "option2": "Pilatos",

      "option3": "Herold",

      "option4": "Caifás",

      "answer": 3

    },

    {

      "ques_id": 5,

      "question": "Quem foi a primeira pessoa morta porque acreditou em Cristo?",

      "option1": "Pedro",

      "option2": "João",

      "option3": "Barnabé",

      "option4": "Stephen",

      "answer": 4

    },

    {

      "ques_id": 6,

      "question": "Para onde Saulo estava indo quando viu Jesus?",

      "option1": "Damasco",

      "option2": "Grécia",

      "option3": "Roma",

      "option4": "Jerusalém",

      "answer":1

    },

    {

      "ques_id": 7,

      "question": "Onde Jesus passou a maior parte de sua vida na terra?",

      "option1": "Jerusalém",

      "option2": "Nazaré",

      "option3": "Monte das Oliveiras",

      "option4": "Egito",

      "answer": 2

    },

    {

      "ques_id": 8,

      "question": "Que Salmo começa, 'O Senhor é meu pastor?'",

      "option1": "Salmo 91",

      "option2": "Salmo 1",

      "option3": "Salmo 104",

      "option4": "Salmo 23",

      "answer": 4

    },

    {

      "ques_id": 9,

      "question": "Qual era a ocupação de Paulo enquanto viajava como missionário?",

      "option1": "Pastor",

      "option2": "Vendedor de roxo",

      "option3": "Fabricante de tendas",

      "option4": "Escrito",

      "answer": 3

    },

    {

      "ques_id": 10,

      "question": "Qual é o nome da Ilha em que Barnabé viveu?",

      "option1": "Grécia",

      "option2": "Chipre",

      "option3": "Rodes",

      "option4": "Ilha de Páscoa",

      "answer": 2

    },

    {

      "ques_id": 11,

      "question": "Quando ele foi abordado por Jesus, que disse: 'O que você tem a ver comigo, Jesus, Filho do Deus Altíssimo? Eu te conjuro por Deus, não me atormente'.?",

      "option1": "Legião",

      "option2": "Terah",

      "option3": "Rúben",

      "option4": "Belsazar",

      "answer":1

    },

    {

      "ques_id": 12,

      "question": "Qual pássaro Jesus diz que temos mais valor?",

      "option1": "Águia",

      "option2": "Abutre",

      "option3": "Pardal",

      "option4": "Pomba",

      "answer": 3

    },

    {

      "ques_id": 13,

      "question": "Quais irmãs se casaram com Jacob?",

      "option1": "Dorcas e Leah",

      "option2": "Maria e Raquel",

      "option3": "Rachel e Leah",

      "option4": "Sarai e Hannah",

      "answer": 3

    },

    {

      "ques_id": 14,

      "question": "Para qual terra Deus enviou Abraão para sacrificar seu filho especial, Isaque?",

      "option1": "Canã",

      "option2": "Macedônia",

      "option3": "Chipre",

      "option4": "Moriah",

      "answer": 4

    },

    {

      "ques_id": 15,

      "question": "Que profetisa do Senhor o rei Josias de Judá consultou",

      "option1": "Débora",

      "option2": "Hulda",

      "option3": "Naom",

      "option4": "Rute",

      "answer": 2,

      "reference": "2 Reis 22:12-16"

    },

    {

      "ques_id": 16,

      "question": "Nome do filho primogênito de Samuel?",

      "option1": "Josué",

      "option2": "Joel",

      "option3": "Jonathan",

      "option4": "José",

      "answer": 2,

      "reference": "1 Samnuel 8:2"

    },

    {

      "ques_id": 17,

      "question": "Qual era o nome da esposa do rei Saul?",

      "option1": "Boa",

      "option2": "Misericórdia",

      "option3": "Ahinoam",

      "option4": "Noam",

      "answer": 3,

      "reference": "1 Samuel 14:50"

    },

    {

      "ques_id": 18,

      "question": "O que é necessário para alguém entender a palavra de Deus?",

      "option1": "Oração",

      "option2": "Amor",

      "option3": "Espírito Santo",

      "option4": "Anjos",

      "answer": 3,

      "reference": "1 Coríntios 2:11"

    },

    {

      "ques_id": 19,

      "question": "Quem disse que Paulo o julgou?",

      "option1": "Satanás",

      "option2": "Deus",

      "option3": "Amigo",

      "option4": "Pedro",

      "answer": 2,

      "reference": "1 Coríntios 4:4"

    },

    {

      "ques_id": 20,

      "question": "________ adiado deixa o coração doente?",

      "option1": "Confiar",

      "option2": "Esperança",

      "option3": "Amor",

      "option4": "Orações",

      "answer": 2,

      "reference": "Provérbios 13:12"

    }

  ],

  "Intermediário": [

    {

      "ques_id": 1,

      "question": "Quem era a esposa de Moisés??",

      "option1": "Elisheba",

      "option2": "Rebeca",

      "option3": "Maria",

      "option4": "Zípora",

      "answer": 4

    },

    {

      "ques_id": 2,

      "question": "Quem foi a segunda esposa de Abraão?",

      "option1": "Ester",

      "option2": "Keturah",

      "option3": "Agar",

      "option4": "Lídia",

      "answer": 2

    },

    {

      "ques_id": 3,

      "question": "Quantos capítulos estão contidos no Sermão da Montanha?",

      "option1": "1",

      "option2": "2",

      "option3": "3",

      "option4": "7",

      "answer": 3

    },

    {

      "ques_id": 4,

      "question": "Quantas vezes Israel marchou ao redor de Jericó?",

      "option1": "13",

      "option2": "7",

      "option3": "70",

      "option4": "12",

      "answer":1

    },

    {

      "ques_id": 5,

      "question": "Quanto mede um côvado?",

      "option1": "aprox. 12 polegadas",

      "option2": "12mm",

      "option3": "aprox. 18 polegadas",

      "option4": "aprox. 36 polegadas",

      "answer": 3

    },

    {

      "ques_id": 6,

      "question": "Para onde Caim foi depois de matar Abel?",

      "option1": "Jardim do Éden",

      "option2": "Terra de Nod",

      "option3": "Cavernas de Qumran",

      "option4": "Monte Ararate",

      "answer": 2

    },

    {

      "ques_id": 7,

      "question": "Quem era o filho de Kish?",

      "option1": "Noé",

      "option2": "Apóstolo Paulo",

      "option3": "Abraão",

      "option4": "Rei Saul",

      "answer": 4

    },

    {

      "ques_id": 8,

      "question": "Onde morava Raabe?",

      "option1": "Jericó",

      "option2": "Jerusalém",

      "option3": "Nínive",

      "option4": "Ai",

      "answer":1

    },

    {

      "ques_id": 9,

      "question": "Onde Dorcas morava?",

      "option1": "Betel",

      "option2": "Jope",

      "option3": "Cesárea",

      "option4": "Antioquia",

      "answer": 2

    },

    {

      "ques_id": 10,

      "question": "Onde fica a 'Rua chamada Reta'",

      "option1": "Jerusalém",

      "option2": "Roma",

      "option3": "Babilônia",

      "option4": "Damasco",

      "answer": 4

    },

    {

      "ques_id": 11,

      "question": "Depois que ele fugiu para salvar sua vida, em qual árvore Elias dormiu",

      "option1": "Carvalho",

      "option2": "Pinho",

      "option3": "Juniper",

      "option4": "Spruce",

      "answer": 3,

      "reference": "1 Reis 19:5"

    },

    {

      "ques_id": 12,

      "question": "Judas traiu Jesus por exatamente quantas moedas de prata?",

      "option1": "30",

      "option2": "20",

      "option3": "50",

      "option4": "10",

      "answer":1,

      "reference": "Mateus 26:15"

    },

    {

      "ques_id": 13,

      "question": "Nomeie o pai de David",

      "option1": "Omã",

      "option2": "Jessé",

      "option3": "Josué",

      "option4": "Salomão",

      "answer": 2,

      "reference": "1Samuel 1:12"

    },

    {

      "ques_id": 14,

      "question": "Deus não é mencionado em apenas 1 livro da Bíblia",

      "option1": "Ester",

      "option2": "Rute",

      "option3": "Malaquias",

      "option4": "Êxodo",

      "answer":1,

      "reference": "Ester"

    },

    {

      "ques_id": 15,

      "question": "Por quantas moedas de prata Josué foi vendida por seus irmãos aos ismaelitas",

      "option1": "50",

      "option2": "12",

      "option3": "20",

      "option4": "100",

      "answer": 3,

      "reference": "Gênesis 37:28"

    },

    {

      "ques_id": 16,

      "question": "Quantos apóstolos Jesus escolheu",

      "option1": "12",

      "option2": "14",

      "option3": "10",

      "option4": "08",

      "answer":1,

      "reference": "Lucas 6:13"

    },

    {

      "ques_id": 17,

      "question": "O anjo disse a Maria que Jesus reinaria sobre a casa de qual personagem do Antigo Testamento",

      "option1": "Davi",

      "option2": "Jacó",

      "option3": "Abraão",

      "option4": "Moisés",

      "answer": 2,

      "reference": "Lucas 1:13"

    },

    {

      "ques_id": 18,

      "question": "Qual profeta disse: 'Do Egito chamei meu filho'?",

      "option1": "Jeremias",

      "option2": "Isaías",

      "option3": "Oséias",

      "option4": "Ezequiel",

      "answer": 3,

      "reference": "Oséias 11:1"

    },

    {

      "ques_id": 19,

      "question": "Que tipo de árvore Jesus amaldiçoou?",

      "option1": "Fig",

      "option2": "Vinha",

      "option3": "Pinho",

      "option4": "carvalho",

      "answer":1,

      "reference": "Marcos 11:12-14"

    },

    {

      "ques_id": 20,

      "question": "Quem Saul pediu que um médium trouxesse para ele",

      "option1": "Eli",

      "option2": "Nathan",

      "option3": "Samuel",

      "option4": "Davi",

      "answer": 3,

      "reference": "1 Samuel 28:11"

    }

  ],

  "Profissional": [

    {

      "ques_id": 1,

      "question": "Quem carregou a cruz por Cristo?",

      "option1": "Filipe",

      "option2": "Simão de Cirene",

      "option3": "Ahab",

      "option4": "Miquéias",

      "answer": 2

    },

    {

      "ques_id": 2,

      "question": "Quantos companheiros os filisteus deram a Sansão na festa em Timna?",

      "option1": "30",

      "option2": "31",

      "option3": "32",

      "option4": "33",

      "answer":1

    },

    {

      "ques_id": 3,

      "question": "Quantos anos tinha Ana, a profetisa, quando viu Jesus?",

      "option1": "83",

      "option2": "84",

      "option3": "88",

      "option4": "92",

      "answer": 2

    },

    {

      "ques_id": 4,

      "question": "O que a Rainha de Sabá deu a Salomão?",

      "option1": "(124 talentos de) ouro, especiarias e pedras preciosas",

      "option2": "(120 talentos de) ouro, especiarias e pedras preciosas",

      "option3": "(18 talentos de) ouro, especiarias e pedras preciosas",

      "option4": "(221 talentos de) ouro, especiarias e pedras preciosas",

      "answer": 2

    },

    {

      "ques_id": 5,

      "question": "Quantos livros existem no Antigo Testamento?",

      "option1": "37",

      "option2": "38",

      "option3": "39",

      "option4": "40",

      "answer": 3

    },

    {

      "ques_id": 6,

      "question": "Em quantos rios o rio no Éden se dividiu quando saiu do jardim?",

      "option1": "4",

      "option2": "3",

      "option3": "6",

      "option4": "8",

      "answer":1

    },

    {

      "ques_id": 7,

      "question": "O que José queria fazer quando descobriu que Maria estava grávida?",

      "option1": "Dar uma festa",

      "option2": "Divorciar-se dela",

      "option3": "Fugir",

      "option4": "Nenhuma das opções acima",

      "answer": 2

    },

    {

      "ques_id": 8,

      "question": "De que cor era o manto do Sumo Sacerdote?",

      "option1": "Azul",

      "option2": "Branco",

      "option3": "Verde",

      "option4": "Vermelho",

      "answer":1

    },

    {

      "ques_id": 9,

      "question": "O que Boaz disse que Noemi estava vendendo?",

      "option1": "Uma parcela de terra",

      "option2": "Ouro",

      "option3": "Seu filho",

      "option4": "Comida",

      "answer":1

    },

    {

      "ques_id": 10,

      "question": "Na parábola dos devedores, um devia 500 denários (pence), mas quanto o outro devia",

      "option1": "70",

      "option2": "50",

      "option3": "45",

      "option4": "80",

      "answer": 2

    },

    {

      "ques_id": 11,

      "question": "Quanto do espírito de Elias Eliseu recebeu?",

      "option1": "Pequeno",

      "option2": "Porção única",

      "option3": "Saudável",

      "option4": "Porção dupla",

      "answer": 4

    },

    {

      "ques_id": 12,

      "question": "O que havia de incomum nos 700 soldados benjamitas que podiam atirar uma pedra e acertar o alvo todas as vezes?",

      "option1": "Eles eram todos canhotos",

      "option2": "Todos se pareciam",

      "option3": "Eles não tinham sapatos",

      "option4": "Nenhuma das opções acima",

      "answer":1

    },

    {

      "ques_id": 13,

      "question": "Qual era a relação de Anás com Caifás?",

      "option1": "Irmão",

      "option2": "Tio",

      "option3": "Primos",

      "option4": "Sogro",

      "answer": 4

    },

    {

      "ques_id": 14,

      "question": "O que você não deve 'jogar aos porcos'",

      "option1": "Seixos",

      "option2": "Pedras",

      "option3": "Pérolas",

      "option4": "Pau",

      "answer": 3

    },

    {

      "ques_id": 15,

      "question": "Quando na prisão, a que horas Paulo e Silas oraram e cantaram para Deus?",

      "option1": "Manhã",

      "option2": "Tarde",

      "option3": "Noite",

      "option4": "Meia-noite",

      "answer": 4

    },

    {

      "ques_id": 16,

      "question": "O que Daniel e seus três amigos comeram em vez da comida e bebida do rei?",

      "option1": "Pão",

      "option2": "Vinho e pão",

      "option3": "Pulsos e água",

      "option4": "Nada",

      "answer": 3

    },

    {

      "ques_id": 17,

      "question": "Qual é o nome do primo de Jesus, nascido seis meses antes dele?",

      "option1": "João",

      "option2": "Pedro",

      "option3": "Paulo",

      "option4": "Michael",

      "answer":1

    },

    {

      "ques_id": 18,

      "question": "Em qual cidade o Rei Herodes morava na época do nascimento de Jesus?",

      "option1": "Jerusalém",

      "option2": "Roma",

      "option3": "Babilônia",

      "option4": "Belém",

      "answer":1

    },

    {

      "ques_id": 19,

      "question": "Quantas pragas Deus enviou sobre o Egito?",

      "option1": "4",

      "option2": "8",

      "option3": "10",

      "option4": "12",

      "answer": 3

    },

    {

      "ques_id": 20,

      "question": "Por quantas moedas de prata Judas traiu Cristo?",

      "option1": "20",

      "option2": "30",

      "option3": "40",

      "option4": "50",

      "answer": 2

    },

    {

      "ques_id": 21,

      "question": "Por quantos dias Jesus apareceu aos seus discípulos depois de sua ressurreição?",

      "option1": "30",

      "option2": "7",

      "option3": "40",

      "option4": "11",

      "answer": 3

    },

    {

      "ques_id": 22,

      "question": "Quantas igrejas da Ásia Menor foram listadas no Apocalipse?",

      "option1": "7",

      "option2": "8",

      "option3": "9",

      "option4": "10",

      "answer":1

    }

  ],

  "Gênio": [

    {

      "ques_id": 1,

      "question": "Quem era filho de Eleazar, filho de Arão?",

      "option1": "Putiel",

      "option2": "Corá",

      "option3": "Phinehas",

      "option4": "Izar",

      "answer": 3

    },

    {

      "ques_id": 2,

      "question": "Quem era o filho de Onri, rei de Israel?",

      "option1": "Ahab",

      "option2": "Joram",

      "option3": "Zimri",

      "option4": "Ginath",

      "answer":1

    },

    {

      "ques_id": 3,

      "question": "Quem era o marido de Noemi do livro de Rute?",

      "option1": "Boaz",

      "option2": "Elcana",

      "option3": "Obed",

      "option4": "Elimelec",

      "answer": 4

    },

    {

      "ques_id": 4,

      "question": "Quantas letras há no nome mais longo da Bíblia?",

      "option1": "16",

      "option2": "18",

      "option3": "22",

      "option4": "25",

      "answer": 2

    },

    {

      "ques_id": 5,

      "question": "Quem matou Sísera?",

      "option1": "Davi",

      "option2": "Ahab",

      "option3": "Saulo",

      "option4": "Jael",

      "answer": 4

    },

    {

      "ques_id": 6,

      "question": "Qual era a largura da arca de Noé?",

      "option1": "35 côvados",

      "option2": "50 côvados",

      "option3": "75 côvados",

      "option4": "90 côvados",

      "answer": 2

    },

    {

      "ques_id": 7,

      "question": "Qual era a largura da Arca da Aliança?",

      "option1": "1,5 côvados",

      "option2": "2 côvados",

      "option3": "3 côvados",

      "option4": "1 côvado",

      "answer":1

    },

    {

      "ques_id": 8,

      "question": "Qual era o nome do servo de Eliseu?",

      "option1": "Jeorão",

      "option2": "Shaphat",

      "option3": "Geazi",

      "option4": "Hazael",

      "answer": 3

    },

    {

      "ques_id": 9,

      "question": "Qual era o nome do famoso professor de Paul?",

      "option1": "Justo",

      "option2": "Gamaliel",

      "option3": "Caifás",

      "option4": "Sócrates",

      "answer": 2

    },

    {

      "ques_id": 10,

      "question": "Que juiz de Israel nasceu em Belém?",

      "option1": "Davi",

      "option2": "Ibzan",

      "option3": "Débora",

      "option4": "Gideão",

      "answer": 2

    },

    {

      "ques_id": 11,

      "question": "Quando ele foi abordado por Jesus, que disse: 'O que você tem a ver comigo, Jesus, Filho do Deus Altíssimo? Eu te conjuro por Deus, não me atormente'.?",

      "option1": "Legião",

      "option2": "Terah",

      "option3": "Rúben",

      "option4": "Belsazar",

      "answer":1

    },

    {

      "ques_id": 12,

      "question": "Qual pássaro Jesus diz que temos mais valor?",

      "option1": "Águia",

      "option2": "Abutre",

      "option3": "Pardal",

      "option4": "Pomba",

      "answer": 3

    },

    {

      "ques_id": 13,

      "question": "Quais irmãs se casaram com Jacob?",

      "option1": "Dorcas e Leah",

      "option2": "Maria e Raquel",

      "option3": "Rachel e Leah",

      "option4": "Sarai e Hannah",

      "answer": 3

    },

    {

      "ques_id": 14,

      "question": "Para qual terra Deus enviou Abraão para sacrificar seu filho especial, Isaque?",

      "option1": "Canã",

      "option2": "Macedônia",

      "option3": "Chipre",

      "option4": "Moriah",

      "answer": 4

    },

    {

      "ques_id": 15,

      "question": "De qual Salmo é o versículo 'Ele me faz deitar em pastos verdes, ele me conduz a águas tranquilas'?",

      "option1": "25",

      "option2": "22",

      "option3": "30",

      "option4": "23",

      "answer": 4,

      "reference": "Salmos 23;2"

    },

    {

      "ques_id": 16,

      "question": "O temor do senhor é o princípio de ........",

      "option1": "Conhecimento",

      "option2": "Sabedoria",

      "option3": "Dinheiro",

      "option4": "Amor",

      "answer":1,

      "reference": ""

    },

    {

      "ques_id": 17,

      "question": "Qual cidade o Senhor disse a Jonas para pregar contra ?",

      "option1": "Jerusalém",

      "option2": "Nínive",

      "option3": "Babilônia",

      "option4": "Judá",

      "answer": 2,

      "reference": "Jonas 1:2"

    },

    {

      "ques_id": 18,

      "question": "Qual destes livros [Filipenses, Colossenses, Gálatas ou Efésios] vem primeiro na Bíblia",

      "option1": "Colossenses",

      "option2": "Gálatas",

      "option3": "Efésios",

      "option4": "Filipenses",

      "answer": 2,

      "reference": "Novo Testamento, cartas de Paulo"

    },

    {

      "ques_id": 19,

      "question": "Quantos capítulos tem o Livro Hebreus?",

      "option1": "13",

      "option2": "15",

      "option3": "10",

      "option4": "16",

      "answer":1,

      "reference": "Hebreus 1-13"

    },

    {

      "ques_id": 20,

      "question": "Qual é o nome dos ventos de tempestade que podem atingir Creta?",

      "option1": "Lua",

      "option2": "Euroklydon",

      "option3": "Estouro",

      "option4": "Nenhuma das opções acima",

      "answer": 2,

      "reference": "Atos 2:14"

    }

  ],

  "Especialista": [

    {

      "ques_id": 1,

      "question": "Qual destes não era um rei de Israel ou de Judá",

      "option1": "Senaqueribe",

      "option2": "Jeoiaquim",

      "option3": "Zedequias",

      "option4": "Davi",

      "answer":1

    },

    {

      "ques_id": 2,

      "question": "Quem persuadiu Sansão a revelar o segredo da grande força",

      "option1": "Dinah",

      "option2": "Rute",

      "option3": "Dália",

      "option4": "Marta",

      "answer": 3

    },

    {

      "ques_id": 3,

      "question": "E o teu céu que está sobre a tua cabeça será _____, e a terra que está debaixo de ti será de ferro",

      "option1": "Latão",

      "option2": "Aço",

      "option3": "Prata",

      "option4": "Ouro",

      "answer":1

    },

    {

      "ques_id": 4,

      "question": "Onde se pode encontrar as palavras: Confie em Jeová de todo o seu coração e não se apoie em seu próprio entendimento",

      "option1": "Provérbios 3:5",

      "option2": "Provérbios 5:3",

      "option3": "Provérbios 35:3",

      "option4": "Provérbios 4:3",

      "answer":1

    },

    {

      "ques_id": 5,

      "question": "qual discípulo negou jesus três vezes",

      "option1": "Pedro",

      "option2": "André",

      "option3": "João",

      "option4": "Judas",

      "answer":1

    },

    {

      "ques_id": 6,

      "question": "A memória dos justos é abençoada, mas o nome dos ímpios será",

      "option1": "Ganhar",

      "option2": "Apodrecer",

      "option3": "Bloom",

      "option4": "florescer",

      "answer": 2

    },

    {

      "ques_id": 7,

      "question": "Antes de Jesus começar a pregar, qual era o trabalho dele?",

      "option1": "carpinteiro",

      "option2": "acadêmico",

      "option3": "Doutor",

      "option4": "Professor",

      "answer":1

    },

    {

      "ques_id": 8,

      "question": "Zoan foi usado na bíblia como um paralelo para qual nação'",

      "option1": "Egito",

      "option2": "Assíria",

      "option3": "Babilônia",

      "option4": "Sinai",

      "answer":1

    },

    {

      "ques_id": 9,

      "question": "Qual personagem do Antigo Testamento mostrou sua fé ao estar disposto a oferecer seu filho em altar a Deus",

      "option1": "Noé",

      "option2": "Abraão",

      "option3": "shealtiel",

      "option4": "Moisés",

      "answer": 2

    },

    {

      "ques_id": 10,

      "question":"O que os marinheiros do navio Jonas estavam fazendo para aumentar suas chances de sobrevivência",

      "option1": "Eles navegaram para o norte",

      "option2": "Jogar a carga ao mar",

      "option3": "Pedi perdão a Deus",

      "option4": "Nenhuma das opções acima",

      "answer": 2

    },

    {

      "ques_id": 11,

      "question": "O que Esaú estava fazendo enquanto Jacó roubou sua bênção?",

      "option1": "Caça",

      "option2": "Agricultura",

      "option3": "Pesca",

      "option4": "Viajando",

      "answer":1

    },

    {

      "ques_id": 12,

      "question": "Quem correu do Monte Carmelo para Samaria mais rápido do que Acabe poderia dirigir sua carruagem?",

      "option1": "Eliseu",

      "option2": "Geazi",

      "option3": "Elias",

      "option4": "Amos",

      "answer": 3

    },

    {

      "ques_id": 13,

      "question": "O que Deus fez no sétimo dia, depois de ?",

      "option1": "Descansado",

      "option2": "Criados humanos",

      "option3": "Ele designou o homem para cuidar de suas criações",

      "option4": "Pássaros criados",

      "answer":1

    },

    {

      "ques_id": 14,

      "question": "Quem afirmou que o bezerro de ouro simplesmente saiu do fogo?",

      "option1": "Josué",

      "option2": "Aarão",

      "option3": "Miriam",

      "option4": "Debora",

      "answer": 42

    },

    {

      "ques_id": 15,

      "question": "O que o rei Salomão pediu quando Deus lhe apareceu em sonho",

      "option1": "Vida longa e conhecimento",

      "option2": "Sabedoria [para julgar entre o bem e o mal]",

      "option3": "Riqueza",

      "option4": "Dinheiro",

      "answer": 2

    },

    {

      "ques_id": 16,

      "question": "Complete o ditado proverbial; Qualquer tolo, quando se cala, é considerado -------?",

      "option1": "Pacífico",

      "option2": "Estúpido",

      "option3": "Sábio",

      "option4": "Arrogante",

      "answer": 3

    },

    {

      "ques_id": 17,

      "question": "Como se deve receber o reino de Deus?",

      "option1": "Com motivos ocultos",

      "option2": "Como uma criança",

      "option3": "Com orgulho",

      "option4": "Através de agentes",

      "answer": 2

    },

    {

      "ques_id": 18,

      "question": "Qual era o nome da primeira esposa de Abraão",

      "option1": "Sara",

      "option2": "Miriam",

      "option3": "Roda",

      "option4": "Rute",

      "answer":1

    },

    {

      "ques_id": 19,

      "question": "O rei Saul desobedeceu a ordem de Jeová e poupou a vida daquele rei amelequita",

      "option1": "Balaque",

      "option2": "Dagon",

      "option3": "Agague",

      "option4": "Nathan",

      "answer": 3

    },

    {

      "ques_id": 20,

      "question": "Sobre o que foram escritos os Dez Mandamentos.",

      "option1": "Dois pergaminhos",

      "option2": "Duas tábuas de pedra",

      "option3": "As muralhas de Jericó",

      "option4": "Dois livros",

      "answer":1

    }

  ],

  "Mestre": [

    {

      "ques_id": 1,

      "question": "Sobre quem foi registrado que 'todos estavam raciocinando em seus corações;' Talvez ele seja o cristo?",

      "option1": "Elias",

      "option2": "João",

      "option3": "Malaquias",

      "option4": "Pedro",

      "answer": 2

    },

    {

      "ques_id": 2,

      "question": "Quais são os nomes dos pais de Joseph",

      "option1": "Jacob e Rebeka",

      "option2": "Jacob e Leah",

      "option3": "Jacob e Rachel",

      "option4": "Jacó e Rute",

      "answer": 3

    },

    {

      "ques_id": 3,

      "question": "De todas as pessoas mencionadas na bíblia, qual viveu mais tempo?",

      "option1": "Metusalém",

      "option2": "JJared",

      "option3": "Abraão",

      "option4": "Adão",

      "answer":1

    },

    {

      "ques_id": 4,

      "question": "O que Jesus disse para aqueles que acusaram a adúltera?",

      "option1": "Eis que não há justo",

      "option2": "Aquele que não tem pecado, atire primeiro uma pedra",

      "option3": "Ai de você que acusa esta mulher",

      "option4": "matá-la",

      "answer": 2

    },

    {

      "ques_id": 5,

      "question": "Para qual cidade todas as nações irão um dia adorar a Deus?",

      "option1": "Damasco",

      "option2": "Jerusalém",

      "option3": "Cilícia",

      "option4": "Judá",

      "answer": 2

    },

    {

      "ques_id": 6,

      "question": "Qual dos descendentes de Davi reinará para sempre",

      "option1": "Roboão",

      "option2": "Jesus",

      "option3": "Salomão",

      "option4": "Jeroboão",

      "answer": 2

    },

    {

      "ques_id": 7,

      "question": "Quem era a mãe devota de Timothy",

      "option1": "Lois",

      "option2": "Phoebe",

      "option3": "Eunice",

      "option4": "Madalena",

      "answer": 3

    },

    {

      "ques_id": 8,

      "question": "Por que o rei Salomão se afastou de Deus quando ele era velho",

      "option1": "Suas esposas estrangeiras voltaram seu coração para outros deuses",

      "option2": "Ele ficou orgulhoso",

      "option3": "Ele amava as mulheres mais do que a Deus",

      "option4": "Ele adorava ídolos",

      "answer":1

    },

    {

      "ques_id": 9,

      "question": "Quem fugiu para a tenda de Jeová por segurança, mas foi morto lá mesmo assim?",

      "option1": "Joabe",

      "option2": "Saulo",

      "option3": "Amon",

      "option4": "Esaú",

      "answer":1

    },

    {

      "ques_id": 10,

      "question": "Qual rei sonhou com uma grande estátua de um homem feita de diferentes metais",

      "option1": "Ahab",

      "option2": "Davi",

      "option3": "malach",

      "option4": "Nabucodonosor",

      "answer": 4

    },

    {

      "ques_id": 11,

      "question": "Onde é o 'melhor lugar para orar'?",

      "option1": "No seu armário com a porta fechada",

      "option2": "Na igreja",

      "option3": "Em um lugar tranquilo",

      "option4": "A caminho",

      "answer":1

    },

    {

      "ques_id": 12,

      "question": "Onde se pode encontrar as palavras: Confie em Jeová de todo o seu coração e não se apoie em seu próprio entendimento?",

      "option1": "Provérbios 3:5",

      "option2": "Provérbios 35:3",

      "option3": "Provérbios 5:3",

      "option4": "Provérbios 6:4",

      "answer":1

    },

    {

      "ques_id": 13,

      "question": "Quando Jesus estava no deserto, o que ele foi tentado a transformar em pães?",

      "option1": "Montes",

      "option2": "Rochas",

      "option3": "Pedras",

      "option4": "Solo",

      "answer": 3

    },

    {

      "ques_id": 14,

      "question": "O que havia de especial em Ehud [um juiz de Israel que matou Elgon, rei de Moab",

      "option1": "Ele era muito jovem",

      "option2": "Ele era canhoto",

      "option3": "Ele era cego",

      "option4": "Ele era muito velho",

      "answer": 2

    },

    {

      "ques_id": 15,

      "question": "O que aconteceu com a cidade de Jericó depois que o padre tocou suas trombetas",

      "option1": "As pessoas fugiram para outra terra",

      "option2": "Os animais morreram",

      "option3": "As paredes caíram",

      "option4": "Pessoas migraram",

      "answer": 3

    },

    {

      "ques_id": 16,

      "question": "De acordo com João 1:1, o que havia no princípio com Deus",

      "option1": "A Palavra",

      "option2": "Um anjo",

      "option3": "Jesus",

      "option4": "João",

      "answer":1

    },

    {

      "ques_id": 17,

      "question": "Quantos Salmos há no livro de Salmos?",

      "option1": "150",

      "option2": "170",

      "option3": "120",

      "option4": "190",

      "answer":1

    },

    {

      "ques_id": 18,

      "question": "Nem todo aquele que me diz 'Senhor, Senhor' entrará no reino dos céus. Quem então entrará no seu reino",

      "option1": "Aquele que faz a vontade de Deus",

      "option2": "Aquele que faz milagres",

      "option3": "Aquele que é batizado",

      "option4": "Aquele que prega a palavra de Deus",

      "answer":1

    },

    {

      "ques_id": 19,

      "question": "Quem foi o primeiro rei das 10 tribos de Israel?",

      "option1": "Jeroboão",

      "option2": "Rehoboth",

      "option3": "Joabe",

      "option4": "Roboão",

      "answer":1

    },

    {

      "ques_id": 20,

      "question": "De acordo com Jeremias, por quantos anos a nação de Israel permaneceu cativa sob o Rei da Babilônia?",

      "option1": "120 anos",

      "option2": "40 anos",

      "option3": "70 anos",

      "option4": "80 anos",

      "answer": 3

    }

  ],

  "Grande mestre": [

    {

      "ques_id": 1,

      "question": "Em qual rio Naamã foi dito para se lavar para se livrar da lepra?",

      "option1": "Nilo",

      "option2": "Jordânia",

      "option3": "Galiléia",

      "option4": "A Bíblia não diz",

      "answer": 2

    },

    {

      "ques_id": 2,

      "question": "Quem foi o pai de Roboão?",

      "option1": "Davi",

      "option2": "Nimrod",

      "option3": "Abimeleque",

      "option4": "Salomão",

      "answer": 4

    },

    {

      "ques_id": 3,

      "question": "Por quanto tempo Davi governou como rei?",

      "option1": "Trinta anos",

      "option2": "Quarenta anos",

      "option3": "Vinte e cinco anos",

      "option4": "Oitenta anos",

      "answer": 2

    },

    {

      "ques_id": 4,

      "question": "Na explicação de Jesus da parábola do semeador. o que é representado pela semente",

      "option1": "Fé",

      "option2": "A palavra de Deus",

      "option3": "Jesus",

      "option4": "Amor",

      "answer": 2

    },

    {

      "ques_id": 5,

      "question": "Qual planta é 'a menor de todas as sementes, mas quando é cultivada, é a maior entre as ervas?",

      "option1": "Azeitona",

      "option2": "Mostarda",

      "option3": "Carvalho",

      "option4": "Uva",

      "answer": 2

    },

    {

      "ques_id": 6,

      "question": "Qual era o nome do irmão de Moisés?",

      "option1": "Alphaeus",

      "option2": "João",

      "option3": "Aarão",

      "option4": "Josué",

      "answer": 3

    },

    {

      "ques_id": 7,

      "question": "De qual parte do corpo de Adão Deus criou Eva?",

      "option1": "Coração",

      "option2": "Cérebro",

      "option3": "Costela",

      "option4": "Cabeça",

      "answer": 3

    },

    {

      "ques_id": 8,

      "question": "Zacarias e Isabel foram informados por um anjo que eles teriam um filho, como ele deveria ser chamado'",

      "option1": "Elias",

      "option2": "Jesus",

      "option3": "João",

      "option4": "James",

      "answer": 3

    },

    {

      "ques_id": 9,

      "question": "Que evento significativo está registrado em Gênesis capítulos 1 e 2",

      "option1": "Transporte",

      "option2": "Criação",

      "option3": "Purificação",

      "option4": "Sacrifício",

      "answer": 2

    },

    {

      "ques_id": 10,

      "question": "Qual era a relação entre Moisés e Coré",

      "option1": "Ambos eram da tribo de Judá",

      "option2": "Eles eram irmãos",

      "option3": "Eles eram primos",

      "option4": "Eles eram amigos",

      "answer": 3

    },

    {

      "ques_id": 11,

      "question": "O que Noemi disse às pessoas em Belém para chamá-la",

      "option1": "Mara",

      "option2": "Naama",

      "option3": "Bathsheba",

      "option4": "Maria",

      "answer":1

    },

    {

      "ques_id": 12,

      "question": "Diga o nome da donzela judia que se casou com um rei persa?",

      "option1": "Noemi",

      "option2": "Débora",

      "option3": "Ester",

      "option4": "Jude",

      "answer": 3

    },

    {

      "ques_id": 13,

      "question": "O que simbolizam os sete candelabros de ouro de Apocalipse 1:20?",

      "option1": "Sete congregações",

      "option2": "Sete anjos",

      "option3": "Sete reis",

      "option4": "Sete pessoas",

      "answer":1

    },

    {

      "ques_id": 14,

      "question": "Onde podem ser encontradas as seguintes palavras: 'mas Deus escolheu as coisas loucas do mundo, para envergonhar os sábios?",

      "option1": "Atos",

      "option2": "Romanos",

      "option3": "1 Coríntios",

      "option4": "João",

      "answer": 3

    },

    {

      "ques_id": 15,

      "question": "O que foi perceptível sobre o irmão gêmeo de Jacó, Esaú no nascimento",

      "option1": "Ele tinha olhos profundos e intensos",

      "option2": "Ele era muito bonito",

      "option3": "Ele era ruivo e peludo",

      "option4": "Ele era muito preto",

      "answer": 3

    },

    {

      "ques_id": 16,

      "question": "Quem cortou o cabelo de Sansão?",

      "option1": "Seu arqui-inimigo, o Hulk",

      "option2": "Dalila",

      "option3": "Outro homem",

      "option4": "Seus amigos",

      "answer": 2

    },

    {

      "ques_id": 17,

      "question": "Quem escreveu os livros de 1º e 2º Reis?",

      "option1": "Elias",

      "option2": "Jeremias",

      "option3": "Caramba",

      "option4": "Nathan",

      "answer": 2

    },

    {

      "ques_id": 18,

      "question": "Qual dos evangelhos aparece por último na Bíblia",

      "option1": "Nicodemos",

      "option2": "João ",

      "option3": "Andrews",

      "option4": "Marcar",

      "answer": 2

    },

    {

      "ques_id": 19,

      "question": "O que aconteceu com alguém cujo nome não foi encontrado escrito no livro da vida?",

      "option1": "Eles foram declarados indignos de salvação",

      "option2": "Eles pereceram",

      "option3": "Eles morreram",

      "option4": "Eles foram lançados no lago de fogo",

      "answer": 4

    },

    {

      "ques_id": 20,

      "question": "Quem foi o homem mais forte que já viveu?",

      "option1": "Golias",

      "option2": "Sansão",

      "option3": "Jesus",

      "option4": "Agague",

      "answer": 2

    }

  ],

  "Lenda": [

    {

      "ques_id": 1,

      "question": "O livro de Gênesis começa com a palavra hebraica 'bereshit', qual é a tradução desta palavra para o inglês",

      "option1": "No início",

      "option2": "Haja luz",

      "option3": "Quando ainda não havia nada",

      "option4": "O senhor Deus disse",

      "answer":1,

      "reference":"Gn 1:1"

    },

    {

      "ques_id": 2,

      "question": "Depois de colocar o homem em sono profundo, o que o senhor Deus tirou dele para construir uma mulher",

      "option1": "Um dente",

      "option2": "Uma unha",

      "option3": "Uma costela",

      "option4": "Um fio de cabelo",

      "answer": 3,

      "reference":"Gn 1:2"

    },

    {

      "ques_id": 3,

      "question": "O que o senhor Deus abençoou primeiro com as palavras 'Seja fértil e multiplique'?",

      "option1": "O primeiro homem e mulher",

      "option2": "As criaturas marinhas e os pássaros",

      "option3": "As plantas",

      "option4": "Os animais terrestres",

      "answer":1,

      "reference":"Gn 1:22"

    },

    {

      "ques_id": 4,

      "question": "Quem foi o anjo do senhor que anunciou a Maria que ela conceberia e teria um filho?",

      "option1": "Gabriel",

      "option2": "Michael",

      "option3": "Rafael",

      "option4": "Sealtiel",

      "answer":1,

      "reference":"Lc 1:31"

    },

    {

      "ques_id": 5,

      "question": "Qual é o nome da mãe de São João Batista?",

      "option1": "Salomé de Zebedeu",

      "option2": "Elizabeth de Zachariah",

      "option3": "Maria das cleofas",

      "option4": "Herodias de Filipe",

      "answer": 2,

      "reference":"Lc 1:5-6"

    },

    {

      "ques_id": 6,

      "question": "No início da narrativa da Ressurreição no evangelho de São João, quem foi mencionado como indo ao túmulo de Jesus de manhã cedo e vendo a pedra removida?",

      "option1": "Maria de Magdala",

      "option2": "São João",

      "option3": "Marta",

      "option4": "Um anjo",

      "answer":1,

      "reference":"Jo 20:1"

    },

    {

      "ques_id": 7,

      "question": "Na narrativa da ressurreição no evangelho de São João, quando o senhor ressuscitado apareceu pela primeira vez a Maria Madalena, ela o confundiu com quem?",

      "option1": "O carcereiro",

      "option2": "O centurião",

      "option3": "O nivelador",

      "option4": "Um anjo",

      "answer": 3,

      "reference":"Jo 20:15"

    },

    {

      "ques_id": 8,

      "question": "Na genealogia de Jesus dada no Evangelho de São Mateus, quantos conjuntos de 14 gerações foram mencionados",

      "option1": "Cinco",

      "option2": "Uma pontuação",

      "option3": "Três",

      "option4": "Uma dúzia",

      "answer": 3,

      "reference":"João 20:15"



    },

    {

      "ques_id": 9,

      "question": "No profeta Isaías, é dito que o menino que nascerá da virgem receberá este nome que significa Deus - conosco?",

      "option1": "Jesus",

      "option2": "João",

      "option3": "Emanuel",

      "option4": "Cristo",

      "answer": 3,

      "reference":"Mt 1:23"

    },

    {

      "ques_id": 10,

      "question": "Na geneologia de Jesus dada no Evangelho de São Mateus, o primeiro conjunto de 14 gerações mencionado começou com Abraão e terminou com quem?",

      "option1": "Davi",

      "option2": "Moisés",

      "option3": "Jacó",

      "option4": "Jessé",

      "answer":1,

      "reference":"Mt 1:1-6"

    },

    {

      "ques_id": 11,

      "question": "'Porque ela foi tirada de sua carne', como o primeiro homem chamou a primeira mulher?",

      "option1": "Adama",

      "option2": "Eva",

      "option3": "Mulher",

      "option4": "Esposa",

      "answer": 2,

      "reference":"Gn 1:23"

    },

    {

      "ques_id": 12,

      "question": "O que o senhor Deus deu para servir de alimento para todos os animais da terra e todas as aves do céu?",

      "option1": "As plantas verdes",

      "option2": "Plantas com sementes",

      "option3": "Árvores frutíferas com sementes",

      "option4": "Qualquer coisa comestível",

      "answer":1,

      "reference":"Gn 1:30"

    },

    {

      "ques_id": 13,

      "question": "Em que dia da criação Deus criou o sol e a lua?",

      "option1": "Primeiro",

      "option2": "Segundo",

      "option3": "Terceiro",

      "option4": "Quarto",

      "answer": 4,

      "reference":"Gn 1:26-31"

    },

    {

      "ques_id": 14,

      "question": "Quantos anos tinha Davi quando foi ungido rei de Israel?",

      "option1": "50",

      "option2": "20",

      "option3": "35",

      "option4": "30",

      "answer": 4,

      "reference":"2Samuel 5:4"

    },

    {

      "ques_id": 15,

      "question": "Quem mais além dos sábios veio visitar Jesus quando ele era uma criança pequena.",

      "option1": "Arqueiros",

      "option2": "Pastores",

      "option3": "Caçadores",

      "option4": "Agricultores",

      "answer": 2

    },

    {

      "ques_id": 16,

      "question": "Qual era a altura de Golias?",

      "option1": "6 côvados e um palmo",

      "option2": "8 côvados",

      "option3": "10 côvados e um palmo",

      "option4": "12 côvados",

      "answer":1,

      "reference":"1 Samuel 1:4"

    },

    {

      "ques_id": 17,

      "question": "O que Paulo disse ser o cumprimento da lei?",

      "option1": "Fé",

      "option2": "Oração",

      "option3": "Amor",

      "option4": "Casamento",

      "answer": 3,

      "reference":"Romanos 13:10"

    },

    {

      "ques_id": 18,

      "question": "Qual é o capítulo mais curto da bíblia",

      "option1": "Salmos 117",

      "option2": "Salmos 18",

      "option3": "Marcar 10",

      "option4": "João 4",

      "answer":1,

      "reference":"Salmos 117"

    },

    {

      "ques_id": 19,

      "question": "Quem disse: 'Prata e ouro eu não tenho; mas o que eu tenho, eu te dou'?",

      "option1": "Paulo",

      "option2": "James",

      "option3": "Pedro",

      "option4": "Timóteo",

      "answer": 3,

      "reference":"Atos 3:6"

    },

    {

      "ques_id": 20,

      "question": "Qual era a idade de Moisés [anos] no momento de sua morte",

      "option1": "120",

      "option2": "100",

      "option3": "150",

      "option4": "80",

      "answer":1,

      "reference":"Deuteronômio 34:7"

    }

  ],

  "Fora deste mundo": [

    {

      "ques_id": 1,

      "question": "Quem foi a pessoa mais velha registrada na Bíblia?",

      "option1": "Metusalém",

      "option2": "Adão",

      "option3": "Abraão",

      "option4": "Salomão",

      "answer":1,

      "reference":"Gênesis 5:27"

    },

    {

      "ques_id": 2,

      "question": "Quantos anos tinha a pessoa mais velha registrada na Bíblia?",

      "option1": "120",

      "option2": "500",

      "option3": "800",

      "option4": "969",

      "answer": 4,

      "reference":"Gênesis 5:27"

    },

    {

      "ques_id": 3,

      "question": "O que significa Jahwe-Schammmah?",

      "option1": "Deus conosco",

      "option2": "O próprio Deus",

      "option3": "Jesus filho de Deus",

      "option4": "Vida eterna",

      "answer": 2,

      "reference":"Ezequiel 48:35"

    },

    {

      "ques_id": 4,

      "question": "Quantos anos mais Deus acrescentou à vida do rei Ezequias em responda à oração do rei moribundo?",

      "option1": "20",

      "option2": "50",

      "option3": "15",

      "option4": "100",

      "answer": 3,

      "reference":"2 Reis 20:6"

    },

    {

      "ques_id": 5,

      "question": "Que profetas do senhor o rei Josias de Judá consultou?",

      "option1": "Amos",

      "option2": "Elias",

      "option3": "Eliseu",

      "option4": "Hulda",

      "answer": 4,

      "reference":" 2 Reis 22:14-16"

    },

    {

      "ques_id": 6,

      "question": "Que cerimônia o rei Josias restabeleceu que não havia sido celebrada por nenhum dos reis anteriores de Israel ou Judá??",

      "option1": "Páscoa",

      "option2": "Ritual de sacrifício",

      "option3": "adoração",

      "option4": "Circuncisão",

      "answer":1,

      "reference":"2 Reis 23:21"

    },

    {

      "ques_id": 7,

      "question": "De que tribo de Israel era o rei Saul?",

      "option1": "Judá",

      "option2": "Benjamin",

      "option3": "Amonites",

      "option4": "Israel",

      "answer": 2,

      "reference":"1 Samuel 9:21"

    },

    {

      "ques_id": 8,

      "question": "Após o retorno da arca a Israel, que sacrifício Samuel ofereceu ao senhor?",

      "option1": "A-ele bode",

      "option2": "Sacrifício humano",

      "option3": "Ele sacrificou as colheitas do jardim",

      "option4": "Cordeiro de leite",

      "answer": 4,

      "reference":"1 Samuel 7:9"

    },

    {

      "ques_id": 9,

      "question": "Qual era o nome da esposa do rei Saul?",

      "option1": "Débora",

      "option2": "Naume",

      "option3": "Ahinoam",

      "option4": "Rute",

      "answer": 3,

      "reference":"1 Samuel 14:50"

    },

    {

      "ques_id": 10,

      "question": "O que alguém precisa para entender a palavra de Deus?",

      "option1": "Conhecimento",

      "option2": "Espírito Santo",

      "option3": "Sabedoria",

      "option4": "Orações",

      "answer": 2,

      "reference":"1 Coríntios 2:11"

    },

    {

      "ques_id": 11,

      "question": "Quem disse que Paulo o julgou?",

      "option1": "Deus",

      "option2": "Terah",

      "option3": "Rúben",

      "option4": "Belsazar",

      "answer":1,

      "reference":" 1 Coríntios 4:4"

    },

    {

      "ques_id": 12,

      "question": "No dia de Pentecostes, veio do céu o som de um ____ correndo?",

      "option1": "Trovão",

      "option2": "Chuva",

      "option3": "Vento",

      "option4": "ruído alto",

      "answer": 3,

      "reference":"Atos 2:2"

    },

    {

      "ques_id": 13,

      "question": "Quem se ofereceu para pagar em dinheiro pelo poder de dar o Espírito Santo?",

      "option1": "João",

      "option2": "Zacarias",

      "option3": "Simão",

      "option4": "Herodes",

      "answer": 3,

      "reference":"Atos 8"

    },

    {

      "ques_id": 14,

      "question": "Quando Jesus transformou água em vinho, ele transformou água que estava em jarras de pedra. Para que essas jarras de pedra normalmente eram usadas?",

      "option1": "Batizando",

      "option2": "Limpeza",

      "option3": "Negociação",

      "option4": "Lavagem cerimonial",

      "answer": 4,

      "reference":"João 2:6"

    },

    {

      "ques_id": 15,

      "question": "Quem era o pai de Nimrod?",

      "option1": "André",

      "option2": "Josué",

      "option3": "Sansão",

      "option4": "Cush",

      "answer": 4,

      "reference":"1 Crônicas 1:10"

    },

    {

      "ques_id": 16,

      "question": "quais eram os nomes dos dois filhos de Abraão (em ordem de nascimento)?",

      "option1": "Isaque e Jacó",

      "option2": "Ismael e Isaac",

      "option3": "José e Jacó",

      "option4": "Caim e Isaac",

      "answer": 2,

      "reference": "Gênesis 16:1-16, 1 Crônicas 1:28"

    },

    {

      "ques_id": 17,

      "question": "Quais eram os nomes dos três filhos de Noé na ordem das listas da Bíblia em que estão?",

      "option1": "Ham, Joseph,Japheth",

      "option2": "Japhet, Ham, Isaac",

      "option3": "Sem, Cão e Jafé",

      "option4": "Shem,Ham, Joseph",

      "answer": 3,

      "reference":"Gênesis 9:18-19, 1 Crônicas 1:4"

    },

    {

      "ques_id": 18,

      "question": "O senhor mudou o nome de Abraão para Abraão quando ele tinha 99 anos. qual era o nome dele antes disso?",

      "option1": "Adão",

      "option2": "Abrão",

      "option3": "Alfa",

      "option4": "Agague",

      "answer": 2,

      "reference": "Gênesis 17:1-5"

    },

    {

      "ques_id": 19,

      "question": "Quantos anos tinha Abraão quando Isaque nasceu?",

      "option1": "103",

      "option2": "90",

      "option3": "100",

      "option4": "50",

      "answer": 3,

      "reference": "Gênesis 21:5"

    },

    {

      "ques_id": 20,

      "question": "Quantos livros na bíblia têm a palavra 'João' no título?",

      "option1": "4",

      "option2": "3",

      "option3": "1",

      "option4": "5",

      "answer":1,

      "reference": "João"

    }

  ]

}