{
  "Aloittelija": [
    {
      "ques_id": 1,
      "question": "Kuka on ensimmäinen ihminen, joka on koskaan elänyt?",
      "option1": "Metusalah",
      "option2": "Abraham",
      "option3": "Mooses",
      "option4": "Adam",
      "answer": 4
    },
    {
      "ques_id": 2,
      "question": "Kenet erittäin suuri kala nielaisi?",
      "option1": "Jeesus",
      "option2": "Joona",
      "option3": "Simson",
      "option4": "Peter",
      "answer": 2
    },
    {
      "ques_id": 3,
      "question": "Kuka on henkilö, jota Jumala käytti johtaessaan israelilaiset pois Egyptistä",
      "option1": "Aaron",
      "option2": "Abraham",
      "option3": "Mooses",
      "option4": "Jeremia",
      "answer": 3
    },
    {
      "ques_id": 4,
      "question": "Kuka oli henkilö, joka tappoi Goljatin",
      "option1": "David",
      "option2": "Saul",
      "option3": "Salomo",
      "option4": "Jonathan",
      "answer": 1
    },
    {
      "ques_id": 5,
      "question": "Kuka oli Israelin ensimmäinen kuningas?",
      "option1": "David",
      "option2": "Saul",
      "option3": "Salomo",
      "option4": "Mooses",
      "answer": 2
    },
    {
      "ques_id": 6,
      "question": "Mikä ammatti Jeesuksella oli ennen palvelutyötään",
      "option1": "ToyMaker",
      "option2": "Kalastaja",
      "option3": "Viinitarhan pitäjä",
      "option4": "puuseppä",
      "answer": 4
    },
    {
      "ques_id": 7,
      "question": "Mikä on sen kaupungin nimi, jossa Jeesus syntyi?",
      "option1": "Jerusalem",
      "option2": "Betlehem",
      "option3": "Galilea",
      "option4": "Nasaret",
      "answer": 2
    },
    {
      "ques_id": 8,
      "question": "Mikä on sen meren nimi, jolla Jeesus käveli",
      "option1": "Galilean meri",
      "option2": "Kuollut meri",
      "option3": "Lue meri",
      "option4": "Välimeri",
      "answer": 1
    },
    {
      "ques_id": 9,
      "question": "Mikä on sen joen nimi, jossa Johannes kastaja kastoi ihmisiä?",
      "option1": "Eufrat",
      "option2": "Niili",
      "option3": "Jordaania",
      "option4": "Tigris",
      "answer": 3
    },
    {
      "ques_id": 10,
      "question": "Mikä on Andreaan veljen nimi? (Molemmat olivat opetuslapsia)",
      "option1": "Peter",
      "option2": "Johannes",
      "option3": "James",
      "option4": "Adam",
      "answer": 1
    },
    {
      "ques_id": 11,
      "question": "Mikä oli Jeesuksen äidin nimi?",
      "option1": "Maria",
      "option2": "Marta",
      "option3": "Zipporah",
      "option4": "Sara",
      "answer": 1
    },
    {
      "ques_id": 12,
      "question": "Mikä oli sen puutarhan nimi, jossa Aadam ja Eeva asuivat?",
      "option1": "Nodin maa",
      "option2": "Eedenin puutarha",
      "option3": "Betlehem",
      "option4": "Garden of Valley",
      "answer": 2
    },
    {
      "ques_id": 13,
      "question": "Millä ruoalla Jeesus ruokki 5000 ihmistä",
      "option1": "Viini",
      "option2": "Leipää ja viiniä",
      "option3": "Leipää ja kalaa",
      "option4": "Vesi",
      "answer": 3
    },
    {
      "ques_id": 14,
      "question": "Millä menetelmällä roomalaiset tappoivat Jeesuksen?",
      "option1": "Stoned",
      "option2": "tuhkaus",
      "option3": "Ristiinnaulitseminen",
      "option4": "Roitettu",
      "answer": 3
    },
    {
      "ques_id": 15,
      "question": "Kuinka monta koria oli jäljellä 5000 ruokinnasta?",
      "option1": "7",
      "option2": "8",
      "option3": "10",
      "option4": "12",
      "answer": 1,
      "viittaus": "Mateus 15:13"
    },
    {
      "ques_id": 16,
      "question": "Kuka oppilas löysi kolikon kalan suusta?",
      "option1": "Andrew",
      "option2": "Paavali",
      "option3": "Peter",
      "option4": "Timothy",
      "answer": 3,
      "viittaus": "Mateus 1:24-27"
    },
    {
      "ques_id": 17,
      "question": "Mistä Raamatun kirjasta luemme Hamanista",
      "option1": "Exodus",
      "option2": "Esther",
      "option3": "Ruth",
      "option4": "Malachi",
      "answer": 2,
      "reference": "Esther 3"
    },
    {
      "ques_id": 18,
      "question": "Nimeä kuningas Agrippan vaimo, jonka edessä Paavali oli oikeudenkäynnissä",
      "option1": "Bernice",
      "option2": "Herodes",
      "option3": "Agag",
      "option4": "Kaifas",
      "answer": 1,
      "reference": "Apostolien teot 25:23"
    },
    {
      "ques_id": 19,
      "question": "Kuinka vanhaksi Henok tuli",
      "option1": "400",
      "option2": "350",
      "option3": "230",
      "option4": "365",
      "answer": 4,
      "reference": "Moos. 5:23"
    },
    {
      "ques_id": 20,
      "question": "Kuinka monta vuotta Jumala lisäsi kuningas Hiskian elämään vastauksena kuolevaisten kuninkaiden rukoukseen?",
      "option1": "20",
      "option2": "15",
      "option3": "100",
      "option4": "50",
      "answer": 2,
      "reference": "2 Kings 20:6"
    }
  ],
  "Harrastaja": [
    {
      "ques_id": 1,
      "question": "Kuka oli Iisakin isä?",
      "option1": "Abraham",
      "option2": "Jakob",
      "option3": "Esau",
      "option4": "Peleq",
      "answer": 1
    },
    {
      "ques_id": 2,
      "question": "Kuka oli Rehabeamin isä?",
      "option1": "David",
      "option2": "Nimrod",
      "option3": "Abimelek",
      "option4": "Salomo",
      "answer": 4
    },
    {
      "ques_id": 3,
      "question": "Kuka oli Metusalahin isä?",
      "option1": "Elias",
      "option2": "Enock",
      "option3": "Seth",
      "option4": "Jared",
      "answer": 2
    },
    {
      "ques_id": 4,
      "question": "Kuka tappoi Johannes Kastajan?",
      "option1": "Caesar",
      "option2": "Pilate",
      "option3": "Herold",
      "option4": "Kaifas",
      "answer": 3
    },
    {
      "ques_id": 5,
      "question": "Kuka oli ensimmäinen henkilö, joka tapettiin, koska hän uskoi Kristukseen?",
      "option1": "Peter",
      "option2": "Johannes",
      "option3": "Barnabas",
      "option4": "Stephen",
      "answer": 4
    },
    {
      "ques_id": 6,
      "question": "Minne Saul oli menossa nähdessään Jeesuksen?",
      "option1": "Damaskos",
      "option2": "Kreikka",
      "option3": "Rooma",
      "option4": "Jerusalem",
      "answer": 1
    },
    {
      "ques_id": 7,
      "question": "Missä Jeesus vietti suurimman osan elämästään maan päällä?",
      "option1": "Jerusalem",
      "option2": "Nasaret",
      "option3": "Oliivivuori",
      "option4": "Egypti",
      "answer": 2
    },
    {
      "ques_id": 8,
      "question": "Mikä psalmi alkaa: \"Herra on minun paimeneni?\"",
      "option1": "Psalmi 91",
      "option2": "Psalmi 1",
      "option3": "Psalmi 104",
      "option4": "Psalmi 23",
      "answer": 4
    },
    {
      "ques_id": 9,
      "question": "Mikä oli Paavalin ammatti, kun hän matkusti lähetyssaarnaajana?",
      "option1": "paimen",
      "option2": "Violetin myyjä",
      "option3": "teltantekijä",
      "option4": "Kirjoittaja",
      "answer": 3
    },
    {
      "ques_id": 10,
      "question": "Mikä on sen saaren nimi, jolla Barnabas asui?",
      "option1": "Kreikka",
      "option2": "Kypros",
      "option3": "Rhodes",
      "option4": "Pääsiäissaari",
      "answer": 2
    },
    {
      "ques_id": 11,
      "question": "Kun Jeesus lähestyi häntä ja sanoi: 'Mitä tekemistä sinulla on minun kanssani, Jeesus, Korkeimman Jumalan Poika? Vannotan sinua Jumalan nimeen, älä kiusaa minua'.?",
      "option1": "Legio",
      "option2": "Terah",
      "option3": "Ruben",
      "option4": "Belsaszar",
      "answer": 1
    },
    {
      "ques_id": 12,
      "question": "Kuka lintu Jeesus sanoo meidän olevan arvokkaampi kuin?",
      "option1": "Kotka",
      "option2": "korppikotka",
      "option3": "Sparrow",
      "option4": "Kyhky",
      "answer": 3
    },
    {
      "ques_id": 13,
      "question": "Mitkä kaksi sisarta menivät naimisiin Jaakobin kanssa?",
      "option1": "Dorcas ja Leah",
      "option2": "Mariam ja Rachel",
      "option3": "Rachel ja Leah",
      "option4": "Sarai ja Hanna",
      "answer": 3
    },
    {
      "ques_id": 14,
      "question": "Mihin maahan Jumala lähetti Abrahamin uhraamaan erityispoikansa Iisakin?",
      "option1": "Canan",
      "option2": "Makedonia",
      "option3": "Kypros",
      "option4": "Moriah",
      "answer": 4
    },
    {
      "ques_id": 15,
      "question": "Miltä Herran profeetalta Juudan kuningas Josia neuvoi",
      "option1": "Debora",
      "option2": "Huldah",
      "option3": "Naom",
      "option4": "Ruth",
      "answer": 2,
      "viittaus": "2 Kuninkaiden 22:12-16"
    },
    {
      "ques_id": 16,
      "question": "Nimi Samuelin esikoinen?",
      "option1": "Joshua",
      "option2": "Joel",
      "option3": "Jonathan",
      "option4": "Joseph",
      "answer": 2,
      "viittaus": "1 Samuel 8:2"
    },
    {
      "ques_id": 17,
      "question": "Mikä oli kuningas Saulin vaimon nimi?",
      "option1": "Boam",
      "option2": "Armo",
      "option3": "Ahinoam",
      "option4": "Noam",
      "answer": 3,
      "reference": "1 Samuel 14:50"
    },
    {
      "ques_id": 18,
      "question": "Mitä vaaditaan, jotta joku ymmärtää Jumalan sanan?",
      "option1": "Rukous",
      "option2": "Rakkaus",
      "option3": "Pyhä henki",
      "option4": "Enkelit",
      "answer": 3,
      "viittaus": "1 Korinttolaisille 2:11"
    },
    {
      "ques_id": 19,
      "question": "Kuka Paavali sanoi tuomitsi hänet?",
      "option1": "Saatana",
      "option2": "Jumala",
      "option3": "Ystävä",
      "option4": "Peter",
      "answer": 2,
      "reference": "1 Korinttilaisille 4:4"
    },
    {
      "ques_id": 20,
      "question": "________ lykätty saa sydämen sairaaksi?",
      "option1": "Luota",
      "option2": "Toivo",
      "option3": "Rakkaus",
      "option4": "Rukoukset",
      "answer": 2,
      "viittaus": "Sananlaskut 13:12"
    }
  ],
  "Keskitaso": [
    {
      "ques_id": 1,
      "question": "Kuka oli Mooseksen vaimo??",
      "option1": "Eliseba",
      "option2": "Rebecca",
      "option3": "Mariam",
      "option4": "Zipporah",
      "answer": 4
    },
    {
      "ques_id": 2,
      "question": "Kuka oli Abrahamin toinen vaimo?",
      "option1": "Esteri",
      "option2": "Keturah",
      "option3": "Hagar",
      "option4": "Lydia",
      "answer": 2
    },
    {
      "ques_id": 3,
      "question": "Kuinka monta lukua vuorisaarna sisältää?",
      "option1": "1",
      "option2": "2",
      "option3": "3",
      "option4": "7",
      "answer": 3
    },
    {
      "ques_id": 4,
      "question": "Kuinka monta kertaa Israel marssi Jerikon ympäri?",
      "option1": "13",
      "option2": "7",
      "option3": "70",
      "option4": "12",
      "answer": 1
    },
    {
      "ques_id": 5,
      "question": "Kuinka pitkä on kyynärä?",
      "option1": "noin 12 tuumaa",
      "option2": "12mm",
      "option3": "noin 18 tuumaa",
      "option4": "noin 36 tuumaa",
      "answer": 3
    },
    {
      "ques_id": 6,
      "question": "Minne Kain meni surmattuaan Abelin?",
      "option1": "Eedenin puutarha",
      "option2": "Nodin maa",
      "option3": "Qumranin luolat",
      "option4": "Ararat-vuori",
      "answer": 2
    },
    {
      "ques_id": 7,
      "question": "Kuka oli Kishin poika?",
      "option1": "Nooa",
      "option2": "Apostoli Paavali",
      "option3": "Abraham",
      "option4": "Kuningas Saul",
      "answer": 4
    },
    {
      "ques_id": 8,
      "question": "Missä Rahab asui?",
      "option1": "Jericho",
      "option2": "Jerusalem",
      "option3": "Nineve",
      "option4": "Ai",
      "answer": 1
    },
    {
      "ques_id": 9,
      "question": "Missä Dorcas asui?",
      "option1": "Bethel",
      "option2": "Joppa",
      "option3": "Keisarea",
      "option4": "Antiokia",
      "answer": 2
    },
    {
      "ques_id": 10,
      "question": "Missä on suoraksi kutsuttu katu",
      "option1": "Jerusalem",
      "option2": "Rooma",
      "option3": "Babylon",
      "option4": "Damaskos",
      "answer": 4
    },
    {
      "ques_id": 11,
      "question": "Kun hän oli paennut henkensä edestä, minkä puun alla Elia nukkui",
      "option1": "Tammi",
      "option2": "mänty",
      "option3": "Kataja",
      "option4": "Kuusi",
      "answer": 3,
      "reference": "1 Kings 19:5"
    },
    {
      "ques_id": 12,
      "question": "Juudas kavalsi Jeesuksen tarkalleen kuinka monta hopearahaa?",
      "option1": "30",
      "option2": "20",
      "option3": "50",
      "option4": "10",
      "answer": 1,
      "reference": "Mateus 26:15"
    },
    {
      "ques_id": 13,
      "question": "Nimeä Davidin isä",
      "option1": "Oman",
      "option2": "Jesse",
      "option3": "Joshua",
      "option4": "Salomo",
      "answer": 2,
      "reference": "1Samuel 1:12"
    },
    {
      "ques_id": 14,
      "question": "Jumalaa ei mainita vain yhdessä Raamatun kirjassa",
      "option1": "Esteri",
      "option2": "Ruth",
      "option3": "Malachi",
      "option4": "Exodus",
      "answer": 1,
      "reference": "Esther"
    },
    {
      "ques_id": 15,
      "question": "Kuinka monta hopearahaa hänen veljensä myivät Joosua ismeelilaisille",
      "option1": "50",
      "option2": "12",
      "option3": "20",
      "option4": "100",
      "answer": 3,
      "reference": "Moos. 37:28"
    },
    {
      "ques_id": 16,
      "question": "Kuinka monta apostolia Jeesus valitsi",
      "option1": "12",
      "option2": "14",
      "option3": "10",
      "option4": "08",
      "answer": 1,
      "viittaus": "Luukas 6:13"
    },
    {
      "ques_id": 17,
      "question": "Enkeli sanoi Marialle, että Jeesus hallitsee taloa, jonka vanhan testamentin hahmo",
      "option1": "David",
      "option2": " Jacob",
      "option3": "Abraham",
      "option4": "Mooses",
      "answer":2,
      "viittaus": "Luukas 1:13"
    },
    {
      "ques_id": 18,
      "question": "Kumpi profeetta sanoi: 'Egyptistä minä olen kutsunut poikani'?",
      "option1": "Jeremia",
      "option2": "Jesaias",
      "option3": "Hosea",
      "option4": "Hesekiel",
      "answer": 3,
      "reference": "Hoosea 11:1"
    },
    {
      "ques_id": 19,
      "question": "Millaisen puun Jeesus kirosi?",
      "option1": "Kuva",
      "option2": "Viinitarha",
      "option3": "Mänty",
      "option4": "tammi",
      "answer": 1,
      "viittaus": "Mark. 11:12-14"
    },
    {
      "ques_id": 20,
      "question": "Kenet Saul pyysi meediota kasvattamaan itselleen",
      "option1": "Eli",
      "option2": "Nathan",
      "option3": "Samuel",
      "option4": "David",
      "answer": 3,
      "reference": "1 Samuel 28:11"
    }
  ],
  "Ammattilainen": [
    {
      "ques_id": 1,
      "question": "Kuka kantoi ristin Kristukselle?",
      "option1": "Philip",
      "option2": "Simon Kyrenelainen",
      "option3": "Ahab",
      "option4": "Mika",
      "answer": 2
    },
    {
      "ques_id": 2,
      "question": "Kuinka monta seuralaista filistealaiset antoivat Simsonille Timnassa juhlissa?",
      "option1": "30",
      "option2": "31",
      "option3": "32",
      "option4": "33",
      "answer": 1
    },
    {
      "ques_id": 3,
      "question": "Kuinka vanha profeetta Anna oli nähdessään Jeesuksen?",
      "option1": "83",
      "option2": "84",
      "option3": "88",
      "option4": "92",
      "answer": 2
    },
    {
      "ques_id": 4,
      "question": "Mitä Saban kuningatar antoi Salomolle?",
      "option1": "(124 talenttia) kultaa, mausteita ja jalokiviä",
      "option2": "(120 talenttia) kultaa, mausteita ja jalokiviä",
      "option3": "(18 talenttia) kultaa, mausteita ja jalokiviä",
      "option4": "(221 talenttia) kultaa, mausteita ja jalokiviä",
      "answer": 2
    },
    {
      "ques_id": 5,
      "question": "Kuinka monta kirjaa Vanhassa testamentissa on?",
      "option1": "37",
      "option2": "38",
      "option3": "39",
      "option4": "40",
      "answer": 3
    },
    {
      "ques_id": 6,
      "question": "Kuinka moneksi joeksi Eedenin joki jakautui, kun se lähti puutarhasta?",
      "option1": "4",
      "option2": "3",
      "option3": "6",
      "option4": "8",
      "answer": 1
    },
    {
      "ques_id": 7,
      "question": "Mitä Joosef halusi tehdä, kun hän huomasi Marian olevan raskaana?",
      "option1": "Herätä juhlat",
      "option2": "Avioero hänestä",
      "option3": "Juokse karkuun",
      "option4": "Ei mikään yllä olevista",
      "answer": 2
    },
    {
      "ques_id": 8,
      "question": "Minkä värinen oli ylipapin viitta?",
      "option1": "Sininen",
      "option2": "Valkoinen",
      "option3": "Vihreä",
      "option4": "Punainen",
      "answer": 1
    },
    {
      "ques_id": 9,
      "question": "Mitä Boas sanoi Naomin myyvän?",
      "option1": "maapalsta",
      "option2": "kulta",
      "option3": "hänen lapsensa",
      "option4": "Ruoka",
      "answer": 1
    },
    {
      "ques_id": 10,
      "question": "Vertauksessa velallisista toinen oli velkaa 500 denaria (penniä), mutta kuinka paljon toinen oli velkaa",
      "option1": "70",
      "option2": "50",
      "option3": "45",
      "option4": "80",
      "answer": 2
    },
    {
      "ques_id": 11,
      "question": "Kuinka paljon Elian henkeä Elisa sai?",
      "option1": "Pikku",
      "option2": "Yksi annos",
      "option3": "terveellistä",
      "option4": "Kaksinkertainen annos",
      "answer": 4
    },
    {
      "ques_id": 12,
      "question": "Mitä epätavallista oli 700 benjaminilaissotilaassa, jotka pystyivät heilauttamaan kiven ja osumaan maaliin joka kerta?",
      "option1": "He olivat kaikki vasenkätisiä",
      "option2": "He kaikki näyttivät samalta",
      "option3": "Heillä ei ollut kenkiä",
      "option4": "Ei mikään yllä olevista",
      "answer": 1
    },
    {
      "ques_id": 13,
      "question": "Mikä suhde Hannaksella oli Kaifakseen?",
      "option1": "Veli",
      "option2": "Setä",
      "option3": "Serkut",
      "option4": "Appi",
      "answer": 4
    },
    {
      "ques_id": 14,
      "question": "Mitä ei pidä 'heittää sikojen eteen'",
      "option1": "Kivet",
      "option2": "Kivet",
      "option3": "Helmiä",
      "option4": "Tippi",
      "answer": 3
    },
    {
      "ques_id": 15,
      "question": "Milloin vankilassa mihin aikaan Paavali ja Silas rukoilivat ja lauloivat Jumalalle?",
      "option1": "Huomenta",
      "option2": "Iltapäivä",
      "option3": "Ilta",
      "option4": "Keskiyö",
      "answer": 4
    },
    {
      "ques_id": 16,
      "question": "Mitä Daniel ja hänen kolme ystäväänsä söivät kuninkaan lihan ja juoman sijaan?",
      "option1": "Leipä",
      "option2": "Viini ja leipä",
      "option3": "Palkokasvit ja vesi",
      "option4": "Ei mitään",
      "answer": 3
    },
    {
      "ques_id": 17,
      "question": "Mikä on Jeesuksen serkun nimi, joka syntyi kuusi kuukautta ennen häntä?",
      "option1": "Johannes",
      "option2": "Peter",
      "option3": "Paavali",
      "option4": "Michael",
      "answer": 1
    },
    {
      "ques_id": 18,
      "question": "Missä kaupungissa kuningas Herodes asui Jeesuksen syntymän aikaan?",
      "option1": "Jerusalem",
      "option2": "Rooma",
      "option3": "Babylon",
      "option4": "Betlehem",
      "answer": 1
    },
    {
      "ques_id": 19,
      "question": "Kuinka monta vitsausta Jumala lähetti Egyptiin?",
      "option1": "4",
      "option2": "8",
      "option3": "10",
      "option4": "12",
      "answer": 3
    },
    {
      "ques_id": 20,
      "question": "Kuinka monesta hopearahasta Juudas kavalsi Kristuksen?",
      "option1": "20",
      "option2": "30",
      "option3": "40",
      "option4": "50",
      "answer": 2
    },
    {
      "ques_id": 21,
      "question": "Kuinka monta päivää Jeesus ilmestyi opetuslapsilleen ylösnousemuksensa jälkeen?",
      "option1": "30",
      "option2": "7",
      "option3": "40",
      "option4": "11",
      "answer": 3
    },
    {
      "ques_id": 22,
      "question": "Kuinka monta Vähä-Aasian kirkkoa on lueteltu Ilmestyskirjassa?",
      "option1": "7",
      "option2": "8",
      "option3": "9",
      "option4": "10",
      "answer": 1
    }
  ],
  "Nero": [
    {
      "ques_id": 1,
      "question": "Kuka oli Aaronin pojan Eleasarin poika?",
      "option1": "Putiel",
      "option2": "Korah",
      "option3": "Phinehas",
      "option4": "Izhar",
      "answer": 3
    },
    {
      "ques_id": 2,
      "question": "Kuka oli Israelin kuninkaan Omrin poika?",
      "option1": "Ahab",
      "option2": "Joram",
      "option3": "Zimri",
      "option4": "Ginath",
      "answer": 1
    },
    {
      "ques_id": 3,
      "question": "Kuka oli Ruutin kirjan Noomin aviomies?",
      "option1": "Boaz",
      "option2": "Elkanah",
      "option3": "Obed",
      "option4": "Elimelech",
      "answer": 4
    },
    {
      "ques_id": 4,
      "question": "Kuinka monta kirjainta on Raamatun pisimmässä nimessä?",
      "option1": "16",
      "option2": "18",
      "option3": "22",
      "option4": "25",
      "answer": 2
    },
    {
      "ques_id": 5,
      "question": "Kuka tappoi Siseran?",
      "option1": "David",
      "option2": "Ahab",
      "option3": "Saul",
      "option4": "Jael",
      "answer": 4
    },
    {
      "ques_id": 6,
      "question": "Kuinka leveä Nooan arkki oli?",
      "option1": "35 kyynärää",
      "option2": "50 kyynärää",
      "option3": "75 kyynärää",
      "option4": "90 kyynärää",
      "answer": 2
    },
    {
      "ques_id": 7,
      "question": "Kuinka leveä liitonarkki oli?",
      "option1": "1,5 kyynärää",
      "option2": "2 kyynärää",
      "option3": "3 kyynärää",
      "option4": "1 kyynärä",
      "answer": 1
    },
    {
      "ques_id": 8,
      "question": "Mikä oli Elisan palvelijan nimi?",
      "option1": "Jehoram",
      "option2": "Shaphat",
      "option3": "Gehasi",
      "option4": "Hazael",
      "answer": 3
    },
    {
      "ques_id": 9,
      "question": "Mikä oli Paavalin kuuluisan opettajan nimi?",
      "option1": "Justus",
      "option2": "Gamaliel",
      "option3": "Kaifas",
      "option4": "Sokrates",
      "answer": 2
    },
    {
      "ques_id": 10,
      "question": "Mikä Israelin tuomari syntyi Betlehemissä?",
      "option1": "David",
      "option2": "Ibzan",
      "option3": "Deborah",
      "option4": "Gideon",
      "answer": 2
    },
    {
      "ques_id": 11,
      "question": "Kun Jeesus lähestyi häntä ja sanoi: 'Mitä tekemistä sinulla on minun kanssani, Jeesus, Korkeimman Jumalan Poika? Vannotan sinua Jumalan nimeen, älä kiusaa minua'.?",
      "option1": "Legio",
      "option2": "Terah",
      "option3": "Ruben",
      "option4": "Belsaszar",
      "answer": 1
    },
    {
      "ques_id": 12,
      "question": "Kuka lintu Jeesus sanoo meidän olevan arvokkaampi kuin?",
      "option1": "Kotka",
      "option2": "korppikotka",
      "option3": "Sparrow",
      "option4": "Kyhky",
      "answer": 3
    },
    {
      "ques_id": 13,
      "question": "Mitkä kaksi sisarta menivät naimisiin Jaakobin kanssa?",
      "option1": "Dorcas ja Leah",
      "option2": "Mariam ja Rachel",
      "option3": "Rachel ja Leah",
      "option4": "Sarai ja Hanna",
      "answer": 3
    },
    {
      "ques_id": 14,
      "question": "Mihin maahan Jumala lähetti Abrahamin uhraamaan erityispoikansa Iisakin?",
      "option1": "Canan",
      "option2": "Makedonia",
      "option3": "Kypros",
      "option4": "Moriah",
      "answer": 4
    },
    {
      "ques_id": 15,
      "question": "Mistä psalmista on säe 'Saatko minut makaamaan vihreillä laitumilla, hän johdattaa minut hiljaisten vesien viereen'?",
      "option1": "25",
      "option2": "22",
      "option3": "30",
      "option4": "23",
      "answer": 4,
      "reference": "Psalmit 23;2"
    },
    {
      "ques_id": 16,
      "question": "Herran pelko on ........ alkua",
      "option1": "Tieto",
      "option2": "Viisaus",
      "option3": "Raha",
      "option4": "Rakkaus",
      "answer": 1,
      "reference": ""
    },
    {
      "ques_id": 17,
      "question": "Mitä kaupunkia vastaan ​​Herra käski Joonaa saarnata?",
      "option1": "Jerusalem",
      "option2": "Ninive",
      "option3": "Babylon",
      "option4": "Juuda",
      "answer": 2,
      "viittaus": "Joona 1:2"
    },
    {
      "ques_id": 18,
      "question": "Mikä näistä kirjoista [Filippiläisille, Kolossalaisille, Galatalaisille tai Efesolaisille] on ensin Raamatussa",
      "option1": "kolossalaiset",
      "option2": "Galatians",
      "option3": "efesolaiset",
      "option4": "Filippiläiset",
      "answer": 2,
      "viittaus": "Uusi testamentti, Paavalin kirjeet"
    },
    {
      "ques_id": 19,
      "question": "Kuinka monta lukua Heprealaiskirjeessä on?",
      "option1": "13",
      "option2": "15",
      "option3": "10",
      "option4": "16",
      "answer": 1,
      "reference": "Heprealaisille 1-13"
    },
    {
      "ques_id": 20,
      "question": "Mikä on Kreetan iskevien myrskytuulien nimi?",
      "option1": "Moonsoon",
      "option2": "Euroklydon",
      "option3": "Ylivuoto",
      "option4": "Ei mikään yllä olevista",
      "answer": 2,
      "viittaus": "Apostolien teot 2:14"
    }
  ],
  "Asiantuntija": [
    {
      "ques_id": 1,
      "question": "Kumpi näistä ei ollut Israelin tai Juudan kuningas",
      "option1": "Sennaherib",
      "option2": "Jehoiachim",
      "option3": "Zedekia",
      "option4": "David",
      "answer": 1
    },
    {
      "ques_id": 2,
      "question": "Kuka sai Simsonin paljastamaan suuren voiman salaisuuden",
      "option1": "Dina",
      "option2": "Ruth",
      "option3": "Delilah",
      "option4": "Marta",
      "answer": 3
    },
    {
      "ques_id": 3,
      "question": "Ja sinun taivaasi, joka on sinun pääsi päällä, on oleva_____, ja ​​maa, joka on allasi, on oleva rauta",
      "option1": "messinki",
      "option2": "Teräs",
      "option3": "Hopea",
      "option4": "kulta",
      "answer": 1
    },
    {
      "ques_id": 4,
      "question": "Mistä löytää sanat: Luota Jehovaan kaikesta sydämestäsi äläkä nojaa omaan ymmärrykseesi",
      "option1": "Sananlaskut 3:5",
      "option2": "Sananlaskut 5:3",
      "option3": "Sananlaskut 35:3",
      "option4": "Sananlaskut 4:3",
      "answer": 1
    },
    {
      "ques_id": 5,
      "question": "joka opetuslapsi kielsi Jeesuksen kolme kertaa",
      "option1": "Peter",
      "option2": "Andrew",
      "option3": "Johannes",
      "option4": "Juudas",
      "answer": 1
    },
    {
      "ques_id": 6,
      "question": "Vanhurskaan muisto on siunattu, mutta jumalattomien nimi on",
      "option1": "Voitta",
      "option2": "Mädä",
      "option3": "Bloom",
      "option4": "kukoistaa",
      "answer": 2
    },
    {
      "ques_id": 7,
      "question": "Mikä hänen työnsä oli ennen kuin Jeesus alkoi saarnata?",
      "option1": "puuseppä",
      "option2": "tutkija",
      "option3": "Tohtori",
      "option4": "Opettaja",
      "answer": 1
    },
    {
      "ques_id": 8,
      "question": "Zoania käytettiin Raamatussa vertauksena mille kansalle",
      "option1": "Egypti",
      "option2": "Assyria",
      "option3": "Babylon",
      "option4": "Sinai",
      "answer": 1
    },
    {
      "ques_id": 9,
      "question": "Kuka Vanhan testamentin hahmo osoitti uskonsa olemalla valmis uhraamaan poikansa alhaalla Jumalalle",
      "option1": "Nooa",
      "option2": "Abraham",
      "option3": "shealtiel",
      "option4": "Mooses",
      "answer": 2
    },
    {
      "ques_id": 10,
      "question":"Mitä Jonah-laivan merimiehet tekivät parantaakseen selviytymismahdollisuuksiaan",
      "option1": "He purjehtivat pohjoiseen",
      "option2": "heitti lastin yli laidan",
      "option3": "Anoi Jumalalta anteeksiantoa",
      "option4": "Ei mikään yllä olevista",
      "answer": 2
    },
    {
      "ques_id": 11,
      "question": "Mitä Esau teki, kun Jaakob varasti hänen siunauksensa?",
      "option1": "Metsästys",
      "option2": "Maatalous",
      "option3": "kalastus",
      "option4": "Matkalla",
      "answer": 1
    },
    {
      "ques_id": 12,
      "question": "Kuka juoksi Karmelin vuorelta Samariaan nopeammin kuin Ahab pystyi ajamaan vaunujaan?",
      "option1": "Elisa",
      "option2": "Gehasi",
      "option3": "Elias",
      "option4": "Amos",
      "answer": 3
    },
    {
      "ques_id": 13,
      "question": "Mitä Jumala teki seitsemäntenä päivänä sen jälkeen?",
      "option1": "Levännyt",
      "option2": "Luodut ihmiset",
      "option3": "Hän määräsi ihmisen huolehtimaan luomuksistaan",
      "option4": "Luodut linnut",
      "answer": 1
    },
    {
      "ques_id": 14,
      "question": "Kuka väitti, että kultainen vasikka vain tuli ulos tulesta?",
      "option1": "Joshua",
      "option2": "Aaron",
      "option3": "Miriam",
      "option4": "Debora",
      "answer": 42
    },
    {
      "ques_id": 15,
      "question": "Mitä kuningas Salomo pyysi, kun Jumala ilmestyi hänelle unessa",
      "option1": "Pitkä elämä ja tieto",
      "option2": "Viisautta [tuomita hyvän ja pahan välillä]",
      "option3": "Rikkaus",
      "option4": "Raha",
      "answer": 2
    },
    {
      "ques_id": 16,
      "question": "Täydennä sananlasku: Jokainen tyhmä, kun vaikenemista pidetään -------?",
      "option1": "Rauhallinen",
      "option2": "Tyhmä",
      "option3": "Viisas",
      "option4": "Ylimielinen",
      "answer": 3
    },
    {
      "ques_id": 17,
      "question": "Kuinka pitäisi ottaa vastaan ​​Jumalan valtakunta?",
      "option1": "Piilotetuilla motiiveilla",
      "option2": "Kuin lapsi",
      "option3": "Ylpeänä",
      "option4": "Agenttien kautta",
      "answer": 2
    },
    {
      "ques_id": 18,
      "question": "Mikä oli Abrahamin ensimmäisen vaimon nimi",
      "option1": "Sarah",
      "option2": "Miriam",
      "option3": "Roda",
      "option4": "Ruth",
      "answer": 1
    },
    {
      "ques_id": 19,
      "question": "Kuningas Saul ei totellut Jehovan käskyä ja säästi amelekilaisten kuninkaan hengen",
      "option1": "Balak",
      "option2": "Dagon",
      "option3": "Agag",
      "option4": "Nathan",
      "answer": 3
    },
    {
      "ques_id": 20,
      "question": "Mihin kymmenen käskyä oli kirjoitettu. ",
      "option1": "Kaksi rullaa",
      "option2": "Kaksi kivitaulua",
      "option3": "Jerikon muurit",
      "option4": "Kaksi kirjaa",
      "answer": 1
    }
  ],
  "Mestari": [
    {
      "ques_id": 1,
      "question": "Kenestä kirjoitettiin, että 'kaikki ajattelivat sydämessään;' Voiko hän kenties olla Kristus?",
      "option1": "Elias",
      "option2": "Johannes",
      "option3": "Malachi",
      "option4": "Peter",
      "answer": 2
    },
    {
      "ques_id": 2,
      "question": "Mitä ovat Joosefin vanhempien nimet",
      "option1": "Jaakob ja Rebeka",
      "option2": "Jaakob ja Lea",
      "option3": "Jaakob ja Raakel",
      "option4": "Jaakob ja Ruth",
      "answer": 3
    },
    {
      "ques_id": 3,
      "question": "Kumpi kaikista Raamatussa mainituista ihmisistä eli pisimpään?",
      "option1": "Metusalah",
      "option2": "JJared",
      "option3": "Abraham",
      "option4": "Adam",
      "answer": 1
    },
    {
      "ques_id": 4,
      "question": "Mitä Jeesus sanoi niille, jotka syyttivät avionrikkoja?",
      "option1": "Katso, ei ole ketään vanhurskasta",
      "option2": "Joka on synnitön, heittäköön ensin kiven",
      "option3": "Voi sinua, joka syyttää tätä naista",
      "option4": " tapa hänet",
      "answer": 2
    },
    {
      "ques_id": 5,
      "question": "Mihin kaupunkiin kaikki kansat jonakin päivänä menevät palvomaan Jumalaa?",
      "option1": "Damaskos",
      "option2": "Jerusalem",
      "option3": "Cilicia",
      "option4": "Juuda",
      "answer": 2
    },
    {
      "ques_id": 6,
      "question": "Kuka Daavidin jälkeläisistä hallitsee ikuisesti",
      "option1": "Rehabeam",
      "option2": "Jeesus",
      "option3": "Salomo",
      "option4": "Jerobeam",
      "answer": 2
    },
    {
      "ques_id": 7,
      "question": "Kuka oli Timoteuksen harras äiti",
      "option1": "Lois",
      "option2": "Phoebe",
      "option3": "Eunice",
      "option4": "Magdalene",
      "answer": 3
    },
    {
      "ques_id": 8,
      "question": "Miksi kuningas Salomo kääntyi pois Jumalasta ollessaan vanha",
      "option1": "Hänen ulkomaalaiset vaimonsa käänsivät hänen sydämensä muiden jumalien perään",
      "option2": "Hänestä tuli ylpeä",
      "option3": "Hän rakasti naisia ​​enemmän kuin Jumalaa",
      "option4": "Hän palvoi epäjumalia",
      "answer": 1
    },
    {
      "ques_id": 9,
      "question": "Kuka pakeni Jehovan teltalle turvallisuuden vuoksi, mutta kuoli kuitenkin siellä?",
      "option1": "Joab",
      "option2": "Saul",
      "option3": "ammon",
      "option4": "Esau",
      "answer": 1
    },
    {
      "ques_id": 10,
      "question": "Kuka kuningas haaveili suuresta eri metalleista tehdystä miehen patsaasta",
      "option1": "Ahab",
      "option2": "David",
      "option3": "malach",
      "option4": "Nebukadnessar",
      "answer": 4
    },
    {
      "ques_id": 11,
      "question": "Missä on 'paras paikka rukoilla'?",
      "option1": "Kaapissasi ovi kiinni",
      "option2": "Kirkossa",
      "option3": "Hiljaisella paikalla",
      "option4": "Matkalla",
      "answer": 1
    },
    {
      "ques_id": 12,
      "question": "Mistä löytää sanat: Luota Jehovaan koko sydämestäsi äläkä nojaa omaan ymmärrykseesi?",
      "option1": "Sananlaskut 3:5",
      "option2": "Sananlaskut 35:3",
      "option3": "Sananlaskut 5:3",
      "option4": "Sananlaskut 6:4",
      "answer": 1
    },
    {
      "ques_id": 13,
      "question": "Kun Jeesus oli erämaassa, mitä hän kiusattiin muuttaa leiviksi?",
      "option1": "Mounds",
      "option2": "Kivet",
      "option3": "Kivet",
      "option4": "Maaperä",
      "answer": 3
    },
    {
      "ques_id": 14,
      "question": "Mitä erikoista oli Ehudissa [Israelin tuomari, joka tappoi Mooabin kuninkaan Elgonin",
      "option1": "Hän oli hyvin nuori",
      "option2": "Hän oli vasenkätinen",
      "option3": "Hän oli sokea",
      "option4": "Hän oli hyvin vanha",
      "answer": 2
    },
    {
      "ques_id": 15,
      "question": "Mitä tapahtui Jerikon kaupungille sen jälkeen, kun pappi puhalsi trumpettejaan",
      "option1": "Ihmiset pakenivat toiseen maahan",
      "option2": "Eläimet kuolivat",
      "option3": "Seinät putosivat",
      "option4": "Ihmiset muuttivat",
      "answer": 3
    },
    {
      "ques_id": 16,
      "question": "Johanneksen 1:1:n mukaan, mikä oli alussa Jumalan luona",
      "option1": "Sana",
      "option2": "Enkeli",
      "option3": "Jeesus",
      "option4": "Johannes",
      "answer": 1
    },
    {
      "ques_id": 17,
      "question": "Kuinka monta psalmia on psalmien kirjassa?",
      "option1": "150",
      "option2": "170",
      "option3": "120",
      "option4": "190",
      "answer": 1
    },
    {
      "ques_id": 18,
      "question": "Ei jokainen, joka sanoo minulle 'Herra, Herra', pääse taivasten valtakuntaan. Kuka sitten pääsee valtakuntaansa",
      "option1": "Se, joka tekee Jumalan tahdon",
      "option2": "Hän, joka tekee ihmeitä",
      "option3": "Se, joka kastetaan",
      "option4": "Jumalan sanaa julistava",
      "answer": 1
    },
    {
      "ques_id": 19,
      "question": "Kuka oli ensimmäinen kuningas Israelin 10 heimosta?",
      "option1": "Jerobeam",
      "option2": "Rehoboth",
      "option3": "Joab",
      "option4": "Rehaboam",
      "answer": 1
    },
    {
      "ques_id": 20,
      "question": "Kuinka monta vuotta Israelin kansan piti olla Jeremian mukaan vankina Babylonin kuninkaan alla?",
      "option1": "120 vuotta",
      "option2": "40 vuotta",
      "option3": "70 vuotta",
      "option4": "80 vuotta",
      "answer": 3
    }
  ],
  "Suurmestari": [
    {
      "ques_id": 1,
      "question": "Mihin jokeen Naaman käskettiin huuhtoutumaan päästäkseen eroon spitaalista?",
      "option1": "Niili",
      "option2": "Jordaania",
      "option3": "Galilea",
      "option4": "Raamattu ei sano",
      "answer": 2
    },
    {
      "ques_id": 2,
      "question": "Kuka oli Rehabeamin isä?",
      "option1": "David",
      "option2": "Nimrod",
      "option3": "Abimelek",
      "option4": "Salomo",
      "answer": 4
    },
    {
      "ques_id": 3,
      "question": "Kuinka kauan Daavid hallitsi kuninkaana?",
      "option1": "Kolmekymmentä vuotta",
      "option2": "Neljäkymmentä vuotta",
      "option3": "Kaksikymmentä viisi vuotta",
      "option4": "Kahdeksankymmentä vuotta",
      "answer": 2
    },
    {
      "ques_id": 4,
      "question": "Jeesuksen selityksessä vertaukselle kylväjästä. mitä siemen edustaa",
      "option1": "Usko",
      "option2": "Jumalan sana",
      "option3": "Jeesus",
      "option4": "Rakkaus",
      "answer": 2
    },
    {
      "ques_id": 5,
      "question": "Mikä kasvi on 'pienin kaikista siemenistä, mutta kun se on kasvatettu, se on suurin yrteistä?",
      "option1": "Oliivi",
      "option2": "Sinappi",
      "option3": "Tammi",
      "option4": "rypäle",
      "answer": 2
    },
    {
      "ques_id": 6,
      "question": "Mikä oli Mooseksen veljen nimi?",
      "option1": "Alfeus",
      "option2": "Johannes",
      "option3": "Aaron",
      "option4": "Joshua",
      "answer": 3
    },
    {
      "ques_id": 7,
      "question": "Mistä Aadamin ruumiinosasta Jumala loi Eevan?",
      "option1": "Sydän",
      "option2": "Aivot",
      "option3": "Rub",
      "option4": "Pää",
      "answer": 3
    },
    {
      "ques_id": 8,
      "question": "Enkeli kertoi Sakarialle ja Elisabetille, että he saavat pojan, mikä hänen nimensä oli",
      "option1": "Elias",
      "option2": "Jeesus",
      "option3": "Johannes",
      "option4": "James",
      "answer": 3
    },
    {
      "ques_id": 9,
      "question": "Mikä merkittävä tapahtuma on kirjattu Mooseksen kirjan luvuissa 1 ja 2",
      "option1": "Kuljetus",
      "option2": "Luominen",
      "option3": "Puhdistus",
      "option4": "Uhri",
      "answer": 2
    },
    {
      "ques_id": 10,
      "question": "Mikä oli Mooseksen ja Korahin suhde",
      "option1": "He olivat molemmat Juudan heimosta",
      "option2": "He olivat veljiä",
      "option3": "He olivat serkkuja",
      "option4": "He olivat ystäviä",
      "answer": 3
    },
    {
      "ques_id": 11,
      "question": "Mitä Noomi käski Betlehemin ihmisille kutsua häntä?",
      "option1": "Mara",
      "option2": "Naama",
      "option3": "Bathsheba",
      "option4": "Maria",
      "answer": 1
    },
    {
      "ques_id": 12,
      "question": "Nimeä juutalainen neito, joka meni naimisiin persian kuninkaan kanssa?",
      "option1": "Naomi",
      "option2": "Deborah",
      "option3": "Esther",
      "option4": "Jude",
      "answer": 3
    },
    {
      "ques_id": 13,
      "question": "Mitä Ilmestyskirjan 1:20:n seitsemän kultaista lampunjalkaa symboloivat?",
      "option1": "Seitsemän seurakuntaa",
      "option2": "Seitsemän enkeliä",
      "option3": "Seitsemän kuningasta",
      "option4": "Seitsemän ihmistä",
      "answer": 1
    },
    {
      "ques_id": 14,
      "question": "Mistä seuraavat sanat löytyvät: 'mutta Jumala valitsi maailman tyhmät asiat saattaakseen viisaat häpeään?",
      "option1": "Teot",
      "option2": "roomalaiset",
      "option3": "1 korinttilaisille",
      "option4": "Johannes",
      "answer": 3
    },
    {
      "ques_id": 15,
      "question": "Mitä oli havaittavissa Jaakobin kaksoisveljessä Esaussa syntyessään",
      "option1": "Hänellä oli syvät intensiiviset silmät",
      "option2": "Hän oli erittäin komea",
      "option3": "Hän oli punainen ja karvainen",
      "option4": "Hän oli hyvin musta",
      "answer": 3
    },
    {
      "ques_id": 16,
      "question": ",Kuka leikkasi Simsonin hiukset?",
      "option1": "Hänen vihollisensa Hulk",
      "option2": "Delilah",
      "option3": "Toinen mies",
      "option4": "Hänen ystävänsä",
      "answer": 2
    },
    {
      "ques_id": 17,
      "question": "Kuka kirjoitti 1. ja 2. Kingsin kirjat?",
      "option1": "Elias",
      "option2": "Jeremia",
      "option3": "Gad",
      "option4": "Nathan",
      "answer": 2
    },
    {
      "ques_id": 18,
      "question": "Kumpi evankeliumeista esiintyy viimeisenä Raamatussa",
      "option1": "Nicodemus",
      "option2": "Johannes",
      "option3": "Andrews",
      "option4": "Mark",
      "answer": 2
    },
    {
      "ques_id": 19,
      "question": "Mitä tapahtui kenellekään, jonka nimeä ei löydetty kirjoitettuna elämän kirjaan?",
      "option1": "Heidät julistettiin pelastuksen arvoisiksi",
      "option2": "He hukkuivat",
      "option3": "He kuolivat",
      "option4": "Ne heitettiin tulijärveen",
      "answer": 4
    },
    {
      "ques_id": 20,
      "question": "Kuka oli vahvin koskaan elänyt mies?",
      "option1": "Goliath",
      "option2": "Samson",
      "option3": "Jeesus",
      "option4": "Agag",
      "answer": 2
    }
  ],
  "Legenda": [
    {
      "ques_id": 1,
      "question": "Mooseksen kirja alkaa heprean sanalla \"bereshit\", mikä on tämän sanan käännös englanniksi",
      "option1": "Alussa ",
      "option2": "Tulkoon valo",
      "option3": "Kun vielä ei ollut mitään",
      "option4": "Herra Jumala sanoi",
      "answer": 1,
      "reference":"Gn 1:1"
    },
    {
      "ques_id": 2,
      "question": "Mitä herra Jumala otti häneltä sen jälkeen kun hän oli nukahtanut syvään, rakentaakseen naiseksi",
      "option1": "hammas",
      "option2": "Kynsi",
      "option3": "kylkiluu",
      "option4": "hiusnauha",
      "answer": 3,
      "reference":"Gn 1:2"
    },
    {
      "ques_id": 3,
      "question": "Mitä Herra Jumala ensin siunasi sanoilla 'Olkaa hedelmälliset ja lisääntykää'?",
      "option1": "Ensimmäinen mies ja nainen",
      "option2": "Merieläimet ja linnut",
      "option3": "Kasvit",
      "option4": "Maaeläimet",
      "answer": 1,
      "reference":"Gn 1:22"
    },
    {
      "ques_id": 4,
      "question": "Kuka oli herran enkeli, joka ilmoitti Marialle tulevansa raskaaksi ja synnyttävänsä pojan?",
      "option1": "Gabriel",
      "option2": "Michael",
      "option3": "Rafael",
      "option4": "Sealtiel",
      "answer": 1,
      "viittaus": "Luuk 1:31"
    },
    {
      "ques_id": 5,
      "question": "Mikä on Pyhän Johannes Kastajan äidin nimi?",
      "option1": "Salome Sebedeuksesta",
      "option2": "Sakarian Elisabeth",
      "option3": "Mary of cleofas",
      "option4": "Herodias Filippuksesta",
      "answer": 2,
      "reference": "Luuk 1:5-6"
    },
    {
      "ques_id": 6,
      "question": "Pyhän Johanneksen evankeliumin ylösnousemuskertomuksen alussa, kenen mainittiin menevän varhain aamulla Jeesuksen haudalle ja näkevän kiven poistuvan?",
      "option1": "Magdalan Maria",
      "option2": "St. John",
      "option3": "Marta",
      "option4": "Enkeli",
      "answer": 1,
      "reference":"Joh 20:1"
    },
    {
      "ques_id": 7,
      "question": "Johanneksen evankeliumin ylösnousemuskertomuksessa, kun ylösnoussut herra ilmestyi ensimmäisen kerran Magdalan Marialle, hän luuli hänet keneksi?",
      "option1": "Vanginvartija",
      "option2": "Satapäämies",
      "option3": "luokkalainen",
      "option4": "Enkeli",
      "answer": 3,
      "reference":"Joh 20:15"
    },
    {
      "ques_id": 8,
      "question": "Kuinka monta 14 sukupolven sarjaa mainittiin Pyhän Mateuksen evankeliumissa annetussa Jeesuksen sukuluettelossa",
      "option1": "Viisi",
      "option2": "Pistemäärä",
      "option3": "Kolme",
      "option4": "Tusina",
      "answer": 3,
      "viittaus": "Joh. 20:15"

    },
    {
      "ques_id": 9,
      "question": "Profeetta Jesajassa sanotaan, että neitsyestä syntyvälle pojalle annetaan tämä nimi, joka tarkoittaa Jumalaa - meidän kanssamme?",
      "option1": "Jeesus",
      "option2": "Johannes",
      "option3": "Emmanuel",
      "option4": "Christos,",
      "answer": 3,
      "reference":"Mt 1:23"
    },
    {
      "ques_id": 10,
      "question": "Pyhän Mateuksen evankeliumissa annetussa Jeesuksen sukututkimuksessa ensimmäinen mainittu 14 sukupolven sarja alkoi Abrahamista ja päättyi keneen?",
      "option1": "David",
      "option2": "Mooses",
      "option3": "Jakob",
      "option4": "Jesse",
      "answer": 1,
      "reference":"Mt 1:1-6"
    },
    {
      "ques_id": 11,
      "question": "\"Koska hänet otettiin hänen lihastaan\", miksi ensimmäinen mies kutsui ensimmäistä naista?",
      "option1": "Adama",
      "option2": "Eeva",
      "option3": "nainen",
      "option4": "Vaimo",
      "answer": 2,
      "reference":"Moos 1:23"
    },
    {
      "ques_id": 12,
      "question": "Mitä Herra Jumala antoi ruoaksi kaikille maan eläimille ja kaikille taivaan linnuille?",
      "option1": "Vihreät kasvit",
      "option2": "Siemeniä kantavat kasvit",
      "option3": "Siemeniä kantavat hedelmäpuut",
      "option4": "Kaikki syötävä",
      "answer": 1,
      "reference":"Gn 1:30"
    },
    {
      "ques_id": 13,
      "question": "Minä luomispäivänä Jumala loi auringon ja kuun?",
      "option1": "Ensimmäinen",
      "option2": "Toinen",
      "option3": "Kolmas",
      "option4": "Neljäs",
      "answer": 4,
      "reference":"Moos 1:26-31"
    },
    {
      "ques_id": 14,
      "question": "Kuinka vanha Daavid oli, kun sinut voideltiin Israelin kuninkaaksi?",
      "option1": "50",
      "option2": "20",
      "option3": "35",
      "option4": "30",
      "answer": 4,
      "reference":"2Samuel 5:4"
    },
    {
      "ques_id": 15,
      "question": "Kuka muu kuin viisaat miehet tulivat käymään Jeesuksen luona, kun hän oli pieni lapsi.",
      "option1": "Archers",
      "option2": "paimenet",
      "option3": "Metsästäjät",
      "option4": "Maanviljelijät",
      "answer": 2
    },
    {
      "ques_id": 16,
      "question": "Kuinka pitkä Goljat oli?",
      "option1": "6 kyynärää ja jänneväli",
      "option2": "8 kyynärää",
      "option3": "10 kyynärää ja jänne",
      "option4": "12 kyynärää",
      "answer": 1,
      "viittaus": "1 Samuel 1:4"
    },
    {
      "ques_id": 17,
      "question": "Mitä Paavali sanoi lain täyttymiseksi?",
      "option1": "Usko",
      "option2": "Rukous",
      "option3": "Rakkaus",
      "option4": "Avioliitto",
      "answer": 3,
      "reference":"Roomalaisille 13:10"
    },
    {
      "ques_id": 18,
      "question": "Mikä on Raamatun lyhin luku",
      "option1": "Psalmit 117",
      "option2": "Psalmit 18",
      "option3": "Mark 10",
      "option4": "Johannes 4",
      "answer": 1,
      "reference":"Psalmit 117"
    },
    {
      "ques_id": 19,
      "question": "Kuka sanoi: 'Hopeaa ja kultaa minulla ei ole, mutta minkä minulla on, annan sinulle'?",
      "option1": "Paavali",
      "option2": "James",
      "option3": "Peter",
      "option4": "Timothy",
      "answer": 3,
      "reference":"Apostolien teot 3:6"
    },
    {
      "ques_id": 20,
      "question": "Mikä oli Mooseksen ikä [vuotta] hänen kuolemansa aikaan",
      "option1": "120",
      "option2": "100",
      "option3": "150",
      "option4": "80",
      "answer": 1,
      "reference":"5 Moos. 34:7"
    }
  ],
  "Maailman ulkopuolella": [
    {
      "ques_id": 1,
      "question": "Kuka oli vanhin Raamattuun kirjattu henkilö?",
      "option1": "Metusalah",
      "option2": "Adam",
      "option3": "Abraham",
      "option4": "Salomo",
      "answer": 1,
      "reference":"Moos. 5:27"
    },
    {
      "ques_id": 2,
      "question": "Kuinka vanha oli vanhin henkilö, joka on merkitty Raamattuun?",
      "option1": "120",
      "option2": "500",
      "option3": "800",
      "option4": "969",
      "answer": 4,
      "reference":"Moos. 5:27"
    },
    {
      "ques_id": 3,
      "question": "Mitä Jahwe-Schammmah tarkoittaa?",
      "option1": "Jumala kanssamme",
      "option2": "Jumala itse",
      "option3": "Jeesus Jumalan poika",
      "option4": "Iankaikkinen elämä",
      "answer": 2,
      "reference":"Hesekiel 48:35"
    },
    {
      "ques_id": 4,
      "question": "Kuinka monta vuotta Jumala lisäsi kuningas Hiskian elämään vastauksena kuolevan kuninkaan rukoukseen?",
      "option1": "20",
      "option2": "50",
      "option3": "15",
      "option4": "100",
      "answer": 3,
      "reference": "2 Kuninkaiden 20:6"
    },
    {
      "ques_id": 5,
      "question": "Mitä herran profeettoja Juudan kuningas Josia neuvoi?",
      "option1": "Amos",
      "option2": "Elias",
      "option3": "Elisa",
      "option4": "Huldah",
      "answer": 4,
      "viittaus": "2 Kuninkaiden 22:14-16"
    },
    {
      "ques_id": 6,
      "question": "Mitä seremoniaa kuningas Josia palautti, jota kukaan Israelin tai Juudan aikaisemmista kuninkaista ei ollut juhlinut??",
      "option1": "Pääsiäinen",
      "option2": "Uhrirituaali",
      "option3": "palvonta",
      "option4": "Ympärileikkaus",
      "answer": 1,
      "reference": "2 Kuninkaiden 23:21"
    },
    {
      "ques_id": 7,
      "question": "Mistä Israelin heimosta kuningas Saul oli?",
      "option1": "Juda",
      "option2": "Benjamin",
      "option3": "Amonit",
      "option4": "Israel",
      "answer": 2,
      "viittaus": "1 Samuel 9:21"
    },
    {
      "ques_id": 8,
      "question": "Mitä uhria Samuel uhrasi herralle, kun arkki palasi Israeliin?",
      "option1": "Vuohi",
      "option2": "Ihmisuhri",
      "option3": "Hän uhrasi puutarhasadot",
      "option4": "Imevä lammas",
      "answer": 4,
      "viittaus": "1 Samuel 7:9"
    },
    {
      "ques_id": 9,
      "question": "Mikä oli kuningas Saulin vaimon nimi?",
      "option1": "Debora",
      "option2": "Nimi",
      "option3": "Ahinoam",
      "option4": "Ruth",
      "answer": 3,
      "reference":"1 Samuel 14:50"
    },
    {
      "ques_id": 10,
      "question": "Mitä kukaan tarvitsee ymmärtääkseen Jumalan sanan?",
      "option1": "Tieto",
      "option2": "Pyhä Henki",
      "option3": "Viisaus",
      "option4": "Rukoukset",
      "answer": 2,
      "viittaus": "1 Korinttolaisille 2:11"
    },
    {
      "ques_id": 11,
      "question": "Kuka Paavali sanoi tuomitsi hänet?",
      "option1": "Jumala",
      "option2": "Terah",
      "option3": "Ruben",
      "option4": "Belsaszar",
      "answer": 1,
      "viittaus": "1 Korinttolaisille 4:4"
    },
    {
      "ques_id": 12,
      "question": "Helluntaipäivänä kuului taivaasta ryntäyksen ääni____?",
      "option1": "Ukkonen",
      "option2": "sade",
      "option3": "Tuuli",
      "option4": "kova melu",
      "answer": 3,
      "reference":"Apostolien teot 2:2"
    },
    {
      "ques_id": 13,
      "question": "Kuka tarjoutui maksamaan rahaa voimasta antaa Pyhän hengen?",
      "option1": "Johannes",
      "option2": "Sakarias",
      "option3": "Simon",
      "option4": " Herodes",
      "answer": 3,
      "reference":"Apostolien teot 8"
    },
    {
      "ques_id": 14,
      "question": "Kun Jeesus muutti veden viiniksi, hän muutti veden, joka oli kivipurkeissa. Mihin näitä kivipurkkeja yleensä käytettiin?",
      "option1": "Kastaa",
      "option2": "Puhdistus",
      "option3": "Kauppa",
      "option4": "Seremoniaalinen pesu",
      "answer": 4,
      "viittaus": "Joh. 2:6"
    },
    {
      "ques_id": 15,
      "question": "Kuka oli Nimrodin isä?",
      "option1": "Andrew",
      "option2": "Joshua",
      "option3": " Simson",
      "option4": "Cush",
      "answer": 4,
      "reference":"1 Chronicles 1:10"
    },
    {
      "ques_id": 16,
      "question": "mitkä olivat Abrahamin kahden pojan nimet (syntymäjärjestyksessä)?",
      "option1": "Iisak ja Jaakob",
      "option2": "Ismael ja Iisak",
      "option3": "Josef ja Jaakob",
      "option4": "Kain ja Iisak",
      "answer": 2,
      "viittaus": "Moos. 16:1-16, 1. Aikakirja 1:28"
    },
    {
      "ques_id": 17,
      "question": "Mitä Nooan kolmen pojan nimet olivat Raamatun luetteloiden mukaisessa järjestyksessä?",
      "option1": "Kinku, Joosef, Jaafet",
      "option2": "Jaapet, Ham, Iisak",
      "option3": "Shem, Ham ja Japhet",
      "option4": "Shem, Ham, Joseph",
      "answer": 3,
      "viittaus":"Moos. 9:18-19, 1. Aikakirja 1:4"
    },
    {
      "ques_id": 18,
      "question": "Herra muutti Abrahamin nimen Abrahamiksi, kun hän oli 99-vuotias. mikä hänen nimensä oli ennen sitä?",
      "option1": "Adam",
      "option2": "Abram",
      "option3": "Alfa",
      "option4": "Agag",
      "answer": 2,
      "reference": "Moos. 17:1-5"
    },
    {
      "ques_id": 19,
      "question": "Kuinka vanha Abraham oli, kun Iisak syntyi?",
      "option1": "103",
      "option2": "90",
      "option3": "100",
      "option4": "50",
      "answer": 3,
      "reference": "Moos. 21:5"
    },
    {
      "ques_id": 20,
      "question": "Kuinka monen Raamatun kirjan nimessä on sana \"Johannes\"?",
      "option1": "4",
      "option2": "3",
      "option3": "1",
      "option4": "5",
      "answer": 1,
      "reference": "John"
    }
  ]
}