{
  "Naujokas": [
{
"ques_id": 1,
"question": "Kas yra pirmasis žmogus, kuris kada nors gyveno?",
"option1": "Metuzalė",
"option2": "Abraomas",
"option3": "Mozė",
"option4": "Adomas",
"answer": 4
},
{
"ques_id": 2,
"question": "Ką prarijo labai didelė žuvis?",
"option1": "Jėzus",
"option2": "Jonas",
"option3": "Samsonas",
"option4": "Petras",
"answer": 2
},
{
"ques_id": 3,
"question": "Kas yra tas asmuo, kuriuo Dievas išvedė izraelitus iš Egipto",
"option1": "Aronas",
"option2": "Abraomas",
"option3": "Mozė",
"option4": "Jeremijas",
"answer": 3
},
{
"ques_id": 4,
"question": "Kas buvo asmuo, kuris nužudė Galijotą",
"option1": "Deividas",
"option2": "Saulius",
"option3": "Saliamon",
"option4": "Jonathan",
"answer": 1
},
{
"ques_id": 5,
"question": "Kas buvo pirmasis Izraelio karalius?",
"option1": "Deividas",
"option2": "Saulius",
"option3": "Saliamon",
"option4": "Mozė",
"answer": 2
},
{
"ques_id": 6,
"question": "Kokį užsiėmimą Jėzus turėjo prieš savo tarnystę",
"option1": "ToyMaker",
"option2": "Žvejas",
"option3": "Vynuogyno prižiūrėtojas",
"option4": "dailidė",
"answer": 4
},
{
"ques_id": 7,
"question": "Kaip vadinasi miestas, kuriame gimė Jėzus?",
"option1": "Jeruzalė",
"option2": "Betliejus",
"option3": "Galilee",
"option4": "Nazaretas",
"answer": 2
},
{
"ques_id": 8,
"question": "Kaip vadinasi jūra, kuria vaikščiojo Jėzus",
"option1": "Galilejos jūra",
"option2": "Negyvoji jūra",
"option3": "Skaityti jūrą",
"option4": "Viduržemio jūra",
"answer": 1
},
{
"ques_id": 9,
"question": "Kaip vadinasi upė, kurioje Jonas Krikštytojas krikštijo žmones?",
"option1": "Eufratas",
"option2": "Nilas",
"option3": "Jordanija",
"option4": "Tigris",
"answer": 3
},
{
"ques_id": 10,
"question": "Koks Andriejaus brolio vardas? (Abu buvo mokiniai)",
"option1": "Petras",
"option2": "Jonas",
"option3": "James",
"option4": "Adomas",
"answer": 1
},
{
"ques_id": 11,
"question": "Koks buvo Jėzaus Motinos vardas?",
"option1": "Marija",
"option2": "Marta",
"option3": "Zipporah",
"option4": "Sara",
"answer": 1
},
{
"ques_id": 12,
"question": "Kaip vadinosi sodas, kuriame gyveno Adomas ir Ieva?",
"option1": "Nodo žemė",
"option2": "Edeno sodas",
"option3": "Betliejus",
"option4": "Slėnio sodas",
"answer": 2
},
{
"ques_id": 13,
"question": "Kokiu maistu Jėzus pamaitino 5000 žmonių",
"option1": "Vynas",
"option2": "Duonos ir vyno kepalai",
"option3": "Duonos ir žuvies kepalai",
"option4": "Vanduo",
"answer": 3
},
{
"ques_id": 14,
"question": "Kokiu būdu romėnai nužudė Jėzų?",
"option1": "Stoned",
"option2": "Kremavimas",
"option3": "Nukryžiavimas",
"option4": "pakabintas",
"answer": 3
},
{
"ques_id": 15,
"question": "Kiek krepšelių liko išmaitinus 5000?",
"option1": "7",
"option2": "8",
"option3": "10",
"option4": "12",
"answer": 1,
"nuoroda": "Mato 15:13"
},
{
"ques_id": 16,
"question": "Kuris mokinys rado monetą žuvies burnoje?",
"option1": "Andrius",
"option2": "Paulius",
"option3": "Petras",
"option4": "Timothy",
"answer": 3,
"nuoroda": "Mato 1:24-27"
},
{
"ques_id": 17,
"question": "Kurioje Biblijos knygoje mes skaitome apie Hamaną",
"option1": "Exodus",
"option2": "Estera",
"option3": "Rūta",
"option4": "Malachi",
"answer": 2,
"nuoroda": "Esther 3"
},
{
"ques_id": 18,
"question": "Pavardink karaliaus Agripos žmoną, prieš kurią Paulius buvo teisiamas",
"option1": "Bernice",
"option2": "Erodas",
"option3": "Agag",
"option4": "Kajafas",
"answer": 1,
"nuoroda": "Apaštalų darbai 25:23"
},
{
"ques_id": 19,
"question": "Kiek metų tapo Enochas",
"option1": "400",
"option2": "350",
"option3": "230",
"option4": "365",
"answer": 4,
"nuoroda": "Pradžios 5:23"
},
{
"ques_id": 20,
"question": "Kiek metų Dievas papildė karaliaus Ezekijo gyvenimą, atsiliepdamas į mirštančių karalių maldą?",
"option1": "20",
"option2": "15",
"option3": "100",
"option4": "50",
"answer": 2,
"nuoroda": "2 Karalių 20:6"
}
],
"Entuziastas": [
{
"ques_id": 1,
"question": "Kas buvo Izaoko tėvas?",
"option1": "Abraomas",
"option2": "Jokūbas",
"option3": "Esavas",
"option4": "Peleq",
"answer": 1
},
{
"ques_id": 2,
"question": "Kas buvo Roboamo tėvas?",
"option1": "Deividas",
"option2": "Nimrodas",
"option3": "Abimelechas",
"option4": "Saliamon",
"answer": 4
},
{
"ques_id": 3,
"question": "Kas buvo Metušelio tėvas?",
"option1": "Elijas",
"option2": "Enock",
"option3": "Setas",
"option4": "Jared",
"answer": 2
},
{
"ques_id": 4,
"question": "Kas nužudė Joną Krikštytoją?",
"option1": "Cezaris",
"option2": "Pilatas",
"option3": "Herold",
"option4": "Kajafas",
"answer": 3
},
{
"ques_id": 5,
"question": "Kas buvo pirmasis nužudytas žmogus, nes tikėjo Kristų?",
"option1": "Petras",
"option2": "Jonas",
"option3": "Barnabas",
"option4": "Stevenas",
"answer": 4
},
{
"ques_id": 6,
"question": "Kur ėjo Saulius, pamatęs Jėzų?",
"option1": "Damaskas",
"option2": "Graikija",
"option3": "Roma",
"option4": "Jeruzalė",
"answer": 1
},
{
"ques_id": 7,
"question": "Kur Jėzus praleido didžiąją savo gyvenimo žemėje dalį?",
"option1": "Jeruzalė",
"option2": "Nazaretas",
"option3": "Alyvuogių kalnas",
"option4": "Egiptas",
"answer": 2
},
{
"ques_id": 8,
"question": "Kokia psalmė prasideda: \"Viešpats yra mano ganytojas?\"",
"option1": "91 psalmė",
"option2": "1 psalmė",
"option3": "104 psalmė",
"option4": "23 psalmė",
"answer": 4
},
{
"ques_id": 9,
"question": "Koks buvo Pauliaus užsiėmimas, kai jis keliavo kaip misionierius?",
"option1": "Piemuo",
"option2": "Violetinės spalvos pardavėjas",
"option3": "Palapinių gamintojas",
"option4": "raštininkas",
"answer": 3
},
{
"ques_id": 10,
"question": "Kaip vadinasi sala, kurioje gyveno Barnabas?",
"option1": "Graikija",
"option2": "Kipras",
"option3": "Rodas",
"option4": "Velykų sala",
"answer": 2
},
{
"ques_id": 11,
"question": "Kai prie jo priėjo Jėzus, kuris paklausė: \"Ką tu turi su manimi, Jėzau, Aukščiausiojo Dievo Sūnau? Prisiekiu tave Dievu, nekankink manęs'.?",
"option1": "Legionas",
"option2": "Terah",
"option3": "Ruben",
"option4": "Belšacaras",
"answer": 1
},
{
"ques_id": 12,
"question": "Už kurį paukštį, Jėzaus teigimu, mes turime brangesnę?",
"option1": "Erelis",
"option2": "Gfas",
"option3": "Žvirblis",
"option4": "Balandis",
"answer": 3
},
{
"ques_id": 13,
"question": "Kurios dvi seserys ištekėjo už Jokūbo?",
"option1": "Dorcas ir Lėja",
"option2": "Mariam ir Rachelė",
"option3": "Rachel ir Lėja",
"option4": "Sarai ir Hannah",
"answer": 3
},
{
"ques_id": 14,
"question": "Į kurią žemę Dievas atsiuntė Abraomą paaukoti savo ypatingą sūnų Izaoką?",
"option1": "Canan",
"option2": "Makedonija",
"option3": "Kipras",
"option4": "Moriah",
"answer": 4
},
{
"ques_id": 15,
"question": "Su kokia Viešpaties pranaše pasitarė Judo karalius Josijas?",
"option1": "Debora",
"option2": "Huldah",
"option3": "Naom",
"option4": "Rūta",
"answer": 2,
"nuoroda": "2 Karalių 22:12-16"
},
{
"ques_id": 16,
"question": "Pavadinti pirmagimį Samuelio sūnų?",
"option1": "Joshua",
"option2": "Joel",
"option3": "Jonathan",
"option4": "Juozapas",
"answer": 2,
"nuoroda": "1 Samuelio 8:2"
},
{
"ques_id": 17,
"question": "Kaip vadinosi karaliaus Sauliaus žmona?",
"option1": "Boam",
"option2": "Gailestingumas",
"option3": "Ahinoam",
"option4": "Noam",
"answer": 3,
"nuoroda": "1 Samuelio 14:50"
},
{
"ques_id": 18,
"question": "Ko reikia, kad kas nors suprastų Dievo žodį?",
"option1": "Malda",
"option2": "Meilė",
"option3": "Šventoji dvasia",
"option4": "Angelai",
"answer": 3,
"nuoroda": "1 Korintiečiams 2:11"
},
{
"ques_id": 19,
"question": "Kas, pasak Pauliaus, jį teisti?",
"option1": "Šėtonas",
"option2": "Dievas",
"option3": "Draugas",
"option4": "Petras",
"answer": 2,
"nuoroda": "1 Korintiečiams 4:4"
},
{
"ques_id": 20,
"question": "________ atidėtas daro širdį blogą?",
"option1": "Pasitikėjimas",
"option2": "Viltis",
"option3": "Meilė",
"option4": "Maldos",
"answer": 2,
"nuoroda": "Patarlių 13:12"
}
],
"Vidutiniškas": [
{
"ques_id": 1,
"question": "Kas buvo Mozės žmona??",
"option1": "Elišeba",
"option2": "Rebeka",
"option3": "Mariam",
"option4": "Zipporah",
"answer": 4
},
{
"ques_id": 2,
"question": "Kas buvo antroji Abraomo žmona?",
"option1": "Estera",
"option2": "Keturah",
"option3": "Hagar",
"option4": "Lidija",
"answer": 2
},
{
"ques_id": 3,
"question": "Kiek skyrių yra Kalno pamoksle?",
"option1": "1",
"option2": "2",
"option3": "3",
"option4": "7",
"answer": 3
},
{
"ques_id": 4,
"question": "Kiek kartų Izraelis žygiavo aplink Jerichą?",
"option1": "13",
"option2": "7",
"option3": "70",
"option4": "12",
"answer": 1
},
{
"ques_id": 5,
"question": "Kokio ilgio yra uolektis?",
"option1": "apie 12 colių",
"option2": "12mm",
"option3": "apie 18 colių",
"option4": "maždaug 36 coliai",
"answer": 3
},
{
"ques_id": 6,
"question": "Kur dingo Kainas nužudęs Abelį?",
"option1": "Edeno sodas",
"option2": "Nodo žemė",
"option3": "Kumrano urvai",
"option4": "Ararato kalnas",
"answer": 2
},
{
"ques_id": 7,
"question": "Kas buvo Kišo sūnus?",
"option1": "Nojus",
"option2": "Apaštalas Paulius",
"option3": "Abraomas",
"option4": "Karalius Saulius",
"answer": 4
},
{
"ques_id": 8,
"question": "Kur gyveno Rahaba?",
"option1": "Jericho",
"option2": "Jeruzalė",
"option3": "Ninevė",
"option4": "Ai",
"answer": 1
},
{
"ques_id": 9,
"question": "Kur gyveno Dorcas?",
"option1": "Betelis",
"option2": "Joppa",
"option3": "Cezarėja",
"option4": "Antioch",
"answer": 2
},
{
"ques_id": 10,
"question": "Kur yra gatvė, vadinama Tiesia",
"option1": "Jeruzalė",
"option2": "Roma",
"option3": "Babilonas",
"option4": "Damaskas",
"answer": 4
},
{
"ques_id": 11,
"question": "Po kuriuo medžiu miegojo Elijas, pabėgęs dėl savo gyvybės",
"option1": "Ąžuolas",
"option2": "Pušis",
"option3": "Kadagis",
"option4": "Eglė",
"answer": 3,
"nuoroda": "1 Karalių 19:5"
},
{
"ques_id": 12,
"question": "Už kiek tiksliai sidabrinių monetų Judas išdavė Jėzų?",
"option1": "30",
"option2": "20",
"option3": "50",
"option4": "10",
"answer": 1,
"nuoroda": "Mato 26:15"
},
{
"ques_id": 13,
"question": "Pavadinkite Dovydo tėvą",
"option1": "Omanas",
"option2": "Jesse",
"option3": "Joshua",
"option4": "Saliamon",
"answer": 2,
"nuoroda": "1 Samuelis 1:12"
},
{
"ques_id": 14,
"question": "Dievas nėra minimas tik 1 Biblijos knygoje",
"option1": "Estera",
"option2": "Rūta",
"option3": "Malachi",
"option4": "Exodus",
"answer": 1,
"nuoroda": "Estera"
},
{
"ques_id": 15,
"question": "Už kiek sidabrinių Jozuė pardavė išmeelitams savo brolių",
"option1": "50",
"option2": "12",
"option3": "20",
"option4": "100",
"answer": 3,
"nuoroda": "Pradžios 37:28"
},
{
"ques_id": 16,
"question": "Kiek apaštalų Jėzus išsirinko",
"option1": "12",
"option2": "14",
"option3": "10",
"option4": "08",
"answer": 1,
"nuoroda": "Lk 6:13"
},
{
"ques_id": 17,
"question": "Angelas pasakė Marijai, kad Jėzus karaliaus namuose, kurių Senojo Testamento veikėjas",
"option1": "Deividas",
"option2": "Jokūbas",
"option3": "Abraomas",
"option4": "Mozė",
"answer":2,
"nuoroda": "Lk 1:13"
},
{
"ques_id": 18,
"question": "Kuris pranašas pasakė: \"Iš Egipto pašaukiau savo sūnų\"?",
"option1": "Jeremijas",
"option2": "Izaijas",
"option3": "Hosea",
"option4": "Ezekielis",
"answer": 3,
"nuoroda": "Ozėjo 11:1"
},
{
"ques_id": 19,
"question": "Kokį medį prakeikė Jėzus?",
"option1": "Pav",
"option2": "Vynuogynas",
"option3": "Pušis",
"option4": "ąžuolas",
"answer": 1,
"nuoroda": "Morkaus 11:12-14"
},
{
"ques_id": 20,
"question": "Ką Saulius paprašė, kad jį auklėtų",
"option1": "Eli",
"option2": "Natanas",
"option3": "Samuelis",
"option4": "Deividas",
"answer": 3,
"nuoroda": "1 Samuelis 28:11"
}
],
"Profesionalas": [
{
"ques_id": 1,
"question": "Kas nešė kryžių už Kristų?",
"option1": "Filipas",
"option2": "Simonas Kirėnietis",
"option3": "Ahabas",
"option4": "Micah",
"answer": 2
},
{
"ques_id": 2,
"question": "Kiek kompanionų filistinai davė Samsonui per puotą Timnoje?",
"option1": "30",
"option2": "31",
"option3": "32",
"option4": "33",
"answer": 1
},
{
"ques_id": 3,
"question": "Kiek metų buvo pranašei Anai, kai ji pamatė Jėzų?",
"option1": "83",
"option2": "84",
"option3": "88",
"option4": "92",
"answer": 2
},
{
"ques_id": 4,
"question": "Ką Šebos karalienė davė Saliamonui?",
"option1": "(124 talentai) aukso, prieskonių ir brangakmenių",
"option2": "(120 talentų) aukso, prieskonių ir brangakmenių",
"option3": "(18 talentų) aukso, prieskonių ir brangakmenių",
"option4": "(221 talentas) aukso, prieskonių ir brangakmenių",
"answer": 2
},
{
"ques_id": 5,
"question": "Kiek knygų yra Senajame Testamente?",
"option1": "37",
"option2": "38",
"option3": "39",
"option4": "40",
"answer": 3
},
{
"ques_id": 6,
"question": "Į kiek upių Edeno upė suskilo, kai išėjo iš sodo?",
"option1": "4",
"option2": "3",
"option3": "6",
"option4": "8",
"answer": 1
},
{
"ques_id": 7,
"question": "Ką Juozapas norėjo daryti, kai sužinojo, kad Marija nėščia?",
"option1": "Suorganizuokite vakarėlį",
"option2": "Išsisiskirk su ja",
"option3": "Pabėgti",
"option4": "Nė vienas iš aukščiau paminėtų",
"answer": 2
},
{
"ques_id": 8,
"question": "Kokios spalvos buvo vyriausiojo kunigo drabužis?",
"option1": "mėlyna",
"option2": "Balta",
"option3": "Žalia",
"option4": "Raudona",
"answer": 1
},
{
"ques_id": 9,
"question": "Ką Boazas pasakė, kad Naomi parduoda?",
"option1": "Žemės sklypas",
"option2": "Auksas",
"option3": "Jos vaikas",
"option4": "Maistas",
"answer": 1
},
{
"ques_id": 10,
"question": "Palyginime apie skolininkus vienas buvo skolingas 500 denarų (pensų), o kiek kitas buvo skolingas",
"option1": "70",
"option2": "50",
"option3": "45",
"option4": "80",
"answer": 2
},
{
"ques_id": 11,
"question": "Kiek Elijo dvasios gavo Eliziejus?",
"option1": "Mažas",
"option2": "Viena porcija",
"option3": "Sveika",
"option4": "Dviguba porcija",
"answer": 4
},
{
"ques_id": 12,
"question": "Kuo buvo neįprasta 700 benjamitų kareivių, kurie galėjo užmesti akmenį ir kiekvieną kartą pataikyti į taikinį?",
"option1": "Jie visi buvo kairiarankiai",
"option2": "Jie visi atrodė panašiai",
"option3": "Jie neturėjo batų",
"option4": "Nė vienas iš aukščiau paminėtų",
"answer": 1
},
{
"ques_id": 13,
"question": "Koks ryšys buvo Anas su Kajafu?",
"option1": "Brolis",
"option2": "Dėdė",
"option3": "Pusbroliai",
"option4": "Uošvis",
"answer": 4
},
{
"ques_id": 14,
"question": "Ko neturėtumėte \"mesti prieš kiaules\"",
"option1": "Akmenukai",
"option2": "Akmenys",
"option3": "Perlai",
"option4": "Stick",
"answer": 3
},
{
"ques_id": 15,
"question": "Kada kalėjime, kuriuo metu Paulius ir Silas meldėsi ir giedojo Dievą?",
"option1": "Rytas",
"option2": "Popietė",
"option3": "Vakaras",
"option4": "Vidurnaktis",
"answer": 4
},
{
"ques_id": 16,
"question": "Ką Danielius ir trys jo draugai valgė vietoj karaliaus mėsos ir gėrė?",
"option1": "Duona",
"option2": "Vynas ir duona",
"option3": "Ankštiniai augalai ir vanduo",
"option4": "Nieko",
"answer": 3
},
{
"ques_id": 17,
"question": "Kaip vardu Jėzaus pusbrolis, gimęs šešis mėnesius anksčiau už jį?",
"option1": "Jonas",
"option2": "Petras",
"option3": "Paulius",
"option4": "Michael",
"answer": 1
},
{
"ques_id": 18,
"question": "Kuriame mieste gyveno karalius Erodas Jėzaus gimimo metu?",
"option1": "Jeruzalė",
"option2": "Roma",
"option3": "Babilonas",
"option4": "Betliejus",
"answer": 1
},
{
"ques_id": 19,
"question": "Kiek nelaimių Dievas atsiuntė Egiptui?",
"option1": "4",
"option2": "8",
"option3": "10",
"option4": "12",
"answer": 3
},
{
"ques_id": 20,
"question": "Už kiek sidabrinių Judas išdavė Kristų?",
"option1": "20",
"option2": "30",
"option3": "40",
"option4": "50",
"answer": 2
},
{
"ques_id": 21,
"question": "Kiek dienų Jėzus pasirodė savo mokiniams po prisikėlimo?",
"option1": "30",
"option2": "7",
"option3": "40",
"option4": "11",
"answer": 3
},
{
"ques_id": 22,
"question": "Kiek Mažosios Azijos bažnyčių buvo įtraukta į Apreiškimo knygą?",
"option1": "7",
"option2": "8",
"option3": "9",
"option4": "10",
"answer": 1
}
],
"Genijus": [
{
"ques_id": 1,
"question": "Kas buvo Aarono sūnaus Eleazaro sūnus?",
"option1": "Putiel",
"option2": "Korah",
"option3": "Phinehas",
"option4": "Izhar",
"answer": 3
},
{
"ques_id": 2,
"question": "Kas buvo Izraelio karaliaus Omrio sūnus?",
"option1": "Ahabas",
"option2": "Joramas",
"option3": "Zimri",
"option4": "Ginath",
"answer": 1
},
{
"ques_id": 3,
"question": "Kas buvo Noomės vyras iš Rūtos knygos?",
"option1": "Boaz",
"option2": "Elkanah",
"option3": "Obed",
"option4": "Elimelech",
"answer": 4
},
{
"ques_id": 4,
"question": "Kiek raidžių yra ilgiausiame Biblijos pavadinime?",
"option1": "16",
"option2": "18",
"option3": "22",
"option4": "25",
"answer": 2
},
{
"ques_id": 5,
"question": "Kas nužudė Siserą?",
"option1": "Deividas",
"option2": "Ahabas",
"option3": "Saulius",
"option4": "Jael",
"answer": 4
},
{
"ques_id": 6,
"question": "Kokio pločio buvo Nojaus arka?",
"option1": "35 uolekčių",
"option2": "50 uolekčių",
"option3": "75 uolektys",
"option4": "90 uolekčių",
"answer": 2
},
{
"ques_id": 7,
"question": "Kokio pločio buvo Sandoros skrynia?",
"option1": "1,5 uolekčių",
"option2": "2 uolektys",
"option3": "3 uolektys",
"option4": "1 uolektis",
"answer": 1
},
{
"ques_id": 8,
"question": "Koks buvo Eliziejaus tarno vardas?",
"option1": "Jehoramas",
"option2": "Shaphat",
"option3": "Gehazi",
"option4": "Hazaelis",
"answer": 3
},
{
"ques_id": 9,
"question": "Koks buvo garsaus Pauliaus mokytojo vardas?",
"option1": "Justus",
"option2": "Gamaliel",
"option3": "Kajafas",
"option4": "Sokratas",
"answer": 2
},
{
"ques_id": 10,
"question": "Koks Izraelio teisėjas gimė Betliejuje?",
"option1": "Deividas",
"option2": "Ibzan",
"option3": "Debora",
"option4": "Gideonas",
"answer": 2
},
{
"ques_id": 11,
"question": "Kai prie jo priėjo Jėzus, kuris paklausė: \"Ką tu turi su manimi, Jėzau, Aukščiausiojo Dievo Sūnau? Prisiekiu tave Dievu, nekankink manęs'.?",
"option1": "Legionas",
"option2": "Terah",
"option3": "Ruben",
"option4": "Belšacaras",
"answer": 1
},
{
"ques_id": 12,
"question": "Už kurį paukštį, Jėzaus teigimu, mes turime brangesnę?",
"option1": "Erelis",
"option2": "Gfas",
"option3": "Žvirblis",
"option4": "Balandis",
"answer": 3
},
{
"ques_id": 13,
"question": "Kurios dvi seserys ištekėjo už Jokūbo?",
"option1": "Dorcas ir Lėja",
"option2": "Mariam ir Rachelė",
"option3": "Rachel ir Lėja",
"option4": "Sarai ir Hannah",
"answer": 3
},
{
"ques_id": 14,
"question": "Į kurią žemę Dievas atsiuntė Abraomą paaukoti savo ypatingą sūnų Izaoką?",
"option1": "Canan",
"option2": "Makedonija",
"option3": "Kipras",
"option4": "Moriah",
"answer": 4
},
{
"ques_id": 15,
"question": "Iš kurios psalmės eilutės \"Jis priverčia mane gulėti žaliose ganyklose, jis veda prie ramių vandenų\"",
"option1": "25",
"option2": "22",
"option3": "30",
"option4": "23",
"answer": 4,
"nuoroda": "Psalmės 23;2"
},
{
"ques_id": 16,
"question": "Viešpaties baimė yra ......... pradžia",
"option1": "Žinios",
"option2": "Išmintis",
"option3": "Pinigai",
"option4": "Meilė",
"answer": 1,
"nuoroda": ""
},
{
"ques_id": 17,
"question": "Prieš kurį miestą Viešpats liepė Jonai pamokslauti?",
"option1": "Jeruzalė",
"option2": "Ninevė",
"option3": "Babilonas",
"option4": "Judas",
"answer": 2,
"nuoroda": "Jonos 1:2"
},
{
"ques_id": 18,
"question": "Kuri iš šių knygų [Filipiečiai, Kolosai, Galatai ar Efeziejai] yra pirmoje vietoje Biblijoje?",
"option1": "kolosiečiai",
"option2": "Galatians",
"option3": "Efeziečiai",
"option4": "Filipiečiai",
"answer": 2,
"nuoroda": "Naujasis Testamentas, Pauliaus laiškai"
},
{
"ques_id": 19,
"question": "Kiek skyrių turi knyga hebrajams?",
"option1": "13",
"option2": "15",
"option3": "10",
"option4": "16",
"answer": 1,
"nuoroda": "Hebrajams 1-13"
},
{
"ques_id": 20,
"question": "Kaip vadinasi audros vėjai, galintys smogti Kretai?",
"option1": "Moonsoon",
"option2": "Euroklydon",
"option3": "Perpildymas",
"option4": "Nė vienas iš aukščiau paminėtų",
"answer": 2,
"nuoroda": "Apaštalų darbai 2:14"
}
],
"Ekspertas": [
{
"ques_id": 1,
"question": "Kas iš jų nebuvo Izraelio ar Judo karalius",
"option1": "Sennacherib",
"option2": "Jehoiachim",
"option3": "Zedekijas",
"option4": "Deividas",
"answer": 1
},
{
"ques_id": 2,
"question": "Kas įtikino Samsoną atskleisti didžiulės jėgos paslaptį",
"option1": "Dinah",
"option2": "Rūta",
"option3": "Delilah",
"option4": "Marta",
"answer": 3
},
{
"ques_id": 3,
"question": "Ir tavo dangus virš tavo galvos bus_____, o žemė po tavimi bus geležinė",
"option1": "Žalvaris",
"option2": "Plienas",
"option3": "Sidabrinė",
"option4": "Auksas",
"answer": 1
},
{
"ques_id": 4,
"question": "Kur galima rasti žodžius: Pasitikėk Jehova visa širdimi ir nesiremk savo supratimu",
"option1": "Patarlės 3:5",
"option2": "Patarlės 5:3",
"option3": "Patarlės 35:3",
"option4": "Patarlės 4:3",
"answer": 1
},
{
"ques_id": 5,
"question": "kuris mokinys tris kartus išsižadėjo Jėzaus",
"option1": "Petras",
"option2": "Andrius",
"option3": "Jonas",
"option4": "Judas",
"answer": 1
},
{
"ques_id": 6,
"question": "Teisiojo atminimas palaimintas, o nedorėlio vardas bus palaimintas",
"option1": "Laimėk",
"option2": "puvimas",
"option3": "Bloom",
"option4": "klestėti",
"answer": 2
},
{
"ques_id": 7,
"question": "Koks buvo jo darbas, kol Jėzus pradėjo pamokslauti?",
"option1": "dailidė",
"option2": "moksliukas",
"option3": "Gydytojas",
"option4": "Mokytojas",
"answer": 1
},
{
"ques_id": 8,
"question": "Biblijoje Zoanas buvo naudojamas kaip paralelė kokiai tautai",
"option1": "Egiptas",
"option2": "Asirija",
"option3": "Babilonas",
"option4": "Sinajus",
"answer": 1
},
{
"ques_id": 9,
"question": "Kuris Senojo Testamento veikėjas parodė savo tikėjimą, norėdamas paaukoti savo sūnų Dievui už pamaldą",
"option1": "Nojus",
"option2": "Abraomas",
"option3": "shealtiel",
"option4": "Mozė",
"answer": 2
},
{
"ques_id": 10,
"question": "Ką laivo jūreiviai Jonah padarė, kad padidintų savo galimybes išgyventi",
"option1": "Jie išplaukė į šiaurę",
"option2": "Išmetė krovinį už borto",
"option3": "Prašė Dievo atleidimo",
"option4": "Nė vienas iš aukščiau paminėtų",
"answer": 2
},
{
"ques_id": 11,
"question": "Ką Ezavas veikė, kol Jokūbas pavogė jo palaiminimą?",
"option1": "Medžioklė",
"option2": "Ūkininkavimas",
"option3": "Žvejyba",
"option4": "Keliaujant",
"answer": 1
},
{
"ques_id": 12,
"question": "Kas nubėgo nuo Karmelio kalno į Samariją greičiau, nei Ahabas sugebėjo vairuoti savo vežimą?",
"option1": "Elišas",
"option2": "Gehazi",
"option3": "Elijas",
"option4": "Amos",
"answer": 3
},
{
"ques_id": 13,
"question": "Ką Dievas padarė septintą dieną po?",
"option1": "Pailsėjęs",
"option2": "Sukurti žmonės",
"option3": "Jis paskyrė žmogui rūpintis savo kūryba",
"option4": "Sukurti paukščiai",
"answer": 1
},
{
"ques_id": 14,
"question": "Kas teigė, kad auksinis veršis tiesiog išlipo iš ugnies?",
"option1": "Joshua",
"option2": "Aronas",
"option3": "Miriam",
"option4": "Debora",
"answer": 42
},
{
"ques_id": 15,
"question": "Ko prašė karalius Saliamonas, kai Dievas jam pasirodė sapne",
"option1": "Ilgas gyvenimas ir žinios",
"option2": "Išmintis [spręsti tarp gėrio ir blogio]",
"option3": "Turtas",
"option4": "Pinigai",
"answer": 2
},
{
"ques_id": 16,
"question": "Užbaikite patarlės posakį: kas kvailas, kai tylėjimas laikomas -------?",
"option1": "Taikus",
"option2": "Kvailas",
"option3": "Išmintingas",
"option4": "Arogantiškas",
"answer": 3
},
{
"ques_id": 17,
"question": "Kaip reikia priimti Dievo karalystę?",
"option1": "Su paslėptais motyvais",
"option2": "Kaip vaikas",
"option3": "Su pasididžiavimu",
"option4": "Per agentus",
"answer": 2
},
{
"ques_id": 18,
"question": "Koks buvo pirmosios Abraomo žmonos vardas",
"option1": "Sara",
"option2": "Miriam",
"option3": "Roda",
"option4": "Rūta",
"answer": 1
},
{
"ques_id": 19,
"question m.": "Karalius Saulius nepakluso Jehovos įsakymui ir pasigailėjo Amelekijos karaliaus gyvybės",
"option1": "Balak",
"option2": "Dagonas",
"option3": "Agag",
"option4": "Nathan",
"answer": 3
},
{
"ques_id": 20,
"question": "Ant ko buvo parašyti dešimt įsakymų. ",
"option1": "Du ritiniai",
"option2": "Dvi akmens plokštės",
"option3": "Jeriko sienos",
"option4": "Dvi knygos",
"answer": 1
}
],
"Meistras": [
{
"ques_id": 1,
"question": "Apie ką buvo įrašyta, kad \"visi samprotavo savo širdyse\"; Gal jis gali būti Kristus?",
"option1": "Elijas",
"option2": "Jonas",
"option3": "Malachi",
"option4": "Petras",
"answer": 2
},
{
"ques_id": 2,
"question": "Kokie yra Juozapo tėvų vardai",
"option1": "Jokūbas ir Rebeka",
"option2": "Jokūbas ir Lėja",
"option3": "Jokūbas ir Rachelė",
"option4": "Jokūbas ir Rūta",
"answer": 3
},
{
"ques_id": 3,
"question": "Iš visų Biblijoje minimų žmonių kuris gyveno ilgiausiai?",
"option1": "Metuzalė",
"option2": "JJared",
"option3": "Abraomas",
"option4": "Adomas",
"answer": 1
},
{
"ques_id": 4,
"question": "Ką Jėzus pasakė tiems, kurie kaltino svetimautoją?",
"option1": "Štai nėra teisaus",
"option2": "Kas be nuodėmės, tegu pirmas meta akmenį",
"option3": "Vargas tau, kuris kaltinate šią moterį",
"option4": "nužudyk ją",
"answer": 2
},
{
"ques_id": 5,
"question": "Į kurį miestą vieną dieną eis visos tautos garbinti Dievo?",
"option1": "Damaskas",
"option2": "Jeruzalė",
"option3": "Kilicija",
"option4": "Judas",
"answer": 2
},
{
"ques_id": 6,
"question": "Kas iš Dovydo palikuonių valdys amžinai",
"option1": "Rehaboamas",
"option2": "Jėzus",
"option3": "Saliamon",
"option4": "Jeroboamas",
"answer": 2
},
{
"ques_id": 7,
"question": "Kas buvo pamaldi Timotiejaus motina",
"option1": "Lois",
"option2": "Phoebe",
"option3": "Eunice",
"option4": "Magdalena",
"answer": 3
},
{
"ques_id": 8,
"question": "Kodėl karalius Saliamonas, būdamas senas, nusigręžė nuo Dievo?",
"option1": "Jo svetimos žmonos pasuko jo širdį kitų dievų link",
"option2": "Jis didžiavosi",
"option3": "Jis mylėjo moteris labiau nei Dievą",
"option4": "Jis garbino stabus",
"answer": 1
},
{
"ques_id": 9,
"question": "Kas dėl saugumo pabėgo į Jehovos palapinę, bet vis tiek ten buvo nužudytas?",
"option1": "Joabas",
"option2": "Saulius",
"option3": "Amonas",
"option4": "Esavas",
"answer": 1
},
{
"ques_id": 10,
"question": "Kuris karalius svajojo apie didelę žmogaus statulą, pagamintą iš skirtingų metalų",
"option1": "Ahabas",
"option2": "Deividas",
"option3": "malach",
"option4": "Nebukadnecaras",
"answer": 4
},
{
"ques_id": 11,
"question": "Kur yra \"geriausia vieta melstis\"?",
"option1": "Jūsų spintoje su uždarytomis durimis",
"option2": "Bažnyčioje",
"option3": "Ramioje vietoje",
"option4": "Kelyje",
"answer": 1
},
{
"ques_id": 12,
"question": "Kur galima rasti žodžius: Pasitikėk Jehova visa širdimi ir nesiremk savo supratimu?",
"option1": "Patarlės 3:5",
"option2": "Patarlės 35:3",
"option3": "Patarlės 5:3",
"option4": "Patarlės 6:4",
"answer": 1
},
{
"ques_id": 13,
"question": "Kai Jėzus buvo tavo dykumoje, ką jis gundė paversti duonos kepalais?",
"option1": "Piliakalniai",
"option2": "Uolos",
"option3": "Akmenys",
"option4": "Dirvožemis",
"answer": 3
},
{
"ques_id": 14,
"question": "Kuo ypatingas buvo Ehudas [Izraelio teisėjas, nužudęs Moabo karalių Elgoną",
"option1": "Jis buvo labai jaunas",
"option2": "Jis buvo kairiarankis",
"option3": "Jis buvo aklas",
"option4": "Jis buvo labai senas",
"answer": 2
},
{
"ques_id": 15,
"question": "Kas atsitiko Jericho miestui po to, kai kunigas pūstelėjo trimitais",
"option1": "Žmonės pabėgo į kitą žemę",
"option2": "Gyvūnai mirė",
"option3": "Sienos griuvo",
"option4": "Žmonės migravo",
"answer": 3
},
{
"ques_id": 16,
"question": "Pagal Jono 1:1, kas buvo pradžioje pas Dievą",
"option1": "Žodis",
"option2": "Angelas",
"option3": "Jėzus",
"option4": "Jonas",
"answer": 1
},
{
"ques_id": 17,
"question": "Kiek psalmių yra psalmių knygoje?",
"option1": "150",
"option2": "170",
"option3": "120",
"option4": "190",
"answer": 1
},
{
"ques_id": 18,
"question": "Ne kiekvienas, kuris man sako: \"Viešpatie, Viešpatie\", įeis į dangaus karalystę. Kas tada įeis į savo karalystę",
"option1": "Kas vykdo Dievo valią",
"option2": "Tas, kuris daro stebuklus",
"option3": "Tas, kuris pasikrikštija",
"option4": "Tas, kuris skelbia Dievo žodį",
"answer": 1
},
{
"ques_id": 19,
"question": "Kas buvo pirmasis karalius iš 10 Izraelio genčių?",
"option1": "Jeroboamas",
"option2": "Rehoboth",
"option3": "Joabas",
"option4": "Rehaboamas",
"answer": 1
},
{
"ques_id": 20,
"question": "Kiek metų, anot Jeremijo, Izraelio tauta turėjo likti nelaisvėje, valdant Babilono karaliui?",
"option1": "120 metų",
"option2": "40 metų",
"option3": "70 metų",
"option4": "80 metų",
"answer": 3
}
],
"Didysis meistras": [
{
"ques_id": 1,
"question": "Kurioje upėje buvo liepta Naamanui plauti, kad atsikratytų raupsų?",
"option1": "Nilas",
"option2": "Jordanija",
"option3": "Galilee",
"option4": "Biblija nesako",
"answer": 2
},
{
"ques_id": 2,
"question": "Kas buvo Roboamo tėvas?",
"option1": "Deividas",
"option2": "Nimrodas",
"option3": "Abimelechas",
"option4": "Saliamon",
"answer": 4
},
{
"ques_id": 3,
"question": "Kiek laiko Dovydas valdė karaliumi?",
"option1": "Trisdešimt metų",
"option2": "Keturiasdešimt metų",
"option3": "Dvidešimt penkeri metai",
"option4": "Aštuoniasdešimt metų",
"answer": 2
},
{
"ques_id": 4,
"question": "Jėzaus paaiškinime palyginimą apie sėjėją. ką vaizduoja sėkla",
"option1": "Tikėjimas",
"option2": "Dievo žodis",
"option3": "Jėzus",
"option4": "Meilė",
"answer": 2
},
{
"ques_id": 5,
"question": "Kuris augalas yra \"mažiausias iš visų sėklų, bet užaugintas - didžiausias tarp žolelių?",
"option1": "Alyvuogės",
"option2": "Garstyčios",
"option3": "Ąžuolas",
"option4": "Vynuogė",
"answer": 2
},
{
"ques_id": 6,
"question": "Koks buvo Mozės brolio vardas?",
"option1": "Alfėjus",
"option2": "Jonas",
"option3": "Aronas",
"option4": "Joshua",
"answer": 3
},
{
"ques_id": 7,
"question": "Iš kurios Adomo kūno dalies Dievas sukūrė Ievą?",
"option1": "Širdis",
"option2": "Smegenys",
"option3": "kraštelis",
"option4": "Galva",
"answer": 3
},
{
"ques_id": 8,
"question": "Zacharijui ir Elžbietai angelas pasakė, kad jie turės sūnų, kaip jį vadinti",
"option1": "Elijas",
"option2": "Jėzus",
"option3": "Jonas",
"option4": "James",
"answer": 3
},
{
"ques_id": 9,
"question": "Koks reikšmingas įvykis įrašytas Pradžios knygos 1 ir 2 skyriuose",
"option1": "Transportas",
"option2": "Kūrimas",
"option3": "Valymas",
"option4": "Auka",
"answer": 2
},
{
"ques_id": 10,
"question": "Kokie buvo Mozės ir Koraho santykiai",
"option1": "Jie abu buvo iš Judo giminės",
"option2": "Jie buvo broliai",
"option3": "Jie buvo pusbroliai",
"option4": "Jie buvo draugai",
"answer": 3
},
{
"ques_id": 11,
"question": "Ką Noomė liepė Betliejaus žmonėms ją vadinti",
"option1": "Mara",
"option2": "Naama",
"option3": "Bathsheba",
"option4": "Marija",
"answer": 1
},
{
"ques_id": 12,
"question": "Įvardykite žydų mergaitę, kuri ištekėjo už Persijos karaliaus?",
"option1": "Naomi",
"option2": "Debora",
"option3": "Estera",
"option4": "Jude",
"answer": 3
},
{
"ques_id": 13,
"question": "Ką simbolizuoja Apreiškimo 1:20 septyni auksiniai žibintai?",
"option1": "Septyni kongregacija",
"option2": "Septyni angelai",
"option3": "Septyni karaliai",
"option4": "Septyni žmonės",
"answer": 1
},
{
"ques_id": 14,
"question": "Kur galima rasti tokius žodžius: \"Bet Dievas išsirinko pasaulio kvailybes, kad sugėdintų išminčius?",
"option1": "Aktai",
"option2": "romėnai",
"option3": "1 korintiečiai",
"option4": "Jonas",
"answer": 3
},
{
"ques_id": 15,
"question": "Kas buvo pastebėta gimus Jokūbo broliui dvyniui Ezavui",
"option1": "Jis turėjo gilias akis",
"option2": "Jis buvo labai gražus",
"option3": "Jis buvo raudonas ir plaukuotas",
"option4": "Jis buvo labai juodas",
"answer": 3
},
{
"ques_id": 16,
"question": "Kas nukirpo Samsonui plaukus?",
"option1": "Jo pagrindinis priešas Hulkas",
"option2": "Delilah",
"option3": "Kitas vyras",
"option4": "Jo draugai",
"answer": 2
},
{
"ques_id": 17,
"question": "Kas parašė 1 ir 2 karalių knygas?",
"option1": "Elijas",
"option2": "Jeremijas",
"option3": "Gad",
"option4": "Nathan",
"answer": 2
},
{
"ques_id": 18,
"question": "Kuri iš evangelijų Biblijoje pasirodo paskutinė",
"option1": "Nikodemas",
"option2": "Jonas",
"option3": "Andrius",
"option4": "Pažymėti",
"answer": 2
},
{
"ques_id": 19,
"question": "Kas atsitiko tam, kurio vardo nebuvo įrašyta į gyvenimo knygą?",
"option1": "Jie buvo paskelbti nevertais išgelbėjimo",
"option2": "Jie žuvo",
"option3": "Jie mirė",
"option4": "Jie buvo įmesti į ugnies ežerą",
"answer": 4
},
{
"ques_id": 20,
"question": "Kas buvo stipriausias kada nors gyvenęs žmogus?",
"option1": "Goliath",
"option2": "Samsonas",
"option3": "Jėzus",
"option4": "Agag",
"answer": 2
}
],
"Legenda": [
{
"ques_id": 1,
"question": "Pradžios knyga atidaroma hebrajišku žodžiu \"bereshit\", koks šio žodžio vertimas į anglų kalbą",
"option1": "Pradžioje ",
"option2": "Tebūna šviesa",
"option3": "Kai dar nieko nebuvo",
"option4": "Viešpats Dievas pasakė",
"answer": 1,
"nuoroda":"Gn 1:1"
},
{
"ques_id": 2,
"question": "Ką Viešpats Dievas iš jo atėmė, kai užmigdė vyrą, kad jis taptų moterimi",
"option1": "dantis",
"option2": "Nagas",
"option3": "Šonkaulis",
"option4": "Plaukų sruoga",
"answer": 3,
"nuoroda":"Gn 1:2"
},
{
"ques_id": 3,
"question": "Ką Viešpats Dievas pirmiausia palaimino žodžiais \"Būkite vaisingi ir dauginkitės\"?",
"option1": "Pirmasis vyras ir moteris",
"option2": "Jūros gyvūnai ir paukščiai",
"option3": "Augalai",
"option4": "Sausumos gyvūnai",
"answer": 1,
"nuoroda":"Gn 1:22"
},
{
"ques_id": 4,
"question": "Kas buvo Viešpaties angelas, kuris paskelbė Marijai, kad ji pastos ir pagimdys sūnų?",
"option1": "Gabrielis",
"option2": "Michael",
"option3": "Rafaelis",
"option4": "Sealtiel",
"answer": 1,
"nuoroda": "Lk 1, 31"
},
{
"ques_id": 5,
"question": "Koks yra Šv. Jono Krikštytojo motinos vardas?",
"option1": "Salomėja iš Zebediejaus",
"option2": "Elžbieta iš Zacharijo",
"option3": "Cleofas Marija",
"option4": "Erodija iš Pilypo",
"answer": 2,
"nuoroda": "Lk 1, 5-6"
},
{
"ques_id": 6,
"question": "Prisikėlimo pasakojimo pradžioje šv. Jono evangelijoje buvo paminėtas, kad anksti ryte nuėjo prie Jėzaus kapo ir pamatė nukeliamą akmenį?",
"option1": "Marija Magdalos",
"option2": "Šv. Jonas",
"option3": "Marta",
"option4": "Angelas",
"answer": 1,
"nuoroda":"Jn20:1"
},
{
"ques_id": 7,
"question": "Šv. Jono evangelijos prisikėlimo pasakojime, kai prisikėlęs viešpats pirmą kartą pasirodė Marijai Magdalietei, ji jį supainiojo su kuo?",
"option1": "Kalėjimo prižiūrėtojas",
"option2": "Šimtininkas",
"option3": "Greideris",
"option4": "Angelas",
"answer": 3,
"nuoroda": "Jn 20:15"
},
{
"ques_id": 8,
"question": "Jėzaus genealogijoje, pateiktoje šv. Mato evangelijoje, buvo paminėta 14 kartų rinkinių",
"option1": "Penki",
"option2": "Tautas",
"option3": "Trys",
"option4": "Tuzinas",
"answer": 3,
"nuoroda": "Jono 20:15"

},
{
"ques_id": 9,
"question": "Pranaše Izaijas sakoma, kad berniukui, kuris gims iš mergelės, bus suteiktas šis vardas, kuris reiškia Dievas - su mumis?",
"option1": "Jėzus",
"option2": "Jonas",
"option3": "Emanuelis",
"option4": "Christos,",
"answer": 3,
"nuoroda":"Mt 1:23"
},
{
"ques_id": 10,
"question": "Šv. Mato evangelijoje pateiktoje Jėzaus geneologijoje pirmasis minimas 14 kartų rinkinys prasidėjo nuo Abraomo ir su kuo baigėsi?",
"option1": "Deividas",
"option2": "Mozė",
"option3": "Jokūbas",
"option4": "Jesse",
"answer": 1,
"nuoroda": "Mt 1:1-6"
},
{
"ques_id": 11,
"question": "\"Kadangi ji buvo paimta iš jo kūno\", kaip pirmasis vyras vadino pirmąja moterimi?",
"option1": "Adama",
"option2": "Ieva",
"option3": "Moteris",
"option4": "Žmona",
"answer": 2,
"nuoroda":"Pr 1:23"
},
{
"ques_id": 12,
"question": "Ką davė Viešpats Dievas, kad jis būtų maistas visiems žemės gyvuliams ir visiems padangių paukščiams?",
"option1": "Žalieji augalai",
"option2": "Sėkliniai augalai",
"option3": "Sėklas vedantys vaismedžiai",
"option4": "Viskas, kas valgoma",
"answer": 1,
"nuoroda":"Gn 1:30"
},
{
"ques_id": 13,
"question": "Kurią sukūrimo dieną Dievas sukūrė saulę ir mėnulį?",
"option1": "Pirma",
"option2": "Antra",
"option3": "Trečias",
"option4": "ketvirtas",
"answer": 4,
"nuoroda":"Pr 1:26-31"
},
{
"ques_id": 14,
"question": "Kiek metų buvo Dovydui, kai buvote pateptas Izraelio karaliumi?",
"option1": "50",
"option2": "20",
"option3": "35",
"option4": "30",
"answer": 4,
"nuoroda":"2 Samuelio 5:4"
},
{
"ques_id": 15,
"question": "Kas dar, be išminčių, atėjo aplankyti Jėzaus, kai jis buvo mažas vaikas.",
"option1": "Archers",
"option2": "Piemenys",
"option3": "Medžiotojai",
"option4": "Ūkininkai",
"answer": 2
},
{
"ques_id": 16,
"question": "Kokio ūgio buvo Galijotas?",
"option1": "6 uolektys ir tarpatramis",
"option2": "8 uolekčių",
"option3": "10 uolekčių ir tarpas",
"option4": "12 uolekčių",
"answer": 1,
"nuoroda": "1 Samuelio 1:4"
},
{
"ques_id": 17,
"question": "Ką, pasak Pauliaus, yra įstatymo išsipildymas?",
"option1": "Tikėjimas",
"option2": "Malda",
"option3": "Meilė",
"option4": "Santuoka",
"answer": 3,
"nuoroda": "Romiečiams 13:10"
},
{
"ques_id": 18,
"question": "Koks trumpiausias Biblijos skyrius",
"option1": "Psalmė 117",
"option2": "Psalmė 18",
"option3": "Pažymėti 10",
"option4": "Jonas 4",
"answer": 1,
"nuoroda": "Psalmė 117"
},
{
"ques_id": 19,
"question": "Kas pasakė: \"Neturiu sidabro ir aukso, bet tiek, kiek turiu, tau duodu\"?",
"option1": "Paulius",
"option2": "James",
"option3": "Petras",
"option4": "Timothy",
"answer": 3,
"nuoroda":"Apaštalų darbai 3:6"
},
{
"ques_id": 20,
"question": "Koks buvo Mozė [metų] jo mirties metu",
"option1": "120",
"option2": "100",
"option3": "150",
"option4": "80",
"answer": 1,
"nuoroda": "Pakartoto Įstatymo 34:7"
}
],
"Nebūtinai šiame pasaulyje": [
{
"ques_id": 1,
"question": "Kas buvo seniausias Biblijoje įrašytas asmuo?",
"option1": "Metuzalė",
"option2": "Adomas",
"option3": "Abraomas",
"option4": "Saliamon",
"answer": 1,
"nuoroda": "Pradžios 5:27"
},
{
"ques_id": 2,
"question": "Kiek metų buvo seniausiam asmeniui, įrašytam į Bibliją?",
"option1": "120",
"option2": "500",
"option3": "800",
"option4": "969",
"answer": 4,
"nuoroda": "Pradžios 5:27"
},
{
"ques_id": 3,
"question": "Ką reiškia Jahwe-Schammmah?",
"option1": "Dievas su mumis",
"option2": "Pats Dievas",
"option3": "Jėzus, Dievo sūnus",
"option4": "Amžinas gyvenimas",
"answer": 2,
"nuoroda": "Ezechielio 48:35"
},
{
"ques_id": 4,
"question": "Kiek metų Dievas papildė karaliaus Ezekijo gyvenimą, atsiliepdamas į mirštančio karaliaus maldą?",
"option1": "20",
"option2": "50",
"option3": "15",
"option4": "100",
"answer": 3,
"nuoroda": "2 Karalių 20:6"
},
{
"ques_id": 5,
"question": "Su kokiais Viešpaties pranašais Judo karalius Jozijas tarėsi?",
"option1": "Amos",
"option2": "Elijas",
"option3": "Elišas",
"option4": "Huldah",
"answer": 4,
"nuoroda":" 2 Karalių 22:14-16"
},
{
"ques_id": 6,
"question": "Kokią ceremoniją karalius Josijas sugrąžino į pareigas, kurių nešventė nė vienas iš ankstesnių Izraelio ar Judo karalių??",
"option1": "Pasach",
"option2": "Aukojimo ritualas",
"option3": "garbinimas",
"option4": "Apipjaustymas",
"answer": 1,
"nuoroda": "2 Karalių 23:21"
},
{
"ques_id": 7,
"question": "Iš kokios Izraelio giminės buvo karalius Saulius?",
"option1": "Juda",
"option2": "Benjaminas",
"option3": "Amonitai",
"option4": "Izraelis",
"answer": 2,
"nuoroda": "1 Samuelio 9:21"
},
{
"ques_id": 8,
"question": "Kokią auką Samuelis paaukojo valdovui, kai skrynia buvo grąžinta Izraeliui?",
"option1": "Ožka",
"option2": "Žmogaus auka",
"option3": "Jis paaukojo sodo derlių",
"option4": "Avinėlis žindomas",
"answer": 4,
"nuoroda": "1 Samuelio 7:9"
},
{
"ques_id": 9,
"question": "Kaip vadinosi karaliaus Sauliaus žmona?",
"option1": "Debora",
"option2": "Naume",
"option3": "Ahinoam",
"option4": "Rūta",
"answer": 3,
"nuoroda": "1 Samuelio 14:50"
},
{
"ques_id": 10,
"question": "Ko kam reikia, kad suprastų Dievo žodį?",
"option1": "Žinios",
"option2": "Šventoji Dvasia",
"option3": "Išmintis",
"option4": "Maldos",
"answer": 2,
"nuoroda": "1 Korintiečiams 2:11"
},
{
"ques_id": 11,
"question": "Kas, pasak Pauliaus, jį teisti?",
"option1": "Dievas",
"option2": "Terah",
"option3": "Ruben",
"option4": "Belšacaras",
"answer": 1,
"nuoroda": "1 Korintiečiams 4:4"
},
{
"ques_id": 12,
"question": "Sekminių dieną iš dangaus pasigirdo skubėjimo____ garsas?",
"option1": "Perkūnas",
"option2": "Lietus",
"option3": "Vėjas",
"option4": "garsus triukšmas",
"answer": 3,
"nuoroda":"Apaštalų darbai 2:2"
},
{
"ques_id": 13,
"question": "Kas pasiūlė sumokėti pinigus už galią suteikti Šventąją dvasią?",
"option1": "Jonas",
"option2": "Zacharijas",
"option3": "Simonas",
"option4": "Erodas",
"answer": 3,
"nuoroda": "Aktų 8"
},
{
"ques_id": 14,
"question": "Kai Jėzus vandenį pavertė vynu, jis pavertė vandenį, esantį akmeniniuose induose. Kam šie akmeniniai indai paprastai buvo naudojami?",
"option1": "krikštas",
"option2": "Valymas",
"option3": "Prekyba",
"option4": "Ceremoninis skalbimas",
"answer": 4,
"nuoroda": "Jono 2:6"
},
{
"ques_id": 15,
"question": "Kas buvo Nimrodo tėvas?",
"option1": "Andrius",
"option2": "Joshua",
"option3": "Samsonas",
"option4": "Cush",
"answer": 4,
"nuoroda": "1 Kronikų 1:10"
},
{
"ques_id": 16,
"question": "Kokie buvo dviejų Abraomo sūnų vardai (pagal jų gimimą)?",
"option1": "Izaokas ir Jokūbas",
"option2": "Izmaelis ir Izaokas",
"option3": "Juozapas ir Jokūbas",
"option4": "Kainas ir Izaokas",
"answer": 2,
"nuoroda": "Pradžios 16:1-16, 1 Kronikų 1:28"
},
{
"ques_id": 17,
"question": "Kokie buvo trijų Nojaus sūnų vardai pagal Biblijos sąrašus, kuriuose jie yra?",
"option1": "Kumpis, Juozapas, Jafetas",
"option2": "Jafetas, kumpis, Izaokas",
"option3": "Semas, kumpis ir Jafetas",
"option4": "Semas, Kumpis, Juozapas",
"answer": 3,
"nuoroda": "Pradžios 9:18-19, 1 Kronikų 1:4"
},
{
"ques_id": 18,
"question": "Viešpats pakeitė Abraomo vardą į Abraomą, kai jam buvo 99 metai. koks jo vardas buvo prieš tai?",
"option1": "Adomas",
"option2": "Abramas",
"option3": "Alfa",
"option4": "Agag",
"answer": 2,
"nuoroda": "Pradžios 17:1-5"
},
{
"ques_id": 19,
"question": "Kiek metų buvo Abraomui, kai gimė Izaokas?",
"option1": "103",
"option2": "90",
"option3": "100",
"option4": "50",
"answer": 3,
"nuoroda": "Pradžios 21:5"
},
{
"ques_id": 20,
"question": "Kiek knygų Biblijoje pavadinime yra žodis \"Jonas\"?",
"option1": "4",
"option2": "3",
"option3": "1",
"option4": "5",
"answer": 1,
"nuoroda": "Jonas"
}
]
}