{
  "Nybegynner": [
    {
      "ques_id": 1,
      "question": "Hvem er den første mannen som noen gang har levd?",
      "option1": "Metusalem",
      "option2": "Abraham",
      "option3": "Moses",
      "option4": "Adam",
      "answer": 4
    },
    {
      "ques_id": 2,
      "question": "Hvem ble svelget av en veldig stor fisk?",
      "option1": "Jesus",
      "option2": "Jonah",
      "option3": "Samson",
      "option4": "Peter",
      "answer": 2
    },
    {
      "ques_id": 3,
      "question": "Hvem er personen Gud brukte til å lede israelittene ut av Egypt",
      "option1": "Aaron",
      "option2": "Abraham",
      "option3": "Moses",
      "option4": "Jeremia",
      "answer": 3
    },
    {
      "ques_id": 4,
      "question": "Hvem var personen som drepte Goliat",
      "option1": "David",
      "option2": "Saul",
      "option3": "Solomon",
      "option4": "Jonathan",
      "answer": 1
    },
    {
      "ques_id": 5,
      "question": "Hvem var den første kongen av Israel?",
      "option1": "David",
      "option2": "Saul",
      "option3": "Solomon",
      "option4": "Moses",
      "answer": 2
    },
    {
      "ques_id": 6,
      "question": "Hvilket yrke hadde Jesus før sin tjeneste",
      "option1": "ToyMaker",
      "option2": "Fisker",
      "option3": "Vingårdsholder",
      "option4": "Snekker",
      "answer": 4
    },
    {
      "ques_id": 7,
      "question": "Hva er navnet på byen der Jesus ble født?",
      "option1": "Jerusalem",
      "option2": "Bethlehem",
      "option3": "Galilee",
      "option4": "Nasaret",
      "answer": 2
    },
    {
      "ques_id": 8,
      "question": "Hva heter havet som Jesus gikk på",
      "option1": "Garileasjøen",
      "option2": "Dødehavet",
      "option3": "Les havet",
      "option4": "Middelhavet",
      "answer": 1
    },
    {
      "ques_id": 9,
      "question": "Hva heter elven som døperen Johannes døpte folk i?",
      "option1": "Eufrat",
      "option2": "Nil",
      "option3": "Jordan",
      "option4": "Tigris",
      "answer": 3
    },
    {
      "ques_id": 10,
      "question": "Hva heter broren til Andreas? (Begge var disipler)",
      "option1": "Peter",
      "option2": "John",
      "option3": "James",
      "option4": "Adam",
      "answer": 1
    },
    {
      "ques_id": 11,
      "question": "Hva het Jesu mor?",
      "option1": "Mary",
      "option2": "Martha",
      "option3": "Zipporah",
      "option4": "Sarah",
      "answer": 1
    },
    {
      "ques_id": 12,
      "question": "Hva het hagen der Adam og Eva bodde?",
      "option1": "Land of Nod",
      "option2": "Edens hage",
      "option3": "Bethlehem",
      "option4": "Garden of Valley",
      "answer": 2
    },
    {
      "ques_id": 13,
      "question": "Med hvilken mat matet Jesus 5000 mennesker",
      "option1": "Vin",
      "option2": "Brød og vin",
      "option3": "Brød og fisk",
      "option4": "Vann",
      "answer": 3
    },
    {
      "ques_id": 14,
      "question": "Hvilken metode brukte romerne for å drepe Jesus?",
      "option1": "Stenet",
      "option2": "kremasjon",
      "option3": "Korsfestelse",
      "option4": "Hengd",
      "answer": 3
    },
    {
      "ques_id": 15,
      "question": "Hvor mange kurver var det igjen etter matingen av de 5000?",
      "option1": "7",
      "option2": "8",
      "option3": "10",
      "option4": "12",
      "answer": 1,
      "reference": "Matteus 15:13"
    },
    {
      "ques_id": 16,
      "question": "Hvilken disippel fant en mynt i munnen til en fisk?",
      "option1": "Andrew",
      "option2": "Paul",
      "option3": "Peter",
      "option4": "Timothy",
      "answer": 3,
      "reference": "Matteus 1:24-27"
    },
    {
      "ques_id": 17,
      "question": "I hvilken bok i Bibelen leser vi om Haman",
      "option1": "Exodus",
      "option2": "Esther",
      "option3": "Ruth",
      "option4": "Malachi",
      "answer": 2,
      "reference": "Esther 3"
    },
    {
      "ques_id": 18,
      "question": "Nevn konen til kong Agrippa, som Paulus stilte for retten",
      "option1": "Bernice",
      "option2": "Herodes",
      "option3": "Agag",
      "option4": "Kaifas",
      "answer": 1,
      "reference": "Apostlenes gjerninger 25:23"
    },
    {
      "ques_id": 19,
      "question": "Hvor gammel ble Enok",
      "option1": "400",
      "option2": "350",
      "option3": "230",
      "option4": "365",
      "answer": 4,
      "reference": "1. Mosebok 5:23"
    },
    {
      "ques_id": 20,
      "question": "Hvor mange år til la Gud til kong Hiskias liv som svar på de døende kongers bønn?",
      "option1": "20",
      "option2": "15",
      "option3": "100",
      "option4": "50",
      "answer": 2,
      "referanse": "2 Kongebok 20:6"
    }
  ],
  "Entusiast": [
    {
      "ques_id": 1,
      "question": "Hvem var far til Isak?",
      "option1": "Abraham",
      "option2": "Jacob",
      "option3": "Esau",
      "option4": "Peleq",
      "answer": 1
    },
    {
      "ques_id": 2,
      "question": "Hvem var far til Rehabeam?",
      "option1": "David",
      "option2": "Nimrod",
      "option3": "Abimelech",
      "option4": "Solomon",
      "answer": 4
    },
    {
      "ques_id": 3,
      "question": "Hvem var far til Metusalem?",
      "option1": "Elijah",
      "option2": "Enock",
      "option3": "Seth",
      "option4": "Jared",
      "answer": 2
    },
    {
      "ques_id": 4,
      "question": "Hvem drepte døperen Johannes?",
      "option1": "Cæsar",
      "option2": "Pilate",
      "option3": "Herold",
      "option4": "Kaifas",
      "answer": 3
    },
    {
      "ques_id": 5,
      "question": "Hvem var den første personen som ble drept fordi han trodde på Kristus?",
      "option1": "Peter",
      "option2": "John",
      "option3": "Barnabas",
      "option4": "Stephen",
      "answer": 4
    },
    {
      "ques_id": 6,
      "question": "Hvor skulle Saul da han så Jesus?",
      "option1": "Damaskus",
      "option2": "Hellas",
      "option3": "Roma",
      "option4": "Jerusalem",
      "answer": 1
    },
    {
      "ques_id": 7,
      "question": "Hvor tilbrakte Jesus mesteparten av sitt liv på jorden?",
      "option1": "Jerusalem",
      "option2": "Nasaret",
      "option3": "Oliveberget",
      "option4": "Egypt",
      "answer": 2
    },
    {
      "ques_id": 8,
      "question": "Hvilken salme begynner: 'Herren er min hyrde?'",
      "option1": "Salme 91",
      "option2": "Salme 1",
      "option3": "Salme 104",
      "option4": "Salme 23",
      "answer": 4
    },
    {
      "ques_id": 9,
      "question": "Hva var Pauls yrke da han reiste som misjonær?",
      "option1": "Hyrde",
      "option2": "Selger av Purple",
      "option3": "Teltmaker",
      "option4": "Skriver",
      "answer": 3
    },
    {
      "ques_id": 10,
      "question": "Hva heter øya Barnabas bodde på?",
      "option1": "Hellas",
      "option2": "Kypros",
      "option3": "Rhodes",
      "option4": "Påskeøya",
      "answer": 2
    },
    {
      "ques_id": 11,
      "question": "Da han ble nærmet av Jesus, som sa: 'Hva har du med meg å gjøre, Jesus, Den Høyeste Guds Sønn? Jeg sverger deg ved Gud, ikke pine meg'.?",
      "option1": "Legion",
      "option2": "Terah",
      "option3": "Reuben",
      "option4": "Belsasar",
      "answer": 1
    },
    {
      "ques_id": 12,
      "question": "Hvilken fugl sier Jesus at vi har mer verdi enn?",
      "option1": "Ørn",
      "option2": "Gribb",
      "option3": "Sparrow",
      "option4": "Due",
      "answer": 3
    },
    {
      "ques_id": 13,
      "question": "Hvilke to søstre giftet seg med Jakob?",
      "option1": "Dorcas og Leah",
      "option2": "Mariam og Rachel",
      "option3": "Rachel og Leah",
      "option4": "Sarai og Hannah",
      "answer": 3
    },
    {
      "ques_id": 14,
      "question": "Til hvilket land sendte Gud Abraham for å ofre sin spesielle sønn, Isak?",
      "option1": "Canan",
      "option2": "Makedonia",
      "option3": "Kypros",
      "option4": "Moriah",
      "answer": 4
    },
    {
      "ques_id": 15,
      "question": "Hvilken profetinne av Herren konsulterte kong Josiah av Juda",
      "option1": "Debora",
      "option2": "Huldah",
      "option3": "Naom",
      "option4": "Ruth",
      "answer": 2,
      "referanse": "2 Kongebok 22:12-16"
    },
    {
      "ques_id": 16,
      "question": "Nevn Samuels førstefødte sønn?",
      "option1": "Joshua",
      "option2": "Joel",
      "option3": "Jonathan",
      "option4": "Joseph",
      "answer": 2,
      "referanse": "1 Samuel 8:2"
    },
    {
      "ques_id": 17,
      "question": "Hva het kong Sauls kone?",
      "option1": "Boam",
      "option2": "Nåde",
      "option3": "Ahinoam",
      "option4": "Noam",
      "answer": 3,
      "referanse": "1 Samuel 14:50"
    },
    {
      "ques_id": 18,
      "question": "Hva kreves for at noen skal forstå Guds ord?",
      "option1": "Bønn",
      "option2": "Kjærlighet",
      "option3": "Hellig ånd",
      "option4": "Engler",
      "answer": 3,
      "referanse": "1 Korinterbrev 2:11"
    },
    {
      "ques_id": 19,
      "question": "Hvem sa Paulus dømte ham?",
      "option1": "Satan",
      "option2": "Gud",
      "option3": "Venn",
      "option4": "Peter",
      "answer": 2,
      "reference": "1. Korinter 4:4"
    },
    {
      "ques_id": 20,
      "question": "________ utsatt gjør hjertet sykt?",
      "option1": "Tillat",
      "option2": "Håp",
      "option3": "Kjærlighet",
      "option4": "Bønner",
      "answer": 2,
      "reference": "Ordspråkene 13:12"
    }
  ],
  "Mellomnivå": [
    {
      "ques_id": 1,
      "question": "Hvem var kona til Moses?",
      "option1": "Elisheba",
      "option2": "Rebecca",
      "option3": "Mariam",
      "option4": "Zipporah",
      "answer": 4
    },
    {
      "ques_id": 2,
      "question": "Hvem var Abrahams andre kone?",
      "option1": "Esther",
      "option2": "Keturah",
      "option3": "Hagar",
      "option4": "Lydia",
      "answer": 2
    },
    {
      "ques_id": 3,
      "question": "Hvor mange kapitler inneholder Bergprekenen?",
      "option1": "1",
      "option2": "2",
      "option3": "3",
      "option4": "7",
      "answer": 3
    },
    {
      "ques_id": 4,
      "question": "Hvor mange ganger marsjerte Israel rundt Jeriko?",
      "option1": "13",
      "option2": "7",
      "option3": "70",
      "option4": "12",
      "answer": 1
    },
    {
      "ques_id": 5,
      "question": "Hvor lang er en alen?",
      "option1": "ca. 12 tommer",
      "option2": "12mm",
      "option3": "ca. 18 tommer",
      "option4": "ca. 36 tommer",
      "answer": 3
    },
    {
      "ques_id": 6,
      "question": "Hvor ble det av Kain etter at han hadde drept Abel?",
      "option1": "Edens hage",
      "option2": "Land of Nod",
      "option3": "Kumrans huler",
      "option4": "Mt. Ararat",
      "answer": 2
    },
    {
      "ques_id": 7,
      "question": "Hvem var sønn av Kish?",
      "option1": "Noah",
      "option2": "Apostelen Paulus",
      "option3": "Abraham",
      "option4": "Kong Saul",
      "answer": 4
    },
    {
      "ques_id": 8,
      "question": "Hvor bodde Rahab?",
      "option1": "Jeriko",
      "option2": "Jerusalem",
      "option3": "Nineveh",
      "option4": "Ai",
      "answer": 1
    },
    {
      "ques_id": 9,
      "question": "Hvor bodde Dorcas?",
      "option1": "Betel",
      "option2": "Joppa",
      "option3": "Cæsarea",
      "option4": "Antiokia",
      "answer": 2
    },
    {
      "ques_id": 10,
      "question": "Hvor er 'Gaten som heter Straight'",
      "option1": "Jerusalem",
      "option2": "Roma",
      "option3": "Babylon",
      "option4": "Damaskus",
      "answer": 4
    },
    {
      "ques_id": 11,
      "question": "Etter at han flyktet for livet, hvilket tre sov Elia under",
      "option1": "Eik",
      "option2": "furu",
      "option3": "Einbær",
      "option4": "Gran",
      "answer": 3,
      "referanse": "1 Kongebok 19:5"
    },
    {
      "ques_id": 12,
      "question": "Judas forrådte Jesus for nøyaktig hvor mange sølvmynter?",
      "option1": "30",
      "option2": "20",
      "option3": "50",
      "option4": "10",
      "answer": 1,
      "reference": "Matteus 26:15"
    },
    {
      "ques_id": 13,
      "question": "Nevn Davids far",
      "option1": "Oman",
      "option2": "Jesse",
      "option3": "Joshua",
      "option4": "Solomon",
      "answer": 2,
      "referanse": "1 Samuel 1:12"
    },
    {
      "ques_id": 14,
      "question": "Gud er ikke nevnt i bare én bok i Bibelen",
      "option1": "Esther",
      "option2": "Ruth",
      "option3": "Malachi",
      "option4": "Exodus",
      "answer": 1,
      "referanse": "Ester"
    },
    {
      "ques_id": 15,
      "question": "For hvor mange sølvpenger ble Josva solgt av brødrene hans til ismeelittene",
      "option1": "50",
      "option2": "12",
      "option3": "20",
      "option4": "100",
      "answer": 3,
      "reference": "1. Mosebok 37:28"
    },
    {
      "ques_id": 16,
      "question": "Hvor mange apostler valgte Jesus",
      "option1": "12",
      "option2": "14",
      "option3": "10",
      "option4": "08",
      "answer": 1,
      "reference": "Lukas 6:13"
    },
    {
      "ques_id": 17,
      "question": "Engelen sa til Maria at Jesus skulle regjere over huset til hvilken gammeltestamentlig karakter",
      "option1": "David",
      "option2": " Jakob",
      "option3": "Abraham",
      "option4": "Moses",
      "answer":2,
      "reference": "Lukas 1:13"
    },
    {
      "ques_id": 18,
      "question": "Hvilken profet sa: 'Fra Egypt har jeg kalt sønnen min'?",
      "option1": "Jeremia",
      "option2": "Jesaja",
      "option3": "Hosea",
      "option4": "Esekiel",
      "answer": 3,
      "reference": "Hosea 11:1"
    },
    {
      "ques_id": 19,
      "question": "Hvilken type tre forbannet Jesus?",
      "option1": "Fig",
      "option2": "Vingård",
      "option3": "Fu",
      "option4": "eik",
      "answer": 1,
      "referanse": "Markus 11:12-14"
    },
    {
      "ques_id": 20,
      "question": "Hvem ba Saul et medium ta opp for ham",
      "option1": "Eli",
      "option2": "Nathan",
      "option3": "Samuel",
      "option4": "David",
      "answer": 3,
      "referanse": "1 samuel 28:11"
    }
  ],
  "Proff": [
    {
      "ques_id": 1,
      "question": "Hvem bar korset for Kristus?",
      "option1": "Philip",
      "option2": "Simon av Kyrene",
      "option3": "Ahab",
      "option4": "Micah",
      "answer": 2
    },
    {
      "ques_id": 2,
      "question": "Hvor mange ledsagere ga filisterne til Samson ved høytiden i Timna?",
      "option1": "30",
      "option2": "31",
      "option3": "32",
      "option4": "33",
      "answer": 1
    },
    {
      "ques_id": 3,
      "question": "Hvor gammel var profetinnen Anna da hun så Jesus?",
      "option1": "83",
      "option2": "84",
      "option3": "88",
      "option4": "92",
      "answer": 2
    },
    {
      "ques_id": 4,
      "question": "Hva ga dronningen av Saba til Salomo?",
      "option1": "(124 talenter) gull, krydder og edelstener",
      "option2": "(120 talenter) gull, krydder og edelstener",
      "option3": "(18 talenter) gull, krydder og edelstener",
      "option4": "(221 talenter) gull, krydder og edelstener",
      "answer": 2
    },
    {
      "ques_id": 5,
      "question": "Hvor mange bøker er det i Det gamle testamente?",
      "option1": "37",
      "option2": "38",
      "option3": "39",
      "option4": "40",
      "answer": 3
    },
    {
      "ques_id": 6,
      "question": "Hvor mange elver delte elven i Eden seg i når den forlot hagen?",
      "option1": "4",
      "option2": "3",
      "option3": "6",
      "option4": "8",
      "answer": 1
    },
    {
      "ques_id": 7,
      "question": "Hva ville Josef gjøre da han oppdaget at Maria var gravid?",
      "option1": "Sett en fest",
      "option2": "Skill deg fra henne",
      "option3": "Røp vekk",
      "option4": "Ingen av de ovennevnte",
      "answer": 2
    },
    {
      "ques_id": 8,
      "question": "Hvilken farge var yppersteprestens kappe?",
      "option1": "Blå",
      "option2": "Hvit",
      "option3": "Grønn",
      "option4": "Rød",
      "answer": 1
    },
    {
      "ques_id": 9,
      "question": "Hva sa Boas at Naomi solgte?",
      "option1": "En pakke jord",
      "option2": "Gull",
      "option3": "Barnet hennes",
      "option4": "Mat",
      "answer": 1
    },
    {
      "ques_id": 10,
      "question": "I lignelsen om skyldnerene skyldte den ene 500 denarer (pence), men hvor mye skyldte den andre",
      "option1": "70",
      "option2": "50",
      "option3": "45",
      "option4": "80",
      "answer": 2
    },
    {
      "ques_id": 11,
      "question": "Hvor mye av Elias ånd mottok Elisja?",
      "option1": "Litt",
      "option2": "Enkel porsjon",
      "option3": "Sunn",
      "option4": "Dobbel porsjon",
      "answer": 4
    },
    {
      "ques_id": 12,
      "question": "Hva var uvanlig med de 700 benjamittiske soldatene som kunne slenge en stein og treffe målet hver gang?",
      "option1": "De var alle venstrehendte",
      "option2": "De så alle like ut",
      "option3": "De hadde ingen sko",
      "option4": "Ingen av de ovennevnte",
      "answer": 1
    },
    {
      "ques_id": 13,
      "question": "Hvilket forhold var Annas til Kaifas?",
      "option1": "Bror",
      "option2": "Onkel",
      "option3": "Kusiner",
      "option4": "Svigerfar",
      "answer": 4
    },
    {
      "ques_id": 14,
      "question": "Hva bør du ikke 'kaste for svin'",
      "option1": "Småstein",
      "option2": "Steiner",
      "option3": "Perler",
      "option4": "Stikk",
      "answer": 3
    },
    {
      "ques_id": 15,
      "question": "Når i fengselet på hvilken tid ba og sang Paulus og Silas til Gud?",
      "option1": "Morgen",
      "option2": "Ettermiddag",
      "option3": "Kveld",
      "option4": "Midnatt",
      "answer": 4
    },
    {
      "ques_id": 16,
      "question": "Hva spiste Daniel og hans tre venner i stedet for kongens kjøtt og drikke?",
      "option1": "Brød",
      "option2": "Vin og brød",
      "option3": "Belgfrukter og vann",
      "option4": "Ingenting",
      "answer": 3
    },
    {
      "ques_id": 17,
      "question": "Hva er navnet på Jesu fetter, født seks måneder før ham?",
      "option1": "John",
      "option2": "Peter",
      "option3": "Paul",
      "option4": "Michael",
      "answer": 1
    },
    {
      "ques_id": 18,
      "question": "I hvilken by bodde kong Herodes på tidspunktet for Jesu fødsel?",
      "option1": "Jerusalem",
      "option2": "Roma",
      "option3": "Babylon",
      "option4": "Bethlehem",
      "answer": 1
    },
    {
      "ques_id": 19,
      "question": "Hvor mange plager sendte Gud over Egypt?",
      "option1": "4",
      "option2": "8",
      "option3": "10",
      "option4": "12",
      "answer": 3
    },
    {
      "ques_id": 20,
      "question": "For hvor mange sølvstykker forrådte Judas Kristus?",
      "option1": "20",
      "option2": "30",
      "option3": "40",
      "option4": "50",
      "answer": 2
    },
    {
      "ques_id": 21,
      "question": "I hvor mange dager viste Jesus seg for sine disipler etter sin oppstandelse?",
      "option1": "30",
      "option2": "7",
      "option3": "40",
      "option4": "11",
      "answer": 3
    },
    {
      "ques_id": 22,
      "question": "Hvor mange kirker i Lilleasia ble oppført i Åpenbaringen?",
      "option1": "7",
      "option2": "8",
      "option3": "9",
      "option4": "10",
      "answer": 1
    }
  ],
  "Geni": [
    {
      "ques_id": 1,
      "question": "Hvem var sønn av Eleasar, sønn av Aron?",
      "option1": "Putiel",
      "option2": "Korah",
      "option3": "Phinehas",
      "option4": "Izhar",
      "answer": 3
    },
    {
      "ques_id": 2,
      "question": "Hvem var sønn av Omri, Israels konge?",
      "option1": "Ahab",
      "option2": "Joram",
      "option3": "Zimri",
      "option4": "Ginath",
      "answer": 1
    },
    {
      "ques_id": 3,
      "question": "Hvem var mannen til Naomi fra Ruts bok?",
      "option1": "Boas",
      "option2": "Elkanah",
      "option3": "Obed",
      "option4": "Elimelech",
      "answer": 4
    },
    {
      "ques_id": 4,
      "question": "Hvor mange bokstaver er det i det lengste navnet i Bibelen?",
      "option1": "16",
      "option2": "18",
      "option3": "22",
      "option4": "25",
      "answer": 2
    },
    {
      "ques_id": 5,
      "question": "Hvem drepte Sisera?",
      "option1": "David",
      "option2": "Ahab",
      "option3": "Saul",
      "option4": "Jael",
      "answer": 4
    },
    {
      "ques_id": 6,
      "question": "Hvor bred var Noahs ark?",
      "option1": "35 alen",
      "option2": "50 alen",
      "option3": "75 alen",
      "option4": "90 alen",
      "answer": 2
    },
    {
      "ques_id": 7,
      "question": "Hvor bred var Paktens Ark?",
      "option1": "1,5 alen",
      "option2": "2 alen",
      "option3": "3 alen",
      "option4": "1 alen",
      "answer": 1
    },
    {
      "ques_id": 8,
      "question": "Hva het Elisas tjener?",
      "option1": "Jehoram",
      "option2": "Shaphat",
      "option3": "Gehazi",
      "option4": "Hazael",
      "answer": 3
    },
    {
      "ques_id": 9,
      "question": "Hva het Pauls berømte lærer?",
      "option1": "Just",
      "option2": "Gamaliel",
      "option3": "Kaifas",
      "option4": "Sokrates",
      "answer": 2
    },
    {
      "ques_id": 10,
      "question": "Hvilken dommer i Israel ble født i Betlehem?",
      "option1": "David",
      "option2": "Ibzan",
      "option3": "Deborah",
      "option4": "Gideon",
      "answer": 2
    },
    {
      "ques_id": 11,
      "question": "Da han ble nærmet av Jesus, som sa: 'Hva har du med meg å gjøre, Jesus, Den Høyeste Guds Sønn? Jeg sverger deg ved Gud, ikke pine meg'.?",
      "option1": "Legion",
      "option2": "Terah",
      "option3": "Reuben",
      "option4": "Belsasar",
      "answer": 1
    },
    {
      "ques_id": 12,
      "question": "Hvilken fugl sier Jesus at vi har mer verdi enn?",
      "option1": "Ørn",
      "option2": "Gribb",
      "option3": "Sparrow",
      "option4": "Due",
      "answer": 3
    },
    {
      "ques_id": 13,
      "question": "Hvilke to søstre giftet seg med Jakob?",
      "option1": "Dorcas og Leah",
      "option2": "Mariam og Rachel",
      "option3": "Rachel og Leah",
      "option4": "Sarai og Hannah",
      "answer": 3
    },
    {
      "ques_id": 14,
      "question": "Til hvilket land sendte Gud Abraham for å ofre sin spesielle sønn, Isak?",
      "option1": "Canan",
      "option2": "Makedonia",
      "option3": "Kypros",
      "option4": "Moriah",
      "answer": 4
    },
    {
      "ques_id": 15,
      "question": "Hvilken salme er verset 'H e får meg til å ligge i grønne beitemarker, han fører meg til stille vann,' fra?",
      "option1": "25",
      "option2": "22",
      "option3": "30",
      "option4": "23",
      "answer": 4,
      "referanse": "Salme 23;2"
    },
    {
      "ques_id": 16,
      "question": "Frykt for Herren er begynnelsen på ........ ",
      "option1": "Kunnskap",
      "option2": "Visdom",
      "option3": "Penger",
      "option4": "Kjærlighet",
      "answer": 1,
      "henvisning": ""
    },
    {
      "ques_id": 17,
      "question": "Hvilken by ba Herren Jona om å forkynne mot?",
      "option1": "Jerusalem",
      "option2": "Nineveh",
      "option3": "Babylon",
      "option4": "Juda",
      "answer": 2,
      "reference": "Jona 1:2"
    },
    {
      "ques_id": 18,
      "question": "Hvilken av disse bøkene [Filipperne, Kolosserne, Galaterne eller Efeserne ] kommer først i Bibelen",
      "option1": "Kolosserne",
      "option2": "Galaterne",
      "option3": "Efeserne",
      "option4": "Filipperne",
      "answer": 2,
      "reference": "Nytt testamente, brev fra Paulus"
    },
    {
      "ques_id": 19,
      "question": "Hvor mange kapitler har Hebreerboken?",
      "option1": "13",
      "option2": "15",
      "option3": "10",
      "option4": "16",
      "answer": 1,
      "reference": "Hebreerne 1-13"
    },
    {
      "ques_id": 20,
      "question": "Hva heter stormvindene som kan ramme Kreta?",
      "option1": "Moonsoon",
      "option2": "Euroklydon",
      "option3": "Overflyt",
      "option4": "Ingen av de ovennevnte",
      "answer": 2,
      "reference": "Apostlenes gjerninger 2:14"
    }
  ],
  "Ekspert": [
    {
      "ques_id": 1,
      "question": "Hvem av disse var ikke en konge av Israel eller Juda",
      "option1": "Senherib",
      "option2": "Jehojakim",
      "option3": "Sidekiah",
      "option4": "David",
      "answer": 1
    },
    {
      "ques_id": 2,
      "question": "Hvem overtalte Samson til å avsløre hemmeligheten bak den store styrken",
      "option1": "Dinah",
      "option2": "Ruth",
      "option3": "Delilah",
      "option4": "Martha",
      "answer": 3
    },
    {
      "ques_id": 3,
      "question": "Og din himmel som er over ditt hode skal være_____, og jorden som er under deg skal være jern",
      "option1": "Messing",
      "option2": "Stål",
      "option3": "Sølv",
      "option4": "Gull",
      "answer": 1
    },
    {
      "ques_id": 4,
      "question": "Hvor kan man finne ordene: Stol på Jehova av hele ditt hjerte og ikke stol på din egen forstand",
      "option1": "Ordspråkene 3:5",
      "option2": "Ordspråkene 5:3",
      "option3": "Ordspråkene 35:3",
      "option4": "Ordspråkene 4:3",
      "answer": 1
    },
    {
      "ques_id": 5,
      "question": "hvilken disippel fornektet Jesus tre ganger",
      "option1": "Peter",
      "option2": "Andrew",
      "option3": "John",
      "option4": "Judas",
      "answer": 1
    },
    {
      "ques_id": 6,
      "question": "Minnet om den rettferdige er velsignet, men de ugudeliges navn skal",
      "option1": "Vinn",
      "option2": "Rått",
      "option3": "Blomst",
      "option4": "blomstre",
      "answer": 2
    },
    {
      "ques_id": 7,
      "question": "Hva var jobben hans før Jesus begynte å forkynne?",
      "option1": "snekker",
      "option2": "stipendiat",
      "option3": "Lege",
      "option4": "Lærer",
      "answer": 1
    },
    {
      "ques_id": 8,
      "question": "Zoan ble brukt i Bibelen som en parallell til hvilken nasjon'",
      "option1": "Egypt",
      "option2": "Assyria",
      "option3": "Babylon",
      "option4": "Sinai",
      "answer": 1
    },
    {
      "ques_id": 9,
      "question": "Hvilken karakter fra det gamle testamente viste sin tro ved å være villig til å ofre sin sønn på et alter til Gud",
      "option1": "Noah",
      "option2": "Abraham",
      "option3": "shealtiel",
      "option4": "Moses",
      "answer": 2
    },
    {
      "ques_id": 10,
      "question":"Hva gjorde sjømennene på skipet jonah for å øke sjansene deres for å overleve",
      "option1": "De seilte nordover",
      "option2": "Kaste lasten over bord",
      "option3": "Bet Gud om tilgivelse",
      "option4": "Ingen av de ovennevnte",
      "answer": 2
    },
    {
      "ques_id": 11,
      "question": "Hva gjorde Esau mens jacob stjal velsignelsen hans?",
      "option1": "Jakt",
      "option2": "Landbruk",
      "option3": "Fiske",
      "option4": "Reise",
      "answer": 1
    },
    {
      "ques_id": 12,
      "question": "Hvem løp fra Karmelfjellet til Samaria fortere enn Akab kunne kjøre sin vogn?",
      "option1": "Elisha",
      "option2": "Gehazi",
      "option3": "Elijah",
      "option4": "Amos",
      "answer": 3
    },
    {
      "ques_id": 13,
      "question": "Hva gjorde Gud på den syvende dagen etter?",
      "option1": "Hvilet",
      "option2": "Skapte mennesker",
      "option3": "Han ga mennesket i oppdrag å ta vare på kreasjonene hans",
      "option4": "Skapte fugler",
      "answer": 1
    },
    {
      "ques_id": 14,
      "question": "Hvem hevdet at gullkalven rett og slett kom ut av ilden?",
      "option1": "Joshua",
      "option2": "Aaron",
      "option3": "Miriam",
      "option4": "Debora",
      "answer": 42
    },
    {
      "ques_id": 15,
      "question": "Hva ba kong Salomo om da Gud viste seg for ham i en drøm",
      "option1": "Langt liv og kunnskap",
      "option2": "Visdom [å dømme mellom godt og ondt]",
      "option3": "Rikdom",
      "option4": "Penger",
      "answer": 2
    },
    {
      "ques_id": 16,
      "question": "Fullfør det ordspråklige ordtaket; Enhver som er tåpelig, når man tier blir ansett som -------?",
      "option1": "Fredelig",
      "option2": "Dumt",
      "option3": "Klok",
      "option4": "Arrogant",
      "answer": 3
    },
    {
      "ques_id": 17,
      "question": "Hvordan skal man motta Guds rike?",
      "option1": "Med skjulte motiver",
      "option2": "Som et barn",
      "option3": "Med stolthet",
      "option4": "Gjennom agenter",
      "answer": 2
    },
    {
      "ques_id": 18,
      "question": "Hva het Abrahams første kone",
      "option1": "Sarah",
      "option2": "Miriam",
      "option3": "Roda",
      "option4": "Ruth",
      "answer": 1
    },
    {
      "ques_id": 19,
      "question": "Kong Saul adlød ikke Jehovas befaling og sparte livet til den amelekittenes konge",
      "option1": "Balak",
      "option2": "Dagon",
      "option3": "Agag",
      "option4": "Nathan",
      "answer": 3
    },
    {
      "ques_id": 20,
      "question": "Hva ble de ti bud skrevet om. ",
      "option1": "To ruller",
      "option2": "To steintavler",
      "option3": "Jerikos murer",
      "option4": "To bøker",
      "answer": 1
    }
  ],
  "Mester": [
    {
      "ques_id": 1,
      "question": "Om hvem ble det registrert at 'alle resonnerte i sine hjerter;' Kan han kanskje være Kristus?",
      "option1": "Elijah",
      "option2": "John",
      "option3": "Malachi",
      "option4": "Peter",
      "answer": 2
    },
    {
      "ques_id": 2,
      "question": "Hva heter Josefs foreldre",
      "option1": "Jacob og Rebeka",
      "option2": "Jacob og Lea",
      "option3": "Jacob og Rachel",
      "option4": "Jacob og Ruth",
      "answer": 3
    },
    {
      "ques_id": 3,
      "question": "Hvilken av alle menneskene som er nevnt i Bibelen, levde lengst?",
      "option1": "Metusalem",
      "option2": "JJared",
      "option3": "Abraham",
      "option4": "Adam",
      "answer": 1
    },
    {
      "ques_id": 4,
      "question": "Hva sa Jesus til dem som anklaget horkvinnen?",
      "option1": "Se, det er ingen rettferdig",
      "option2": "Den som er uten synd, la ham først kaste en stein",
      "option3": "Ve dere som anklager denne kvinnen",
      "option4": "drep henne",
      "answer": 2
    },
    {
      "ques_id": 5,
      "question": "Til hvilken by vil alle nasjoner en dag dra for å tilbe Gud?",
      "option1": "Damaskus",
      "option2": "Jerusalem",
      "option3": "Cilicia",
      "option4": "Juda",
      "answer": 2
    },
    {
      "ques_id": 6,
      "question": "Hvem av Davids etterkommere skal regjere for alltid",
      "option1": "Rehabeam",
      "option2": "Jesus",
      "option3": "Solomon",
      "option4": "Jeroboam",
      "answer": 2
    },
    {
      "ques_id": 7,
      "question": "Hvem var Timothys hengivne mor",
      "option1": "Lois",
      "option2": "Phoebe",
      "option3": "Eunice",
      "option4": "Magdalene",
      "answer": 3
    },
    {
      "ques_id": 8,
      "question": "Hvorfor vendte kong Salomo seg bort fra Gud da han var gammel",
      "option1": "Hans utenlandske koner vendte hjertet hans etter andre guder",
      "option2": "Han ble stolt",
      "option3": "Han elsket kvinner mer enn Gud",
      "option4": "Han tilbad avguder",
      "answer": 1
    },
    {
      "ques_id": 9,
      "question": "Hvem flyktet til Jehovas telt for sikkerhet, men ble drept der likevel?",
      "option1": "Joab",
      "option2": "Saul",
      "option3": "Ammon",
      "option4": "Esau",
      "answer": 1
    },
    {
      "ques_id": 10,
      "question": "Hvilken konge drømte om en stor statue av en mann laget av forskjellige metaller",
      "option1": "Ahab",
      "option2": "David",
      "option3": "malach",
      "option4": "Nebukadnesar",
      "answer": 4
    },
    {
      "ques_id": 11,
      "question": "Hvor er det 'beste stedet å be'?",
      "option1": "I skapet ditt med døren lukket",
      "option2": "I kirken",
      "option3": "På et rolig sted",
      "option4": "På vei",
      "answer": 1
    },
    {
      "ques_id": 12,
      "question": "Hvor kan man finne ordene: Stol på Jehova av hele ditt hjerte og ikke stol på din egen forståelse?",
      "option1": "Ordspråkene 3:5",
      "option2": "Ordspråkene 35:3",
      "option3": "Ordspråkene 5:3",
      "option4": "Ordspråkene 6:4",
      "answer": 1
    },
    {
      "ques_id": 13,
      "question": "Da Jesus var i deg ørkenen, hva ble han fristet til å gjøre om til brød?",
      "option1": "Mounds",
      "option2": "Stenger",
      "option3": "Steiner",
      "option4": "Jord",
      "answer": 3
    },
    {
      "ques_id": 14,
      "question": "Hva var spesielt med Ehud [en dommer over Israel som drepte Elgon, kongen av Moab",
      "option1": "Han var veldig ung",
      "option2": "Han var venstrehendt",
      "option3": "Han var blind",
      "option4": "Han var veldig gammel",
      "answer": 2
    },
    {
      "ques_id": 15,
      "question": "Hva skjedde med byen Jeriko etter at presten blåste i trompetene deres",
      "option1": "Folket flyktet til et annet land",
      "option2": "Dyrene døde",
      "option3": "Veger falt ned",
      "option4": "Folk migrerte",
      "answer": 3
    },
    {
      "ques_id": 16,
      "question": "I følge Johannes 1:1, hva var i begynnelsen hos Gud",
      "option1": "Ordet",
      "option2": "En engel",
      "option3": "Jesus",
      "option4": "John",
      "answer": 1
    },
    {
      "ques_id": 17,
      "question": "Hvor mange salmer er det i Salmenes bok?",
      "option1": "150",
      "option2": "170",
      "option3": "120",
      "option4": "190",
      "answer": 1
    },
    {
      "ques_id": 18,
      "question": "Ikke alle som sier til meg 'Herre, Herre' skal gå inn i himlenes rike. Hvem skal da gå inn i sitt rike",
      "option1": "Den som gjør Guds vilje",
      "option2": "Den som utfører mirakler",
      "option3": "Den som blir døpt",
      "option4": "Den som forkynner Guds ord",
      "answer": 1
    },
    {
      "ques_id": 19,
      "question": "Hvem var den første kongen av Israels ti stammer?",
      "option1": "Jeroboam",
      "option2": "Rehoboth",
      "option3": "Joab",
      "option4": "Rehabeam",
      "answer": 1
    },
    {
      "ques_id": 20,
      "question": "I følge Jeremia, hvor mange år skulle nasjonen Israel forbli fanget under Babylons konge?",
      "option1": "120 år",
      "option2": "40 år",
      "option3": "70 år",
      "option4": "80 år",
      "answer": 3
    }
  ],
  "Stormester": [
    {
      "ques_id": 1,
      "question": "Hvilken elv ble Naaman bedt om å skylle i for å kvitte seg med spedalskhet?",
      "option1": "Nil",
      "option2": "Jordan",
      "option3": "Galilee",
      "option4": "Bibelen sier ikke",
      "answer": 2
    },
    {
      "ques_id": 2,
      "question": "Hvem var far til Rehabeam?",
      "option1": "David",
      "option2": "Nimrod",
      "option3": "Abimelech",
      "option4": "Solomon",
      "answer": 4
    },
    {
      "ques_id": 3,
      "question": "Hvor lenge regjerte David som konge?",
      "option1": "Tretti år",
      "option2": "Førti år",
      "option3": "Tjuefem år",
      "option4": "Åtti år",
      "answer": 2
    },
    {
      "ques_id": 4,
      "question": "I Jesu forklaring av lignelsen om såmannen. hva representeres av sæden",
      "option1": "Tro",
      "option2": "Guds ord",
      "option3": "Jesus",
      "option4": "Kjærlighet",
      "answer": 2
    },
    {
      "ques_id": 5,
      "question": "Hvilken plante er 'minst av alle frø, men når den er dyrket, er den størst blant urter?",
      "option1": "Oliven",
      "option2": "Sennep",
      "option3": "Eik",
      "option4": "Drue",
      "answer": 2
    },
    {
      "ques_id": 6,
      "question": "Hva het broren til Moses?",
      "option1": "Alphaeus",
      "option2": "John",
      "option3": "Aaron",
      "option4": "Joshua",
      "answer": 3
    },
    {
      "ques_id": 7,
      "question": "Fra hvilken del av Adams kropp skapte Gud Eva?",
      "option1": "Hjerte",
      "option2": "Hjerne",
      "option3": "Ribb",
      "option4": "Hode",
      "answer": 3
    },
    {
      "ques_id": 8,
      "question": "Sacharias og Elisabet ble fortalt av en engel at de skulle få en sønn, hva skulle han hete'",
      "option1": "Elijah",
      "option2": "Jesus",
      "option3": "John",
      "option4": "James",
      "answer": 3
    },
    {
      "ques_id": 9,
      "question": "Hvilken betydningsfull hendelse er registrert i 1. Mosebok kapittel 1 og 2",
      "option1": "Transport",
      "option2": "Skapelse",
      "option3": "Rensing",
      "option4": "Offer",
      "answer": 2
    },
    {
      "ques_id": 10,
      "question": "Hva var forholdet mellom Moses og Korah",
      "option1": "De var begge fra Judas stamme",
      "option2": "De var brødre",
      "option3": "De var søskenbarn",
      "option4": "De var venner",
      "answer": 3
    },
    {
      "ques_id": 11,
      "question": "Hva sa Naomi til folket i Betlehem om å ringe henne",
      "option1": "Mara",
      "option2": "Naama",
      "option3": "Bathseba",
      "option4": "Mary",
      "answer": 1
    },
    {
      "ques_id": 12,
      "question": "Nevn den jødiske jomfruen som giftet seg med en persisk konge?",
      "option1": "Naomi",
      "option2": "Deborah",
      "option3": "Esther",
      "option4": "Jude",
      "answer": 3
    },
    {
      "ques_id": 13,
      "question": "Hva symboliserer de syv gyldne lysestakene i Åpenbaringen 1:20?",
      "option1": "Syv menighet",
      "option2": "Syv engler",
      "option3": "Syv konger",
      "option4": "Syv personer",
      "answer": 1
    },
    {
      "ques_id": 14,
      "question": "Hvor kan man finne følgende ord: 'Men Gud utvalgte verdens tåpelige ting for å gjøre de vise til skamme?",
      "option1": "Handlinger",
      "option2": "Romerne",
      "option3": "1. Korinterbrev",
      "option4": "John",
      "answer": 3
    },
    {
      "ques_id": 15,
      "question": "Hva var merkbart med Jakobs tvillingbror, Esau ved fødselen",
      "option1": "Han hadde dype intense øyne",
      "option2": "Han var veldig kjekk",
      "option3": "Han var rød og hårete",
      "option4": "Han var veldig svart",
      "answer": 3
    },
    {
      "ques_id": 16,
      "question": ",Hvem klippet av Samsons hår?",
      "option1": "Erkefienden hans, Hulken",
      "option2": "Delilah",
      "option3": "En annen mann",
      "option4": "Vennene hans",
      "answer": 2
    },
    {
      "ques_id": 17,
      "question": "Hvem skrev bøkene til 1. og 2. Konge?",
      "option1": "Elijah",
      "option2": "Jeremia",
      "option3": "Gad",
      "option4": "Nathan",
      "answer": 2
    },
    {
      "ques_id": 18,
      "question": "Hvilket av evangeliene står sist i Bibelen",
      "option1": "Nikodemus",
      "option2": "John",
      "option3": "Andrews",
      "option4": "Mark",
      "answer": 2
    },
    {
      "ques_id": 19,
      "question": "Hva skjedde med noen hvis navn ikke ble funnet skrevet i livets bok?",
      "option1": "De ble erklært uverdige til frelse",
      "option2": "De omkom",
      "option3": "De døde",
      "option4": "De ble kastet i ildsjøen",
      "answer": 4
    },
    {
      "ques_id": 20,
      "question": "Hvem var den sterkeste mannen som noen gang har levd?",
      "option1": "Goliat",
      "option2": "Samson",
      "option3": "Jesus",
      "option4": "Agag",
      "answer": 2
    }
  ],
  "Legende": [
    {
      "ques_id": 1,
      "question": "Første Mosebok åpner med det hebraiske ordet 'bereshit', hva er dette ordets oversettelse til engelsk",
      "option1": "I begynnelsen",
      "option2": "La det bli lys",
      "option3": "Når det ennå ikke var noe",
      "option4": "Herren Gud sa",
      "answer": 1,
      "referanse": "Gn 1:1"
    },
    {
      "ques_id": 2,
      "question": "Etter å ha lagt mannen til en dyp søvn, hva tok Herren Gud fra ham for å bygge til en kvinne",
      "option1": "En tann",
      "option2": "En fingernegl",
      "option3": "Et ribbein",
      "option4": "En hårstrå",
      "answer": 3,
      "referanse": "Gn 1:2"
    },
    {
      "ques_id": 3,
      "question": "Hva velsignet Herren Gud først med ordene 'Vær fruktbar og former deg'?",
      "option1": "Den første mannen og kvinnen",
      "option2": "Sjødyrene og fuglene",
      "option3": "Plantene",
      "option4": "Landsdyrene",
      "answer": 1,
      "referanse": "Gn 1:22"
    },
    {
      "ques_id": 4,
      "question": "Hvem var Herrens engel som kunngjorde til Maria at hun ville bli gravid og føde en sønn?",
      "option1": "Gabriel",
      "option2": "Michael",
      "option3": "Raphael",
      "option4": "Sealtiel",
      "answer": 1,
      "referanse": "Lk 1:31"
    },
    {
      "ques_id": 5,
      "question": "Hva heter moren til døperen Johannes?",
      "option1": "Salome av Sebedeus",
      "option2": "Elisabeth av Sakaria",
      "option3": "Mary of cleofas",
      "option4": "Herodias of Philip",
      "answer": 2,
      "referanse": "Luk 1:5-6"
    },
    {
      "ques_id": 6,
      "question": "Vem ble nevnt ved starten av oppstandelsens beretning i Johannesevangeliet som gikk til Jesu grav tidlig om morgenen og så steinen fjernet?",
      "option1": "Maria av Magdala",
      "option2": "St. John",
      "option3": "Martha",
      "option4": "En engel",
      "answer": 1,
      "referanse": "Joh 20:1"
    },
    {
      "ques_id": 7,
      "question": "I oppstandelsesberetningen i Johannesevangeliet, da den oppstandne herre først viste seg for Maria Magdalena, tok hun feil av ham for hvem?",
      "option1": "Fangevokteren",
      "option2": "Hovedmannen",
      "option3": "Graderen",
      "option4": "En engel",
      "answer": 3,
      "referanse": "Joh 20:15"
    },
    {
      "ques_id": 8,
      "question": "I Jesu genealogi gitt i Evangeliet til St. Mathew, hvor mange sett på 14 generasjoner ble nevnt",
      "option1": "Fem",
      "option2": "En poengsum",
      "option3": "Tre",
      "option4": "Et dusin",
      "answer": 3,
      "referanse": "Johannes 20:15"

    },
    {
      "ques_id": 9,
      "question": "I profeten Jesaja sies det at gutten som skal fødes av jomfru skal gis dette navnet som betyr Gud - med- oss?",
      "option1": "Jesus",
      "option2": "John",
      "option3": "Emmanuel",
      "option4": "Christos,",
      "answer": 3,
      "referanse": "Mt 1:23"
    },
    {
      "ques_id": 10,
      "question": "I Jesu geneologi gitt i St. Mathews evangelium, startet det første settet av 14 generasjoner nevnt med Abraham og endte med hvem?",
      "option1": "David",
      "option2": "Moses",
      "option3": "Jacob",
      "option4": "Jesse",
      "answer": 1,
      "referanse": "Mt 1:1-6"
    },
    {
      "ques_id": 11,
      "question": "'Fordi hun ble tatt fra hans kjød', hva kalte den første mannen den første kvinnen?",
      "option1": "Adama",
      "option2": "Eva",
      "option3": "Kvinne",
      "option4": "Kone",
      "answer": 2,
      "referanse": "Gen 1:23"
    },
    {
      "ques_id": 12,
      "question": "Hva gav Herren Gud for å tjene som mat for alle dyrene i landet og alle luftens fugler?",
      "option1": "De grønne plantene",
      "option2": "Frøbærende planter",
      "option3": "Frøbærende frukttrær",
      "option4": "Alt spiselig",
      "answer": 1,
      "referanse": "Gn 1:30"
    },
    {
      "ques_id": 13,
      "question": "På hvilken skapelsesdag skapte Gud solen og månen?",
      "option1": "Først",
      "option2": "Andre",
      "option3": "Tredje",
      "option4": "Fjerde",
      "answer": 4,
      "referanse": "1 Mos 1:26-31"
    },
    {
      "ques_id": 14,
      "question": "Hvor gammel var David da han ble salvet til Israels konge?",
      "option1": "50",
      "option2": "20",
      "option3": "35",
      "option4": "30",
      "answer": 4,
      "referanse": "2Samuel 5:4"
    },
    {
      "ques_id": 15,
      "question": " Hvem andre enn de vise mennene kom for å besøke Jesus da han var et lite barn.",
      "option1": "Bueskyttere",
      "option2": "Hyrder",
      "option3": "Jegere",
      "option4": "Bønder",
      "answer": 2
    },
    {
      "ques_id": 16,
      "question": "Hvor høy var Goliat?",
      "option1": "6 alen og et spenn",
      "option2": " 8 alen",
      "option3": "10 alen og et spenn",
      "option4": "12 alen",
      "answer": 1,
      "referanse": "1 Samuel 1:4"
    },
    {
      "ques_id": 17,
      "question": "Hva sa Paulus var oppfyllelsen av loven?",
      "option1": "Tro",
      "option2": "Bønn",
      "option3": "Kjærlighet",
      "option4": "Ekteskap",
      "answer": 3,
      "referanse": "Romerne 13:10"
    },
    {
      "ques_id": 18,
      "question": "Hva er det korteste kapittelet i Bibelen",
      "option1": "Salme 117",
      "option2": "Salme 18",
      "option3": "Mark 10",
      "option4": "John 4",
      "answer": 1,
      "referanse":"Salme 117"
    },
    {
      "ques_id": 19,
      "question": "Hvem sa: 'Sølv og gull har jeg ingen, men det jeg har gir jeg deg'?",
      "option1": "Paul",
      "option2": "James",
      "option3": "Peter",
      "option4": "Timothy",
      "answer": 3,
      "reference": "Apostlenes gjerninger 3:6"
    },
    {
      "ques_id": 20,
      "question": "Hva var alderen til Moses[år] da hans bortgang",
      "option1": "120",
      "option2": "100",
      "option3": "150",
      "option4": "80",
      "answer": 1,
      "referanse": "5 Mosebok 34:7"
    }
  ],
  "Utenomjordisk": [
    {
      "ques_id": 1,
      "question": "Hvem var den eldste personen registrert i Bibelen?",
      "option1": "Metusalem",
      "option2": "Adam",
      "option3": "Abraham",
      "option4": "Solomon",
      "answer": 1,
      "referanse": "1. Mosebok 5:27"
    },
    {
      "ques_id": 2,
      "question": "Hvor gammel var den eldste personen registrert i Bibelen?",
      "option1": "120",
      "option2": "500",
      "option3": "800",
      "option4": "969",
      "answer": 4,
      "referanse": "1. Mosebok 5:27"
    },
    {
      "ques_id": 3,
      "question": "Hva betyr Jahwe-Schammmah?",
      "option1": "Gud med oss",
      "option2": "Gud selv",
      "option3": "Jesus Guds sønn",
      "option4": "Evig liv",
      "answer": 2,
      "referanse": "Esekiel 48:35"
    },
    {
      "ques_id": 4,
      "question": "Hvor mange år til la Gud til kong Hiskias liv som svar på den døende kongens bønn?",
      "option1": "20",
      "option2": "50",
      "option3": "15",
      "option4": "100",
      "answer": 3,
      "referanse": "2 Kongebok 20:6"
    },
    {
      "ques_id": 5,
      "question": "Hvilke Herrens profeter konsulterte kong Josiah av Juda?",
      "option1": "Amos",
      "option2": "Elijah",
      "option3": "Elisha",
      "option4": "Huldah",
      "answer": 4,
      "referanse":" 2 Kongebok 22:14-16"
    },
    {
      "ques_id": 6,
      "question": "Hvilken seremoni gjeninnførte kong Josiah som ikke hadde blitt feiret av noen av de tidligere kongene av Israel eller Juda?",
      "option1": "Påske",
      "option2": "Offerritual",
      "option3": "tilbedelse",
      "option4": "Omskjæring",
      "answer": 1,
      "referanse": "2 Kongebok 23:21"
    },
    {
      "ques_id": 7,
      "question": "Av hvilken stamme av Israel var kong Saul?",
      "option1": "Juda",
      "option2": "Benjamin",
      "option3": "Amonitter",
      "option4": "Israel",
      "answer": 2,
      "referanse": "1 Samuel 9:21"
    },
    {
      "ques_id": 8,
      "question": "Når arken kom tilbake til Israel, hvilket offer ofret Samuel til Herren?",
      "option1": "A-han geit",
      "option2": "Menneskeofring",
      "option3": "Han ofret hagehøster",
      "option4": "Diende lam",
      "answer": 4,
      "referanse": "1 Samuel 7:9"
    },
    {
      "ques_id": 9,
      "question": "Hva het kong Sauls kone?",
      "option1": "Debora",
      "option2": "Naume",
      "option3": "Ahinoam",
      "option4": "Ruth",
      "answer": 3,
      "referanse": "1 Samuel 14:50"
    },
    {
      "ques_id": 10,
      "question": "Hva trenger noen for å forstå Guds ord?",
      "option1": "Kunnskap",
      "option2": "Hellig Ånd",
      "option3": "Visdom",
      "option4": "Bønner",
      "answer": 2,
      "referanse": "1 Korinterbrev 2:11"
    },
    {
      "ques_id": 11,
      "question": "Hvem sa Paulus dømte ham?",
      "option1": "Gud",
      "option2": "Terah",
      "option3": "Reuben",
      "option4": "Belsasar",
      "answer": 1,
      "referanse":" 1 Korinterbrev 4:4"
    },
    {
      "ques_id": 12,
      "question": "På pinsedagen kom det en lyd fra himmelen av en brusende ____?",
      "option1": "Torden",
      "option2": "Regn",
      "option3": "Vind",
      "option4": "høy støy",
      "answer": 3,
      "reference": "Apostlenes gjerninger 2:2"
    },
    {
      "ques_id": 13,
      "question": "Hvem tilbød seg å betale penger for kraften til å gi den hellige ånd?",
      "option1": "John",
      "option2": "Zacharias",
      "option3": "Simon",
      "option4": " Herodes",
      "answer": 3,
      "referanse": "Apostlenes gjerninger 8"
    },
    {
      "ques_id": 14,
      "question": "Da Jesus gjorde vann til vin, gjorde han vann som var i steinkrukker. Hva ble disse steinkrukkene vanligvis brukt til?",
      "option1": "Dåp",
      "option2": "Rengjøring",
      "option3": "Handel",
      "option4": "Seremoniell vask",
      "answer": 4,
      "referanse": "Johannes 2:6"
    },
    {
      "ques_id": 15,
      "question": "Hvem var faren til Nimrod?",
      "option1": "Andrew",
      "option2": "Joshua",
      "option3": " Samson",
      "option4": "Cush",
      "answer": 4,
      "referanse": "1 Krønikebok 1:10"
    },
    {
      "ques_id": 16,
      "question": "hva var navnene på Abrahams to sønner (i rekkefølge etter deres fødsel)?",
      "option1": "Isak og Jakob",
      "option2": "Ismael og Isak",
      "option3": "Joseph og Jakob",
      "option4": "Kain og Isak",
      "answer": 2,
      "reference": "1. Mosebok 16:1-16, 1. Krønikebok 1:28"
    },
    {
      "ques_id": 17,
      "question": "Hva het de tre sønnene til Noah i rekkefølgen på bibellistene de er på?",
      "option1": "Skinke, Josef, Jafet",
      "option2": "Japhet, Ham, Isak",
      "option3": "Sem, Ham og Jafet",
      "option4": "Shem, Ham, Joseph",
      "answer": 3,
      "referanse": "1 Mosebok 9:18-19, 1 Krønikebok 1:4"
    },
    {
      "ques_id": 18,
      "question": "Herren endret Abrahams navn til Abraham da han var 99 år. hva het han før det?",
      "option1": "Adam",
      "option2": "Abram",
      "option3": " Alfa",
      "option4": "Agag",
      "answer": 2,
      "reference": "1. Mosebok 17:1-5"
    },
    {
      "ques_id": 19,
      "question": "Hvor gammel var Abraham da Isak ble født?",
      "option1": "103",
      "option2": "90",
      "option3": "100",
      "option4": "50",
      "answer": 3,
      "reference": "1. Mosebok 21:5"
    },
    {
      "ques_id": 20,
      "question": "Hvor mange bøker i Bibelen har ordet 'John' i tittelen?",
      "option1": "4",
      "option2": "3",
      "option3": "1",
      "option4": "5",
      "answer": 1,
      "referanse": "John"
    }
  ]
}