{
  "Początkujący": [
    {
      "ques_id": 1,
      "question": "Kim jest pierwszy człowiek, jaki kiedykolwiek żył?",
      "option1": "Metuzalem",
      "option2": "Abraham",
      "option3": "Mojżesz",
      "option4": "Adam",
      "answer": 4
    },
    {
      "ques_id": 2,
      "question": "Kogo połknęła bardzo duża ryba?",
      "option1": "Jezus",
      "option2": "Jonasz",
      "option3": "Samson",
      "option4": "Piotr",
      "answer": 2
    },
    {
      "ques_id": 3,
      "question": "Kim jest osoba, którą Bóg posłużył się, aby wyprowadzić Izraelitów z Egiptu",
      "option1": "Aaron",
      "option2": "Abraham",
      "option3": "Mojżesz",
      "option4": "Jeremiasz",
      "answer": 3
    },
    {
      "ques_id": 4,
      "question": "Kim był człowiek, który zabił Goliata",
      "option1": "Dawid",
      "option2": "Saul",
      "option3": "Salomon",
      "option4": "Jonatan",
      "answer": 1
    },
    {
      "ques_id": 5,
      "question": "Kto był pierwszym królem Izraela?",
      "option1": "Dawid",
      "option2": "Saul",
      "option3": "Salomon",
      "option4": "Mojżesz",
      "answer": 2
    },
    {
      "ques_id": 6,
      "question": "Jakim zajęciem zajmował się Jezus przed swoją posługą",
      "option1": "Twórca Zabawek",
      "option2": "Rybak",
      "option3": "Strażnik winnicy",
      "option4": "Stolarz",
      "answer": 4
    },
    {
      "ques_id": 7,
      "question": "Jak nazywa się miasto, w którym narodził się Jezus?",
      "option1": "Jerozolima",
      "option2": "Betlejem",
      "option3": "Galilea",
      "option4": "Nazaret",
      "answer": 2
    },
    {
      "ques_id": 8,
      "question": "Jak nazywa się morze, po którym chodził Jezus",
      "option1": "Morze Galilejskie",
      "option2": "Morze Martwe",
      "option3": "Przeczytaj morze",
      "option4": "Morze Śródziemne",
      "answer": 1
    },
    {
      "ques_id": 9,
      "question": "Jak nazywa się rzeka, w której Jan Chrzciciel chrzcił ludzi?",
      "option1": "Eufrat",
      "option2": "Nil",
      "option3": "Jordania",
      "option4": "Tygrys",
      "answer": 3
    },
    {
      "ques_id": 10,
      "question": "Jak ma na imię brat Andrzeja? (Obydwaj byli uczniami)",
      "option1": "Piotr",
      "option2": "Jan",
      "option3": "James",
      "option4": "Adam",
      "answer": 1
    },
    {
      "ques_id": 11,
      "question": "Jak miała na imię Matka Jezusa?",
      "option1": "Maryja",
      "option2": "Marta",
      "option3": "Zippora",
      "option4": "Sara",
      "answer": 1
    },
    {
      "ques_id": 12,
      "question": "Jak nazywał się ogród, w którym mieszkali Adam i Ewa?",
      "option1": "Kraina Nod",
      "option2": "Ogród Edenu",
      "option3": "Betlejem",
      "option4": "Ogród Doliny",
      "answer": 2
    },
    {
      "ques_id": 13,
      "question": "Jakim pokarmem Jezus nakarmił 5000 osób",
      "option1": "Wino",
      "option2": "Bochenki chleba i wina",
      "option3": "Bochenki chleba i ryby",
      "option4": "Woda",
      "answer": 3
    },
    {
      "ques_id": 14,
      "question": "Jakiej metody używali Rzymianie do zabicia Jezusa?",
      "option1": "Naćpany",
      "option2": "Kremacja",
      "option3": "Ukrzyżowanie",
      "option4": "powieszony",
      "answer": 3
    },
    {
      "ques_id": 15,
      "question": "Ile koszy zostało z nakarmienia 5000?",
      "option1": "7",
      "option2": "8",
      "option3": "10",
      "option4": "12",
      "answer": 1,
      "referencja": "Mateusz 15:13"
    },
    {
      "ques_id": 16,
      "question": "Który uczeń znalazł monetę w pysku ryby?",
      "option1": "Andrzej",
      "option2": "Paweł",
      "option3": "Piotr",
      "option4": "Tymoteusz",
      "answer": 3,
      "odniesienie": "Mateusza 1:24-27"
    },
    {
      "ques_id": 17,
      "question": "W której księdze Biblii czytamy o Hamanie",
      "option1": "Wyjście",
      "option2": "Estera",
      "option3": "Rut",
      "option4": "Malachiasz",
      "answer": 2,
      "referencja": "Estera 3"
    },
    {
      "ques_id": 18,
      "question": "Wymień żonę króla Agryppy, przed którą Paweł stanął na rozprawie",
      "option1": "Bernice",
      "option2": "Herod",
      "option3": "Agag",
      "option4": "Kajfasz",
      "answer": 1,
      "reference": "Dzieje Apostolskie 25:23"
    },
    {
      "ques_id": 19,
      "question": "Ile lat miał Enoch",
      "option1": "400",
      "option2": "350",
      "option3": "230",
      "option4": "365",
      "answer": 4,
      "reference": "Rdz 5:23"
    },
    {
      "ques_id": 20,
      "question": "Ile lat Bóg dodał do życia króla Ezechiasza w odpowiedzi na modlitwę umierających królów?",
      "option1": "20",
      "option2": "15",
      "option3": "100",
      "option4": "50",
      "answer": 2,
      "reference": "2 Królów 20:6"
    }
  ],
  "Entuzjasta": [
    {
      "ques_id": 1,
      "question": "Kto był ojcem Izaaka?",
      "option1": "Abraham",
      "option2": "Jakub",
      "option3": "Ezaw",
      "option4": "Peleq",
      "answer": 1
    },
    {
      "ques_id": 2,
      "question": "Kto był ojcem Roboama?",
      "option1": "Dawid",
      "option2": "Nimrod",
      "option3": "Abimelek",
      "option4": "Salomon",
      "answer": 4
    },
    {
      "ques_id": 3,
      "question": "Kto był ojcem Metuszelacha?",
      "option1": "Eliasz",
      "option2": "Enock",
      "option3": "Seth",
      "option4": "Jared",
      "answer": 2
    },
    {
      "ques_id": 4,
      "question": "Kto zabił Jana Chrzciciela?",
      "option1": "Cezar",
      "option2": "Piłat",
      "option3": "Herold",
      "option4": "Kajfasz",
      "answer": 3
    },
    {
      "ques_id": 5,
      "question": "Kto był pierwszą osobą zamordowaną za wiarę w Chrystusa?",
      "option1": "Piotr",
      "option2": "Jan",
      "option3": "Barnaba",
      "option4": "Stefan",
      "answer": 4
    },
    {
      "ques_id": 6,
      "question": "Dokąd szedł Saul, kiedy zobaczył Jezusa?",
      "option1": "Damaszek",
      "option2": "Grecja",
      "option3": "Rzym",
      "option4": "Jerozolima",
      "answer": 1
    },
    {
      "ques_id": 7,
      "question": "Gdzie Jezus spędził większość swojego życia na ziemi?",
      "option1": "Jerozolima",
      "option2": "Nazaret",
      "option3": "Góra Oliwna",
      "option4": "Egipt",
      "answer": 2
    },
    {
      "ques_id": 8,
      "question": "Jaki zaczyna się Psalm: «Pan jest moim pasterzem?»",
      "option1": "Psalm 91",
      "option2": "Psalm 1",
      "option3": "Psalm 104",
      "option4": "Psalm 23",
      "answer": 4
    },
    {
      "ques_id": 9,
      "question": "Jakim zajęciem zajmował się Paweł, gdy podróżował jako misjonarz?",
      "option1": "Pasterz",
      "option2": "Sprzedawca fioletu",
      "option3": "Producent namiotów",
      "option4": "Skryba",
      "answer": 3
    },
    {
      "ques_id": 10,
      "question": "Jak nazywa się wyspa, na której mieszkał Barnaba?",
      "option1": "Grecja",
      "option2": "Cypr",
      "option3": "Rodos",
      "option4": "Wyspa Wielkanocna",
      "answer": 2
    },
    {
      "ques_id": 11,
      "question": "Kiedy podszedł do niego Jezus i zapytał: «Cóż cię mam wspólnego, Jezusie, Synu Boga Najwyższego? Zaklinam cię na Boga, nie dręcz mnie».?",
      "option1": "Legion",
      "option2": "Tera",
      "option3": "Ruben",
      "option4": "Belszazar",
      "answer": 1
    },
    {
      "ques_id": 12,
      "question": "Od jakiego ptaka według Jezusa mamy większą wartość?",
      "option1": "Orzeł",
      "option2": "Sęp",
      "option3": "Wróbel",
      "option4": "Gołąb",
      "answer": 3
    },
    {
      "ques_id": 13,
      "question": "Które dwie siostry poślubiły Jakuba?",
      "option1": "Dorkas i Lea",
      "option2": "Maria i Rachela",
      "option3": "Rachel i Lea",
      "option4": "Saraj i Hanna",
      "answer": 3
    },
    {
      "ques_id": 14,
      "question": "Do jakiego kraju Bóg posłał Abrahama, aby złożył w ofierze swojego wyjątkowego syna, Izaaka?",
      "option1": "Kanan",
      "option2": "Macedonia",
      "option3": "Cypr",
      "option4": "Moria",
      "answer": 4
    },
    {
      "ques_id": 15,
      "question": "Jakiej prorokini Pańskiej zasięgnął rady król judzki Jozjasz",
      "option1": "Debora",
      "option2": "Hulda",
      "option3": "Naom",
      "option4": "Rut",
      "answer": 2,
      "reference": "2 Królów 22:12-16"
    },
    {
      "ques_id": 16,
      "question": "Imię pierworodnego syna Samuela?",
      "option1": "Jozue",
      "option2": "Joel",
      "option3": "Jonatan",
      "option4": "Józef",
      "answer": 2,
      "reference": "1 Samuela 8:2"
    },
    {
      "ques_id": 17,
      "question": "Jak miała na imię żona króla Saula?",
      "option1": "Boam",
      "option2": "Miłosierdzie",
      "option3": "Achinoam",
      "option4": "Noam",
      "answer": 3,
      "referencja": "1 Samuela 14:50"
    },
    {
      "ques_id": 18,
      "question": "Czego potrzeba, aby ktoś zrozumiał słowo Boże?",
      "option1": "Modlitwa",
      "option2": "Miłość",
      "option3": "Duch Święty",
      "option4": "Anioły",
      "answer": 3,
      "reference": "1 Koryntian 2:11"
    },
    {
      "ques_id": 19,
      "question": "Kto według Pawła go osądził?",
      "option1": "Szatan",
      "option2": "Bóg",
      "option3": "Przyjaciel",
      "option4": "Piotr",
      "answer": 2,
      "reference": "1 Koryntian 4:4"
    },
    {
      "ques_id": 20,
      "question": "________ odroczenie powoduje chorobę serca?",
      "option1": "Zaufanie",
      "option2": "Nadzieja",
      "option3": "Miłość",
      "option4": "Modlitwy",
      "answer": 2,
      "reference": "Przysłów 13:12"
    }
  ],
  "Średniozaawansowany": [
    {
      "ques_id": 1,
      "question": "Kim była żona Mojżesza?",
      "option1": "Eliszeba",
      "option2": "Rebeka",
      "option3": "Maria",
      "option4": "Zippora",
      "answer": 4
    },
    {
      "ques_id": 2,
      "question": "Kim była druga żona Abrahama?",
      "option1": "Estera",
      "option2": "Ketura",
      "option3": "Hagar",
      "option4": "Lidia",
      "answer": 2
    },
    {
      "ques_id": 3,
      "question": "Ile rozdziałów zawiera Kazanie na Górze?",
      "option1": "1",
      "option2": "2",
      "option3": "3",
      "option4": "7",
      "answer": 3
    },
    {
      "ques_id": 4,
      "question": "Ile razy Izrael maszerował wokół Jerycha?",
      "option1": "13",
      "option2": "7",
      "option3": "70",
      "option4": "12",
      "answer": 1
    },
    {
      "ques_id": 5,
      "question": "Jak długi jest łokieć?",
      "option1": "ok. 12 cali",
      "option2": "12mm",
      "option3": "ok. 18 cali",
      "option4": "ok. 36 cali",
      "answer": 3
    },
    {
      "ques_id": 6,
      "question": "Dokąd udał się Kain po zabiciu Abla?",
      "option1": "Ogród Edenu",
      "option2": "Kraina Nod",
      "option3": "Jaskinie Qumran",
      "option4": "Góra Ararat",
      "answer": 2
    },
    {
      "ques_id": 7,
      "question": "Kim był syn Kisza?",
      "option1": "Noe",
      "option2": "Apostoł Paweł",
      "option3": "Abraham",
      "option4": "Król Saul",
      "answer": 4
    },
    {
      "ques_id": 8,
      "question": "Gdzie mieszkała Rachab?",
      "option1": "Jerycho",
      "option2": "Jerozolima",
      "option3": "Niniwa",
      "option4": "Ai",
      "answer": 1
    },
    {
      "ques_id": 9,
      "question": "Gdzie mieszkała Dorkas?",
      "option1": "Betel",
      "option2": "Joppa",
      "option3": "Cezarea",
      "option4": "Antiochia",
      "answer": 2
    },
    {
      "ques_id": 10,
      "question": "Gdzie jest 'Ulica zwana Prostą'",
      "option1": "Jerozolima",
      "option2": "Rzym",
      "option3": "Babilon",
      "option4": "Damaszek",
      "answer": 4
    },
    {
      "ques_id": 11,
      "question": "Po ucieczce dla życia, pod jakim drzewem spał Eliasz",
      "option1": "Dąb",
      "option2": "Sosna",
      "option3": "Jałowiec",
      "option4": "Świerk",
      "answer": 3,
      "reference": "1 Królów 19:5"
    },
    {
      "ques_id": 12,
      "question": "Judasz zdradził Jezusa za ile dokładnie srebrnych monet?",
      "option1": "30",
      "option2": "20",
      "option3": "50",
      "option4": "10",
      "answer": 1,
      "referencja": "Mateusza 26:15"
    },
    {
      "ques_id": 13,
      "question": "Imię ojca Dawida",
      "option1": "Oman",
      "option2": "Jesse",
      "option3": "Jozue",
      "option4": "Salomon",
      "answer": 2,
      "referencja": "1 Samuela 1:12"
    },
    {
      "ques_id": 14,
      "question": "Bóg nie jest wspomniany tylko w 1 księdze Biblii",
      "option1": "Estera",
      "option2": "Rut",
      "option3": "Malachiasz",
      "option4": "Wyjście",
      "answer": 1,
      "referencja": "Estera"
    },
    {
      "ques_id": 15,
      "question": "Za ile srebrników Jozue został sprzedany Izmeelitom przez swoich braci",
      "option1": "50",
      "option2": "12",
      "option3": "20",
      "option4": "100",
      "answer": 3,
      "reference": "Rdz 37:28"
    },
    {
      "ques_id": 16,
      "question": "Ilu apostołów wybrał Jezus",
      "option1": "12",
      "option2": "14",
      "option3": "10",
      "option4": "08",
      "answer": 1,
      "reference": "Łukasza 6:13"
    },
    {
      "ques_id": 17,
      "question": "Anioł powiedział do Marii, że Jezus będzie królował nad domem, którego charakter starotestamentowy jest",
      "option1": "Dawid",
      "option2": "Jakub",
      "option3": "Abraham",
      "option4": "Mojżesz",
      "answer": 2,
      "reference": "Łukasza 1:13"
    },
    {
      "ques_id": 18,
      "question": "Który prorok powiedział: «Z Egiptu wezwałem mojego syna»?",
      "option1": "Jeremiasz",
      "option2": "Izajasz",
      "option3": "Ozeasz",
      "option4": "Ezechiel",
      "answer": 3,
      "reference": "Ozeasza 11:1"
    },
    {
      "ques_id": 19,
      "question": "Jakie drzewo przeklął Jezus?",
      "option1": "Rys.",
      "option2": "Winnica",
      "option3": "Sosna",
      "option4": "dąb",
      "answer": 1,
      "reference": "Marka 11:12-14"
    },
    {
      "ques_id": 20,
      "question": "Kogo Saul poprosił o wychowanie dla niego medium",
      "option1": "Eli",
      "option2": "Natan",
      "option3": "Samuela",
      "option4": "Dawid",
      "answer": 3,
      "reference": "1 Samuela 28:11"
    }
  ],
  "Profesjonalista": [
    {
      "ques_id": 1,
      "question": "Kto niósł krzyż dla Chrystusa?",
      "option1": "Filip",
      "option2": "Szymon z Cyreny",
      "option3": "Ahab",
      "option4": "Micheasz",
      "answer": 2
    },
    {
      "ques_id": 2,
      "question": "Ilu towarzyszy Filistyni dali Samsonowi na uczcie w Timnie?",
      "option1": "30",
      "option2": "31",
      "option3": "32",
      "option4": "33",
      "answer": 1
    },
    {
      "ques_id": 3,
      "question": "Ile lat miała prorokini Anna, gdy ujrzała Jezusa?",
      "option1": "83",
      "option2": "84",
      "option3": "88",
      "option4": "92",
      "answer": 2
    },
    {
      "ques_id": 4,
      "question": "Co królowa Saby dała Salomonowi?",
      "option1": "(124 talenty) złota, przypraw i kamieni szlachetnych",
      "option2": "(120 talentów) złota, przypraw i kamieni szlachetnych",
      "option3": "(18 talentów) złota, przypraw i kamieni szlachetnych",
      "option4": "(221 talentów) złota, przypraw i kamieni szlachetnych",
      "answer": 2
    },
    {
      "ques_id": 5,
      "question": "Ile ksiąg jest w Starym Testamencie?",
      "option1": "37",
      "option2": "38",
      "option3": "39",
      "option4": "40",
      "answer": 3
    },
    {
      "ques_id": 6,
      "question": "Na ile rzek rozdzieliła się rzeka w Edenie po opuszczeniu ogrodu?",
      "option1": "4",
      "option2": "3",
      "option3": "6",
      "option4": "8",
      "answer": 1
    },
    {
      "ques_id": 7,
      "question": "Co chciał zrobić Józef, gdy odkrył, że Maria jest w ciąży?",
      "option1": "Zorganizuj imprezę",
      "option2": "Rozwieść się z nią",
      "option3": "Uciekaj",
      "option4": "Żadne z powyższych",
      "answer": 2
    },
    {
      "ques_id": 8,
      "question": "Jakiego koloru była szata Najwyższego Kapłana?",
      "option1": "Niebieski",
      "option2": "Biały",
      "option3": "Zielony",
      "option4": "Czerwony",
      "answer": 1
    },
    {
      "ques_id": 9,
      "question": "Co według Boaza sprzedawała Noemi?",
      "option1": "Działka",
      "option2": "Złoto",
      "option3": "Jej dziecko",
      "option4": "Jedzenie",
      "answer": 1
    },
    {
      "ques_id": 10,
      "question": "W przypowieści o dłużnikach jeden był winien 500 denarów (pensów), a ile był winien drugi",
      "option1": "70",
      "option2": "50",
      "option3": "45",
      "option4": "80",
      "answer": 2
    },
    {
      "ques_id": 11,
      "question": "Jak dużo ducha Eliasza otrzymał Elizeusz?",
      "option1": "Mały",
      "option2": "Pojedyncza porcja",
      "option3": "Zdrowy",
      "option4": "Podwójna porcja",
      "answer": 4
    },
    {
      "ques_id": 12,
      "question": "Co było niezwykłego w 700 żołnierzach Beniamitów, którzy potrafili rzucić kamieniem i za każdym razem trafić w cel?",
      "option1": "Wszyscy byli leworęczni",
      "option2": "Wszyscy wyglądali podobnie",
      "option3": "Nie mieli butów",
      "option4": "Żadne z powyższych",
      "answer": 1
    },
    {
      "ques_id": 13,
      "question": "Jaki był stosunek Annasza do Kajfasza?",
      "option1": "Brat",
      "option2": "Wujek",
      "option3": "Kuzyni",
      "option4": "Teść",
      "answer": 4
    },
    {
      "ques_id": 14,
      "question": "Czego nie należy rzucać przed wieprze",
      "option1": "Kamyki",
      "option2": "Kamienie",
      "option3": "Perły",
      "option4": "Kij",
      "answer": 3
    },
    {
      "ques_id": 15,
      "question": "Kiedy w więzieniu Paweł i Sylas modlili się i śpiewali Bogu?",
      "option1": "Poranek",
      "option2": "Popołudnie",
      "option3": "Wieczór",
      "option4": "Północ",
      "answer": 4
    },
    {
      "ques_id": 16,
      "question": "Co Daniel i jego trzej przyjaciele jedli zamiast królewskiego mięsa i napoju?",
      "option1": "Chleb",
      "option2": "Wino i chleb",
      "option3": "Impulsy i woda",
      "option4": "Nic",
      "answer": 3
    },
    {
      "ques_id": 17,
      "question": "Jak ma na imię kuzyn Jezusa, urodzony sześć miesięcy wcześniej?",
      "option1": "Jan",
      "option2": "Piotr",
      "option3": "Paweł",
      "option4": "Michał",
      "answer": 1
    },
    {
      "ques_id": 18,
      "question": "W jakim mieście mieszkał król Herod w chwili narodzin Jezusa?",
      "option1": "Jerozolima",
      "option2": "Rzym",
      "option3": "Babilon",
      "option4": "Betlejem",
      "answer": 1
    },
    {
      "ques_id": 19,
      "question": "Ile plag zesłał Bóg na Egipt?",
      "option1": "4",
      "option2": "8",
      "option3": "10",
      "option4": "12",
      "answer": 3
    },
    {
      "ques_id": 20,
      "question": "Za ile srebrników Judasz zdradził Chrystusa?",
      "option1": "20",
      "option2": "30",
      "option3": "40",
      "option4": "50",
      "answer": 2
    },
    {
      "ques_id": 21,
      "question": "Przez ile dni Jezus ukazywał się uczniom po swoim zmartwychwstaniu?",
      "option1": "30",
      "option2": "7",
      "option3": "40",
      "option4": "11",
      "answer": 3
    },
    {
      "ques_id": 22,
      "question": "Ile kościołów Azji Mniejszej zostało wymienionych w Apokalipsie?",
      "option1": "7",
      "option2": "8",
      "option3": "9",
      "option4": "10",
      "answer": 1
    }
  ],
  "Geniusz": [
    {
      "ques_id": 1,
      "question": "Kim był syn Eleazara, syna Aarona?",
      "option1": "Putiel",
      "option2": "Korah",
      "option3": "Pinechas",
      "option4": "Izhar",
      "answer": 3
    },
    {
      "ques_id": 2,
      "question": "Kim był syn Omriego, króla Izraela?",
      "option1": "Ahab",
      "option2": "Joram",
      "option3": "Zimri",
      "option4": "Ginat",
      "answer": 1
    },
    {
      "ques_id": 3,
      "question": "Kim był mąż Noemi z Księgi Rut?",
      "option1": "Booz",
      "option2": "Elkana",
      "option3": "Obed",
      "option4": "Elimelech",
      "answer": 4
    },
    {
      "ques_id": 4,
      "question": "Ile liter znajduje się w najdłuższym imieniu w Biblii?",
      "option1": "16",
      "option2": "18",
      "option3": "22",
      "option4": "25",
      "answer": 2
    },
    {
      "ques_id": 5,
      "question": "Kto zabił Syserę?",
      "option1": "Dawid",
      "option2": "Ahab",
      "option3": "Saul",
      "option4": "Jael",
      "answer": 4
    },
    {
      "ques_id": 6,
      "question": "Jak szeroka była arka Noego?",
      "option1": "35 łokci",
      "option2": "50 łokci",
      "option3": "75 łokci",
      "option4": "90 łokci",
      "answer": 2
    },
    {
      "ques_id": 7,
      "question": "Jak szeroka była Arka Przymierza?",
      "option1": "1,5 łokcia",
      "option2": "2 łokcie",
      "option3": "3 łokcie",
      "option4": "1 łokieć",
      "answer": 1
    },
    {
      "ques_id": 8,
      "question": "Jak miał na imię sługa Elizeusza?",
      "option1": "Jehoram",
      "option2": "Shaphat",
      "option3": "Gechazi",
      "option4": "Hazael",
      "answer": 3
    },
    {
      "ques_id": 9,
      "question": "Jak nazywał się słynny nauczyciel Pawła?",
      "option1": "Justus",
      "option2": "Gamaliel",
      "option3": "Kajfasz",
      "option4": "Sokrates",
      "answer": 2
    },
    {
      "ques_id": 10,
      "question": "Jaki sędzia Izraela urodził się w Betlejem?",
      "option1": "Dawid",
      "option2": "Ibzan",
      "option3": "Debora",
      "option4": "Gideon",
      "answer": 2
    },
    {
      "ques_id": 11,
      "question": "Kiedy podszedł do niego Jezus i zapytał: «Cóż cię mam wspólnego, Jezusie, Synu Boga Najwyższego? Zaklinam cię na Boga, nie dręcz mnie».?",
      "option1": "Legion",
      "option2": "Tera",
      "option3": "Ruben",
      "option4": "Belszazar",
      "answer": 1
    },
    {
      "ques_id": 12,
      "question": "Od jakiego ptaka według Jezusa mamy większą wartość?",
      "option1": "Orzeł",
      "option2": "Sęp",
      "option3": "Wróbel",
      "option4": "Gołąb",
      "answer": 3
    },
    {
      "ques_id": 13,
      "question": "Które dwie siostry poślubiły Jakuba?",
      "option1": "Dorkas i Lea",
      "option2": "Maria i Rachela",
      "option3": "Rachel i Lea",
      "option4": "Saraj i Hanna",
      "answer": 3
    },
    {
      "ques_id": 14,
      "question": "Do jakiego kraju Bóg posłał Abrahama, aby złożył w ofierze swojego wyjątkowego syna, Izaaka?",
      "option1": "Kanan",
      "option2": "Macedonia",
      "option3": "Cypr",
      "option4": "Moria",
      "answer": 4
    },
    {
      "ques_id": 15,
      "question": "Z którego Psalmu pochodzi werset: 'Kładzie mnie na zielone pastwiska, prowadzi mnie nad spokojne wody'?",
      "option1": "25",
      "option2": "22",
      "option3": "30",
      "option4": "23",
      "answer": 4,
      "reference": "Psalm 23;2"
    },
    {
      "ques_id": 16,
      "question": "Bojaźń Pańska początkiem ......",
      "option1": "Wiedza",
      "option2": "Mądrość",
      "option3": "Pieniądze",
      "option4": "Miłość",
      "answer": 1,
      "odniesienie": ""
    },
    {
      "ques_id": 17,
      "question": "Przeciwko jakiemu miastu Pan kazał Jonaszowi głosić?",
      "option1": "Jerozolima",
      "option2": "Niniwa",
      "option3": "Babilon",
      "option4": "Juda",
      "answer": 2,
      "referencja": "Jonasz 1:2"
    },
    {
      "ques_id": 18,
      "question": "Która z tych ksiąg [Filipian, Kolosan, Galatów czy Efezjan] jest pierwsza w Biblii",
      "option1": "Kolosanie",
      "option2": "Galacjanie",
      "option3": "Efezjan",
      "option4": "Filipian",
      "answer": 2,
      "referencja": "Nowy testament, listy Pawła"
    },
    {
      "ques_id": 19,
      "question": "Ile rozdziałów ma Księga Hebrajczyków?",
      "option1": "13",
      "option2": "15",
      "option3": "10",
      "option4": "16",
      "answer": 1,
      "reference": "Hebrajczyków 1-13"
    },
    {
      "ques_id": 20,
      "question": "Jak nazywają się wichry sztormowe, które mogą uderzyć w Kretę?",
      "option1": "Księżycowy",
      "option2": "Euroklidon",
      "option3": "Przepełnienie",
      "option4": "Żadne z powyższych",
      "answer": 2,
      "reference": "Dzieje Apostolskie 2:14"
    }
  ],
  "Ekspert": [
    {
      "ques_id": 1,
      "question": "Który z nich nie był królem Izraela lub Judy",
      "option1": "Sennacheryb",
      "option2": "Jehojachim",
      "option3": "Sedekiasz",
      "option4": "Dawid",
      "answer": 1
    },
    {
      "ques_id": 2,
      "question": "Kto namówił Samsona do wyjawienia tajemnicy wielkiej siły",
      "option1": "Dinah",
      "option2": "Rut",
      "option3": "Dilila",
      "option4": "Marta",
      "answer": 3
    },
    {
      "ques_id": 3,
      "question": "A niebo twoje, które jest nad twoją głową, będzie_____, a ziemia pod tobą będzie z żelaza",
      "option1": "Mosiądz",
      "option2": "Stal",
      "option3": "Srebro",
      "option4": "Złoto",
      "answer": 1
    },
    {
      "ques_id": 4,
      "question": "Gdzie można znaleźć słowa: Zaufaj Jehowie całym sercem i nie polegaj na własnym zrozumieniu",
      "option1": "Przysłów 3:5",
      "option2": "Przysłów 5:3",
      "option3": "Przysłów 35:3",
      "option4": "Przysłów 4:3",
      "answer": 1
    },
    {
      "ques_id": 5,
      "question": "który uczeń trzykrotnie zaparł się Jezusa",
      "option1": "Piotr",
      "option2": "Andrzej",
      "option3": "Jan",
      "option4": "Judasz",
      "answer": 1
    },
    {
      "ques_id": 6,
      "question": "Pamięć sprawiedliwych jest błogosławiona, lecz imię bezbożnych będzie",
      "option1": "Wygraj",
      "option2": "Zgnilizna",
      "option3": "Kwitnienie",
      "option4": "rozkwitać",
      "answer": 2
    },
    {
      "ques_id": 7,
      "question": "Zanim Jezus zaczął głosić, jakie było jego zadanie?",
      "option1": "stolarz",
      "option2": "uczony",
      "option3": "Doktor",
      "option4": "Nauczyciel",
      "answer": 1
    },
    {
      "ques_id": 8,
      "question": "Zoan był używany w Biblii jako odpowiednik jakiego narodu",
      "option1": "Egipt",
      "option2": "Asyria",
      "option3": "Babilon",
      "option4": "Synaj",
      "answer": 1
    },
    {
      "ques_id": 9,
      "question": "Który starotestamentowy bohater okazał swoją wiarę, chcąc ofiarować Bogu swego syna na ołtarzu",
      "option1": "Noe",
      "option2": "Abraham",
      "option3": "shealtiel",
      "option4": "Mojżesz",
      "answer": 2
    },
    {
      "ques_id": 10,
      "question": "Co zrobili marynarze statku, na którym płynął Jonasz, aby zwiększyć swoje szanse na przeżycie",
      "option1": "Płynęli na północ",
      "option2": "Wyrzucił ładunek za burtę",
      "option3": "Błagał Boga o przebaczenie",
      "option4": "Żadne z powyższych",
      "answer": 2
    },
    {
      "ques_id": 11,
      "question": "Co robił Ezaw, gdy Jakub ukradł mu błogosławieństwo?",
      "option1": "Polowanie",
      "option2": "Rolnictwo",
      "option3": "Wędkarstwo",
      "option4": "Podróżowanie",
      "answer": 1
    },
    {
      "ques_id": 12,
      "question": "Kto pobiegł z góry Karmel do Samarii szybciej, niż Achab był w stanie poprowadzić swój rydwan?",
      "option1": "Elizeusz",
      "option2": "Gechazi",
      "option3": "Eliasz",
      "option4": "Amos",
      "answer": 3
    },
    {
      "ques_id": 13,
      "question": "Co Bóg uczynił siódmego dnia potem?",
      "option1": "Wypoczęty",
      "option2": "Stworzył ludzi",
      "option3": "Wyznaczył człowieka, aby opiekował się jego stworzeniami",
      "option4": "Ptaki stworzone",
      "answer": 1
    },
    {
      "ques_id": 14,
      "question": "Kto twierdził, że złoty cielec po prostu wyszedł z ognia?",
      "option1": "Jozue",
      "option2": "Aaron",
      "option3": "Miriam",
      "option4": "Debora",
      "answer": 42
    },
    {
      "ques_id": 15,
      "question": "O co prosił król Salomon, gdy Bóg ukazał mu się we śnie",
      "option1": "Długie życie i wiedza",
      "option2": "Mądrość [rozsądzać dobro i zło]",
      "option3": "Bogactwo",
      "option4": "Pieniądze",
      "answer": 2
    },
    {
      "ques_id": 16,
      "question": "Dokończ przysłowiowe powiedzenie: Każdy głupiec, gdy milczy, jest uważany za -------?",
      "option1": "Spokojny",
      "option2": "Głupi",
      "option3": "Mądry",
      "option4": "Arogancki",
      "answer": 3
    },
    {
      "ques_id": 17,
      "question": "Jak przyjąć królestwo Boże?",
      "option1": "Z ukrytymi motywami",
      "option2": "Jak dziecko",
      "option3": "Z dumą",
      "option4": "Przez agentów",
      "answer": 2
    },
    {
      "ques_id": 18,
      "question": "Jak miała na imię pierwsza żona Abrahama",
      "option1": "Sara",
      "option2": "Miriam",
      "option3": "Roda",
      "option4": "Rut",
      "answer": 1
    },
    {
      "ques_id": 19,
      "question": "Król Saul sprzeciwił się rozkazowi Jehowy i oszczędził życie jakiemu królowi Amelekitom",
      "option1": "Bałak",
      "option2": "Dagon",
      "option3": "Agag",
      "option4": "Natan",
      "answer": 3
    },
    {
      "ques_id": 20,
      "question": "O czym spisano Dziesięć Przykazań. ",
      "option1": "Dwa zwoje",
      "option2": "Dwie tablice kamienne",
      "option3": "Mury Jerycha",
      "option4": "Dwie książki",
      "answer": 1
    }
  ],
  "Mistrz": [
    {
      "ques_id": 1,
      "question": "O kim zapisano, że \"wszyscy rozważali w swoich sercach\"; Czy może on jest Chrystusem?",
      "option1": "Eliasz",
      "option2": "Jan",
      "option3": "Malachiasz",
      "option4": "Piotr",
      "answer": 2
    },
    {
      "ques_id": 2,
      "question": "Jak mają na imię rodzice Józefa",
      "option1": "Jakub i Rebeka",
      "option2": "Jakub i Lea",
      "option3": "Jakub i Rachela",
      "option4": "Jakub i Rut",
      "answer": 3
    },
    {
      "ques_id": 3,
      "question": "Który ze wszystkich ludzi wymienionych w Biblii żył najdłużej?",
      "option1": "Metuzalem",
      "option2": "JJared",
      "option3": "Abraham",
      "option4": "Adam",
      "answer": 1
    },
    {
      "ques_id": 4,
      "question": "Co Jezus powiedział tym, którzy oskarżali cudzołożnicę?",
      "option1": "Oto nie ma sprawiedliwego",
      "option2": "Kto jest bez grzechu, niech pierwszy rzuci kamień",
      "option3": "Biada tobie, który oskarżasz tę kobietę",
      "option4": "zabij ją",
      "answer": 2
    },
    {
      "ques_id": 5,
      "question": "Do jakiego miasta pewnego dnia udadzą się wszystkie narody, aby oddać cześć Bogu?",
      "option1": "Damaszek",
      "option2": "Jerozolima",
      "option3": "Cylicja",
      "option4": "Juda",
      "answer": 2
    },
    {
      "ques_id": 6,
      "question": "Który z potomków Dawida będzie panował na wieki",
      "option1": "Rechoboam",
      "option2": "Jezus",
      "option3": "Salomon",
      "option4": "Jeroboam",
      "answer": 2
    },
    {
      "ques_id": 7,
      "question": "Kim była pobożna matka Tymoteusza",
      "option1": "Lois",
      "option2": "Febe",
      "option3": "Eunice",
      "option4": "Magdalena",
      "answer": 3
    },
    {
      "ques_id": 8,
      "question": "Dlaczego król Salomon na starość odwrócił się od Boga",
      "option1": "Jego cudzoziemskie żony zwróciły jego serce ku innym bogom",
      "option2": "Stał się dumny",
      "option3": "Kochał kobiety bardziej niż Boga",
      "option4": "Oddawał cześć bożkom",
      "answer": 1
    },
    {
      "ques_id": 9,
      "question": "Kto uciekł do namiotu Jehowy dla bezpieczeństwa, a mimo to został tam zabity?",
      "option1": "Joab",
      "option2": "Saul",
      "option3": "Ammon",
      "option4": "Ezaw",
      "answer": 1
    },
    {
      "ques_id": 10,
      "question": "Który król marzył o dużym posągu mężczyzny wykonanym z różnych metali",
      "option1": "Ahab",
      "option2": "Dawid",
      "option3": "malach",
      "option4": "Nabuchodonozor",
      "answer": 4
    },
    {
      "ques_id": 11,
      "question": "Gdzie jest 'najlepsze miejsce do modlitwy'?",
      "option1": "W szafie za zamkniętymi drzwiami",
      "option2": "W kościele",
      "option3": "W cichym miejscu",
      "option4": "W drodze",
      "answer": 1
    },
    {
      "ques_id": 12,
      "question": "Gdzie można znaleźć słowa: Zaufaj Jehowie całym sercem i nie polegaj na własnym zrozumieniu?",
      "option1": "Przysłów 3:5",
      "option2": "Przysłów 35:3",
      "option3": "Przysłów 5:3",
      "option4": "Przysłów 6:4",
      "answer": 1
    },
    {
      "ques_id": 13,
      "question": "Gdy Jezus był na twojej pustyni, co go kusiło, aby przemienić w bochenki chleba?",
      "option1": "Kopce",
      "option2": "Skały",
      "option3": "Kamienie",
      "option4": "Gleba",
      "answer": 3
    },
    {
      "ques_id": 14,
      "question": "Co było szczególnego w Ehudzie [sędzio nad Izraelem, który zabił Elgona, króla Moabu",
      "option1": "Był bardzo młody",
      "option2": "Był leworęczny",
      "option3": "Był ślepy",
      "option4": "Był bardzo stary",
      "answer": 2
    },
    {
      "ques_id": 15,
      "question": "Co się stało z miastem Jerycho po tym, jak kapłan zadął w trąby",
      "option1": "Lud uciekł do innego kraju",
      "option2": "Zwierzęta zdechły",
      "option3": "Upadły mury",
      "option4": "Ludzie wyemigrowali",
      "answer": 3
    },
    {
      "ques_id": 16,
      "question": "Co według Jana 1:1 było na początku u Boga",
      "option1": "Słowo",
      "option2": "Anioł",
      "option3": "Jezus",
      "option4": "Jan",
      "answer": 1
    },
    {
      "ques_id": 17,
      "question": "Ile Psalmów znajduje się w Księdze Psalmów?",
      "option1": "150",
      "option2": "170",
      "option3": "120",
      "option4": "190",
      "answer": 1
    },
    {
      "ques_id": 18,
      "question": "Nie każdy, kto do mnie mówi: «Panie, Panie!», wejdzie do królestwa niebieskiego. Kto wtedy wejdzie do jego królestwa",
      "option1": "Ten, kto pełni wolę Bożą",
      "option2": "Ten, który czyni cuda",
      "option3": "Ten, który przyjmuje chrzest",
      "option4": "Ten, który głosi słowo Boże",
      "answer": 1
    },
    {
      "ques_id": 19,
      "question": "Kto był pierwszym królem z 10 plemion Izraela?",
      "option1": "Jeroboam",
      "option2": "Rehobot",
      "option3": "Joab",
      "option4": "Rechoboam",
      "answer": 1
    },
    {
      "ques_id": 20,
      "question": "Ile lat według Jeremiasza naród izraelski miał przebywać w niewoli króla Babilonu?",
      "option1": "120 lat",
      "option2": "40 lat",
      "option3": "70 lat",
      "option4": "80 lat",
      "answer": 3
    }
  ],
  "Arcymistrz": [
    {
      "ques_id": 1,
      "question": "W której rzece kazano Naamanowi się umyć, aby pozbyć się trądu?",
      "option1": "Nil",
      "option2": "Jordania",
      "option3": "Galilea",
      "option4": "Biblia nie mówi",
      "answer": 2
    },
    {
      "ques_id": 2,
      "question": "Kto był ojcem Roboama?",
      "option1": "Dawid",
      "option2": "Nimrod",
      "option3": "Abimelek",
      "option4": "Salomon",
      "answer": 4
    },
    {
      "ques_id": 3,
      "question": "Jak długo Dawid rządził jako król?",
      "option1": "Trzydzieści lat",
      "option2": "Czterdzieści lat",
      "option3": "Dwadzieścia pięć lat",
      "option4": "Osiemdziesiąt lat",
      "answer": 2
    },
    {
      "ques_id": 4,
      "question": "W objaśnieniu Jezusa przypowieści o siewcy, co przedstawia nasienie",
      "option1": "Wiara",
      "option2": "Słowo Boże",
      "option3": "Jezus",
      "option4": "Miłość",
      "answer": 2
    },
    {
      "ques_id": 5,
      "question": "Która roślina jest 'najmniejszym ze wszystkich nasion, ale gdy wyrośnie, jest największa wśród ziół?",
      "option1": "Oliwka",
      "option2": "Musztarda",
      "option3": "Dąb",
      "option4": "Winogrono",
      "answer": 2
    },
    {
      "ques_id": 6,
      "question": "Jak miał na imię brat Mojżesza?",
      "option1": "Alfeusz",
      "option2": "Jan",
      "option3": "Aaron",
      "option4": "Jozue",
      "answer": 3
    },
    {
      "ques_id": 7,
      "question": "Z której części ciała Adama Bóg stworzył Ewę?",
      "option1": "Serce",
      "option2": "Mózg",
      "option3": "Żebro",
      "option4": "Głowa",
      "answer": 3
    },
    {
      "ques_id": 8,
      "question": "Anioł powiedział Zachariaszowi i Elżbiecie, że będą mieli syna, jak będzie miał na imię'",
      "option1": "Eliasz",
      "option2": "Jezus",
      "option3": "Jan",
      "option4": "James",
      "answer": 3
    },
    {
      "ques_id": 9,
      "question": "Jakie znaczące wydarzenie jest zapisane w 1 i 2 rozdziale Księgi Rodzaju",
      "option1": "Transport",
      "option2": "Stworzenie",
      "option3": "Oczyszczanie",
      "option4": "Ofiara",
      "answer": 2
    },
    {
      "ques_id": 10,
      "question": "Jaka była relacja pomiędzy Mojżeszem i Korachem",
      "option1": "Obydwaj pochodzili z pokolenia Judy",
      "option2": "Byli braćmi",
      "option3": "Byli kuzynami",
      "option4": "Byli przyjaciółmi",
      "answer": 3
    },
    {
      "ques_id": 11,
      "question": "Jak Noemi powiedziała ludziom w Betlejem, żeby ją nazywali",
      "option1": "Mara",
      "option2": "Naama",
      "option3": "Batszeba",
      "option4": "Maryja",
      "answer": 1
    },
    {
      "ques_id": 12,
      "question": "Imię żydowskiej dziewczyny, która poślubiła perskiego króla?",
      "option1": "Noemi",
      "option2": "Debora",
      "option3": "Estera",
      "option4": "Juda",
      "answer": 3
    },
    {
      "ques_id": 13,
      "question": "Co symbolizuje siedem złotych świeczników z Objawienia 1:20?",
      "option1": "Siedmiu zgromadzeń",
      "option2": "Siedmiu aniołów",
      "option3": "Siedmiu królów",
      "option4": "Siedem osób",
      "answer": 1
    },
    {
      "ques_id": 14,
      "question": "Gdzie można znaleźć następujące słowa: «lecz Bóg wybrał głupstwa tego świata, aby zawstydzić mędrców»",
      "option1": "Dzieje Apostolskie",
      "option2": "Rzymianie",
      "option3": "1 Koryntian",
      "option4": "Jan",
      "answer": 3
    },
    {
      "ques_id": 15,
      "question": "Co było zauważalne u brata bliźniaka Jakuba, Ezawa w chwili jego narodzin",
      "option1": "Miał głębokie, intensywne oczy",
      "option2": "Był bardzo przystojny",
      "option3": "Był rudy i włochaty",
      "option4": "Był bardzo czarny",
      "answer": 3
    },
    {
      "ques_id": 16,
      "question": "Kto ściął włosy Samsonowi?",
      "option1": "Jego największy wróg, Hulk",
      "option2": "Dilila",
      "option3": "Kolejny człowiek",
      "option4": "Jego przyjaciele",
      "answer": 2
    },
    {
      "ques_id": 17,
      "question": "Kto napisał 1. i 2. Księgę Królewską?",
      "option1": "Eliasz",
      "option2": "Jeremiasz",
      "option3": "Gad",
      "option4": "Natan",
      "answer": 2
    },
    {
      "ques_id": 18,
      "question": "Która z ewangelii pojawia się w Biblii jako ostatnia",
      "option1": "Nikodem",
      "option2": "Jan",
      "option3": "Andrzej",
      "option4": "Znak",
      "answer": 2
    },
    {
      "ques_id": 19,
      "question": "Co się stało z człowiekiem, którego imię nie zostało zapisane w księdze życia?",
      "option1": "Uznano ich za niegodnych zbawienia",
      "option2": "Zginęli",
      "option3": "Umarli",
      "option4": "Zostali wrzuceni do jeziora ognistego",
      "answer": 4
    },
    {
      "ques_id": 20,
      "question": "Kto był najsilniejszym człowiekiem, jaki kiedykolwiek żył?",
      "option1": "Goliat",
      "option2": "Samson",
      "option3": "Jezus",
      "option4": "Agag",
      "answer": 2
    }
  ],
  "Legenda":[
    {
      "ques_id": 1,
      "question": "Księga Rodzaju rozpoczyna się od hebrajskiego słowa 'bereszit', jakie jest tłumaczenie tego słowa na język angielski",
      "option1": "Na początku",
      "option2": "Niech stanie się światłość",
      "option3": "Kiedy jeszcze nic nie było",
      "option4": "Pan Bóg powiedział",
      "answer": 1,
      "odniesienie": "Rdz 1:1"
    },
    {
      "ques_id": 2,
      "question": "Po uśpieniu mężczyzny, co wziął od niego Pan Bóg, aby zbudować kobietę",
      "option1": "Ząb",
      "option2": "Paznokieć",
      "option3": "Żebro",
      "option4": "Pasmo włosów",
      "answer": 3,
      "odniesienie": "Rdz 1:2"
    },
    {
      "ques_id": 3,
      "question": "Co najpierw pobłogosławił Pan Bóg słowami 'Bądźcie płodni i rozmnażajcie się'?",
      "option1": "Pierwszy mężczyzna i kobieta",
      "option2": "Stworzenia morskie i ptaki",
      "option3": "Rośliny",
      "option4": "Zwierzęta lądowe",
      "answer": 1,
      "odniesienie": "Rdz 1:22"
    },
    {
      "ques_id": 4,
      "question": "Kim był anioł Pański, który oznajmił Marii, że pocznie i porodzi syna?",
      "option1": "Gabriel",
      "option2": "Michał",
      "option3": "Rafael",
      "option4": "Sealtiel",
      "answer": 1,
      "referencja":"Łk 1:31"
    },
    {
      "ques_id": 5,
      "question": "Jak ma na imię matka św.Jana Chrzciciela?",
      "option1": "Salome Zebedeusza",
      "option2": "Elżbieta Zachariasza",
      "option3": "Maria Kleofasowa",
      "option4": "Herodiada Filipa",
      "answer": 2,
      "referencja":"Łk 1,5-6"
    },
    {
      "ques_id": 6,
      "question": "Na początku opowiadania o Zmartwychwstaniu w ewangelii św. Jana, o kim jest mowa, jak szedł wczesnym rankiem do grobu Jezusa i widział, jak kamień został usunięty?",
      "option1": "Maryja z Magdali",
      "option2": "Św. Jan",
      "option3": "Marta",
      "option4": "Anioł",
      "answer": 1,
      "referencja":"Jn20:1"
    },
    {
      "ques_id": 7,
      "question": "W opowieści o zmartwychwstaniu w ewangelii św. Jana, kiedy zmartwychwstały Pan po raz pierwszy ukazał się Marii Magdalenie, ona go wzięła za kogo?",
      "option1": "Strażnik więzienny",
      "option2": "Centurion",
      "option3": "Równiarka",
      "option4": "Anioł",
      "answer": 3,
      "referencja":"J 20:15"
    },
    {
      "ques_id": 8,
      "question": "W genealogii Jezusa podanej w Ewangelii św. Mateusza, ile było wymienionych zestawów liczących 14 pokoleń",
      "option1": "Pięć",
      "option2": "Wynik",
      "option3": "Trzy",
      "option4": "Tunaście",
      "answer": 3,
      "reference":"Jana 20:15"

    },
    {
      "ques_id": 9,
      "question": "U proroka Izajasza jest powiedziane, że chłopiec, który narodzi się z Dziewicy, otrzyma to imię, co oznacza Bóg – z nami?",
      "option1": "Jezus",
      "option2": "Jan",
      "option3": "Emmanuel",
      "option4": "Chrystus",
      "answer": 3,
      "odniesienie":"Mt 1,23"
    },
    {
      "ques_id": 10,
      "question": "W geneologii Jezusa podanej w Ewangelii św. Mateusza, pierwsza wymieniona grupa 14 pokoleń zaczęła się od Abrahama, a zakończyła na kim?",
      "option1": "Dawid",
      "option2": "Mojżesz",
      "option3": "Jakub",
      "option4": "Jesse",
      "answer": 1,
      "reference":"Mt 1:1-6"
    },
    {
      "ques_id": 11,
      "question": "‚Ponieważ została wzięta z jego ciała’, jak pierwszy mężczyzna nazwał pierwszą kobietę?",
      "option1": "Adama",
      "option2": "Ewa",
      "option3": "Kobieta",
      "option4": "Żona",
      "answer": 2,
      "odniesienie": "Rdz 1:23"
    },
    {
      "ques_id": 12,
      "question": "Co dał Pan Bóg na pokarm dla wszystkich zwierząt lądowych i wszystkich ptaków powietrznych?",
      "option1": "Rośliny zielone",
      "option2": "Rośliny nasienne",
      "option3": "Drzewa owocowe wydające nasiona",
      "option4": "Wszystko, co jadalne",
      "answer": 1,
      "odniesienie": "Rdz 1:30"
    },
    {
      "ques_id": 13,
      "question": "W którym dniu stworzenia Bóg stworzył słońce i księżyc?",
      "option1": "Pierwszy",
      "option2": "Drugi",
      "option3": "Trzeci",
      "option4": "Czwarty",
      "answer": 4,
      "odniesienie": "Rdz 1:26-31"
    },
    {
      "ques_id": 14,
      "question": "Ile lat miał Dawid, kiedy został namaszczony na króla Izraela?",
      "option1": "50",
      "option2": "20",
      "option3": "35",
      "option4": "30",
      "answer": 4,
      "odniesienie": "2 Samuela 5:4"
    },
    {
      "ques_id": 15,
      "question": "Kto jeszcze oprócz mędrców odwiedził Jezusa, gdy był małym dzieckiem.",
      "option1": "Łucznicy",
      "option2": "Pasterze",
      "option3": "Łowcy",
      "option4": "Rolnicy",
      "answer": 2
    },
    {
      "ques_id": 16,
      "question": "Jak wysoki był Goliat?",
      "option1": "6 łokci i piędź",
      "option2": "8 łokci",
      "option3": "10 łokci i piędź",
      "option4": "12 łokci",
      "answer": 1,
      "odniesienie": "1 Samuela 1:4"
    },
    {
      "ques_id": 17,
      "question": "Co według Pawła było wypełnieniem prawa?",
      "option1": "Wiara",
      "option2": "Modlitwa",
      "option3": "Miłość",
      "option4": "Małżeństwo",
      "answer": 3,
      "reference":"Rzymian 13:10"
    },
    {
      "ques_id": 18,
      "question": "Jaki jest najkrótszy rozdział w Biblii",
      "option1": "Psalm 117",
      "option2": "Psalm 18",
      "option3": "Marek 10",
      "option4": "Jana 4",
      "answer": 1,
      "reference":"Psalmy 117"
    },
    {
      "ques_id": 19,
      "question": "Kto powiedział: «Srebra i złota nie mam, ale co mam, to ci daję»?",
      "option1": "Paweł",
      "option2": "James",
      "option3": "Piotr",
      "option4": "Tymoteusz",
      "answer": 3,
      "reference": "Dzieje Apostolskie 3:6"
    },
    {
      "ques_id": 20,
      "question": "Jaki był wiek [lat] Mojżesza w chwili jego śmierci",
      "option1": "120",
      "option2": "100",
      "option3": "150",
      "option4": "80",
      "answer": 1,
      "reference":"Powtórzonego Prawa 34:7"
    }
  ],
  "Nie z tej ziemi": [
    {
      "ques_id": 1,
      "question": "Kto był najstarszą osobą odnotowaną w Biblii?",
      "option1": "Metuzalem",
      "option2": "Adam",
      "option3": "Abraham",
      "option4": "Salomon",
      "answer": 1,
      "reference":"Rdz 5:27"
    },
    {
      "ques_id": 2,
      "question": "Ile lat miała najstarsza osoba odnotowana w Biblii?",
      "option1": "120",
      "option2": "500",
      "option3": "800",
      "option4": "969",
      "answer": 4,
      "reference":"Rdz 5:27"
    },
    {
      "ques_id": 3,
      "question": "Co oznacza Jahwe-Schammmah?",
      "option1": "Bóg z nami",
      "option2": "Sam Bóg",
      "option3": "Jezus, syn Boży",
      "option4": "Życie wieczne",
      "answer": 2,
      "reference":"Ezechiela 48:35"
    },
    {
      "ques_id": 4,
      "question": "Ile lat więcej Bóg dodał do życia króla Ezechiasza w odpowiedzi na modlitwę umierającego króla?",
      "option1": "20",
      "option2": "50",
      "option3": "15",
      "option4": "100",
      "answer": 3,
      "reference":"2 Królów 20:6"
    },
    {
      "ques_id": 5,
      "question": "Z jakimi prorokami Pana radził się król judzki Jozjasz?",
      "option1": "Amos",
      "option2": "Eliasz",
      "option3": "Elizeusz",
      "option4": "Hulda",
      "answer": 4,
      "odniesienie": "2 Królów 22:14-16"
    },
    {
      "ques_id": 6,
      "question": "Jaką ceremonię przywrócił król Jozjasz, której nie odprawiał żaden z poprzednich królów Izraela ani Judy?",
      "option1": "Pascha",
      "option2": "Rytuał ofiarny",
      "option3": "kult",
      "option4": "Obrzezanie",
      "answer": 1,
      "reference":"2 Królów 23:21"
    },
    {
      "ques_id": 7,
      "question": "Z jakiego pokolenia Izraela był król Saul?",
      "option1": "Juda",
      "option2": "Beniamin",
      "option3": "Amonity",
      "option4": "Izrael",
      "answer": 2,
      "odniesienie":"1 Samuela 9:21"
    },
    {
      "ques_id": 8,
      "question": "Jaką ofiarę złożył Samuel panu po powrocie arki do Izraela?",
      "option1": "A-on koza",
      "option2": "Ofiara ludzka",
      "option3": "Poświęcił zbiory ogrodowe",
      "option4": "Jagnięcina ssąca",
      "answer": 4,
      "odniesienie":"1 Samuela 7:9"
    },
    {
      "ques_id": 9,
      "question": "Jak miała na imię żona króla Saula?",
      "option1": "Debora",
      "option2": "Imię",
      "option3": "Achinoam",
      "option4": "Rut",
      "answer": 3,
      "odniesienie":"1 Samuela 14:50"
    },
    {
      "ques_id": 10,
      "question": "Czego potrzeba, aby zrozumieć słowo Boże?",
      "option1": "Wiedza",
      "option2": "Duch Święty",
      "option3": "Mądrość",
      "option4": "Modlitwy",
      "answer": 2,
      "reference":"1 Koryntian 2:11"
    },
    {
      "ques_id": 11,
      "question": "Kto według Pawła go osądził?",
      "option1": "Bóg",
      "option2": "Tera",
      "option3": "Ruben",
      "option4": "Belszazar",
      "answer": 1,
      "odniesienie": "1 Koryntian 4:4"
    },
    {
      "ques_id": 12,
      "question": "W dniu Pięćdziesiątnicy z Nieba dobiegł odgłos pędzącego____?",
      "option1": "Grzmot",
      "option2": "Deszcz",
      "option3": "Wiatr",
      "option4": "głośny hałas",
      "answer": 3,
      "reference": "Dzieje Apostolskie 2:2"
    },
    {
      "ques_id": 13,
      "question": "Kto zaproponował zapłatę pieniędzy za moc udzielania Ducha Świętego?",
      "option1": "Jan",
      "option2": "Zachariasz",
      "option3": "Szymon",
      "option4": "Herod",
      "answer": 3,
      "reference":"Dzieje Apostolskie 8"
    },
    {
      "ques_id": 14,
      "question": "Kiedy Jezus zamienił wodę w wino, przemienił wodę w kamiennych dzbanach. Do czego zwykle służyły te kamienne dzbany?",
      "option1": "Chrzest",
      "option2": "Czyszczenie",
      "option3": "Handel",
      "option4": "Urocze mycie",
      "answer": 4,
      "reference":"Jana 2:6"
    },
    {
      "ques_id": 15,
      "question": "Kim był ojciec Nimroda?",
      "option1": "Andrzej",
      "option2": "Jozue",
      "option3": "Samson",
      "option4": "Poduszka",
      "answer": 4,
      "reference": "1 Kronik 1:10"
    },
    {
      "ques_id": 16,
      "question": "jak mieli na imię dwaj synowie Abrahama (w kolejności ich urodzenia)?",
      "option1": "Izaak i Jakub",
      "option2": "Izmael i Izaak",
      "option3": "Józef i Jakub",
      "option4": "Kain i Izaak",
      "answer": 2,
      "reference": "Rodzaju 16:1-16, 1 Kronik 1:28"
    },
    {
      "ques_id": 17,
      "question": "Jak nazywali się trzej synowie Noego w kolejności na listach biblijnych, w których się znajdują?",
      "option1": "Szynka, Józef, Jafet",
      "option2": "Jafet, Cham, Izaak",
      "option3": "Sem, Cham i Jafet",
      "option4": "Sem, Szynka, Józef",
      "answer": 3,
      "reference":"Rodzaju 9:18-19, 1 Kronik 1:4"
    },
    {
      "ques_id": 18,
      "question": "Pan zmienił imię Abrahama na Abraham, gdy miał on 99 lat. Jak miał na imię wcześniej?",
      "option1": "Adam",
      "option2": "Abrama",
      "option3": "Alfa",
      "option4": "Agag",
      "answer": 2,
      "reference": "Rdz 17:1-5"
    },
    {
      "ques_id": 19,
      "question": "Ile lat miał Abraham, gdy urodził się Izaak?",
      "option1": "103",
      "option2": "90",
      "option3": "100",
      "option4": "50",
      "answer": 3,
      "reference": "Rdz 21:5"
    },
    {
      "ques_id": 20,
      "question": "Ile ksiąg w Biblii ma w tytule słowo 'Jan'?",
      "option1": "4",
      "option2": "3",
      "option3": "1",
      "option4": "5",
      "answer": 1,
      "odniesienie": "Jan"
    }
  ]
}