{
  "Algaja": [
    {
      "ques_id": 1,
      "question": "Kes on esimene mees, kes kunagi elas?",
      "option1": "Metusala",
      "option2": "Abraham",
      "option3": "Mooses",
      "option4": "Adam",
      "answer": 4
    },
    {
      "ques_id": 2,
      "question": "Kelle neelas väga suur kala?",
      "option1": "Jeesus",
      "option2": "Joonah",
      "option3": "Simson",
      "option4": "Peeter",
      "answer": 2
    },
    {
      "ques_id": 3,
      "question": "Keda kasutas Jumal iisraellaste Egiptusest välja juhtimiseks",
      "option1": "Aaron",
      "option2": "Abraham",
      "option3": "Mooses",
      "option4": "Jeremija",
      "answer": 3
    },
    {
      "ques_id": 4,
      "question": "Kes oli see, kes tappis Koljat",
      "option1": "Taavet",
      "option2": "Saul",
      "option3": "Saalomon",
      "option4": "Jonathan",
      "answer": 1
    },
    {
      "ques_id": 5,
      "question": "Kes oli Iisraeli esimene kuningas?",
      "option1": "Taavet",
      "option2": "Saul",
      "option3": "Saalomon",
      "option4": "Mooses",
      "answer": 2
    },
    {
      "ques_id": 6,
      "question": "Milline amet oli Jeesusel enne oma teenimist",
      "option1": "ToyMaker",
      "option2": "kalur",
      "option3": "Viinaistanduse pidaja",
      "option4": "Puusepp",
      "answer": 4
    },
    {
      "ques_id": 7,
      "question": "Mis on selle linna nimi, kus Jeesus sündis?",
      "option1": "Jeruusalemm",
      "option2": "Petlehem",
      "option3": "Galilea",
      "option4": "Nazareth",
      "answer": 2
    },
    {
      "ques_id": 8,
      "question": "Mis on mere nimi, millel Jeesus kõndis",
      "option1": "Galilea meri",
      "option2": "Surnumeri",
      "option3": "Loe merd",
      "option4": "Vahemeri",
      "answer": 1
    },
    {
      "ques_id": 9,
      "question": "Mis on jõe nimi, milles ristija Johannes inimesi ristis?",
      "option1": "Eufrat",
      "option2": "Niilus",
      "option3": "Jordaania",
      "option4": "Tigris",
      "answer": 3
    },
    {
      "ques_id": 10,
      "question": "Mis on Andrease venna nimi? (Mõlemad olid jüngrid)",
      "option1": "Peeter",
      "option2": "John",
      "option3": "James",
      "option4": "Adam",
      "answer": 1
    },
    {
      "ques_id": 11,
      "question": "Mis oli Jeesuse Ema nimi?",
      "option1": "Maarja",
      "option2": "Marta",
      "option3": "Zipporah",
      "option4": "Sarah",
      "answer": 1
    },
    {
      "ques_id": 12,
      "question": "Mis oli aia nimi, kus Aadam ja Eeva elasid?",
      "option1": "Nodi maa",
      "option2": "Eedeni aed",
      "option3": "Petlehem",
      "option4": "Oru aed",
      "answer": 2
    },
    {
      "ques_id": 13,
      "question": "Millise toiduga toitis Jeesus 5000 inimest",
      "option1": "vein",
      "option2": "Leiva- ja veinipätsid",
      "option3": "Leiva- ja kalapätsid",
      "option4": "Vesi",
      "answer": 3
    },
    {
      "ques_id": 14,
      "question": "Millist meetodit kasutasid roomlased Jeesuse tapmiseks?",
      "option1": "Stoned",
      "option2": "tuhastamine",
      "option3": "ristilöömine",
      "option4": "Pootud",
      "answer": 3
    },
    {
      "ques_id": 15,
      "question": "Mitu korvi jäi 5000 söötmisest üle?",
      "option1": "7",
      "option2": "8",
      "option3": "10",
      "option4": "12",
      "answer": 1,
      "viide": "Mateuse 15:13"
    },
    {
      "ques_id": 16,
      "question": "Milline jünger leidis kala suust mündi?",
      "option1": "Andrew",
      "option2": "Paul",
      "option3": "Peeter",
      "option4": "Timothy",
      "answer": 3,
      "viide": "Mateuse 1:24-27"
    },
    {
      "ques_id": 17,
      "question": "Millisest piibliraamatust me Hamanist loeme",
      "option1": "Exodus",
      "option2": "Ester",
      "option3": "Ruth",
      "option4": "Malahhi",
      "answer": 2,
      "viide": "Esther 3"
    },
    {
      "ques_id": 18,
      "question": "Nimetage kuningas Agrippa naine, kelle ees Paulus kohtu all seisis",
      "option1": "Bernice",
      "option2": "Heodes",
      "option3": "Agag",
      "option4": "Kaiafas",
      "answer": 1,
      "viide": "Apostlite teod 25:23"
    },
    {
      "ques_id": 19,
      "question": "Kui vanaks Eenok sai",
      "option1": "400",
      "option2": "350",
      "option3": "230",
      "option4": "365",
      "answer": 4,
      "viide": "1. Moosese 5:23"
    },
    {
      "ques_id": 20,
      "question": "Mitu aastat lisas Jumal kuningas Hiskija elule vastuseks surevate kuningate palvele?",
      "option1": "20",
      "option2": "15",
      "option3": "100",
      "option4": "50",
      "answer": 2,
      "viide": "2 Kuningate 20:6"
    }
  ],
  "Entusiast": [
    {
      "ques_id": 1,
      "question": "Kes oli Iisaki isa?",
      "option1": "Abraham",
      "option2": "Jaakob",
      "option3": "Esau",
      "option4": "Peleq",
      "answer": 1
    },
    {
      "ques_id": 2,
      "question": "Kes oli Rehabeami isa?",
      "option1": "Taavet",
      "option2": "Nimrod",
      "option3": "Abimelek",
      "option4": "Saalomon",
      "answer": 4
    },
    {
      "ques_id": 3,
      "question": "Kes oli Metuusala isa?",
      "option1": "Elijah",
      "option2": "Enock",
      "option3": "Seth",
      "option4": "Jared",
      "answer": 2
    },
    {
      "ques_id": 4,
      "question": "Kes tappis Ristija Johannese?",
      "option1": "Caesar",
      "option2": "Pilaatus",
      "option3": "Herold",
      "option4": "Kaiafas",
      "answer": 3
    },
    {
      "ques_id": 5,
      "question": "Kes tapeti esimesena, kuna ta uskus Kristusesse?",
      "option1": "Peeter",
      "option2": "John",
      "option3": "Barnabas",
      "option4": "Stephen",
      "answer": 4
    },
    {
      "ques_id": 6,
      "question": "Kuhu Saul läks, kui ta Jeesust nägi?",
      "option1": "Damaskus",
      "option2": "Kreeka",
      "option3": "Rooma",
      "option4": "Jeruusalemm",
      "answer": 1
    },
    {
      "ques_id": 7,
      "question": "Kus veetis Jeesus suurema osa oma elust maa peal?",
      "option1": "Jeruusalemm",
      "option2": "Naatsaret",
      "option3": "Oliivide mägi",
      "option4": "Egiptus",
      "answer": 2
    },
    {
      "ques_id": 8,
      "question": "Mis psalm algab: \"Issand on mu karjane?\"",
      "option1": "Psalm 91",
      "option2": "Psalm 1",
      "option3": "Psalm 104",
      "option4": "Psalm 23",
      "answer": 4
    },
    {
      "ques_id": 9,
      "question": "Mis oli Pauluse amet, kui ta reisis misjonärina?",
      "option1": "Karjane",
      "option2": "Lilla müüja",
      "option3": "Telgi valmistaja",
      "option4": "Scribe",
      "answer": 3
    },
    {
      "ques_id": 10,
      "question": "Mis on selle saare nimi, millel Barnabas elas?",
      "option1": "Kreeka",
      "option2": "Küpros",
      "option3": "Rhodos",
      "option4": "Lihavõttesaar",
      "answer": 2
    },
    {
      "ques_id": 11,
      "question": "Kui tema poole pöördus Jeesus, kes ütles: \"Mis on sul minuga pistmist, Jeesus, Kõigekõrgema Jumala Poeg? Ma vannutan sind Jumala ees, ära piina mind'.?",
      "option1": "Leegion",
      "option2": "Terah",
      "option3": "Ruuben",
      "option4": "Belsaszar",
      "answer": 1
    },
    {
      "ques_id": 12,
      "question": "Millisest linnust on meil Jeesuse sõnul rohkem väärtust?",
      "option1": "Kotkas",
      "option2": "raisakotkas",
      "option3": "Varblane",
      "option4": "Tuvi",
      "answer": 3
    },
    {
      "ques_id": 13,
      "question": "Millised kaks õde abiellusid Jacobiga?",
      "option1": "Dorcas ja Leah",
      "option2": "Mariam ja Rachel",
      "option3": "Rachel ja Leah",
      "option4": "Sarai ja Hannah",
      "answer": 3
    },
    {
      "ques_id": 14,
      "question": "Millisele maale saatis Jumal Aabrahami ohverdama oma erilist poega Iisakit?",
      "option1": "Canan",
      "option2": "Makedoonia",
      "option3": "Küpros",
      "option4": "Moriah",
      "answer": 4
    },
    {
      "ques_id": 15,
      "question": "Millise Issanda prohvetinnaga pidas Juuda kuningas Joosia nõu",
      "option1": "Debora",
      "option2": "Huldah",
      "option3": "Naom",
      "option4": "Ruth",
      "answer": 2,
      "viide": "2 Kuningate 22:12-16"
    },
    {
      "ques_id": 16,
      "question": "Kas nimetada Samueli esmasündinud poeg?",
      "option1": "Joshua",
      "option2": "Joel",
      "option3": "Jonathan",
      "option4": "Joosep",
      "answer": 2,
      "viide": "1 Saamueli 8:2"
    },
    {
      "ques_id": 17,
      "question": "Mis oli kuningas Sauli naise nimi?",
      "option1": "Boam",
      "option2": "halastus",
      "option3": "Ahinoam",
      "option4": "Noam",
      "answer": 3,
      "viide": "1 Saamueli 14:50"
    },
    {
      "ques_id": 18,
      "question": "Mida on vaja, et keegi mõistaks Jumala sõna?",
      "option1": "Palve",
      "option2": "Armastus",
      "option3": "Püha vaim",
      "option4": "Inglid",
      "answer": 3,
      "viide": "1 Korintlastele 2:11"
    },
    {
      "ques_id": 19,
      "question": "Kes Paulus ütles, et ta tema üle kohut mõistis?",
      "option1": "Saatan",
      "option2": "Jumal",
      "option3": "Sõber",
      "option4": "Peeter",
      "answer": 2,
      "viide": "1 korintlastele 4:4"
    },
    {
      "ques_id": 20,
      "question": "________ ajab edasilükatud südame pahaks?",
      "option1": "Usalda",
      "option2": "Lootus",
      "option3": "Armastus",
      "option4": "Palved",
      "answer": 2,
      "viide": "Õpetussõnad 13:12"
    }
  ],
  "Keskastme": [
    {
      "ques_id": 1,
      "question": "Kes oli Moosese naine??",
      "option1": "Eliseba",
      "option2": "Rebecca",
      "option3": "Mariam",
      "option4": "Zipporah",
      "answer": 4
    },
    {
      "ques_id": 2,
      "question": "Kes oli Aabrahami teine ​​naine?",
      "option1": "Ester",
      "option2": "Keturah",
      "option3": "Hagar",
      "option4": "Lüüdia",
      "answer": 2
    },
    {
      "ques_id": 3,
      "question": "Mitu peatükki on mäejutluses?",
      "option1": "1",
      "option2": "2",
      "option3": "3",
      "option4": "7",
      "answer": 3
    },
    {
      "ques_id": 4,
      "question": "Mitu korda marssis Iisrael ümber Jeeriko?",
      "option1": "13",
      "option2": "7",
      "option3": "70",
      "option4": "12",
      "answer": 1
    },
    {
      "ques_id": 5,
      "question": "Kui pikk on küünar?",
      "option1": "umbes 12 tolli",
      "option2": "12mm",
      "option3": "umbes 18 tolli",
      "option4": "umbes 36 tolli",
      "answer": 3
    },
    {
      "ques_id": 6,
      "question": "Kuhu Kain läks pärast Aabeli tapmist?",
      "option1": "Eedeni aed",
      "option2": "Nodi maa",
      "option3": "Qumrani koopad",
      "option4": "Ararati mägi",
      "answer": 2
    },
    {
      "ques_id": 7,
      "question": "Kes oli Kiši poeg?",
      "option1": "Noa",
      "option2": "Apostel Paulus",
      "option3": "Abraham",
      "option4": "Kuningas Saul",
      "answer": 4
    },
    {
      "ques_id": 8,
      "question": "Kus Raahab elas?",
      "option1": "Jeeriko",
      "option2": "Jeruusalemm",
      "option3": "Nineve",
      "option4": "Ai",
      "answer": 1
    },
    {
      "ques_id": 9,
      "question": "Kus Dorcas elas?",
      "option1": "Peetel",
      "option2": "Joppa",
      "option3": "Caesarea",
      "option4": "Antiookia",
      "answer": 2
    },
    {
      "ques_id": 10,
      "question": "Kus on tänav nimega Sirge",
      "option1": "Jeruusalemm",
      "option2": "Rooma",
      "option3": "Babülon",
      "option4": "Damaskus",
      "answer": 4
    },
    {
      "ques_id": 11,
      "question": "Pärast elu eest põgenemist, millise puu all Eelija magas",
      "option1": "tamm",
      "option2": "mänd",
      "option3": "Kadakas",
      "option4": "Kuusk",
      "answer": 3,
      "viide": "1 Kuningate 19:5"
    },
    {
      "ques_id": 12,
      "question": "Täpselt mitme hõbemündi eest reetis Juudas Jeesuse?",
      "option1": "30",
      "option2": "20",
      "option3": "50",
      "option4": "10",
      "answer": 1,
      "viide": "Mateuse 26:15"
    },
    {
      "ques_id": 13,
      "question": "Nimeta Davidi isa",
      "option1": "Omaan",
      "option2": "Jesse",
      "option3": "Joshua",
      "option4": "Saalomon",
      "answer": 2,
      "viide": "1Samuel 1:12"
    },
    {
      "ques_id": 14,
      "question": "Jumalat ei mainita ainult ühes Piibli raamatus",
      "option1": "Ester",
      "option2": "Ruth",
      "option3": "Malahhi",
      "option4": "Exodus",
      "answer": 1,
      "viide": "Ester"
    },
    {
      "ques_id": 15,
      "question": "Mitu hõbetüki eest müüsid Joosua vennad ismeellastele",
      "option1": "50",
      "option2": "12",
      "option3": "20",
      "option4": "100",
      "answer": 3,
      "viide": "1. Moosese 37:28"
    },
    {
      "ques_id": 16,
      "question": "Mitu apostlit Jeesus valis",
      "option1": "12",
      "option2": "14",
      "option3": "10",
      "option4": "08",
      "answer": 1,
      "viide": "Luuka 6:13"
    },
    {
      "ques_id": 17,
      "question": "Ingel ütles Maarjale, et Jeesus hakkab valitsema selle vana Testamendi tegelase maja üle",
      "option1": "Taavet",
      "option2": "Jakob",
      "option3": "Abraham",
      "option4": "Mooses",
      "answer":2,
      "viide": "Luuka 1:13"
    },
    {
      "ques_id": 18,
      "question": "Milline prohvet ütles: \"Ma kutsusin oma poja Egiptusest välja\"?",
      "option1": "Jeremija",
      "option2": "Jesaias",
      "option3": "Hosea",
      "option4": "Hesekiel",
      "answer": 3,
      "viide": "Hoosea 11:1"
    },
    {
      "ques_id": 19,
      "question": "Mis tüüpi puud Jeesus needis?",
      "option1": "joonis",
      "option2": "Viinaistandus",
      "option3": "mänd",
      "option4": "tamm",
      "answer": 1,
      "viide": "Markuse 11:12-14"
    },
    {
      "ques_id": 20,
      "question": "Keda palus Saul enda jaoks meediumi kasvatada",
      "option1": "Eli",
      "option2": "Nathan",
      "option3": "Samuel",
      "option4": "Taavet",
      "answer": 3,
      "viide": "1 Samuel 28:11"
    }
  ],
  "Proff": [
    {
      "ques_id": 1,
      "question": "Kes kandis risti Kristuse eest?",
      "option1": "Philip",
      "option2": "Kürenee Simon",
      "option3": "Ahab",
      "option4": "Micah",
      "answer": 2
    },
    {
      "ques_id": 2,
      "question": "Mitu kaaslast andsid vilistid Simsonile Timnas peol?",
      "option1": "30",
      "option2": "31",
      "option3": "32",
      "option4": "33",
      "answer": 1
    },
    {
      "ques_id": 3,
      "question": "Kui vana oli prohvet Anna, kui ta Jeesust nägi?",
      "option1": "83",
      "option2": "84",
      "option3": "88",
      "option4": "92",
      "answer": 2
    },
    {
      "ques_id": 4,
      "question": "Mida Seeba kuninganna Saalomonile kinkis?",
      "option1": "(124 talenti) kulda, vürtse ja vääriskive",
      "option2": "(120 talenti) kulda, vürtse ja vääriskive",
      "option3": "(18 talenti) kulda, vürtse ja vääriskive",
      "option4": "(221 talenti) kulda, vürtse ja vääriskive",
      "answer": 2
    },
    {
      "ques_id": 5,
      "question": "Mitu raamatut on Vanas Testamendis?",
      "option1": "37",
      "option2": "38",
      "option3": "39",
      "option4": "40",
      "answer": 3
    },
    {
      "ques_id": 6,
      "question": "Mitmeks jõeks jagunes Eedeni jõgi, kui ta aiast lahkus?",
      "option1": "4",
      "option2": "3",
      "option3": "6",
      "option4": "8",
      "answer": 1
    },
    {
      "ques_id": 7,
      "question": "Mida Joosep teha tahtis, kui avastas, et Maarja on rase?",
      "option1": "Pea pidu",
      "option2": "Lahutage teda",
      "option3": "Jookse minema",
      "option4": "Mitte ükski ülalmainitutest",
      "answer": 2
    },
    {
      "ques_id": 8,
      "question": "Mis värvi oli ülempreestri rüü?",
      "option1": "sinine",
      "option2": "Valge",
      "option3": "roheline",
      "option4": "Punane",
      "answer": 1
    },
    {
      "ques_id": 9,
      "question": "Mida Boas ütles, et Noomi müüs?",
      "option1": "Maatükk",
      "option2": "Kuld",
      "option3": "Tema laps",
      "option4": "Toit",
      "answer": 1
    },
    {
      "ques_id": 10,
      "question": "Tähendamissõnas võlgnikest oli üks võlgu 500 denaarit (penni), aga kui palju võlgnes teine",
      "option1": "70",
      "option2": "50",
      "option3": "45",
      "option4": "80",
      "answer": 2
    },
    {
      "ques_id": 11,
      "question": "Kui palju Eliisa vaimu sai?",
      "option1": "Väike",
      "option2": "Üks portsjon",
      "option3": "tervislik",
      "option4": "Kahekordne portsjon",
      "answer": 4
    },
    {
      "ques_id": 12,
      "question": "Mis oli ebatavalist nendes 700 benjamini sõduris, kes suutsid kiviga lingu visata ja iga kord oma sihtmärki tabada?",
      "option1": "Nad olid kõik vasakukäelised",
      "option2": "Nad nägid kõik välja sarnased",
      "option3": "Neil polnud kingi",
      "option4": "Mitte ükski ülalmainitutest",
      "answer": 1
    },
    {
      "ques_id": 13,
      "question": "Milline seos oli Annasel Kaifasega?",
      "option1": "vend",
      "option2": "onu",
      "option3": "Nõod",
      "option4": "Äi",
      "answer": 4
    },
    {
      "ques_id": 14,
      "question": "Mida te ei tohiks \"sigade ette visata\"",
      "option1": "Veeris",
      "option2": "Kivid",
      "option3": "Pärlid",
      "option4": "Kepp",
      "answer": 3
    },
    {
      "ques_id": 15,
      "question": "Millal vanglas, mis ajal Paulus ja Siilas palvetasid ja laulsid Jumalale?",
      "option1": "Hommik",
      "option2": "Pärastlõuna",
      "option3": "Õhtu",
      "option4": "Kesköö",
      "answer": 4
    },
    {
      "ques_id": 16,
      "question": "Mida sõid Taaniel ja tema kolm sõpra kuninga liha ja joomise asemel?",
      "option1": "leib",
      "option2": "Vein ja leib",
      "option3": "Kaunviljad ja vesi",
      "option4": "Mitte midagi",
      "answer": 3
    },
    {
      "ques_id": 17,
      "question": "Mis on Jeesuse nõbu nimi, kes sündis kuus kuud enne teda?",
      "option1": "John",
      "option2": "Peeter",
      "option3": "Paul",
      "option4": "Michael",
      "answer": 1
    },
    {
      "ques_id": 18,
      "question": "Mis linnas elas kuningas Heroodes Jeesuse sünni ajal?",
      "option1": "Jeruusalemm",
      "option2": "Rooma",
      "option3": "Babülon",
      "option4": "Petlehem",
      "answer": 1
    },
    {
      "ques_id": 19,
      "question": "Mitu nuhtlust saatis Jumal Egiptusele?",
      "option1": "4",
      "option2": "8",
      "option3": "10",
      "option4": "12",
      "answer": 3
    },
    {
      "ques_id": 20,
      "question": "Mitu hõbetüki eest reetis Juudas Kristuse?",
      "option1": "20",
      "option2": "30",
      "option3": "40",
      "option4": "50",
      "answer": 2
    },
    {
      "ques_id": 21,
      "question": "Mitu päeva ilmus Jeesus pärast ülestõusmist oma jüngritele?",
      "option1": "30",
      "option2": "7",
      "option3": "40",
      "option4": "11",
      "answer": 3
    },
    {
      "ques_id": 22,
      "question": "Mitu Väike-Aasia kirikut oli Ilmutusraamatus loetletud?",
      "option1": "7",
      "option2": "8",
      "option3": "9",
      "option4": "10",
      "answer": 1
    }
  ],
  "Geenius": [
    {
      "ques_id": 1,
      "question": "Kes oli Aaroni poja Eleasari poeg?",
      "option1": "Putiel",
      "option2": "Korah",
      "option3": "Phinehas",
      "option4": "Izhar",
      "answer": 3
    },
    {
      "ques_id": 2,
      "question": "Kes oli Iisraeli kuninga Omri poeg?",
      "option1": "Ahab",
      "option2": "Joram",
      "option3": "Zimri",
      "option4": "Ginath",
      "answer": 1
    },
    {
      "ques_id": 3,
      "question": "Kes oli Ruti raamatust pärit Noomi abikaasa?",
      "option1": "Boaz",
      "option2": "Elkanah",
      "option3": "Obed",
      "option4": "Elimelech",
      "answer": 4
    },
    {
      "ques_id": 4,
      "question": "Mitu tähte on Piibli pikimas nimes?",
      "option1": "16",
      "option2": "18",
      "option3": "22",
      "option4": "25",
      "answer": 2
    },
    {
      "ques_id": 5,
      "question": "Kes tappis Sisera?",
      "option1": "Taavet",
      "option2": "Ahab",
      "option3": "Saul",
      "option4": "Jael",
      "answer": 4
    },
    {
      "ques_id": 6,
      "question": "Kui lai oli Noa laev?",
      "option1": "35 küünart",
      "option2": "50 küünart",
      "option3": "75 küünart",
      "option4": "90 küünart",
      "answer": 2
    },
    {
      "ques_id": 7,
      "question": "Kui lai oli seaduselaegas?",
      "option1": "1,5 küünart",
      "option2": "2 küünart",
      "option3": "3 küünart",
      "option4": "1 küünar",
      "answer": 1
    },
    {
      "ques_id": 8,
      "question": "Mis oli Eliisa sulase nimi?",
      "option1": "Jehoram",
      "option2": "Shaphat",
      "option3": "Gehazi",
      "option4": "Hazael",
      "answer": 3
    },
    {
      "ques_id": 9,
      "question": "Mis oli Pauli kuulsa õpetaja nimi?",
      "option1": "Justus",
      "option2": "Gamaliel",
      "option3": "Kaiafas",
      "option4": "Sokrates",
      "answer": 2
    },
    {
      "ques_id": 10,
      "question": "Milline Iisraeli kohtunik sündis Petlemmas?",
      "option1": "Taavet",
      "option2": "Ibzan",
      "option3": "Deborah",
      "option4": "Gideon",
      "answer": 2
    },
    {
      "ques_id": 11,
      "question": "Kui tema poole pöördus Jeesus, kes ütles: \"Mis on sul minuga pistmist, Jeesus, Kõigekõrgema Jumala Poeg? Ma vannutan sind Jumala ees, ära piina mind'.?",
      "option1": "Leegion",
      "option2": "Terah",
      "option3": "Ruuben",
      "option4": "Belsaszar",
      "answer": 1
    },
    {
      "ques_id": 12,
      "question": "Millisest linnust on meil Jeesuse sõnul rohkem väärtust?",
      "option1": "Kotkas",
      "option2": "raisakotkas",
      "option3": "Varblane",
      "option4": "Tuvi",
      "answer": 3
    },
    {
      "ques_id": 13,
      "question": "Millised kaks õde abiellusid Jacobiga?",
      "option1": "Dorcas ja Leah",
      "option2": "Mariam ja Rachel",
      "option3": "Rachel ja Leah",
      "option4": "Sarai ja Hannah",
      "answer": 3
    },
    {
      "ques_id": 14,
      "question": "Millisele maale saatis Jumal Aabrahami ohverdama oma erilist poega Iisakit?",
      "option1": "Canan",
      "option2": "Makedoonia",
      "option3": "Küpros",
      "option4": "Moriah",
      "answer": 4
    },
    {
      "ques_id": 15,
      "question": "Millisest psalmist on salm \"Kas ta paneb mind rohelistele karjamaadele pikali, ta juhatab mind vaikse vee äärde\"?",
      "option1": "25",
      "option2": "22",
      "option3": "30",
      "option4": "23",
      "answer": 4,
      "viide": "Psalmid 23;2"
    },
    {
      "ques_id": 16,
      "question": "Hirmus isanda ees on ........ algus",
      "option1": "teadmised",
      "option2": "Tarkus",
      "option3": "Raha",
      "option4": "Armastus",
      "answer": 1,
      "viide": ""
    },
    {
      "ques_id": 17,
      "question": "Mis linna vastu käskis Issand Joonal jutlustada?",
      "option1": "Jeruusalemm",
      "option2": "Nineve",
      "option3": "Babülon",
      "option4": "Juuda",
      "answer": 2,
      "viide": "Joona 1:2"
    },
    {
      "ques_id": 18,
      "question": "Milline neist raamatutest [Filiplastele, Koloslastele, Galaatlastele või Efeslastele ] on Piiblis esimesel kohal",
      "option1": "koloslased",
      "option2": "Galaatlased",
      "option3": "efeslased",
      "option4": "Filiplased",
      "answer": 2,
      "viide": "Uus testament, Pauluse kirjad"
    },
    {
      "ques_id": 19,
      "question": "Mitu peatükki on raamatul Heebrealastele?",
      "option1": "13",
      "option2": "15",
      "option3": "10",
      "option4": "16",
      "answer": 1,
      "viide": "Heebrealastele 1-13"
    },
    {
      "ques_id": 20,
      "question": "Mis on tormituulte nimi, mis võivad Kreetat tabada?",
      "option1": "Moonsoon",
      "option2": "Euroklydon",
      "option3": "Ülevool",
      "option4": "Mitte ükski ülalmainitutest",
      "answer": 2,
      "viide": "Apostlite teod 2:14"
    }
  ],
  "Ekspert": [
    {
      "ques_id": 1,
      "question": "Kumb neist ei olnud Iisraeli või Juuda kuningas",
      "option1": "Sennaherib",
      "option2": "Jehoiachim",
      "option3": "Sedkija",
      "option4": "Taavet",
      "answer": 1
    },
    {
      "ques_id": 2,
      "question": "Kes veenis Simsonit avaldama suure jõu saladust",
      "option1": "Dinah",
      "option2": "Ruth",
      "option3": "Delilah",
      "option4": "Marta",
      "answer": 3
    },
    {
      "ques_id": 3,
      "question": "Ja su taevas, mis on su pea kohal, on__ ja maa, mis on su all, on raud",
      "option1": "messing",
      "option2": "Teras",
      "option3": "Hõbe",
      "option4": "Kuld",
      "answer": 1
    },
    {
      "ques_id": 4,
      "question": "Kust võib leida sõnu: usaldage Jehoovat kogu südamest ja ärge toetuge oma mõistusele",
      "option1": "Õpetussõnad 3:5",
      "option2": "Õpetussõnad 5:3",
      "option3": "Õpetussõnad 35:3",
      "option4": "Õpetussõnad 4:3",
      "answer": 1
    },
    {
      "ques_id": 5,
      "question": "mis jünger salgas Jeesust kolm korda",
      "option1": "Peeter",
      "option2": "Andrew",
      "option3": "John",
      "option4": "Juudas",
      "answer": 1
    },
    {
      "ques_id": 6,
      "question": "Õiglase mälestus on õnnistatud, aga õelate nimi on õnnistatud",
      "option1": "Võit",
      "option2": "Mäda",
      "option3": "Õitsemine",
      "option4": "õitsema",
      "answer": 2
    },
    {
      "ques_id": 7,
      "question": "Mis oli tema töö enne, kui Jeesus kuulutama hakkas?",
      "option1": "puusepp",
      "option2": "teadlane",
      "option3": "Arst",
      "option4": "Õpetaja",
      "answer": 1
    },
    {
      "ques_id": 8,
      "question": "Zoani kasutati piiblis paralleelina millise rahva jaoks",
      "option1": "Egiptus",
      "option2": "Assüüria",
      "option3": "Babülon",
      "option4": "Sinai",
      "answer": 1
    },
    {
      "ques_id": 9,
      "question": "Milline Vana Testamendi tegelane näitas oma usku, olles valmis pakkuma oma poega alterdusena Jumalale",
      "option1": "Noa",
      "option2": "Abraham",
      "option3": "shealtiel",
      "option4": "Mooses",
      "answer": 2
    },
    {
      "ques_id": 10,
      "question":"Mida tegid Jonah laeva madrused, et suurendada oma ellujäämisvõimalusi",
      "option1": "Nad purjetasid põhja poole",
      "option2": "Viskas lasti üle parda",
      "option3": "Anus Jumalalt andestust",
      "option4": "Mitte ükski ülalmainitutest",
      "answer": 2
    },
    {
      "ques_id": 11,
      "question": "Mida Eesav tegi, kui Jaakob tema õnnistuse varastas?",
      "option1": "Jahipidamine",
      "option2": "Põllumajandus",
      "option3": "kalapüük",
      "option4": "Reisimine",
      "answer": 1
    },
    {
      "ques_id": 12,
      "question": "Kes jooksis Karmeli mäelt Samaariasse kiiremini, kui Ahab suutis oma vankrit juhtida?",
      "option1": "Elisa",
      "option2": "Gehazi",
      "option3": "Elijah",
      "option4": "Amos",
      "answer": 3
    },
    {
      "ques_id": 13,
      "question": "Mida tegi Jumal seitsmendal päeval pärast?",
      "option1": "puhanud",
      "option2": "Loodud inimesed",
      "option3": "Ta määras inimese oma loomingu eest hoolt kandma",
      "option4": "Loodud linnud",
      "answer": 1
    },
    {
      "ques_id": 14,
      "question": "Kes väitis, et kuldvasikas tuli lihtsalt tulest välja?",
      "option1": "Joshua",
      "option2": "Aaron",
      "option3": "Miriam",
      "option4": "Debora",
      "answer": 42
    },
    {
      "ques_id": 15,
      "question": "Mida kuningas Saalomon palus, kui Jumal talle unes ilmus",
      "option1": "Pikk eluiga ja teadmised",
      "option2": "Tarkus [otsustada hea ja kurja vahel]",
      "option3": "rikkus",
      "option4": "Raha",
      "answer": 2
    },
    {
      "ques_id": 16,
      "question": "Täitke vanasõna: Igaüks rumal, kui vaikimist peetakse -------?",
      "option1": "Rahulik",
      "option2": "Loll",
      "option3": "Tark",
      "option4": "ülbe",
      "answer": 3
    },
    {
      "ques_id": 17,
      "question": "Kuidas peaks vastu võtma Jumala kuningriigi?",
      "option1": "Varjatud motiividega",
      "option2": "Nagu laps",
      "option3": "Uhkusega",
      "option4": "Agentide kaudu",
      "answer": 2
    },
    {
      "ques_id": 18,
      "question": "Mis oli Abrahami esimese naise nimi",
      "option1": "Sarah",
      "option2": "Miriam",
      "option3": "Roda",
      "option4": "Ruth",
      "answer": 1
    },
    {
      "ques_id": 19,
      "question": "Kuningas Saul eiranud Jehoova käsku ja säästis Ameleki kuninga elu",
      "option1": "Balak",
      "option2": "Dagon",
      "option3": "Agag",
      "option4": "Nathan",
      "answer": 3
    },
    {
      "ques_id": 20,
      "question": "Millele olid kirjutatud kümme käsku. ",
      "option1": "Kaks kerimist",
      "option2": "Kaks kivitahvlit",
      "option3": "Jeeriko müürid",
      "option4": "Kaks raamatut",
      "answer": 1
    }
  ],
  "Meister": [
    {
      "ques_id": 1,
      "question": "Kelle kohta on salvestatud, et \"kõik arutlesid oma südames;\" Kas ta võib olla Kristus?",
      "option1": "Elijah",
      "option2": "John",
      "option3": "Malahhi",
      "option4": "Peeter",
      "answer": 2
    },
    {
      "ques_id": 2,
      "question": "Mis on Joosepi vanemate nimed",
      "option1": "Jaakob ja Rebeka",
      "option2": "Jaakob ja Lea",
      "option3": "Jaakob ja Raahel",
      "option4": "Jaakob ja Ruth",
      "answer": 3
    },
    {
      "ques_id": 3,
      "question": "Kumb kõigist piiblis mainitud inimestest elas kõige kauem?",
      "option1": "Metusala",
      "option2": "JJared",
      "option3": "Abraham",
      "option4": "Adam",
      "answer": 1
    },
    {
      "ques_id": 4,
      "question": "Mida ütles Jeesus neile, kes abielurikkujat süüdistasid?",
      "option1": "Vaata, pole ühtki õiget",
      "option2": "Kes on patuta, visaku kõigepealt kivi",
      "option3": "Häda teile, kes te seda naist süüdistate",
      "option4": " tapa ta",
      "answer": 2
    },
    {
      "ques_id": 5,
      "question": "Millisesse linna lähevad ühel päeval kõik rahvad Jumalat kummardama?",
      "option1": "Damaskus",
      "option2": "Jeruusalemm",
      "option3": "Cilicia",
      "option4": "Juuda",
      "answer": 2
    },
    {
      "ques_id": 6,
      "question": "Kes Taaveti järglastest valitseb igavesti",
      "option1": "Rehabeam",
      "option2": "Jeesus",
      "option3": "Saalomon",
      "option4": "Jerobeam",
      "answer": 2
    },
    {
      "ques_id": 7,
      "question": "Kes oli Timoteose ustav ema",
      "option1": "Lois",
      "option2": "Phoebe",
      "option3": "Eunice",
      "option4": "Magdaleena",
      "answer": 3
    },
    {
      "ques_id": 8,
      "question": "Miks kuningas Saalomon vanana Jumalast ära pöördus",
      "option1": "Tema võõrad naised pöörasid ta südame teiste jumalate järele",
      "option2": "Ta sai uhkeks",
      "option3": "Ta armastas naisi rohkem kui Jumalat",
      "option4": "Ta kummardas ebajumalaid",
      "answer": 1
    },
    {
      "ques_id": 9,
      "question": "Kes põgenes Jehoova telki ohutuse pärast, aga tapeti seal ikkagi?",
      "option1": "Joab",
      "option2": "Saul",
      "option3": "ammon",
      "option4": "Esau",
      "answer": 1
    },
    {
      "ques_id": 10,
      "question": "Milline kuningas unistas erinevatest metallidest valmistatud suurest mehekujust",
      "option1": "Ahab",
      "option2": "Taavet",
      "option3": "malach",
      "option4": "Nebukadnetsar",
      "answer": 4
    },
    {
      "ques_id": 11,
      "question": "Kus on \"parim koht palvetamiseks\"?",
      "option1": "Teie kapis suletud uksega",
      "option2": "Kirikus",
      "option3": "Vaikses kohas",
      "option4": "Teel",
      "answer": 1
    },
    {
      "ques_id": 12,
      "question": "Kust võib leida sõnu: usaldage Jehoovat kogu südamest ja ärge toetuge oma mõistusele?",
      "option1": "Õpetussõnad 3:5",
      "option2": "Õpetussõnad 35:3",
      "option3": "Õpetussõnad 5:3",
      "option4": "Õpetussõnad 6:4",
      "answer": 1
    },
    {
      "ques_id": 13,
      "question": "Kui Jeesus oli kõrbes, mis kiusatus teda leivapätsideks muuta?",
      "option1": "Künkad",
      "option2": "Kivimid",
      "option3": "Kivid",
      "option4": "muld",
      "answer": 3
    },
    {
      "ques_id": 14,
      "question": "Mis oli erilist Ehudis [Iisraeli kohtunik, kes tappis Moabi kuninga Elgoni",
      "option1": "Ta oli väga noor",
      "option2": "Ta oli vasakukäeline",
      "option3": "Ta oli pime",
      "option4": "Ta oli väga vana",
      "answer": 2
    },
    {
      "ques_id": 15,
      "question": "Mis juhtus Jeeriko linnaga pärast seda, kui preester puhus pasunat",
      "option1": "Rahvas põgenes teisele maale",
      "option2": "Loomad surid",
      "option3": "Seinad langesid maha",
      "option4": "Inimesed rändasid",
      "answer": 3
    },
    {
      "ques_id": 16,
      "question": "Jh 1:1 järgi, mis oli alguses Jumala juures",
      "option1": "Sõna",
      "option2": "Ingel",
      "option3": "Jeesus",
      "option4": "John",
      "answer": 1
    },
    {
      "ques_id": 17,
      "question": "Mitu psalmi on psalmiraamatus?",
      "option1": "150",
      "option2": "170",
      "option3": "120",
      "option4": "190",
      "answer": 1
    },
    {
      "ques_id": 18,
      "question": "Mitte igaüks, kes ütleb mulle: \"Issand, issand!\", ei pääse taevariiki. Kes siis pääseb oma kuningriiki",
      "option1": "See, kes teeb Jumala tahet",
      "option2": "See, kes teeb imesid",
      "option3": "See, kes saab ristitud",
      "option4": "See, kes kuulutab Jumala sõna",
      "answer": 1
    },
    {
      "ques_id": 19,
      "question": "Kes oli Iisraeli 10 suguharu esimene kuningas?",
      "option1": "Jerobeam",
      "option2": "Rehoboth",
      "option3": "Joab",
      "option4": "Rehaboam",
      "answer": 1
    },
    {
      "ques_id": 20,
      "question": "Mitu aastat pidi Iisraeli rahvas Jeremija sõnul olema Babüloni kuninga vangistuses?",
      "option1": "120 aastat",
      "option2": "40 aastat",
      "option3": "70 aastat",
      "option4": "80 aastat",
      "answer": 3
    }
  ],
  "Suurmeister": [
    {
      "ques_id": 1,
      "question": "Millisesse jõkke kästi Naamanil pidalitõvest vabanemiseks ujuda?",
      "option1": "Niilus",
      "option2": "Jordaania",
      "option3": "Galilea",
      "option4": "Piibel ei ütle",
      "answer": 2
    },
    {
      "ques_id": 2,
      "question": "Kes oli Rehabeami isa?",
      "option1": "Taavet",
      "option2": "Nimrod",
      "option3": "Abimelek",
      "option4": "Saalomon",
      "answer": 4
    },
    {
      "ques_id": 3,
      "question": "Kui kaua valitses Taavet kuningana?",
      "option1": "Kolmkümmend aastat",
      "option2": "nelikümmend aastat",
      "option3": "Kakskümmend viis aastat",
      "option4": "Kaheksakümmend aastat",
      "answer": 2
    },
    {
      "ques_id": 4,
      "question": "Jeesuse selgituses tähendamissõna külvaja kohta. mida kujutab seeme",
      "option1": "Usk",
      "option2": "Jumala sõna",
      "option3": "Jeesus",
      "option4": "Armastus",
      "answer": 2
    },
    {
      "ques_id": 5,
      "question": "Milline taim on \"kõigist seemnetest kõige väiksem, aga kasvatatuna on see ürtide seas suurim?",
      "option1": "oliiv",
      "option2": "sinep",
      "option3": "tamm",
      "option4": "Viinamari",
      "answer": 2
    },
    {
      "ques_id": 6,
      "question": "Mis oli Moosese venna nimi?",
      "option1": "Alfeus",
      "option2": "John",
      "option3": "Aaron",
      "option4": "Joshua",
      "answer": 3
    },
    {
      "ques_id": 7,
      "question": "Millisest Aadama kehaosast lõi Jumal Eeva?",
      "option1": "süda",
      "option2": "aju",
      "option3": "ribi",
      "option4": "pea",
      "answer": 3
    },
    {
      "ques_id": 8,
      "question": "Sakariasele ja Elizabethile ütles ingel, et neil on poeg, kuidas teda kutsuda",
      "option1": "Elijah",
      "option2": "Jeesus",
      "option3": "John",
      "option4": "James",
      "answer": 3
    },
    {
      "ques_id": 9,
      "question": "Milline oluline sündmus on kirjas 1. Moosese raamatu 1. ja 2. peatükis",
      "option1": "Transport",
      "option2": "Loomine",
      "option3": "Puhastus",
      "option4": "Ohverdamine",
      "answer": 2
    },
    {
      "ques_id": 10,
      "question": "Milline oli Moosese ja Korahi suhe",
      "option1": "Nad olid mõlemad Juuda suguharust",
      "option2": "Nad olid vennad",
      "option3": "Nad olid nõod",
      "option4": "Nad olid sõbrad",
      "answer": 3
    },
    {
      "ques_id": 11,
      "question": "Mida käskis Noomi Petlemma inimestel teda kutsuda?",
      "option1": "Mara",
      "option2": "Naama",
      "option3": "Bathsheba",
      "option4": "Maarja",
      "answer": 1
    },
    {
      "ques_id": 12,
      "question": "Nimeta juudi neiu, kes abiellus Pärsia kuningaga?",
      "option1": "Naomi",
      "option2": "Deborah",
      "option3": "Ester",
      "option4": "Jude",
      "answer": 3
    },
    {
      "ques_id": 13,
      "question": "Mida sümboliseerivad Ilmutuse 1:20 seitse kuldset lambijalla?",
      "option1": "Seitse kogudust",
      "option2": "Seitse inglit",
      "option3": "Seitse kuningat",
      "option4": "Seitse inimest",
      "answer": 1
    },
    {
      "ques_id": 14,
      "question": "Kust võib leida järgmisi sõnu: \"Aga Jumal valis maailma rumalad asjad, et häbistada tarkasid?",
      "option1": "Teod",
      "option2": "roomlased",
      "option3": "1 korintlased",
      "option4": "John",
      "answer": 3
    },
    {
      "ques_id": 15,
      "question": "Mis oli märgatav Jaakobi kaksikvenna Eesavi juures sündides",
      "option1": "Tal olid sügavad intensiivsed silmad",
      "option2": "Ta oli väga ilus",
      "option3": "Ta oli punane ja karvane",
      "option4": "Ta oli väga must",
      "answer": 3
    },
    {
      "ques_id": 16,
      "question": "Kes lõikas Simsonil juuksed maha?",
      "option1": "Tema põline vaenlane Hulk",
      "option2": "Delilah",
      "option3": "Teine mees",
      "option4": "Tema sõbrad",
      "answer": 2
    },
    {
      "ques_id": 17,
      "question": "Kes kirjutas 1. ja 2. kuninga raamatu?",
      "option1": "Elijah",
      "option2": "Jeremija",
      "option3": "Gad",
      "option4": "Nathan",
      "answer": 2
    },
    {
      "ques_id": 18,
      "question": "Milline evangeelium ilmub Piiblis viimasena",
      "option1": "Nicodemus",
      "option2": "John",
      "option3": "Andrews",
      "option4": "Märgi",
      "answer": 2
    },
    {
      "ques_id": 19,
      "question": "Mis juhtus kellegagi, kelle nime ei leitud eluraamatusse kirjutatud?",
      "option1": "Nad tunnistati päästmise vääriliseks",
      "option2": "Nad hukkusid",
      "option3": "Nad surid",
      "option4": "Nad visati tulejärve",
      "answer": 4
    },
    {
      "ques_id": 20,
      "question": "Kes oli kõige tugevam mees, kes kunagi elanud?",
      "option1": "Goliath",
      "option2": "Simson",
      "option3": "Jeesus",
      "option4": "Agag",
      "answer": 2
    }
  ],
  "Legend": [
    {
      "ques_id": 1,
      "question": "Moosese raamat algab heebrea sõnaga \"bereshit\", mis on selle sõna tõlge inglise keelde",
      "option1": "Alguses ",
      "option2": "Saagu valgus",
      "option3": "Kui veel midagi polnud",
      "option4": "Issand Jumal ütles",
      "answer": 1,
      "viide":"Gn 1:1"
    },
    {
      "ques_id": 2,
      "question": "Mida võttis issand jumal temalt pärast mehe sügavale magama panemist, et ta naiseks ehitaks",
      "option1": "hammas",
      "option2": "Sõrmeküüs",
      "option3": "ribi",
      "option4": "Juukse salk",
      "answer": 3,
      "viide":"Gn 1:2"
    },
    {
      "ques_id": 3,
      "question": "Mida õnnistas isand Jumal kõigepealt sõnadega \"Saage viljakad ja paljunege\"?",
      "option1": "Esimene mees ja naine",
      "option2": "Mereolendid ja linnud",
      "option3": "Taimed",
      "option4": "Maaloomad",
      "answer": 1,
      "viide":"Gn 1:22"
    },
    {
      "ques_id": 4,
      "question": "Kes oli isanda ingel, kes teatas Maarjale, et ta jääb lapseootele ja sünnitab poja?",
      "option1": "Gabriel",
      "option2": "Michael",
      "option3": "Raphael",
      "option4": "Sealtiel",
      "answer": 1,
      "viide":"Lk 1:31"
    },
    {
      "ques_id": 5,
      "question": "Mis on Ristija Johannese ema nimi?",
      "option1": "Sebedeuse Salome",
      "option2": "Sakaria Elisabeth",
      "option3": "Cleofase Mary",
      "option4": "Herodias Filippusest",
      "answer": 2,
      "viide": "Lk 1:5-6"
    },
    {
      "ques_id": 6,
      "question": "Püha Johannese evangeeliumi ülestõusmise narratiivi alguses mainiti, et ta läks varahommikul Jeesuse haua juurde ja nägi kivi eemaldamist?",
      "option1": "Magdala Maarja",
      "option2": "Püha Johannes",
      "option3": "Marta",
      "option4": "Ingel",
      "answer": 1,
      "viide":"Jh20:1"
    },
    {
      "ques_id": 7,
      "question": "Püha Johannese evangeeliumi ülestõusmisjutustuses pidas ülestõusnud isand esimest korda Maarja Magdaleenale, kui ta pidas teda kelleks?",
      "option1": "Vangivalvur",
      "option2": "Sajandik",
      "option3": "Töölane",
      "option4": "Ingel",
      "answer": 3,
      "viide":"Jh 20:15"
    },
    {
      "ques_id": 8,
      "question": "Püha Matteuse evangeeliumis toodud Jeesuse sugupuus mainiti 14 põlvkonna kogumit",
      "option1": "viis",
      "option2": "Skoor",
      "option3": "Kolm",
      "option4": "tosin",
      "answer": 3,
      "viide": "Johannese 20:15"

    },
    {
      "ques_id": 9,
      "question": "Prohvet Jesajas on öeldud, et neitsist sündivale poisile antakse see nimi, mis tähendab \"Jumal - meiega?",
      "option1": "Jeesus",
      "option2": "John",
      "option3": "Emmanuel",
      "option4": "Christos,",
      "answer": 3,
      "viide":"Mt 1:23"
    },
    {
      "ques_id": 10,
      "question": "Püha Matteuse evangeeliumis antud Jeesuse geneoloogias algas esimene mainitud 14 põlvkonnast koosnev kogum Aabrahamist ja lõppes kellega?",
      "option1": "Taavet",
      "option2": "Mooses",
      "option3": "Jaakob",
      "option4": "Jesse",
      "answer": 1,
      "viide":"Mt 1:1-6"
    },
    {
      "ques_id": 11,
      "question": "Kuna ta võeti tema lihast välja, kuidas esimene mees nimetas esimest naist?",
      "option1": "Adama",
      "option2": "Eve",
      "option3": "Naine",
      "option4": "naine",
      "answer": 2,
      "viide":"Gen 1:23"
    },
    {
      "ques_id": 12,
      "question": "Mida andis issand Jumal toiduks kõigile maa loomadele ja kõigile taeva lindudele?",
      "option1": "Rohelised taimed",
      "option2": "Seemneid kandvad taimed",
      "option3": "Seemneid kandvad viljapuud",
      "option4": "Kõik söödav",
      "answer": 1,
      "viide":"Gn 1:30"
    },
    {
      "ques_id": 13,
      "question": "Millisel loomise päeval lõi Jumal päikese ja kuu?",
      "option1": "Esimene",
      "option2": "teine",
      "option3": "Kolmas",
      "option4": "neljas",
      "answer": 4,
      "viide":"Gen 1:26-31"
    },
    {
      "ques_id": 14,
      "question": "Kui vana oli Taavet, kui teid võidi Iisraeli kuningaks?",
      "option1": "50",
      "option2": "20",
      "option3": "35",
      "option4": "30",
      "answer": 4,
      "viide":"2Saamuel 5:4"
    },
    {
      "ques_id": 15,
      "question": "Kes veel peale tarkade tulid Jeesusele külla, kui ta oli väike laps.",
      "option1": "Vibukütid",
      "option2": "Karjased",
      "option3": "Jahimehed",
      "option4": "põllumajandustootjad",
      "answer": 2
    },
    {
      "ques_id": 16,
      "question": "Kui pikk oli Koljat?",
      "option1": "6 küünart ja ulatus",
      "option2": "8 küünart",
      "option3": "10 küünart ja ulatus",
      "option4": "12 küünart",
      "answer": 1,
      "viide": "1 Saamueli 1:4"
    },
    {
      "ques_id": 17,
      "question": "Mida ütles Paulus seaduse täitmiseks?",
      "option1": "Usk",
      "option2": "Palve",
      "option3": "Armastus",
      "option4": "Abielu",
      "answer": 3,
      "viide":"Roomlastele 13:10"
    },
    {
      "ques_id": 18,
      "question": "Mis on piibli lühim peatükk",
      "option1": "Psalmid 117",
      "option2": "Psalmid 18",
      "option3": "Mark 10",
      "option4": "Johannese 4",
      "answer": 1,
      "viide":"Psalmid 117"
    },
    {
      "ques_id": 19,
      "question": "Kes ütles: \"Hõbedat ja kulda mul pole, aga selle, mis mul on, annan ma sulle?",
      "option1": "Paul",
      "option2": "James",
      "option3": "Peeter",
      "option4": "Timothy",
      "answer": 3,
      "viide":"Apostlite teod 3:6"
    },
    {
      "ques_id": 20,
      "question": "Kui vana oli Mooses [aastaid] tema surma ajal",
      "option1": "120",
      "option2": "100",
      "option3": "150",
      "option4": "80",
      "answer": 1,
      "viide":"5. Moosese 34:7"
    }
  ],
  "Sellest maailmast väljas": [
    {
      "ques_id": 1,
      "question": "Kes oli vanim piiblis kirja pandud inimene?",
      "option1": "Metusala",
      "option2": "Adam",
      "option3": "Abraham",
      "option4": "Saalomon",
      "answer": 1,
      "viide": "1. Moosese 5:27"
    },
    {
      "ques_id": 2,
      "question": "Kui vana oli Piiblis kirja pandud vanim inimene?",
      "option1": "120",
      "option2": "500",
      "option3": "800",
      "option4": "969",
      "answer": 4,
      "viide": "1. Moosese 5:27"
    },
    {
      "ques_id": 3,
      "question": "Mida tähendab Jahwe-Schammmah?",
      "option1": "Jumal meiega",
      "option2": "Jumal ise",
      "option3": "Jeesus, Jumala poeg",
      "option4": "Igavene elu",
      "answer": 2,
      "viide":"Hesekiel 48:35"
    },
    {
      "ques_id": 4,
      "question": "Mitu aastat lisas Jumal kuningas Hiskija elule vastusena sureva kuninga palvele?",
      "option1": "20",
      "option2": "50",
      "option3": "15",
      "option4": "100",
      "answer": 3,
      "viide": "2 Kuningate 20:6"
    },
    {
      "ques_id": 5,
      "question": "Milliste isanda prohvetitega pidas Juuda kuningas Joosia nõu?",
      "option1": "Amos",
      "option2": "Eelias",
      "option3": "Elisa",
      "option4": "Huldah",
      "answer": 4,
      "viide":" 2. Kuningate 22:14-16"
    },
    {
      "ques_id": 6,
      "question": "Millise tseremoonia taastas kuningas Joosia, mida ei olnud tähistanud ükski eelmine Iisraeli või Juuda kuningas??",
      "option1": "paasapüha",
      "option2": "Ohvri rituaal",
      "option3": "jumaldamine",
      "option4": "Ümberlõikamine",
      "answer": 1,
      "viide": "2 Kuningate 23:21"
    },
    {
      "ques_id": 7,
      "question": "Millisest Iisraeli suguharust oli kuningas Saul?",
      "option1": "Juuda",
      "option2": "Benjamin",
      "option3": "Amoniidid",
      "option4": "Iisrael",
      "answer": 2,
      "viide": "1 Saamueli 9:21"
    },
    {
      "ques_id": 8,
      "question": "Millise ohvri tõi Saamuel isandale pärast laeka tagasitulekut Iisraeli?",
      "option1": "A-ta kits",
      "option2": "Inimese ohverdus",
      "option3": "Ta ohverdas aiasaagi",
      "option4": "Imetalle",
      "answer": 4,
      "viide": "1 Saamueli 7:9"
    },
    {
      "ques_id": 9,
      "question": "Mis oli kuningas Sauli naise nimi?",
      "option1": "Debora",
      "option2": "Naume",
      "option3": "Ahinoam",
      "option4": "Ruth",
      "answer": 3,
      "viide":"1 Saamueli 14:50"
    },
    {
      "ques_id": 10,
      "question": "Mida on kellelgi vaja, et mõista Jumala sõna?",
      "option1": "teadmised",
      "option2": "Püha Vaim",
      "option3": "Tarkus",
      "option4": "Palved",
      "answer": 2,
      "viide": "1 Korintlastele 2:11"
    },
    {
      "ques_id": 11,
      "question": "Kes Pauluse sõnul tema üle kohut mõistis?",
      "option1": "Jumal",
      "option2": "Terah",
      "option3": "Ruuben",
      "option4": "Belsaszar",
      "answer": 1,
      "viide": "1 Korintlastele 4:4"
    },
    {
      "ques_id": 12,
      "question": "Nelipühapäeval kostis taevast tormav____?",
      "option1": "Äike",
      "option2": "Vihm",
      "option3": "Tuul",
      "option4": "valju müra",
      "answer": 3,
      "viide":"Apostlite teod 2:2"
    },
    {
      "ques_id": 13,
      "question": "Kes pakkus raha püha vaimu andmise väe eest?",
      "option1": "John",
      "option2": "Sakarias",
      "option3": "Simon",
      "option4": " Heroodes",
      "answer": 3,
      "viide":"Apostlite teod 8"
    },
    {
      "ques_id": 14,
      "question": "Kui Jeesus muutis vee veiniks, muutis ta kivipurkides oleva vee. Milleks neid kivipurke tavaliselt kasutati?",
      "option1": "Ristimine",
      "option2": "Puhastamine",
      "option3": "Kauplemine",
      "option4": "Tseremoonia pesemine",
      "answer": 4,
      "viide": "Johannese 2:6"
    },
    {
      "ques_id": 15,
      "question": "Kes oli Nimrodi isa?",
      "option1": "Andrew",
      "option2": "Joshua",
      "option3": " Simson",
      "option4": "Cush",
      "answer": 4,
      "viide": "1 Ajaraamat 1:10"
    },
    {
      "ques_id": 16,
      "question": "mis olid Aabrahami kahe poja nimed (nende sünnijärjekorras)?",
      "option1": "Iisak ja Jaakob",
      "option2": "Ismael ja Iisak",
      "option3": "Joosep ja Jaakob",
      "option4": "Kain ja Iisak",
      "answer": 2,
      "viide": "1. Moosese 16:1-16, 1. Ajaraamat 1:28"
    },
    {
      "ques_id": 17,
      "question": "Mis olid Noa kolme poja nimed piibliloendite järjekorras?",
      "option1": "Sink, Joosep, Jaafet",
      "option2": "Jaaphet, Sink, Iisak",
      "option3": "Shem, Ham ja Jaafet",
      "option4": "Sem, Sink, Joosep",
      "answer": 3,
      "viide": "1. Moosese 9:18-19, 1. Ajaraamat 1:4"
    },
    {
      "ques_id": 18,
      "question": "Isand muutis Aabrahami nime Aabrahamiks, kui ta oli 99-aastane. mis oli ta nimi enne seda?",
      "option1": "Adam",
      "option2": "Abram",
      "option3": "Alfa",
      "option4": "Agag",
      "answer": 2,
      "viide": "1. Moosese 17:1-5"
    },
    {
      "ques_id": 19,
      "question": "Kui vana oli Aabraham, kui Iisak sündis?",
      "option1": "103",
      "option2": "90",
      "option3": "100",
      "option4": "50",
      "answer": 3,
      "viide": "1. Moosese 21:5"
    },
    {
      "ques_id": 20,
      "question": "Mitu raamatu pealkirjas on piiblis sõna \"Johannes\"?",
      "option1": "4",
      "option2": "3",
      "option3": "1",
      "option4": "5",
      "answer": 1,
      "viide": "John"
    }
  ]
}